District,Total_Stations_In_District,Station_No,Station_Name,State,EV_Load_kW,Number_of_Ports,Charger_Type,Availability_Timing
ADIMALI,2,1,Adimali Rangers,Kerala,7.4,1,AC Type-2,08:00 AM - 10:00 PM (Typical Public Access)
ADIMALI,2,2,Nest Homestay EVOK | Adimali,Kerala,30,2,DC Fast,24 Hours (Hotel/Resort Guest Access)
ADOOR,5,1,EQ Kalayil EVCS | Adoor,Kerala,7.4,1,AC Type-2,08:00 AM - 10:00 PM (Typical Public Access)
ADOOR,5,2,JB Power EVCS - GO EC,Kerala,30,2,DC Fast,08:00 AM - 10:00 PM (Typical Public Access)
ADOOR,5,3,Peninsula Park Residency EVCS - GO EC,Kerala,30,2,DC Fast,24 Hours (Hotel/Resort Guest Access)
ADOOR,5,4,Green Earth - GO EC,Kerala,30,2,DC Fast,08:00 AM - 10:00 PM (Typical Public Access)
ADOOR,5,5,SR Auto Zone - ChargeMOD,Kerala,30,1,DC Fast,08:00 AM - 10:00 PM (Typical Public Access)
AGRA,2,1,Bundelkhand Expressway 188 Km Rest Area,Uttar Pradesh,7.4,1,AC Type-2,24 Hours (Highway/Transit)
AGRA,2,2,Statiq Jaypee Agra,Uttar Pradesh,30,2,DC Fast,08:00 AM - 10:00 PM (Typical Public Access)
AIKKARAPADI,1,1,RG Nallanna EVCS (EVOK) - ChargeMOD,Kerala,30,1,DC Fast,08:00 AM - 10:00 PM (Typical Public Access)
ALAPPUZHA,6,1,Cassia Regency EVCS - GO EC,Kerala,30,2,DC Fast,08:00 AM - 10:00 PM (Typical Public Access)
ALAPPUZHA,6,2,Neo Charge EVCS - GO EC,Kerala,30,2,DC Fast,08:00 AM - 10:00 PM (Typical Public Access)
ALAPPUZHA,6,3,Jason Orchard Inn EVCS - GO EC,Kerala,30,2,DC Fast,24 Hours (Hotel/Resort Guest Access)
ALAPPUZHA,6,4,Amma Restaurant,Kerala,7.4,1,AC Type-2,08:00 AM - 11:00 PM (Restaurant Hours)
ALAPPUZHA,6,5,Thankamanys EV Fast Charging Station - ChargeMOD,Kerala,30,1,DC Fast,08:00 AM - 10:00 PM (Typical Public Access)
ALAPPUZHA,6,6,Cassia Restaurant,Kerala,7.4,1,AC Type-2,08:00 AM - 11:00 PM (Restaurant Hours)
ALATHUR,1,1,Doctor Green EVCS - GO EC,Kerala,30,2,DC Fast,08:00 AM - 10:00 PM (Typical Public Access)
ALLIYAR,1,1,Calvarymount Jerry Plaza,Kerala,7.4,1,AC Type-2,10:00 AM - 10:00 PM (Mall/Retail Hours)
ALUVA,3,1,Yash Square EVCS,Kerala,7.4,1,AC Type-2,08:00 AM - 10:00 PM (Typical Public Access)
ALUVA,3,2,Innate Convention Centre,Kerala,7.4,1,AC Type-2,08:00 AM - 10:00 PM (Typical Public Access)
ALUVA,3,3,Rajagiri Hospital EVCS - ChargeMOD,Kerala,30,1,DC Fast,24 Hours (Hospital)
AMBALLUR,2,1,Gokulam Residency - Tata Power,Kerala,60,2,DC Fast,24 Hours (Hotel/Resort Guest Access)
AMBALLUR,2,2,Topup Zone EVCS - ChargeMOD,Kerala,30,1,DC Fast,08:00 AM - 10:00 PM (Typical Public Access)
ANGAMALY,6,1,Sree Gokulam Motors - Tata Power,Kerala,60,2,DC Fast,08:00 AM - 10:00 PM (Typical Public Access)
ANGAMALY,6,2,V-Green EVCS - GO EC,Kerala,30,2,DC Fast,08:00 AM - 10:00 PM (Typical Public Access)
ANGAMALY,6,3,EVOK Charging Station - ChargeMOD,Kerala,30,1,DC Fast,08:00 AM - 10:00 PM (Typical Public Access)
ANGAMALY,6,4,Edassery Blue Bells EVCS - ChargeMOD,Kerala,30,1,DC Fast,08:00 AM - 10:00 PM (Typical Public Access)
ANGAMALY,6,5,Hotel Elite Palazzo,Kerala,7.4,1,AC Type-2,24 Hours (Hotel/Resort Guest Access)
ANGAMALY,6,6,Maxx Inn M Star,Kerala,7.4,1,AC Type-2,24 Hours (Hotel/Resort Guest Access)
ANJARAKANDY,1,1,Power Drive EV Supercharging Station,Kerala,7.4,1,AC Type-2,08:00 AM - 10:00 PM (Typical Public Access)
ANTHIKKAD,1,1,GO Green EVCS,Kerala,7.4,1,AC Type-2,08:00 AM - 10:00 PM (Typical Public Access)
ARASUR,1,1,Sugam Hospitality,Tamil Nadu,7.4,1,AC Type-2,24 Hours (Hospital)
ARMOOR,1,1,JIO-BP Pulse,Telangana,60,3,DC Fast,24 Hours (Fuel Station)
AROOKUTTY,1,1,Club Mahindra Aleppey Resort,Kerala,7.4,1,AC Type-2,24 Hours (Hotel/Resort Guest Access)
ARPOOKARA,1,1,Gandhi Nagar KSEB EVCS - ChargeMOD,Kerala,30,1,DC Fast,09:00 AM - 06:00 PM (Business Hours)
ASANSOL,1,1,FC - TataPower - TMSC Chandrani Enterprises,West Bengal,60,2,DC Fast,08:00 AM - 10:00 PM (Typical Public Access)
ATHANI,2,1,Athani Energize EVCS,Kerala,7.4,1,AC Type-2,08:00 AM - 10:00 PM (Typical Public Access)
ATHANI,2,2,Hotel Airlink Castle - GO EC,Kerala,30,2,DC Fast,24 Hours (Hotel/Resort Guest Access)
ATHIRAPPILLY,1,1,Hill View Resort (EVOK) - ChargeMOD,Kerala,30,1,DC Fast,24 Hours (Hotel/Resort Guest Access)
ATTINGAL,3,1,Aeron EVCS - GO EC,Kerala,30,2,DC Fast,08:00 AM - 10:00 PM (Typical Public Access)
ATTINGAL,3,2,Zenith EVCS - GO EC,Kerala,30,2,DC Fast,08:00 AM - 10:00 PM (Typical Public Access)
ATTINGAL,3,3,Avananchery KSEB EVCS - ChargeMOD,Kerala,30,1,DC Fast,09:00 AM - 06:00 PM (Business Hours)
BAKKALAM,1,1,PCR Bank EVCS - ChargeMOD,Kerala,30,1,DC Fast,09:00 AM - 06:00 PM (Business Hours)
BALASORE,49,1,Ather Grid Charging Station,Odisha,3.3,2,AC (2W),08:00 AM - 10:00 PM (Typical Public Access)
BALASORE,49,2,Ather Grid Charging Station,Odisha,3.3,2,AC (2W),08:00 AM - 10:00 PM (Typical Public Access)
BALASORE,49,3,Tata Power Charging Station,Odisha,60,2,DC Fast,08:00 AM - 10:00 PM (Typical Public Access)
BALASORE,49,4,Jio-bp pulse Charging Station,Odisha,60,3,DC Fast,24 Hours (Fuel Station)
BALASORE,49,5,Ather Grid Charging Station,Odisha,3.3,2,AC (2W),08:00 AM - 10:00 PM (Typical Public Access)
BALASORE,49,6,Ather Grid Charging Station,Odisha,3.3,2,AC (2W),08:00 AM - 10:00 PM (Typical Public Access)
BALASORE,49,7,BPCL Charging Station,Odisha,30,2,DC Fast,24 Hours (Fuel Station)
BALASORE,49,8,Electric Vehicle Charging Station,Odisha,25,2,AC/DC Combo,08:00 AM - 10:00 PM (Typical Public Access)
BALASORE,49,9,Jio-bp,Odisha,50,2,DC Fast,24 Hours (Fuel Station)
BALASORE,49,10,Jio-bp,Odisha,50,2,DC Fast,24 Hours (Fuel Station)
BALASORE,49,11,BPCL Charging Station,Odisha,30,2,DC Fast,24 Hours (Fuel Station)
BALASORE,49,12,BPCL Charging Station,Odisha,30,2,DC Fast,24 Hours (Fuel Station)
BALASORE,49,13,Ather Charging Station,Odisha,3.3,2,AC (2W),08:00 AM - 10:00 PM (Typical Public Access)
BALASORE,49,14,Ather Grid Charging Station,Odisha,3.3,2,AC (2W),08:00 AM - 10:00 PM (Typical Public Access)
BALASORE,49,15,Jio-bp pulse Charging Station,Odisha,60,3,DC Fast,24 Hours (Fuel Station)
BALASORE,49,16,Ather Grid Charging Station,Odisha,3.3,2,AC (2W),08:00 AM - 10:00 PM (Typical Public Access)
BALASORE,49,17,Om sai corporation e rickshaw,Odisha,3.3,1,AC (3W),09:00 AM - 06:00 PM (Business Hours)
BALASORE,49,18,Ather Grid Charging Station,Odisha,3.3,2,AC (2W),08:00 AM - 10:00 PM (Typical Public Access)
BALASORE,49,19,Bal Gopal Motors,Odisha,7.4,1,AC Type-2,08:00 AM - 10:00 PM (Typical Public Access)
BALASORE,49,20,Ather Grid Charging Station,Odisha,3.3,2,AC (2W),08:00 AM - 10:00 PM (Typical Public Access)
BALASORE,49,21,Ather Grid Charging Station,Odisha,3.3,2,AC (2W),08:00 AM - 10:00 PM (Typical Public Access)
BALASORE,49,22,Ather Grid Charging Station,Odisha,3.3,2,AC (2W),08:00 AM - 10:00 PM (Typical Public Access)
BALASORE,49,23,Ather Grid Charging Station,Odisha,3.3,2,AC (2W),08:00 AM - 10:00 PM (Typical Public Access)
BALASORE,49,24,Tata Power Charging Station,Odisha,60,2,DC Fast,08:00 AM - 10:00 PM (Typical Public Access)
BALASORE,49,25,Tata Power Charging Station,Odisha,60,2,DC Fast,08:00 AM - 10:00 PM (Typical Public Access)
BALASORE,49,26,Electric Vehicle Charging Station,Odisha,25,2,AC/DC Combo,08:00 AM - 10:00 PM (Typical Public Access)
BALASORE,49,27,Ather Charging Station,Odisha,3.3,2,AC (2W),08:00 AM - 10:00 PM (Typical Public Access)
BALASORE,49,28,Ather Grid Charging Station,Odisha,3.3,2,AC (2W),08:00 AM - 10:00 PM (Typical Public Access)
BALASORE,49,29,Jio-bp pulse Charging Station,Odisha,60,3,DC Fast,24 Hours (Fuel Station)
BALASORE,49,30,BPCL Charging Station,Odisha,30,2,DC Fast,24 Hours (Fuel Station)
BALASORE,49,31,Electric Vehicle Charging Station,Odisha,25,2,AC/DC Combo,08:00 AM - 10:00 PM (Typical Public Access)
BALASORE,49,32,Electric Vehicle Charging Station,Odisha,25,2,AC/DC Combo,08:00 AM - 10:00 PM (Typical Public Access)
BALASORE,49,33,Ather Grid Charging Station,Odisha,3.3,2,AC (2W),08:00 AM - 10:00 PM (Typical Public Access)
BALASORE,49,34,BPCL Charging Station,Odisha,30,2,DC Fast,24 Hours (Fuel Station)
BALASORE,49,35,okinawa electric scooter,Odisha,3.3,1,AC (2W),08:00 AM - 10:00 PM (Typical Public Access)
BALASORE,49,36,Electric Vehicle Charging Station,Odisha,25,2,AC/DC Combo,08:00 AM - 10:00 PM (Typical Public Access)
BALASORE,49,37,Ather Grid Charging Station,Odisha,3.3,2,AC (2W),08:00 AM - 10:00 PM (Typical Public Access)
BALASORE,49,38,Ather Grid Charging Station,Odisha,3.3,2,AC (2W),08:00 AM - 10:00 PM (Typical Public Access)
BALASORE,49,39,Ather Grid Charging Station,Odisha,3.3,2,AC (2W),08:00 AM - 10:00 PM (Typical Public Access)
BALASORE,49,40,Jio-bp pulse Charging Station,Odisha,60,3,DC Fast,24 Hours (Fuel Station)
BALASORE,49,41,BPCL Charging Station,Odisha,30,2,DC Fast,24 Hours (Fuel Station)
BALASORE,49,42,Electric Vehicle Charging Station,Odisha,25,2,AC/DC Combo,08:00 AM - 10:00 PM (Typical Public Access)
BALASORE,49,43,Electric Vehicle Charging Station,Odisha,25,2,AC/DC Combo,08:00 AM - 10:00 PM (Typical Public Access)
BALASORE,49,44,Ather Grid Charging Station,Odisha,3.3,2,AC (2W),08:00 AM - 10:00 PM (Typical Public Access)
BALASORE,49,45,BPCL Charging Station,Odisha,30,2,DC Fast,24 Hours (Fuel Station)
BALASORE,49,46,okinawa electric scooter,Odisha,3.3,1,AC (2W),08:00 AM - 10:00 PM (Typical Public Access)
BALASORE,49,47,Electric Vehicle Charging Station,Odisha,25,2,AC/DC Combo,08:00 AM - 10:00 PM (Typical Public Access)
BALASORE,49,48,Ather Grid Charging Station,Odisha,3.3,2,AC (2W),08:00 AM - 10:00 PM (Typical Public Access)
BALASORE,49,49,Ather Grid Charging Station,Odisha,3.3,2,AC (2W),08:00 AM - 10:00 PM (Typical Public Access)
BALUSSERI,1,1,Iris Mall EVCS,Kerala,7.4,1,AC Type-2,10:00 AM - 10:00 PM (Mall/Retail Hours)
BEKKAL,1,1,Taj Bekkal - Tata Power,Kerala,60,2,DC Fast,24 Hours (Hotel/Resort Guest Access)
BHARANANGANAM,1,1,Cargo Auto Hub EVCS,Kerala,7.4,1,AC Type-2,08:00 AM - 10:00 PM (Typical Public Access)
BIORA,1,1,Hotel Shivani,Madhya Pradesh,7.4,1,AC Type-2,24 Hours (Hotel/Resort Guest Access)
BONLI,2,1,Rest Area Jio BP RHS,Rajasthan,7.4,1,AC Type-2,24 Hours (Highway/Transit)
BONLI,2,2,DME Bonli Jio BP LHS,RJ,7.4,1,AC Type-2,24 Hours (Highway/Transit)
COIMBATORE,1,1,ev,TAMILNADU,7.4,1,AC Type-2,08:00 AM - 10:00 PM (Typical Public Access)
CHADAYAMANGALAM,1,1,Orion Plaza EVCS - GO EC,Kerala,30,2,DC Fast,10:00 AM - 10:00 PM (Mall/Retail Hours)
CHALAKKA,1,1,Irrai EVCS | Chalakka,Kerala,7.4,1,AC Type-2,08:00 AM - 10:00 PM (Typical Public Access)
CHALAKKUDY,2,1,Indian Coffee House (EVOK) - ChargeMOD,Kerala,30,1,DC Fast,08:00 AM - 10:00 PM (Typical Public Access)
CHALAKKUDY,2,2,Clay House Hotel,Kerala,7.4,1,AC Type-2,24 Hours (Hotel/Resort Guest Access)
CHALAKUDY,2,1,Flash Charge EVCS - ChargeMOD,Kerala,30,1,DC Fast,08:00 AM - 10:00 PM (Typical Public Access)
CHALAKUDY,2,2,Edassery Samrudhi Hypermarket (EVOK) - ChargeMOD,Kerala,30,1,DC Fast,10:00 AM - 10:00 PM (Mall/Retail Hours)
CHANGANASSERI,1,1,Iongrid | Thuruthy,Kerala,7.4,1,AC Type-2,08:00 AM - 10:00 PM (Typical Public Access)
CHANGANASSERY,4,1,EQ Charis EVCS | Cheeranchira,Kerala,7.4,1,AC Type-2,08:00 AM - 10:00 PM (Typical Public Access)
CHANGANASSERY,4,2,160kW GREEN ENERGY EV CHARGING STATION,Kerala,7.4,1,AC Type-2,08:00 AM - 10:00 PM (Typical Public Access)
CHANGANASSERY,4,3,Changanassery Immaculate Mary EVCS,Kerala,7.4,1,AC Type-2,08:00 AM - 10:00 PM (Typical Public Access)
CHANGANASSERY,4,4,JJ E Fills - ChargeMOD,Kerala,30,1,DC Fast,08:00 AM - 10:00 PM (Typical Public Access)
CHANGARAMKULAM,3,1,Environ EVCS,Kerala,7.4,1,AC Type-2,08:00 AM - 10:00 PM (Typical Public Access)
CHANGARAMKULAM,3,2,Sihla Energy EVCS - ChargeMOD,Kerala,30,1,DC Fast,08:00 AM - 10:00 PM (Typical Public Access)
CHANGARAMKULAM,3,3,Kadharkkante Chayakkada - ChargeMOD,Kerala,30,1,DC Fast,08:00 AM - 10:00 PM (Typical Public Access)
CHAVARA,2,1,Panamthodil Bakers | Chavara,Kerala,7.4,1,AC Type-2,08:00 AM - 11:00 PM (Restaurant Hours)
CHAVARA,2,2,Panamthodil Bakers | Chavara,Kerala,7.4,1,AC Type-2,08:00 AM - 11:00 PM (Restaurant Hours)
CHAZHOOR,1,1,Surya Hotel (EVOK) - ChargeMOD,Kerala,30,1,DC Fast,24 Hours (Hotel/Resort Guest Access)
CHELAVOOR,1,1,Kunnamangalam Little Flower EVCS,Kerala,7.4,1,AC Type-2,08:00 AM - 10:00 PM (Typical Public Access)
CHENDAMANGALAM,1,1,Chendamangalam Combined Energy,Kerala,7.4,1,AC Type-2,08:00 AM - 10:00 PM (Typical Public Access)
CHENGALA,1,1,Apco Hyundai - ChargeZone,Kerala,60,2,DC Fast,08:00 AM - 10:00 PM (Typical Public Access)
CHENGANNUR,4,1,Quik Energy EVCS - GO EC,Kerala,30,2,DC Fast,08:00 AM - 10:00 PM (Typical Public Access)
CHENGANNUR,4,2,Amrutham Auto Care EVCS - GO EC,Kerala,30,2,DC Fast,08:00 AM - 10:00 PM (Typical Public Access)
CHENGANNUR,4,3,Green Plug EVCS - ChargeMOD,Kerala,30,1,DC Fast,08:00 AM - 10:00 PM (Typical Public Access)
CHENGANNUR,4,4,PTC Arcade - ChargeMOD,Kerala,30,1,DC Fast,08:00 AM - 10:00 PM (Typical Public Access)
CHENNAI,1,1,Sheraton Grand Chennai Resort,Tamil Nadu,7.4,1,AC Type-2,24 Hours (Hotel/Resort Guest Access)
CHERAI,1,1,Club Mahindra Resort - Cherai Beach,Kerala,7.4,1,AC Type-2,24 Hours (Hotel/Resort Guest Access)
CHERTHALA,3,1,Adithya Shree EVCS | Ponnamveli,Kerala,7.4,1,AC Type-2,08:00 AM - 10:00 PM (Typical Public Access)
CHERTHALA,3,2,Huts Restaurant EVCS - GO EC,Kerala,30,2,DC Fast,08:00 AM - 11:00 PM (Restaurant Hours)
CHERTHALA,3,3,ANERT EESL - Autokast,Kerala,15,2,AC/DC Combo,08:00 AM - 10:00 PM (Typical Public Access)
CHERUTHURUTHI,1,1,AR Dine - GO EC,Kerala,30,2,DC Fast,08:00 AM - 11:00 PM (Restaurant Hours)
CHERUVATHUR,1,1,Ammas Fast - ChargeMOD,Kerala,30,1,DC Fast,08:00 AM - 10:00 PM (Typical Public Access)
CHETTUVA,1,1,VKJ | Flash Charge EVCS | Chettuva,Kerala,7.4,1,AC Type-2,08:00 AM - 10:00 PM (Typical Public Access)
CHIKHLI,1,1,Hotel Empire ChargeZone,Gujarat,60,2,DC Fast,24 Hours (Hotel/Resort Guest Access)
CHINNAKKADA,1,1,Bishop Jerome Nagar (EVOK) EVCS - ChargeMOD,Kerala,30,1,DC Fast,08:00 AM - 10:00 PM (Typical Public Access)
CHIRAKKAL,1,1,Chirakkal Bank EVCS,Kerala,7.4,1,AC Type-2,09:00 AM - 06:00 PM (Business Hours)
CHOORNIKKARA,2,1,Tata.ev Gokulam Motors - Tata Power,Kerala,60,2,DC Fast,08:00 AM - 10:00 PM (Typical Public Access)
CHOORNIKKARA,2,2,Sulfex Mattress (EVOK) - ChargeMOD,Kerala,30,1,DC Fast,08:00 AM - 10:00 PM (Typical Public Access)
COCHIN,1,1,Brunton Boatyard,Kerala,7.4,1,AC Type-2,08:00 AM - 10:00 PM (Typical Public Access)
COIMBATORE,2,1,Lotus Hyundai,Tamil Nadu,7.4,1,AC Type-2,08:00 AM - 10:00 PM (Typical Public Access)
COIMBATORE,2,2,Hydra Charging,Tamil Nadu,7.4,1,AC Type-2,08:00 AM - 10:00 PM (Typical Public Access)
CUTTACK,62,1,Hindustan Petroleum Corporation Limited Charging Station,Odisha,30,2,DC Fast,24 Hours (Fuel Station)
CUTTACK,62,2,Ather Grid Charging Station,Odisha,3.3,2,AC (2W),08:00 AM - 10:00 PM (Typical Public Access)
CUTTACK,62,3,BPCL Charging Station,Odisha,30,2,DC Fast,24 Hours (Fuel Station)
CUTTACK,62,4,Ankush Vehicles,Odisha,7.4,1,AC Type-2,08:00 AM - 10:00 PM (Typical Public Access)
CUTTACK,62,5,BPCL Charging Station,Odisha,30,2,DC Fast,24 Hours (Fuel Station)
CUTTACK,62,6,Electric Vehicle Charging Station,Odisha,25,2,AC/DC Combo,08:00 AM - 10:00 PM (Typical Public Access)
CUTTACK,62,7,Electric Vehicle Charging Station,Odisha,25,2,AC/DC Combo,08:00 AM - 10:00 PM (Typical Public Access)
CUTTACK,62,8,Adani Charging Station,Odisha,60,2,DC Fast,08:00 AM - 10:00 PM (Typical Public Access)
CUTTACK,62,9,Tata Power Charging Station,Odisha,60,2,DC Fast,08:00 AM - 10:00 PM (Typical Public Access)
CUTTACK,62,10,Ather Charging Station,Odisha,3.3,2,AC (2W),08:00 AM - 10:00 PM (Typical Public Access)
CUTTACK,62,11,Tata Power Charging Station,Odisha,60,2,DC Fast,08:00 AM - 10:00 PM (Typical Public Access)
CUTTACK,62,12,Ather Grid Charging Station,Odisha,3.3,2,AC (2W),08:00 AM - 10:00 PM (Typical Public Access)
CUTTACK,62,13,Ather Grid Charging Station,Odisha,3.3,2,AC (2W),08:00 AM - 10:00 PM (Typical Public Access)
CUTTACK,62,14,Tata Power Charging Station,Odisha,60,2,DC Fast,08:00 AM - 10:00 PM (Typical Public Access)
CUTTACK,62,15,Tata Power Charging Station,Odisha,60,2,DC Fast,08:00 AM - 10:00 PM (Typical Public Access)
CUTTACK,62,16,Ather Grid Charging Station,Odisha,3.3,2,AC (2W),08:00 AM - 10:00 PM (Typical Public Access)
CUTTACK,62,17,Ather Grid Charging Station,Odisha,3.3,2,AC (2W),08:00 AM - 10:00 PM (Typical Public Access)
CUTTACK,62,18,Ather Charging Station,Odisha,3.3,2,AC (2W),08:00 AM - 10:00 PM (Typical Public Access)
CUTTACK,62,19,Ather Grid Charging Station,Odisha,3.3,2,AC (2W),08:00 AM - 10:00 PM (Typical Public Access)
CUTTACK,62,20,Ather Grid Charging Station,Odisha,3.3,2,AC (2W),08:00 AM - 10:00 PM (Typical Public Access)
CUTTACK,62,21,Ather Grid Charging Station,Odisha,3.3,2,AC (2W),08:00 AM - 10:00 PM (Typical Public Access)
CUTTACK,62,22,Tata Power Charging Station,Odisha,60,2,DC Fast,08:00 AM - 10:00 PM (Typical Public Access)
CUTTACK,62,23,Thunder Plus Charging Station,Odisha,7.4,1,AC Type-2,08:00 AM - 10:00 PM (Typical Public Access)
CUTTACK,62,24,Tata Power Charging Station,Odisha,60,2,DC Fast,08:00 AM - 10:00 PM (Typical Public Access)
CUTTACK,62,25,Hindustan Petroleum Corporation Limited,Odisha,30,2,DC Fast,24 Hours (Fuel Station)
CUTTACK,62,26,Jio-bp pulse Charging Station,Odisha,60,3,DC Fast,24 Hours (Fuel Station)
CUTTACK,62,27,Ather Grid Charging Station,Odisha,3.3,2,AC (2W),08:00 AM - 10:00 PM (Typical Public Access)
CUTTACK,62,28,Electric Vehicle Charging Station,Odisha,25,2,AC/DC Combo,08:00 AM - 10:00 PM (Typical Public Access)
CUTTACK,62,29,Electric Vehicle Charging Station,Odisha,25,2,AC/DC Combo,08:00 AM - 10:00 PM (Typical Public Access)
CUTTACK,62,30,Jio-bp,Odisha,50,2,DC Fast,24 Hours (Fuel Station)
CUTTACK,62,31,Tata Power Charging Station,Odisha,60,2,DC Fast,08:00 AM - 10:00 PM (Typical Public Access)
CUTTACK,62,32,Electric Vehicle Charging Station,Odisha,25,2,AC/DC Combo,08:00 AM - 10:00 PM (Typical Public Access)
CUTTACK,62,33,Ather Grid Charging Station,Odisha,3.3,2,AC (2W),08:00 AM - 10:00 PM (Typical Public Access)
CUTTACK,62,34,Ather Grid Charging Station,Odisha,3.3,2,AC (2W),08:00 AM - 10:00 PM (Typical Public Access)
CUTTACK,62,35,DIMILI VILLAGE,Odisha,7.4,1,AC Type-2,08:00 AM - 10:00 PM (Typical Public Access)
CUTTACK,62,36,Tata Power Charging Station,Odisha,60,2,DC Fast,08:00 AM - 10:00 PM (Typical Public Access)
CUTTACK,62,37,Tata Power Charging Station,Odisha,60,2,DC Fast,08:00 AM - 10:00 PM (Typical Public Access)
CUTTACK,62,38,Jio-bp,Odisha,50,2,DC Fast,24 Hours (Fuel Station)
CUTTACK,62,39,Jio-bp pulse Charging Station,Odisha,60,3,DC Fast,24 Hours (Fuel Station)
CUTTACK,62,40,Ather Energy Charging Station,Odisha,3.3,2,AC (2W),08:00 AM - 10:00 PM (Typical Public Access)
CUTTACK,62,41,Jio-bp,Odisha,50,2,DC Fast,24 Hours (Fuel Station)
CUTTACK,62,42,Jio-bp pulse Charging Station,Odisha,60,3,DC Fast,24 Hours (Fuel Station)
CUTTACK,62,43,Tata Power Charging Station,Odisha,60,2,DC Fast,08:00 AM - 10:00 PM (Typical Public Access)
CUTTACK,62,44,JoulePoint Charging Station,Odisha,7.4,1,AC Type-2,08:00 AM - 10:00 PM (Typical Public Access)
CUTTACK,62,45,Electric Vehicle Charging Station,Odisha,25,2,AC/DC Combo,08:00 AM - 10:00 PM (Typical Public Access)
CUTTACK,62,46,Electric Vehicle Charging Station,Odisha,25,2,AC/DC Combo,08:00 AM - 10:00 PM (Typical Public Access)
CUTTACK,62,47,Jio-bp,Odisha,50,2,DC Fast,24 Hours (Fuel Station)
CUTTACK,62,48,Tata Power Charging Station,Odisha,60,2,DC Fast,08:00 AM - 10:00 PM (Typical Public Access)
CUTTACK,62,49,Electric Vehicle Charging Station,Odisha,25,2,AC/DC Combo,08:00 AM - 10:00 PM (Typical Public Access)
CUTTACK,62,50,Ather Grid Charging Station,Odisha,3.3,2,AC (2W),08:00 AM - 10:00 PM (Typical Public Access)
CUTTACK,62,51,Ather Grid Charging Station,Odisha,3.3,2,AC (2W),08:00 AM - 10:00 PM (Typical Public Access)
CUTTACK,62,52,DIMILI VILLAGE,Odisha,7.4,1,AC Type-2,08:00 AM - 10:00 PM (Typical Public Access)
CUTTACK,62,53,Tata Power Charging Station,Odisha,60,2,DC Fast,08:00 AM - 10:00 PM (Typical Public Access)
CUTTACK,62,54,Tata Power Charging Station,Odisha,60,2,DC Fast,08:00 AM - 10:00 PM (Typical Public Access)
CUTTACK,62,55,Jio-bp,Odisha,50,2,DC Fast,24 Hours (Fuel Station)
CUTTACK,62,56,Jio-bp pulse Charging Station,Odisha,60,3,DC Fast,24 Hours (Fuel Station)
CUTTACK,62,57,Ather Energy Charging Station,Odisha,3.3,2,AC (2W),08:00 AM - 10:00 PM (Typical Public Access)
CUTTACK,62,58,Jio-bp,Odisha,50,2,DC Fast,24 Hours (Fuel Station)
CUTTACK,62,59,Jio-bp pulse Charging Station,Odisha,60,3,DC Fast,24 Hours (Fuel Station)
CUTTACK,62,60,Tata Power Charging Station,Odisha,60,2,DC Fast,08:00 AM - 10:00 PM (Typical Public Access)
CUTTACK,62,61,JoulePoint Charging Station,Odisha,7.4,1,AC Type-2,08:00 AM - 10:00 PM (Typical Public Access)
CUTTACK,62,62,Electric Vehicle Charging Station,Odisha,25,2,AC/DC Combo,08:00 AM - 10:00 PM (Typical Public Access)
DAHOD,1,1,Avantika Resort EV Cosmos,Gujarat,7.4,1,AC Type-2,24 Hours (Hotel/Resort Guest Access)
DHANBAD,1,1,FC - TataPower - Hotel Sumandeep,Jharkhand,60,2,DC Fast,24 Hours (Hotel/Resort Guest Access)
DHARAMSHALA,1,1,BPCL EV Dharamshala Road,Himachal Pradesh,30,2,DC Fast,24 Hours (Fuel Station)
DHARAPURAM,1,1,Hydra Charging Station,Tamil Nadu,7.4,1,AC Type-2,08:00 AM - 10:00 PM (Typical Public Access)
DUDU,1,1,Old Rao Hotel,rajasthan,7.4,1,AC Type-2,24 Hours (Hotel/Resort Guest Access)
DUMRI,1,1,Green Garden Family Restaurant,Jharkhand,7.4,1,AC Type-2,08:00 AM - 11:00 PM (Restaurant Hours)
EDAPALLY,3,1,Daffodils EVCS - GO EC,Kerala,30,2,DC Fast,08:00 AM - 10:00 PM (Typical Public Access)
EDAPALLY,3,2,Oberon Mall EVCS - GO EC,Kerala,30,2,DC Fast,10:00 AM - 10:00 PM (Mall/Retail Hours)
EDAPALLY,3,3,Lulu International Shopping Mall EVCS - GO EC,Kerala,30,2,DC Fast,10:00 AM - 10:00 PM (Mall/Retail Hours)
EDAPPAL,1,1,Emirates Mall - Zeon,Kerala,30,2,DC Fast,10:00 AM - 10:00 PM (Mall/Retail Hours)
EDAPPALLI,2,1,Grand Mall,Kerala,7.4,1,AC Type-2,10:00 AM - 10:00 PM (Mall/Retail Hours)
EDAPPALLI,2,2,Gokul Oottupura Restaurant,Kerala,7.4,1,AC Type-2,08:00 AM - 11:00 PM (Restaurant Hours)
EDAPPALLY,3,1,Tata.ev Luxon Motors - Tata Power,Kerala,60,2,DC Fast,08:00 AM - 10:00 PM (Typical Public Access)
EDAPPALLY,3,2,TML Sree Gokulam Motors - Tata Power,Kerala,60,2,DC Fast,08:00 AM - 10:00 PM (Typical Public Access)
EDAPPALLY,3,3,Flash Charge - ChargeMOD,Keral,30,1,DC Fast,08:00 AM - 10:00 PM (Typical Public Access)
EDATHWA,1,1,Iongrid EV Spark - ChargeMOD,Kerala,30,1,DC Fast,08:00 AM - 10:00 PM (Typical Public Access)
EDAVANNA,1,1,One Stop Automotive Cahrging Station - Tata Power,Kerala,60,2,DC Fast,08:00 AM - 10:00 PM (Typical Public Access)
EDAVANNAPPARA,2,1,Bisluck Energy EVCS | Vattaparamba,Kerala,7.4,1,AC Type-2,08:00 AM - 10:00 PM (Typical Public Access)
EDAVANNAPPARA,2,2,Trends Edavannappara EVCS - ChargeMOD,Kerala,30,1,DC Fast,08:00 AM - 10:00 PM (Typical Public Access)
ELAMBALUR,1,1,Ashva Hyundai,Tamil Nadu,7.4,1,AC Type-2,08:00 AM - 10:00 PM (Typical Public Access)
ELAPPULLY,3,1,Palakkad Ahalia Women and Childern Hospital EVCS - GO EC,Kerala,30,2,DC Fast,24 Hours (Hospital)
ELAPPULLY,3,2,Palakkad Ahalia Eye Hospital EVCS - GO EC,Kerala,30,2,DC Fast,24 Hours (Hospital)
ELAPPULLY,3,3,Palakkad Ahalia Food Point EVCS - GO EC,Kerala,30,2,DC Fast,08:00 AM - 10:00 PM (Typical Public Access)
ENGANDIYOOR,1,1,Hotel Bhavan EVCS (EVOK) - ChargeMOD,Kerala,30,1,DC Fast,24 Hours (Hotel/Resort Guest Access)
ENGAPUZHA,1,1,IOCL Engapuzha Fuel - Tata Power,Kerala,60,2,DC Fast,24 Hours (Fuel Station)
ERATTUPETTA,1,1,Palm Peats (EVOK) - ChargeMOD,Kerala,30,1,DC Fast,08:00 AM - 10:00 PM (Typical Public Access)
ERNAKULAM,4,1,EC City Centre EVCS - GO EC,Kerala,30,2,DC Fast,08:00 AM - 10:00 PM (Typical Public Access)
ERNAKULAM,4,2,ANERT EESL - Ernakulam,Kerala,15,2,AC/DC Combo,08:00 AM - 10:00 PM (Typical Public Access)
ERNAKULAM,4,3,Le Meridien - ChargeZone,Kerala,60,2,DC Fast,24 Hours (Hotel/Resort Guest Access)
ERNAKULAM,4,4,MB#Coastal Star,Kerala,7.4,1,AC Type-2,08:00 AM - 10:00 PM (Typical Public Access)
ERUMAPPETTI,1,1,Flash Charge EVCS - ChargeMOD,Kerala,30,1,DC Fast,08:00 AM - 10:00 PM (Typical Public Access)
ERUMELY,1,1,Ayyappa EVCS,Kerala,7.4,1,AC Type-2,08:00 AM - 10:00 PM (Typical Public Access)
ETTUMANOOR,4,1,Minerva EVCS,Kerala,7.4,1,AC Type-2,08:00 AM - 10:00 PM (Typical Public Access)
ETTUMANOOR,4,2,Qwik Volt EVCS | Kothanalloor,Kerala,7.4,1,AC Type-2,08:00 AM - 10:00 PM (Typical Public Access)
ETTUMANOOR,4,3,Ettumanur Skylight EVCS - GO EC,Kerala,30,2,DC Fast,08:00 AM - 10:00 PM (Typical Public Access)
ETTUMANOOR,4,4,Alpha Hangout Play World,Kerala,7.4,1,AC Type-2,08:00 AM - 10:00 PM (Typical Public Access)
FEROKE,1,1,Indus Motors - ChargeMOD,Kerala,30,1,DC Fast,08:00 AM - 10:00 PM (Typical Public Access)
GANGANAGAR,2,1,KR RESORT,Rajasthan,7.4,1,AC Type-2,24 Hours (Hotel/Resort Guest Access)
GANGANAGAR,2,2,KR RESORT,Rajasthan,7.4,1,AC Type-2,24 Hours (Hotel/Resort Guest Access)
GANJAM,64,1,Hindustan Petroleum Corporation Limited,Odisha,30,2,DC Fast,24 Hours (Fuel Station)
GANJAM,64,2,Tata Power Charging Station,Odisha,60,2,DC Fast,08:00 AM - 10:00 PM (Typical Public Access)
GANJAM,64,3,Ather Grid Charging Station,Odisha,3.3,2,AC (2W),08:00 AM - 10:00 PM (Typical Public Access)
GANJAM,64,4,CharjKaro Charging Station,Odisha,7.4,1,AC Type-2,08:00 AM - 10:00 PM (Typical Public Access)
GANJAM,64,5,BPCL Charging Station,Odisha,30,2,DC Fast,24 Hours (Fuel Station)
GANJAM,64,6,Ather Charging Station,Odisha,3.3,2,AC (2W),08:00 AM - 10:00 PM (Typical Public Access)
GANJAM,64,7,Tata Power Charging Station,Odisha,60,2,DC Fast,08:00 AM - 10:00 PM (Typical Public Access)
GANJAM,64,8,PRATIK E RICKSHAW,Odisha,3.3,1,AC (3W),08:00 AM - 10:00 PM (Typical Public Access)
GANJAM,64,9,BPCL Charging Station,Odisha,30,2,DC Fast,24 Hours (Fuel Station)
GANJAM,64,10,Electric Vehicle Charging Station,Odisha,25,2,AC/DC Combo,08:00 AM - 10:00 PM (Typical Public Access)
GANJAM,64,11,BPCL Charging Station,Odisha,30,2,DC Fast,24 Hours (Fuel Station)
GANJAM,64,12,BPCL Charging Station,Odisha,30,2,DC Fast,24 Hours (Fuel Station)
GANJAM,64,13,Ather Grid Charging Station,Odisha,3.3,2,AC (2W),08:00 AM - 10:00 PM (Typical Public Access)
GANJAM,64,14,BPCL Charging Station,Odisha,30,2,DC Fast,24 Hours (Fuel Station)
GANJAM,64,15,Electric Vehicle Charging Station,Odisha,25,2,AC/DC Combo,08:00 AM - 10:00 PM (Typical Public Access)
GANJAM,64,16,BPCL Charging Station,Odisha,30,2,DC Fast,24 Hours (Fuel Station)
GANJAM,64,17,Tata Power Charging Station,Odisha,60,2,DC Fast,08:00 AM - 10:00 PM (Typical Public Access)
GANJAM,64,18,Jio-bp pulse Charging Station,Odisha,60,3,DC Fast,24 Hours (Fuel Station)
GANJAM,64,19,Ather Grid Charging Station,Odisha,3.3,2,AC (2W),08:00 AM - 10:00 PM (Typical Public Access)
GANJAM,64,20,Electric Vehicle Charging Station,Odisha,25,2,AC/DC Combo,08:00 AM - 10:00 PM (Typical Public Access)
GANJAM,64,21,EESL Charging Station,Odisha,15,2,AC/DC Combo,08:00 AM - 10:00 PM (Typical Public Access)
GANJAM,64,22,Jio-bp pulse Charging Station,Odisha,60,3,DC Fast,24 Hours (Fuel Station)
GANJAM,64,23,Tata Power Charging Station,Odisha,60,2,DC Fast,08:00 AM - 10:00 PM (Typical Public Access)
GANJAM,64,24,Tata Power Charging Station,Odisha,60,2,DC Fast,08:00 AM - 10:00 PM (Typical Public Access)
GANJAM,64,25,Hindustan Petroleum Corporation Limited Charging Station,Odisha,30,2,DC Fast,24 Hours (Fuel Station)
GANJAM,64,26,Electric Vehicle Charging Station,Odisha,25,2,AC/DC Combo,08:00 AM - 10:00 PM (Typical Public Access)
GANJAM,64,27,Electric Vehicle Charging Station,Odisha,25,2,AC/DC Combo,08:00 AM - 10:00 PM (Typical Public Access)
GANJAM,64,28,Ather Grid Charging Station,Odisha,3.3,2,AC (2W),08:00 AM - 10:00 PM (Typical Public Access)
GANJAM,64,29,Jio-bp pulse Charging Station,Odisha,60,3,DC Fast,24 Hours (Fuel Station)
GANJAM,64,30,Tata Power Charging Station,Odisha,60,2,DC Fast,08:00 AM - 10:00 PM (Typical Public Access)
GANJAM,64,31,Electric Vehicle Charging Station,Odisha,25,2,AC/DC Combo,08:00 AM - 10:00 PM (Typical Public Access)
GANJAM,64,32,Ather Grid Charging Station,Odisha,3.3,2,AC (2W),08:00 AM - 10:00 PM (Typical Public Access)
GANJAM,64,33,Kazam Charging Station,Odisha,30,2,DC Fast,08:00 AM - 10:00 PM (Typical Public Access)
GANJAM,64,34,Electric Vehicle Charging Station,Odisha,25,2,AC/DC Combo,08:00 AM - 10:00 PM (Typical Public Access)
GANJAM,64,35,Ather Grid Charging Station,Odisha,3.3,2,AC (2W),08:00 AM - 10:00 PM (Typical Public Access)
GANJAM,64,36,"MIRZA RIYAZ HOUSE , CONNON XEROX SERVICE CENTRE,",Odisha,7.4,1,AC Type-2,08:00 AM - 10:00 PM (Typical Public Access)
GANJAM,64,37,BPCL Charging Station,Odisha,30,2,DC Fast,24 Hours (Fuel Station)
GANJAM,64,38,Tata Power Charging Station,Odisha,60,2,DC Fast,08:00 AM - 10:00 PM (Typical Public Access)
GANJAM,64,39,Ather Grid Charging Station,Odisha,3.3,2,AC (2W),08:00 AM - 10:00 PM (Typical Public Access)
GANJAM,64,40,G.K Rickshaw,Odisha,7.4,1,AC Type-2,08:00 AM - 10:00 PM (Typical Public Access)
GANJAM,64,41,KACHERI SECTION TPCODL,Odisha,7.4,1,AC Type-2,08:00 AM - 10:00 PM (Typical Public Access)
GANJAM,64,42,Ather Grid Charging Station,Odisha,3.3,2,AC (2W),08:00 AM - 10:00 PM (Typical Public Access)
GANJAM,64,43,Ather Charging Station,Odisha,3.3,2,AC (2W),08:00 AM - 10:00 PM (Typical Public Access)
GANJAM,64,44,Tata Power Charging Station,Odisha,60,2,DC Fast,08:00 AM - 10:00 PM (Typical Public Access)
GANJAM,64,45,Electric Vehicle Charging Station,Odisha,25,2,AC/DC Combo,08:00 AM - 10:00 PM (Typical Public Access)
GANJAM,64,46,Ather Grid Charging Station,Odisha,3.3,2,AC (2W),08:00 AM - 10:00 PM (Typical Public Access)
GANJAM,64,47,Tata Power Charging Station,Odisha,60,2,DC Fast,08:00 AM - 10:00 PM (Typical Public Access)
GANJAM,64,48,AtherGrid Charging Station,Odisha,3.3,2,AC (2W),08:00 AM - 10:00 PM (Typical Public Access)
GANJAM,64,49,Ather Grid Charging Station,Odisha,3.3,2,AC (2W),08:00 AM - 10:00 PM (Typical Public Access)
GANJAM,64,50,Hindustan Petroleum Corporation Limited Charging Station,Odisha,30,2,DC Fast,24 Hours (Fuel Station)
GANJAM,64,51,Ather Grid Charging Station,Odisha,3.3,2,AC (2W),08:00 AM - 10:00 PM (Typical Public Access)
GANJAM,64,52,Ather Grid Charging Station,Odisha,3.3,2,AC (2W),08:00 AM - 10:00 PM (Typical Public Access)
GANJAM,64,53,G.K Rickshaw,Odisha,7.4,1,AC Type-2,08:00 AM - 10:00 PM (Typical Public Access)
GANJAM,64,54,KACHERI SECTION TPCODL,Odisha,7.4,1,AC Type-2,08:00 AM - 10:00 PM (Typical Public Access)
GANJAM,64,55,Ather Grid Charging Station,Odisha,3.3,2,AC (2W),08:00 AM - 10:00 PM (Typical Public Access)
GANJAM,64,56,Ather Charging Station,Odisha,3.3,2,AC (2W),08:00 AM - 10:00 PM (Typical Public Access)
GANJAM,64,57,Tata Power Charging Station,Odisha,60,2,DC Fast,08:00 AM - 10:00 PM (Typical Public Access)
GANJAM,64,58,Electric Vehicle Charging Station,Odisha,25,2,AC/DC Combo,08:00 AM - 10:00 PM (Typical Public Access)
GANJAM,64,59,Ather Grid Charging Station,Odisha,3.3,2,AC (2W),08:00 AM - 10:00 PM (Typical Public Access)
GANJAM,64,60,Tata Power Charging Station,Odisha,60,2,DC Fast,08:00 AM - 10:00 PM (Typical Public Access)
GANJAM,64,61,AtherGrid Charging Station,Odisha,3.3,2,AC (2W),08:00 AM - 10:00 PM (Typical Public Access)
GANJAM,64,62,Ather Grid Charging Station,Odisha,3.3,2,AC (2W),08:00 AM - 10:00 PM (Typical Public Access)
GANJAM,64,63,Hindustan Petroleum Corporation Limited Charging Station,Odisha,30,2,DC Fast,24 Hours (Fuel Station)
GANJAM,64,64,Ather Grid Charging Station,Odisha,3.3,2,AC (2W),08:00 AM - 10:00 PM (Typical Public Access)
GAROTH,2,1,DME Garoth Rest Area RHS,MP,7.4,1,AC Type-2,24 Hours (Highway/Transit)
GAROTH,2,2,Volttic Delhi Mumbai Expressway LHS Garoth,MP,7.4,1,AC Type-2,24 Hours (Highway/Transit)
GOVINDAPURAM,1,1,Lulu Mall EVCS,Kerala,7.4,1,AC Type-2,10:00 AM - 10:00 PM (Mall/Retail Hours)
GUNA,2,1,K2 Highway Treat & Resort,Madhya Pradesh,7.4,1,AC Type-2,24 Hours (Highway/Transit)
GUNA,2,2,Green Mountain Resort,Madhya Pradesh,7.4,1,AC Type-2,24 Hours (Hotel/Resort Guest Access)
GURUVAYOOR,1,1,Sree Krishna Hotel - GO EC,Kerala,30,2,DC Fast,24 Hours (Hotel/Resort Guest Access)
GURUVAYUR,3,1,Guruvayoor Sreeja EVCS,Kerala,7.4,1,AC Type-2,08:00 AM - 10:00 PM (Typical Public Access)
GURUVAYUR,3,2,Hotel Gokulam Sabari - Tata Power,Kerala,60,2,DC Fast,24 Hours (Hotel/Resort Guest Access)
GURUVAYUR,3,3,Hotel Devaragam,Kerala,7.4,1,AC Type-2,24 Hours (Hotel/Resort Guest Access)
HAILAKANDI,1,1,Home,Assam,7.4,1,AC Type-2,08:00 AM - 10:00 PM (Typical Public Access)
HALDWANI,6,1,Shree Bihariji Filling Station,Uttarakhand,7.4,1,AC Type-2,24 Hours (Fuel Station)
HALDWANI,6,2,BPCL Royal Fuel Station,Uttarakhand,30,2,DC Fast,24 Hours (Fuel Station)
HALDWANI,6,3,Fortune Walkway Mall,Uttarakhand,7.4,1,AC Type-2,10:00 AM - 10:00 PM (Mall/Retail Hours)
HALDWANI,6,4,Bikanerwala Sweets Haldwani (Aargo),Uttarakhand,7.4,1,AC Type-2,08:00 AM - 11:00 PM (Restaurant Hours)
HALDWANI,6,5,Bharat Petroleum - Janta Petrol Pump,Uttarakhand,7.4,1,AC Type-2,24 Hours (Fuel Station)
HALDWANI,6,6,Tata Power - Electric Vehicle Charging Station,Uttarakhand,60,2,DC Fast,08:00 AM - 10:00 PM (Typical Public Access)
HARIPAD,1,1,V Volte EVCS - GO EC,Kerala,30,2,DC Fast,08:00 AM - 10:00 PM (Typical Public Access)
HARIPPAD,1,1,Muzhangodayil EVCS - ChargeMOD,Kerala,30,1,DC Fast,08:00 AM - 10:00 PM (Typical Public Access)
HOSDURG,1,1,Periya A Star - GO EC,Kerala,30,2,DC Fast,08:00 AM - 10:00 PM (Typical Public Access)
HUBBALLI-DHARWAD,1,1,Charging station,Karnataka,7.4,1,AC Type-2,08:00 AM - 10:00 PM (Typical Public Access)
IDUKKI,4,1,EVee Buddy | Everest Hotel | Idukki,Kerala,7.4,1,AC Type-2,24 Hours (Hotel/Resort Guest Access)
IDUKKI,4,2,GO EC Charging Station,Kerala,30,2,DC Fast,08:00 AM - 10:00 PM (Typical Public Access)
IDUKKI,4,3,ANERT EESL - DTPC Idukki Park,Kerala,15,2,AC/DC Combo,08:00 AM - 10:00 PM (Typical Public Access)
IDUKKI,4,4,GreenVeel - ChargeZone,Kerala,60,2,DC Fast,08:00 AM - 10:00 PM (Typical Public Access)
INCHAKKAD,1,1,Vrindavan EVCS - GO EC,Kerala,30,2,DC Fast,08:00 AM - 10:00 PM (Typical Public Access)
IRINJALAKKUDA,1,1,Irinjalakkuda KSEB EVCS - ChargeMOD,Kerala,30,1,DC Fast,09:00 AM - 06:00 PM (Business Hours)
IRITTY,2,1,KVR Dream Vehicles Service Centre - Tata Power,Kerala,60,2,DC Fast,08:00 AM - 10:00 PM (Typical Public Access)
IRITTY,2,2,Sky Penta EVCS - ChargeMOD,Kerala,30,1,DC Fast,08:00 AM - 10:00 PM (Typical Public Access)
JAIPUR,1,1,Hotel Highway King,Rajasthan,7.4,1,AC Type-2,24 Hours (Highway/Transit)
KADAVANTHRA,1,1,Prithvi EVCS - GO EC,Kerala,30,2,DC Fast,08:00 AM - 10:00 PM (Typical Public Access)
KAKKANAD,2,1,Park Residency EVCS - GO EC,Kerala,30,2,DC Fast,24 Hours (Hotel/Resort Guest Access)
KAKKANAD,2,2,Hound Mobility EVCS | Kakkanad,Kerala,7.4,1,AC Type-2,08:00 AM - 10:00 PM (Typical Public Access)
KALADY,1,1,Smartvolt EVCS,Kerala,7.4,1,AC Type-2,08:00 AM - 10:00 PM (Typical Public Access)
KALAMASSERY,3,1,Steelane (EVOK) - ChargeMOD,Kerala,30,1,DC Fast,08:00 AM - 10:00 PM (Typical Public Access)
KALAMASSERY,3,2,Kalamassery KSEB EVCS - ChargeMOD,Kerala,30,1,DC Fast,09:00 AM - 06:00 PM (Business Hours)
KALAMASSERY,3,3,Rajagiri College EVCS - ChargeMOD,Kerala,30,1,DC Fast,09:00 AM - 06:00 PM (Business Hours)
KALOOR,1,1,Kaloor KSEB EVCS - ChargeMOD,Kerala,30,1,DC Fast,09:00 AM - 06:00 PM (Business Hours)
KALPETTA,5,1,TML Marina Motors Pvt. Ltd. Kalpetta - Tata Power,Kerala,60,2,DC Fast,08:00 AM - 10:00 PM (Typical Public Access)
KALPETTA,5,2,Cafe Manoila - GO EC,Kerala,30,2,DC Fast,08:00 AM - 11:00 PM (Restaurant Hours)
KALPETTA,5,3,Konfudha Resort - ChargeMOD,Kerala,30,1,DC Fast,24 Hours (Hotel/Resort Guest Access)
KALPETTA,5,4,Great Trails Wayanad by GRT Hotels,Kerala,7.4,1,AC Type-2,24 Hours (Hotel/Resort Guest Access)
KALPETTA,5,5,Nesto Hypermarket - Zeon,Kerala,30,2,DC Fast,10:00 AM - 10:00 PM (Mall/Retail Hours)
KAMABALAKKAD,1,1,JetEV Nest Developers | Kambalakkad,Kerala,7.4,1,AC Type-2,08:00 AM - 10:00 PM (Typical Public Access)
KANHANGAD,2,1,Kanhangad KSEB EVCS - ChangeMOD,Kerala,7.4,1,AC Type-2,09:00 AM - 06:00 PM (Business Hours)
KANHANGAD,2,2,Raj Residency - Zeon,Kerala,30,2,DC Fast,24 Hours (Hotel/Resort Guest Access)
KANJIKKODE,1,1,Flash Charge EVCS - ChargeMOD,Kerala,30,1,DC Fast,08:00 AM - 10:00 PM (Typical Public Access)
KANJIKODE,1,1,EVMOD EVCS | Pudussery,Kerala,7.4,1,AC Type-2,08:00 AM - 10:00 PM (Typical Public Access)
KANJIRAMATTOM,1,1,Vijaya EVCS - GO EC,Kerala,30,2,DC Fast,08:00 AM - 10:00 PM (Typical Public Access)
KANNUR,6,1,Tata.ev KVR Dreams Kannur - Tata Power,Kerala,60,2,DC Fast,08:00 AM - 10:00 PM (Typical Public Access)
KANNUR,6,2,Mandrin Sky - GO EC,Kerala,30,2,DC Fast,08:00 AM - 10:00 PM (Typical Public Access)
KANNUR,6,3,G Mall - GO EC,Kerala,30,2,DC Fast,10:00 AM - 10:00 PM (Mall/Retail Hours)
KANNUR,6,4,Manjapalam KSEB EVCS - ChargeMOD,Kerala,30,1,DC Fast,09:00 AM - 06:00 PM (Business Hours)
KANNUR,6,5,ANERT EESL - Pinarayi Park,Kerala,15,2,AC/DC Combo,08:00 AM - 10:00 PM (Typical Public Access)
KANNUR,6,6,Koodali SCB,Kerala,7.4,1,AC Type-2,08:00 AM - 10:00 PM (Typical Public Access)
KARAIKUDI,1,1,Sree Karpagamoorthy Automobiles,Tamil Nadu,7.4,1,AC Type-2,08:00 AM - 10:00 PM (Typical Public Access)
KARETTE,2,1,Karthika Residency Hotel EVCS - GO EC,Kerala,30,2,DC Fast,24 Hours (Hotel/Resort Guest Access)
KARETTE,2,2,KKP Renewables EVCS - GO EC,Kerala,30,2,DC Fast,08:00 AM - 10:00 PM (Typical Public Access)
KARIMKUNNAM,1,1,EQ EV Nest - ChargeMOD,Kerala,30,1,DC Fast,08:00 AM - 10:00 PM (Typical Public Access)
KARIPPOL,1,1,Relax Point Restaurant,Kerala,7.4,1,AC Type-2,08:00 AM - 11:00 PM (Restaurant Hours)
KARIYAD,1,1,Luxon Motors - Tata Power,Kerala,60,2,DC Fast,08:00 AM - 10:00 PM (Typical Public Access)
KARNAL,1,1,NE-4 KFC Parking,Haryana,7.4,1,AC Type-2,08:00 AM - 10:00 PM (Typical Public Access)
KARULAI,1,1,Karulai Malayora Express EVCS - GO EC,Kerala,30,2,DC Fast,08:00 AM - 10:00 PM (Typical Public Access)
KARUNAGAPALLY,1,1,Best EVCS | Karunagappalli,Kerala,7.4,1,AC Type-2,08:00 AM - 10:00 PM (Typical Public Access)
KARUNAGAPPALLI,4,1,Throw In Foodcourt | Karunagappalli,Kerala,7.4,1,AC Type-2,08:00 AM - 10:00 PM (Typical Public Access)
KARUNAGAPPALLI,4,2,Zufo EVCS,Kerala,7.4,1,AC Type-2,08:00 AM - 10:00 PM (Typical Public Access)
KARUNAGAPPALLI,4,3,Hotel Indraprastha,Kerala,7.4,1,AC Type-2,24 Hours (Hotel/Resort Guest Access)
KARUNAGAPPALLI,4,4,Best EVCS - ChargeMOD,Kerala,30,1,DC Fast,08:00 AM - 10:00 PM (Typical Public Access)
KARUR,3,1,Aravai Aanandas,Tamil Nadu,7.4,1,AC Type-2,08:00 AM - 10:00 PM (Typical Public Access)
KARUR,3,2,VSB Auto Care,Tamil Nadu,7.4,1,AC Type-2,08:00 AM - 10:00 PM (Typical Public Access)
KARUR,3,3,AKR Textiles,Tamil Nadu,7.4,1,AC Type-2,08:00 AM - 10:00 PM (Typical Public Access)
KARUVANNUR,1,1,Sihla Energy EVCS - ChargeMOD,Kerala,30,1,DC Fast,08:00 AM - 10:00 PM (Typical Public Access)
KARUVATTA,2,1,V Charge Hub - ChargeMOD,Kerala,30,1,DC Fast,08:00 AM - 10:00 PM (Typical Public Access)
KARUVATTA,2,2,Quick Charge EVCS - ChargeMOD,Kerala,30,1,DC Fast,08:00 AM - 10:00 PM (Typical Public Access)
KARYAVATTOM,1,1,Electro Zone EV Fast Charging Station - ChargeMOD,Kerala,30,1,DC Fast,08:00 AM - 10:00 PM (Typical Public Access)
KASARAGOD,3,1,TML KVR Dream Vehicles EVCS - Tata Power,Kerala,60,2,DC Fast,08:00 AM - 10:00 PM (Typical Public Access)
KASARAGOD,3,2,IOCL Top Fuels Karanthakkad Charging Station - Tata Power,Kerala,60,2,DC Fast,24 Hours (Fuel Station)
KASARAGOD,3,3,Roshi EVCS (EVOK) - ChargeMOD,Kerala,30,1,DC Fast,08:00 AM - 10:00 PM (Typical Public Access)
KATHIRUR,1,1,Co-Operqative Bank - Zeon,Kerala,30,2,DC Fast,09:00 AM - 06:00 PM (Business Hours)
KATTAPPANA,2,1,Flash Charge EVCS | Kattappana,Kerala,7.4,1,AC Type-2,08:00 AM - 10:00 PM (Typical Public Access)
KATTAPPANA,2,2,Westgate Inn EVCS - GO EC,Kerala,30,2,DC Fast,24 Hours (Hotel/Resort Guest Access)
KAVALAYUR,1,1,AR Square EVCS | Kavalayoor,Kerala,7.4,1,AC Type-2,08:00 AM - 10:00 PM (Typical Public Access)
KAYAMKULAM,4,1,Sparkzone EVCS - GO EC,Kerala,30,2,DC Fast,08:00 AM - 10:00 PM (Typical Public Access)
KAYAMKULAM,4,2,Cartist - GO EC,Kerala,30,2,DC Fast,08:00 AM - 10:00 PM (Typical Public Access)
KAYAMKULAM,4,3,ANERT EESL - KTDC Aahar Restaurant,Lerala,15,2,AC/DC Combo,08:00 AM - 11:00 PM (Restaurant Hours)
KAYAMKULAM,4,4,GDM Auditorium - ChargeZone,Kerala,60,2,DC Fast,08:00 AM - 10:00 PM (Typical Public Access)
KAZHAKUTTOM,1,1,Akshaya EV Fast Charging Station - ChargeMOD,Kerala,30,1,DC Fast,08:00 AM - 10:00 PM (Typical Public Access)
KECHERY,2,1,Regen Energy,Kerala,7.4,1,AC Type-2,08:00 AM - 10:00 PM (Typical Public Access)
KECHERY,2,2,Executive EVCS - ChargeMOD,Kerala,30,1,DC Fast,08:00 AM - 10:00 PM (Typical Public Access)
KHAJURAHO,2,1,Khajuraho Airport,MP,7.4,1,AC Type-2,24 Hours (Airport)
KHAJURAHO,2,2,Hotel Bundela,MP,7.4,1,AC Type-2,24 Hours (Hotel/Resort Guest Access)
KHORDHA,44,1,Jio-bp,Odisha,50,2,DC Fast,24 Hours (Fuel Station)
KHORDHA,44,2,Ather charging station,Odisha,3.3,2,AC (2W),08:00 AM - 10:00 PM (Typical Public Access)
KHORDHA,44,3,Tata Power Charging Station,Odisha,60,2,DC Fast,08:00 AM - 10:00 PM (Typical Public Access)
KHORDHA,44,4,Ather Grid Charging Station,Odisha,3.3,2,AC (2W),08:00 AM - 10:00 PM (Typical Public Access)
KHORDHA,44,5,Jio-bp pulse Charging Station,Odisha,60,3,DC Fast,24 Hours (Fuel Station)
KHORDHA,44,6,Ather Grid Charging Station,Odisha,3.3,2,AC (2W),08:00 AM - 10:00 PM (Typical Public Access)
KHORDHA,44,7,Ather Charging Station,Odisha,3.3,2,AC (2W),08:00 AM - 10:00 PM (Typical Public Access)
KHORDHA,44,8,Electric Vehicle Charging Station,Odisha,25,2,AC/DC Combo,08:00 AM - 10:00 PM (Typical Public Access)
KHORDHA,44,9,Ather Charging Station,Odisha,3.3,2,AC (2W),08:00 AM - 10:00 PM (Typical Public Access)
KHORDHA,44,10,Electric Vehicle Charging Station,Odisha,25,2,AC/DC Combo,08:00 AM - 10:00 PM (Typical Public Access)
KHORDHA,44,11,NIKOL EV Charging Station,Odisha,7.4,1,AC Type-2,08:00 AM - 10:00 PM (Typical Public Access)
KHORDHA,44,12,Ather Grid Charging Station,Odisha,3.3,2,AC (2W),08:00 AM - 10:00 PM (Typical Public Access)
KHORDHA,44,13,Ather Grid Charging Station,Odisha,3.3,2,AC (2W),08:00 AM - 10:00 PM (Typical Public Access)
KHORDHA,44,14,Ola Charging Station,Odisha,3.3,1,AC (2W),08:00 AM - 10:00 PM (Typical Public Access)
KHORDHA,44,15,Tata Power Charging Station,Odisha,60,2,DC Fast,08:00 AM - 10:00 PM (Typical Public Access)
KHORDHA,44,16,BPCL Charging Station,Odisha,30,2,DC Fast,24 Hours (Fuel Station)
KHORDHA,44,17,BPCL Charging Station,Odisha,30,2,DC Fast,24 Hours (Fuel Station)
KHORDHA,44,18,Electric Vehicle Charging Station,Odisha,25,2,AC/DC Combo,08:00 AM - 10:00 PM (Typical Public Access)
KHORDHA,44,19,Electric Vehicle Charging Station,Odisha,25,2,AC/DC Combo,08:00 AM - 10:00 PM (Typical Public Access)
KHORDHA,44,20,Jio-bp,Odisha,50,2,DC Fast,24 Hours (Fuel Station)
KHORDHA,44,21,Adani Charging Station,Odisha,60,2,DC Fast,08:00 AM - 10:00 PM (Typical Public Access)
KHORDHA,44,22,Ather Charging Station,Odisha,3.3,2,AC (2W),08:00 AM - 10:00 PM (Typical Public Access)
KHORDHA,44,23,DiodeEV Charging Station,Odisha,7.4,1,AC Type-2,08:00 AM - 10:00 PM (Typical Public Access)
KHORDHA,44,24,BPCL Charging Station,Odisha,30,2,DC Fast,24 Hours (Fuel Station)
KHORDHA,44,25,Hindustan Petroleum Corporation Limited,Odisha,30,2,DC Fast,24 Hours (Fuel Station)
KHORDHA,44,26,Jio-bp,Odisha,50,2,DC Fast,24 Hours (Fuel Station)
KHORDHA,44,27,Relux Charging Station,Odisha,7.4,1,AC Type-2,08:00 AM - 10:00 PM (Typical Public Access)
KHORDHA,44,28,Tata Power Charging Station,Odisha,60,2,DC Fast,08:00 AM - 10:00 PM (Typical Public Access)
KHORDHA,44,29,Adani Charging Station,Odisha,60,2,DC Fast,08:00 AM - 10:00 PM (Typical Public Access)
KHORDHA,44,30,Ather Grid Charging Station,Odisha,3.3,2,AC (2W),08:00 AM - 10:00 PM (Typical Public Access)
KHORDHA,44,31,Ather Grid Charging Station,Odisha,3.3,2,AC (2W),08:00 AM - 10:00 PM (Typical Public Access)
KHORDHA,44,32,Maa Tara Tarini Tour And Travels,Odisha,7.4,1,AC Type-2,08:00 AM - 10:00 PM (Typical Public Access)
KHORDHA,44,33,Ather Grid Charging Station,Odisha,3.3,2,AC (2W),08:00 AM - 10:00 PM (Typical Public Access)
KHORDHA,44,34,BPCL Charging Station,Odisha,30,2,DC Fast,24 Hours (Fuel Station)
KHORDHA,44,35,Hindustan Petroleum Corporation Limited,Odisha,30,2,DC Fast,24 Hours (Fuel Station)
KHORDHA,44,36,Jio-bp,Odisha,50,2,DC Fast,24 Hours (Fuel Station)
KHORDHA,44,37,Relux Charging Station,Odisha,7.4,1,AC Type-2,08:00 AM - 10:00 PM (Typical Public Access)
KHORDHA,44,38,Tata Power Charging Station,Odisha,60,2,DC Fast,08:00 AM - 10:00 PM (Typical Public Access)
KHORDHA,44,39,Adani Charging Station,Odisha,60,2,DC Fast,08:00 AM - 10:00 PM (Typical Public Access)
KHORDHA,44,40,Ather Grid Charging Station,Odisha,3.3,2,AC (2W),08:00 AM - 10:00 PM (Typical Public Access)
KHORDHA,44,41,Ather Grid Charging Station,Odisha,3.3,2,AC (2W),08:00 AM - 10:00 PM (Typical Public Access)
KHORDHA,44,42,Maa Tara Tarini Tour And Travels,Odisha,7.4,1,AC Type-2,08:00 AM - 10:00 PM (Typical Public Access)
KHORDHA,44,43,Ather Grid Charging Station,Odisha,3.3,2,AC (2W),08:00 AM - 10:00 PM (Typical Public Access)
KHORDHA,44,44,Jio-bp,Odisha,50,2,DC Fast,24 Hours (Fuel Station)
KICHHA,3,1,Sagar Tranport Company,Uttarakhand,7.4,1,AC Type-2,08:00 AM - 10:00 PM (Typical Public Access)
KICHHA,3,2,Yash Filling Station,Uttarakhand,7.4,1,AC Type-2,24 Hours (Fuel Station)
KICHHA,3,3,2012531-PRAKASH PETROLEUM,Uttarakhand,7.4,1,AC Type-2,24 Hours (Fuel Station)
KIDANGOOR,1,1,Nilas Magestic Arcade,Kerala,7.4,1,AC Type-2,08:00 AM - 10:00 PM (Typical Public Access)
KILLANNUR,1,1,Core Multicusine Restaurant - ChargeMOD,Kerala,30,1,DC Fast,08:00 AM - 11:00 PM (Restaurant Hours)
KIZHAKKAMBALAM,2,1,SK EVCS | Kizhakkambalam,Kerala,7.4,1,AC Type-2,08:00 AM - 10:00 PM (Typical Public Access)
KIZHAKKAMBALAM,2,2,Matha DC EVCS - ChargeMOD,Kerala,30,1,DC Fast,08:00 AM - 10:00 PM (Typical Public Access)
KOCHI,5,1,Keys Select Kochi,Kerala,7.4,1,AC Type-2,24 Hours (Hotel/Resort Guest Access)
KOCHI,5,2,EVM MG Motors Coastline Garage - ChargeMOD,Kerala,30,1,DC Fast,08:00 AM - 10:00 PM (Typical Public Access)
KOCHI,5,3,Gandhinagar KSEB EVCS - ChargeMOD,Kerala,30,1,DC Fast,09:00 AM - 06:00 PM (Business Hours)
KOCHI,5,4,Kochi Marriot Hotel,Kerala,7.4,1,AC Type-2,24 Hours (Hotel/Resort Guest Access)
KOCHI,5,5,Casino Hotel,Kerala,7.4,1,AC Type-2,24 Hours (Hotel/Resort Guest Access)
KOCHUVELI,1,1,BMW EVM Autokraft Service Center - ChargeMOD,Kerala,30,1,DC Fast,08:00 AM - 10:00 PM (Typical Public Access)
KODAKARA,1,1,EV Point EVCS - ChargeMOD,Kerala,30,1,DC Fast,08:00 AM - 10:00 PM (Typical Public Access)
KODUNGALLUR,5,1,rajeEVam EVCS,Kerala,7.4,1,AC Type-2,08:00 AM - 10:00 PM (Typical Public Access)
KODUNGALLUR,5,2,Centro Mall Charging Station - Tata Power,Kerala,60,2,DC Fast,10:00 AM - 10:00 PM (Mall/Retail Hours)
KODUNGALLUR,5,3,Kodungallur SVS - GO EC,Kerala,30,2,DC Fast,08:00 AM - 10:00 PM (Typical Public Access)
KODUNGALLUR,5,4,FUZO EV Super Charging Station,Kerala,7.4,1,AC Type-2,08:00 AM - 10:00 PM (Typical Public Access)
KODUNGALLUR,5,5,Mughal Mall,Kerala,7.4,1,AC Type-2,10:00 AM - 10:00 PM (Mall/Retail Hours)
KODUNGOOR,1,1,Nandanam EVCS - GO EC,Kerala,30,2,DC Fast,08:00 AM - 10:00 PM (Typical Public Access)
KODUVALLY,1,1,Locus EVCS - ChargeMOD,Kerala,30,1,DC Fast,08:00 AM - 10:00 PM (Typical Public Access)
KOLENCHERY,1,1,EVee Buddy | Mangalath EVCS | Mangalathunada,Kerala,7.4,1,AC Type-2,08:00 AM - 10:00 PM (Typical Public Access)
KOLKATA,1,1,Konnagar,west bengal,7.4,1,AC Type-2,08:00 AM - 10:00 PM (Typical Public Access)
KOLLAM,5,1,M Square EVOK | Kureepuzha,Kerala,30,2,DC Fast,08:00 AM - 10:00 PM (Typical Public Access)
KOLLAM,5,2,Sree Suprabhatham - ChargeMOD,Kerala,30,1,DC Fast,08:00 AM - 10:00 PM (Typical Public Access)
KOLLAM,5,3,VOX Xpress Wash (EVOK) - ChargeMOD,Kerala,30,1,DC Fast,08:00 AM - 10:00 PM (Typical Public Access)
KOLLAM,5,4,Instacharge EV Fast Charging and Café,Kerala,7.4,1,AC Type-2,08:00 AM - 10:00 PM (Typical Public Access)
KOLLAM,5,5,Chungath Sprise Hyundai - ChargeZone,Kerala,60,2,DC Fast,08:00 AM - 10:00 PM (Typical Public Access)
KOLLENGODE,1,1,Swathi EVCS,Kerala,7.4,1,AC Type-2,08:00 AM - 10:00 PM (Typical Public Access)
KONDOTTY,1,1,Calicut Airport Charging Station - Tata Power,Kerala,60,2,DC Fast,24 Hours (Airport)
KONNI,1,1,Anaswara Jewellers EVCS - ChargeMOD,Kerala,30,1,DC Fast,08:00 AM - 10:00 PM (Typical Public Access)
KOOTANAD,1,1,Koottanad KSEB EVCS - ChargeMOD,Kerala,30,1,DC Fast,09:00 AM - 06:00 PM (Business Hours)
KOOTHATTUKULAM,3,1,Savoi Complex EVCS,Kerala,7.4,1,AC Type-2,08:00 AM - 10:00 PM (Typical Public Access)
KOOTHATTUKULAM,3,2,Haridwar EVCS,Kerala,7.4,1,AC Type-2,08:00 AM - 10:00 PM (Typical Public Access)
KOOTHATTUKULAM,3,3,Royal EV Charging - ChargeMOD,Keraka,30,1,DC Fast,08:00 AM - 10:00 PM (Typical Public Access)
KOPPAM,2,1,KVR Automotive - Tata Power,Kerala,60,2,DC Fast,08:00 AM - 10:00 PM (Typical Public Access)
KOPPAM,2,2,Syndicate Mall and Cinemas,Kerala,7.4,1,AC Type-2,10:00 AM - 10:00 PM (Mall/Retail Hours)
KORATTY,1,1,Koratty Chennai Anandabhavan EVCS - GO EC,Kerala,30,2,DC Fast,09:00 AM - 06:00 PM (Business Hours)
KOTA DISTRICT,1,1,Lakshya Water Park,Rajasthan,7.4,1,AC Type-2,08:00 AM - 10:00 PM (Typical Public Access)
KOTHAMANGALAM,3,1,Pattakulam EV Super Charging Station,Kerala,7.4,1,AC Type-2,08:00 AM - 10:00 PM (Typical Public Access)
KOTHAMANGALAM,3,2,Renvolt (EVOK) - ChargeMOD,Kerala,30,1,DC Fast,08:00 AM - 10:00 PM (Typical Public Access)
KOTHAMANGALAM,3,3,Kothamangalam KSEB EVCS - ChargeMOD,Kerala,30,1,DC Fast,09:00 AM - 06:00 PM (Business Hours)
KOTTAKKAL,3,1,Thirunilath ECVS Charging Station - ChargeMOD,Kerala,30,1,DC Fast,08:00 AM - 10:00 PM (Typical Public Access)
KOTTAKKAL,3,2,Nesto Hypermarket - Zeon,Kerala,30,2,DC Fast,10:00 AM - 10:00 PM (Mall/Retail Hours)
KOTTAKKAL,3,3,Club Sulaimani - Zeon,Kerala,30,2,DC Fast,08:00 AM - 10:00 PM (Typical Public Access)
KOTTARAKKARA,4,1,Green Planet EVCS - GO EC,Kerala,30,2,DC Fast,08:00 AM - 10:00 PM (Typical Public Access)
KOTTARAKKARA,4,2,Delight Launch Cafe - ChargeMOD,Kerala,30,1,DC Fast,08:00 AM - 11:00 PM (Restaurant Hours)
KOTTARAKKARA,4,3,Ente Veedu Interior (EVOK) - ChargeMOD,Kerala,30,1,DC Fast,08:00 AM - 10:00 PM (Typical Public Access)
KOTTARAKKARA,4,4,Plug N Pay EVCS,Kerala,7.4,1,AC Type-2,08:00 AM - 10:00 PM (Typical Public Access)
KOTTAYAM,6,1,The Grand Ambassador EVCS,Kerala,7.4,1,AC Type-2,08:00 AM - 10:00 PM (Typical Public Access)
KOTTAYAM,6,2,Hotel Athira Residency EVCS - GO EC,Kerala,30,2,DC Fast,24 Hours (Hotel/Resort Guest Access)
KOTTAYAM,6,3,Indraprastha Hotel (EVOK) - ChargeMOD,Kerala,30,1,DC Fast,24 Hours (Hotel/Resort Guest Access)
KOTTAYAM,6,4,Charge n Fresh EVCS - ChargeMOD,Kerala,30,1,DC Fast,08:00 AM - 10:00 PM (Typical Public Access)
KOTTAYAM,6,5,Athirampuzha,Kerala,7.4,1,AC Type-2,08:00 AM - 10:00 PM (Typical Public Access)
KOTTAYAM,6,6,Hotel Aida,Kerala,7.4,1,AC Type-2,24 Hours (Hotel/Resort Guest Access)
KOTTIYAM,1,1,Kottiyam KSEB EVCS - ChargeMOD,Kerala,30,1,DC Fast,09:00 AM - 06:00 PM (Business Hours)
KOYILANDI,1,1,Solar Sparks EVCS - ChargeMOD,Kerala,30,1,DC Fast,08:00 AM - 10:00 PM (Typical Public Access)
KOZHIKODE,21,1,Lemon Tree Hotel,Kerala,7.4,1,AC Type-2,24 Hours (Hotel/Resort Guest Access)
KOZHIKODE,21,2,SK Volt Hub Kovoor,Kerala,7.4,1,AC Type-2,08:00 AM - 10:00 PM (Typical Public Access)
KOZHIKODE,21,3,EVM Citroen Calicut,Kerala,7.4,1,AC Type-2,08:00 AM - 10:00 PM (Typical Public Access)
KOZHIKODE,21,4,Shakti | EVOK Charging Hub,Kerala,30,2,DC Fast,08:00 AM - 10:00 PM (Typical Public Access)
KOZHIKODE,21,5,TML Marina Motors - Tata Power,Kerala,60,2,DC Fast,08:00 AM - 10:00 PM (Typical Public Access)
KOZHIKODE,21,6,IOCL Lakshmi Sales & Service - Tata Power,Kerala,60,2,DC Fast,24 Hours (Fuel Station)
KOZHIKODE,21,7,Gokulam Galleria Mall - Tata Power,Kerala,60,2,DC Fast,10:00 AM - 10:00 PM (Mall/Retail Hours)
KOZHIKODE,21,8,Hotel Hyson Heritage - Tata Power,Kerala,60,2,DC Fast,24 Hours (Hotel/Resort Guest Access)
KOZHIKODE,21,9,Taj The Gateway Hotel - Tata Power,Kerala,60,2,DC Fast,24 Hours (Hotel/Resort Guest Access)
KOZHIKODE,21,10,Taj The Gateway Hotel - Tata Power,Kerala,60,2,DC Fast,24 Hours (Hotel/Resort Guest Access)
KOZHIKODE,21,11,Reliance Fresh EVCS,Keral,7.4,1,AC Type-2,08:00 AM - 10:00 PM (Typical Public Access)
KOZHIKODE,21,12,Green Amp EVCS - GO EC,Kerala,30,2,DC Fast,08:00 AM - 10:00 PM (Typical Public Access)
KOZHIKODE,21,13,Calicut Malabar Gold - GO EC,Kerala,30,2,DC Fast,08:00 AM - 10:00 PM (Typical Public Access)
KOZHIKODE,21,14,Kuttoth Enterprises EVCS - ChargeMOD,Kerala,30,1,DC Fast,08:00 AM - 10:00 PM (Typical Public Access)
KOZHIKODE,21,15,RG Nallanna EVCS (EVOK) - ChargeMOD,Kerala,30,1,DC Fast,08:00 AM - 10:00 PM (Typical Public Access)
KOZHIKODE,21,16,Gandhi Road KSEB EVCS - ChargeMOD,Kerala,30,1,DC Fast,09:00 AM - 06:00 PM (Business Hours)
KOZHIKODE,21,17,Thiruvangoor EV Fast Charging Station - ChargeMOD,Kerala,30,1,DC Fast,08:00 AM - 10:00 PM (Typical Public Access)
KOZHIKODE,21,18,MB#Bridgeway Motors,Kerala,7.4,1,AC Type-2,08:00 AM - 10:00 PM (Typical Public Access)
KOZHIKODE,21,19,KVR Hyundai - ChargeZone,Kerala,60,2,DC Fast,08:00 AM - 10:00 PM (Typical Public Access)
KOZHIKODE,21,20,HiLite Mall - Zeon,Kerala,30,2,DC Fast,10:00 AM - 10:00 PM (Mall/Retail Hours)
KOZHIKODE,21,21,HiLite Business Park - Zeon,Kerala,30,2,DC Fast,08:00 AM - 10:00 PM (Typical Public Access)
KULAPPULLY,1,1,Kulappully KSEB EVCS - ChargeMOD,Kerala,30,1,DC Fast,09:00 AM - 06:00 PM (Business Hours)
KULATHOOR,1,1,Poovar PNT EVCS,Kerala,7.4,1,AC Type-2,08:00 AM - 10:00 PM (Typical Public Access)
KUMALI,1,1,Sora EVCS - GO EC,Kerala,30,2,DC Fast,08:00 AM - 10:00 PM (Typical Public Access)
KUMARAKOM,1,1,Sihla Energy - ChargeMOD,Kerala,30,1,DC Fast,08:00 AM - 10:00 PM (Typical Public Access)
KUMBLA,1,1,Tamar Cafe,Kerala,7.4,1,AC Type-2,08:00 AM - 11:00 PM (Restaurant Hours)
KUNDANNOOR,1,1,Flash EVCS | Kundannoor,Kerala,7.4,1,AC Type-2,08:00 AM - 10:00 PM (Typical Public Access)
KUNDARA,2,1,RK EVCS - GO EC,Kerala,30,2,DC Fast,08:00 AM - 10:00 PM (Typical Public Access)
KUNDARA,2,2,Kundara KSEB - ChargeMOD,Kerala,30,1,DC Fast,09:00 AM - 06:00 PM (Business Hours)
KUNNAMANGALAM,1,1,Yadav EV Charging Station - ChargeMOD,Kerala,30,1,DC Fast,08:00 AM - 10:00 PM (Typical Public Access)
KUNNAMKULAM,1,1,K4 EV Fast Charging Station,Kerala,7.4,1,AC Type-2,08:00 AM - 10:00 PM (Typical Public Access)
KUNNICODE,1,1,Pontoor EVCS | Fill Nxt | Kunnicode,Kerala,7.4,1,AC Type-2,08:00 AM - 10:00 PM (Typical Public Access)
KUNNUKARA,1,1,Dhruv EVCS - ChargeMOD,Kerala,30,1,DC Fast,08:00 AM - 10:00 PM (Typical Public Access)
KURAVILANGAD,1,1,Chaithanya Hospital EVCS - GO EC,Kerala,30,2,DC Fast,24 Hours (Hospital)
KUTTANADU,1,1,Zap N Go,Kerala,7.4,1,AC Type-2,08:00 AM - 10:00 PM (Typical Public Access)
KUTTIKKANAM,1,1,Open Kitchen EVCS - GO EC,Kerala,30,2,DC Fast,08:00 AM - 10:00 PM (Typical Public Access)
KUTTIYADY,1,1,EVOK Charger - ChargeMOD,Kerala,30,1,DC Fast,08:00 AM - 10:00 PM (Typical Public Access)
LUCKNOW,2,1,GLIDA JANESHWAR MISHRA PARK,UTTAR PRADESH,7.4,1,AC Type-2,08:00 AM - 10:00 PM (Typical Public Access)
LUCKNOW,2,2,GLIDA LOHIA PARK,UTTAR PRADESH,7.4,1,AC Type-2,08:00 AM - 10:00 PM (Typical Public Access)
LAKKIDI,2,1,CGH Wayanad Wild EV Charging Station - GO EC,Kerala,30,2,DC Fast,08:00 AM - 10:00 PM (Typical Public Access)
LAKKIDI,2,2,Evee Buddy - ChargeMOD,Kerala,30,1,DC Fast,08:00 AM - 10:00 PM (Typical Public Access)
LB NAGAR,1,1,Blaze Fast Charger For 2 Ev Wheeler,Telangana,7.4,1,AC Type-2,08:00 AM - 10:00 PM (Typical Public Access)
LUCKNOW,2,1,Bundelkhand Expressway Chitrakoot Toll,Uttar Pradesh,7.4,1,AC Type-2,24 Hours (Highway/Transit)
LUCKNOW,2,2,Tata Power Hotel Elite,Uttar Pradesh,60,2,DC Fast,24 Hours (Hotel/Resort Guest Access)
MAHABALIPURAM,1,1,Four Points By Sheraton,Tamil Nadu,7.4,1,AC Type-2,24 Hours (Hotel/Resort Guest Access)
MALA,1,1,Parekkats EVCS - GO EC,Kerala,30,2,DC Fast,08:00 AM - 10:00 PM (Typical Public Access)
MALAPPURAM,4,1,Tata.ev Store Malappuram,Kerala,60,2,DC Fast,08:00 AM - 10:00 PM (Typical Public Access)
MALAPPURAM,4,2,A M Tyres Malappuram - Tata Power,Kerala,60,2,DC Fast,08:00 AM - 10:00 PM (Typical Public Access)
MALAPPURAM,4,3,Jam Joom EV Charging Station - GO EC,Kerala,30,2,DC Fast,08:00 AM - 10:00 PM (Typical Public Access)
MALAPPURAM,4,4,Chargify EV Super Charging Station,Kerala,7.4,1,AC Type-2,08:00 AM - 10:00 PM (Typical Public Access)
MAMBARAM,1,1,JSR EVCS - GO EC,Kerala,30,2,DC Fast,08:00 AM - 10:00 PM (Typical Public Access)
MANANTHAVADY,1,1,Hotel Wayanad Square - ChargeMOD,Kerala,30,1,DC Fast,24 Hours (Hotel/Resort Guest Access)
MANARCADU,1,1,EQ ChargeMate | Naalumanikkattu,Kerala,7.4,1,AC Type-2,08:00 AM - 10:00 PM (Typical Public Access)
MANJERI,4,1,Hotel Gokulam Relax Park,Kerala,7.4,1,AC Type-2,24 Hours (Hotel/Resort Guest Access)
MANJERI,4,2,VP Mall EVCS - GO EC,Kerala,30,2,DC Fast,10:00 AM - 10:00 PM (Mall/Retail Hours)
MANJERI,4,3,Krishna Enterprises - ChargeMOD,Kerala,30,1,DC Fast,08:00 AM - 10:00 PM (Typical Public Access)
MANJERI,4,4,Golden Baked EVCS - ChargeMOD,Kerala,30,1,DC Fast,08:00 AM - 10:00 PM (Typical Public Access)
MANJOOR,1,1,Manjoor Beeza Clubhouse EVCS - GO EC,Kerala,30,2,DC Fast,08:00 AM - 10:00 PM (Typical Public Access)
MANMANGALAM,1,1,RK Mess & Restaurant,Tamil Nadu,7.4,1,AC Type-2,08:00 AM - 11:00 PM (Restaurant Hours)
MANNARKKAD,3,1,Oasis EV Super Charging Station,Kerala,7.4,1,AC Type-2,08:00 AM - 10:00 PM (Typical Public Access)
MANNARKKAD,3,2,Avenue Plaza - ChargeMOD,Kerala,30,1,DC Fast,10:00 AM - 10:00 PM (Mall/Retail Hours)
MANNARKKAD,3,3,ANERT EESL - Kanjirappuzha Garden,Keral,15,2,AC/DC Combo,08:00 AM - 10:00 PM (Typical Public Access)
MANNUTHI,2,1,Turbo EV Charge Hub | Mannuthi Bypass,Kerala,7.4,1,AC Type-2,24 Hours (Highway/Transit)
MANNUTHI,2,2,EVOK Charging Hub | Mannuthy,Kerala,30,2,DC Fast,08:00 AM - 10:00 PM (Typical Public Access)
MANOR,1,1,Hyundai EV Chg Stn Manor,MH,7.4,1,AC Type-2,08:00 AM - 10:00 PM (Typical Public Access)
MARADU,4,1,Tribute Royale EVCS - GO EC,Kerala,30,2,DC Fast,08:00 AM - 10:00 PM (Typical Public Access)
MARADU,4,2,BYD EVM Southcoast Service Centre - ChargeMOD,Kerala,30,1,DC Fast,08:00 AM - 10:00 PM (Typical Public Access)
MARADU,4,3,EVM La Maison Citroen Kochi - ChargeMOD,Kerala,30,1,DC Fast,08:00 AM - 10:00 PM (Typical Public Access)
MARADU,4,4,LiON EVCS - ChargeMOD,Kerala,30,1,DC Fast,08:00 AM - 10:00 PM (Typical Public Access)
MARANCHERY,1,1,Maranchery Bank EVCS - ChargeMOD,Kerala,30,1,DC Fast,09:00 AM - 06:00 PM (Business Hours)
MARARIKULAM,1,1,CGH Marari Beach,Kerala,7.4,1,AC Type-2,08:00 AM - 10:00 PM (Typical Public Access)
MARATHAKKARA,1,1,Plugin EVCS - ChargeMOD,Kerala,30,1,DC Fast,08:00 AM - 10:00 PM (Typical Public Access)
MATHIL,1,1,Mathil Service Co-Operative Bank EVCS - ChargeMOD,Kerala,30,1,DC Fast,09:00 AM - 06:00 PM (Business Hours)
MAVELIKKARA,2,1,Askar EV - ChargeMOD,Kerala,30,1,DC Fast,08:00 AM - 10:00 PM (Typical Public Access)
MAVELIKKARA,2,2,Artemis EV Super Charger - ChargeMOD,Kerala,30,1,DC Fast,08:00 AM - 10:00 PM (Typical Public Access)
MEDCHAL-MALKAJGIRI,1,1,Driftnation Food Court NH44,Telangana,7.4,1,AC Type-2,24 Hours (Highway/Transit)
MEENANGADI,2,1,Hotel Saugandhika Charging Station - Tata Power,Kerala,60,2,DC Fast,24 Hours (Hotel/Resort Guest Access)
MEENANGADI,2,2,Meenangadi EVCS - ChargeMOD,Kerala,30,1,DC Fast,08:00 AM - 10:00 PM (Typical Public Access)
MEENCHANDA,1,1,Rotana Motors Meenchanda - Tata Power,Kerala,60,2,DC Fast,08:00 AM - 10:00 PM (Typical Public Access)
MEENKUNNAM,1,1,EVOK Charging Station | Meenkunnam,Kerala,30,2,DC Fast,08:00 AM - 10:00 PM (Typical Public Access)
MELATTUR,1,1,MKM Melattur (EVOK) - ChargeMOD,Kerala,30,1,DC Fast,08:00 AM - 10:00 PM (Typical Public Access)
MELECHOWA,1,1,Kannur H&H,Kerala,7.4,1,AC Type-2,08:00 AM - 10:00 PM (Typical Public Access)
METTUPALAYAM,1,1,Hydra Charging Station,Tamil Nadu,7.4,1,AC Type-2,08:00 AM - 10:00 PM (Typical Public Access)
METTUPATTI,1,1,M. S. Shanmuganadar Mattai Kadai,Tamil Nadu,7.4,1,AC Type-2,08:00 AM - 10:00 PM (Typical Public Access)
MOHGAON,1,1,Cube Stop NH-44,MP,7.4,1,AC Type-2,24 Hours (Highway/Transit)
MOOLAMATTOM,1,1,Moolamattom KSEB EVCS - ChargeMOD,Kerala,30,1,DC Fast,09:00 AM - 06:00 PM (Business Hours)
MOOVATTUPUZHA,3,1,PlugMap EVCS by Evan and Eyan,Kerala,7.4,1,AC Type-2,08:00 AM - 10:00 PM (Typical Public Access)
MOOVATTUPUZHA,3,2,Kabani International (EVOK) - ChargeMOD,Kerala,30,1,DC Fast,08:00 AM - 10:00 PM (Typical Public Access)
MOOVATTUPUZHA,3,3,Hotel Ganga Grand,Kerala,7.4,1,AC Type-2,24 Hours (Hotel/Resort Guest Access)
MUHAMMA,1,1,Lemon Tree Vembanad Lake Resort,Kerala,7.4,1,AC Type-2,24 Hours (Hotel/Resort Guest Access)
MUKKOM,1,1,Mall of Mukkom EVCS - GO EC,Kerala,30,2,DC Fast,10:00 AM - 10:00 PM (Mall/Retail Hours)
MUNDUPALAM,1,1,Anchorage AC - ChargeMOD,Kerala,30,1,DC Fast,08:00 AM - 10:00 PM (Typical Public Access)
MUNDUPARAMBA,1,1,Malappuram KSEB EVCS - ChargeMOD,Kerala,30,1,DC Fast,09:00 AM - 06:00 PM (Business Hours)
MUNDUR,1,1,Sihla Energy - ChargeMOD,Kerala,30,1,DC Fast,08:00 AM - 10:00 PM (Typical Public Access)
MUNNAR,3,1,Hill View EVCS,Kerala,7.4,1,AC Type-2,08:00 AM - 10:00 PM (Typical Public Access)
MUNNAR,3,2,Eastend Hotel and Resorts - ChargeMOD,Kerala,30,1,DC Fast,24 Hours (Hotel/Resort Guest Access)
MUNNAR,3,3,Eden Wood Resorts,Kerala,7.4,1,AC Type-2,24 Hours (Hotel/Resort Guest Access)
MUTHANGA,1,1,Top Dines Hotel - GO EC,Kerala,30,2,DC Fast,24 Hours (Hotel/Resort Guest Access)
MUVATTUPUZHA,2,1,GATR PowerFin EVCS - ChargeMOD,Kerala,30,1,DC Fast,08:00 AM - 10:00 PM (Typical Public Access)
MUVATTUPUZHA,2,2,GreenVeel,Kerala,7.4,1,AC Type-2,08:00 AM - 10:00 PM (Typical Public Access)
MYSURU,2,1,Hotel Arcore,Karnataka,7.4,1,AC Type-2,24 Hours (Hotel/Resort Guest Access)
MYSURU,2,2,Manipal Hospital Mysore,Karnataka,7.4,1,AC Type-2,24 Hours (Hospital)
NH48,1,1,Viraj Junction EFill EVCS,Karnataka,7.4,1,AC Type-2,08:00 AM - 10:00 PM (Typical Public Access)
NADAL,1,1,KVR Dream Vehicle - Tata Power,Kerala,60,2,DC Fast,08:00 AM - 10:00 PM (Typical Public Access)
NAGERCOIL,1,1,KKOH,Tamil Nadu,7.4,1,AC Type-2,08:00 AM - 10:00 PM (Typical Public Access)
NARAYANWADI,1,1,Sai Restaurant & Cafe,Maharashtra,7.4,1,AC Type-2,08:00 AM - 11:00 PM (Restaurant Hours)
NATTIKA,1,1,Nattika FIRKA Service Co-Operative Bank - ChargeMOD,Kerala,30,1,DC Fast,09:00 AM - 06:00 PM (Business Hours)
NAVSARI,1,1,Chargezone Hotel Rangoli,GJ,60,2,DC Fast,24 Hours (Hotel/Resort Guest Access)
NEDUMBASSERY,8,1,Taj Cochin Internation Airport Hotel - Tata Power,Kerala,60,2,DC Fast,24 Hours (Airport)
NEDUMBASSERY,8,2,SAJ Earth Resort - Tata Power,Kerala,60,2,DC Fast,24 Hours (Hotel/Resort Guest Access)
NEDUMBASSERY,8,3,ChargeMOD EVCS Hub,Kerala,30,1,DC Fast,08:00 AM - 10:00 PM (Typical Public Access)
NEDUMBASSERY,8,4,CIAL Terminal 3,Kerala,7.4,1,AC Type-2,24 Hours (Airport)
NEDUMBASSERY,8,5,CIAL Terminal 1,Kerala,7.4,1,AC Type-2,24 Hours (Airport)
NEDUMBASSERY,8,6,Capgo EVCS - ChargeMOD,Kerala,30,1,DC Fast,08:00 AM - 10:00 PM (Typical Public Access)
NEDUMBASSERY,8,7,Jippus Galaxy EVCS - ChargeMOD,Kerala,30,1,DC Fast,08:00 AM - 10:00 PM (Typical Public Access)
NEDUMBASSERY,8,8,Airsuite Airport Hotel,Kerala,7.4,1,AC Type-2,24 Hours (Airport)
NEDUMKUNNAM,1,1,Pathalil EVCS - Charge MOD,Kerala,30,1,DC Fast,08:00 AM - 10:00 PM (Typical Public Access)
NEENDOOR,1,1,Kalladanthiyil EVCS - GO EC,Kerala,30,2,DC Fast,08:00 AM - 10:00 PM (Typical Public Access)
NELLIKKUNNU,1,1,Nellikkunnu Snopcap EVCS,Kerala,7.4,1,AC Type-2,08:00 AM - 10:00 PM (Typical Public Access)
NELLIMATTOM,1,1,Kavalangad Service Bank EVCS | EVOK,Kerala,30,2,DC Fast,09:00 AM - 06:00 PM (Business Hours)
NENMARA,1,1,Changathikoottam EVCS - ChargeMOD,Kerala,30,1,DC Fast,08:00 AM - 10:00 PM (Typical Public Access)
NERIYAMANGALAM,1,1,EcoPlug EVCS - GO EC,Kerala,30,2,DC Fast,08:00 AM - 10:00 PM (Typical Public Access)
NEW DELHI``,1,1,EESL - Devinder Collections,New Dehi,15,2,AC/DC Combo,08:00 AM - 10:00 PM (Typical Public Access)
NEYYATTINKARA,1,1,Rajco EVCS - GO EC,Kerala,30,2,DC Fast,08:00 AM - 10:00 PM (Typical Public Access)
NHANGATTIRI,1,1,New Kerala Hotel EVCS - GO EC,Kerala,30,2,DC Fast,24 Hours (Hotel/Resort Guest Access)
NILAMBUR,2,1,Jam Joom Super Market - GO EC,Kerala,30,2,DC Fast,10:00 AM - 10:00 PM (Mall/Retail Hours)
NILAMBUR,2,2,ABS Motors - GO EC,Kerala,30,2,DC Fast,08:00 AM - 10:00 PM (Typical Public Access)
NILESHWARAM,1,1,Indus EV Charging,Kerala,7.4,1,AC Type-2,08:00 AM - 10:00 PM (Typical Public Access)
NORTH PARAVOOR,1,1,North Paravoor KSEB EVCS - ChargeMOD,Kerala,30,1,DC Fast,09:00 AM - 06:00 PM (Business Hours)
NORTH PARAVUR,2,1,Ideal EV Super Charging Station,Kerala,7.4,1,AC Type-2,08:00 AM - 10:00 PM (Typical Public Access)
NORTH PARAVUR,2,2,Power Zone EV Charging Station - GO EC,Kerala,30,2,DC Fast,08:00 AM - 10:00 PM (Typical Public Access)
OCHIRA,1,1,Royale Regency (EVOK) - ChargeMOD,Kerala,30,1,DC Fast,08:00 AM - 10:00 PM (Typical Public Access)
ODANAVATTOM,1,1,Plug N Pay EVCS - ChargeMOD,Kerala,30,1,DC Fast,08:00 AM - 10:00 PM (Typical Public Access)
OMALLOR,1,1,Anjaly EVCS - GO EC,Kerala,30,2,DC Fast,08:00 AM - 10:00 PM (Typical Public Access)
OTTAPPALAM,1,1,EVDay EVCS | Ottappalam | Manissery,Kerala,7.4,1,AC Type-2,08:00 AM - 10:00 PM (Typical Public Access)
PADINJARATHARA,2,1,Taj Wayanad Resort and Spa- Tata Power,Kerala,60,2,DC Fast,24 Hours (Hotel/Resort Guest Access)
PADINJARATHARA,2,2,Banasura Sagar KSEB EVCS - ChargeMOD,Kerala,30,1,DC Fast,09:00 AM - 06:00 PM (Business Hours)
PALA,3,1,EV Point EVCS | Pala,Kerala,7.4,1,AC Type-2,08:00 AM - 10:00 PM (Typical Public Access)
PALA,3,2,Flour Mill (EVOK) - ChargeMOD,Kerala,30,1,DC Fast,08:00 AM - 10:00 PM (Typical Public Access)
PALA,3,3,Jim and Jims EVCS - ChargeMOD,Kerala,30,1,DC Fast,08:00 AM - 10:00 PM (Typical Public Access)
PALAKKAD,6,1,EVee Buddy | Town Plug EVCS | Palakkad,Kerala,7.4,1,AC Type-2,08:00 AM - 10:00 PM (Typical Public Access)
PALAKKAD,6,2,IOCL Thiruvonam Fuels - Tata Power,Kerala,60,2,DC Fast,24 Hours (Fuel Station)
PALAKKAD,6,3,Le Sky Dine EVCS - GO EC,Kerala,30,2,DC Fast,08:00 AM - 11:00 PM (Restaurant Hours)
PALAKKAD,6,4,Electrica EVCS - ChargeMOD,Kerala,30,1,DC Fast,08:00 AM - 10:00 PM (Typical Public Access)
PALAKKAD,6,5,ANERT EESL - Chittur Thathamangalam Minicipality,Kerala,15,2,AC/DC Combo,08:00 AM - 10:00 PM (Typical Public Access)
PALAKKAD,6,6,Grand Hyundai - ChargeZone,Kerala,60,2,DC Fast,08:00 AM - 10:00 PM (Typical Public Access)
PALARIVATTOM,2,1,Monsoon Empress Hotel EVCS,Kerala,7.4,1,AC Type-2,24 Hours (Hotel/Resort Guest Access)
PALARIVATTOM,2,2,Max EVCS - GO EC,Kerala,30,2,DC Fast,08:00 AM - 10:00 PM (Typical Public Access)
PALLIKKARA,1,1,Wonderla - Statiq,Kerala,30,2,DC Fast,08:00 AM - 10:00 PM (Typical Public Access)
PALLOM,1,1,Pallam KSEB EVCS - ChargeMOD,Kerala,30,1,DC Fast,09:00 AM - 06:00 PM (Business Hours)
PAMBA,1,1,Pamba KSEB EVCS - ChargeMOD,Kerala,30,1,DC Fast,09:00 AM - 06:00 PM (Business Hours)
PAMPAMPALLAM,1,1,Hi - Span EVCS,Kerala,7.4,1,AC Type-2,08:00 AM - 10:00 PM (Typical Public Access)
PANAMARAM,1,1,VAN-V | EVOK | Panamaram,Kerala,30,2,DC Fast,08:00 AM - 10:00 PM (Typical Public Access)
PANDIKKAD,2,1,CG Cafe EVCS - GO EC,Kerala,30,2,DC Fast,08:00 AM - 11:00 PM (Restaurant Hours)
PANDIKKAD,2,2,EcoCharge EVCS - ChargeMOD,Kerala,30,1,DC Fast,08:00 AM - 10:00 PM (Typical Public Access)
"PANOOR, KANNUR",1,1,Reboost EVCS - ChargeMOD,Kerala,30,1,DC Fast,08:00 AM - 10:00 PM (Typical Public Access)
PANTHEERANKAVU,1,1,EcoVolt EVCS | EVOK | Pantheerankavu,Kerala,30,2,DC Fast,08:00 AM - 10:00 PM (Typical Public Access)
PAOTA,3,1,Earthtron EV,Rajasthan,7.4,1,AC Type-2,08:00 AM - 10:00 PM (Typical Public Access)
PAOTA,3,2,Earthtron EV,Rajasthan,7.4,1,AC Type-2,08:00 AM - 10:00 PM (Typical Public Access)
PAOTA,3,3,Mannat,Rajasthan,7.4,1,AC Type-2,08:00 AM - 10:00 PM (Typical Public Access)
PARANTHAL,2,1,EQ Power Buzz EVCS - ChargeMOD,Kerala,30,1,DC Fast,08:00 AM - 10:00 PM (Typical Public Access)
PARANTHAL,2,2,Adhithya Green Power - ChargeMOD,Kerala,30,1,DC Fast,08:00 AM - 10:00 PM (Typical Public Access)
PARINTHALMANNA,1,1,Sam EVCV | Perinthalmanna,Kerala,7.4,1,AC Type-2,08:00 AM - 10:00 PM (Typical Public Access)
PARIPPALLI,1,1,EVOK Charging Stattion - ChargeMOD,Kerala,30,1,DC Fast,08:00 AM - 10:00 PM (Typical Public Access)
PARUTHIPPARA,1,1,Paruthippara KSEB EVCS - ChargeMOD,Kerala,30,1,DC Fast,09:00 AM - 06:00 PM (Business Hours)
PATHANADU,1,1,Sihla Energy EVCS | Pathanadu,Kerala,7.4,1,AC Type-2,08:00 AM - 10:00 PM (Typical Public Access)
PATHANAMTHITTA,5,1,Evergreen Continental EVCS - GO EC,Kerala,30,2,DC Fast,08:00 AM - 10:00 PM (Typical Public Access)
PATHANAMTHITTA,5,2,Phills Hub EVCS - ChargeMOD,Kerala,30,1,DC Fast,08:00 AM - 10:00 PM (Typical Public Access)
PATHANAMTHITTA,5,3,EVOK Pathanamthitta - ChargeMOD,Kerala,30,1,DC Fast,08:00 AM - 10:00 PM (Typical Public Access)
PATHANAMTHITTA,5,4,ANERT EESL Milma Diary Plant - EESL,Kerala,15,2,AC/DC Combo,08:00 AM - 10:00 PM (Typical Public Access)
PATHANAMTHITTA,5,5,SS Hyundai,Kerala,7.4,1,AC Type-2,08:00 AM - 10:00 PM (Typical Public Access)
PATHANAPURAM,1,1,SK EVCS - GO EC,Kerala,30,2,DC Fast,08:00 AM - 10:00 PM (Typical Public Access)
PATHIYOOR,1,1,Anupama EVCS | Pathiyoor,Kerala,7.4,1,AC Type-2,08:00 AM - 10:00 PM (Typical Public Access)
PATTAMBI,3,1,EV Super Charging Station,Kerala,7.4,1,AC Type-2,08:00 AM - 10:00 PM (Typical Public Access)
PATTAMBI,3,2,Pattambi Power Bank - GO EC,Kerala,30,2,DC Fast,09:00 AM - 06:00 PM (Business Hours)
PATTAMBI,3,3,Medi Mall EVCS - ChargeMOD,Kerala,30,1,DC Fast,10:00 AM - 10:00 PM (Mall/Retail Hours)
PATTIKKAD,1,1,Dream City Convention Center,Kerala,7.4,1,AC Type-2,08:00 AM - 10:00 PM (Typical Public Access)
PATTOM,1,1,Pattom KSEB EVCS - ChargeMOD,Kerala,30,1,DC Fast,09:00 AM - 06:00 PM (Business Hours)
PAVANGAD,1,1,Pavangad KSEB EVCS - ChargeMOD,Kerala,30,1,DC Fast,09:00 AM - 06:00 PM (Business Hours)
PAYYANNUR,3,1,V-Net Shopping Complex - Tata Power,Kerala,60,2,DC Fast,10:00 AM - 10:00 PM (Mall/Retail Hours)
PAYYANNUR,3,2,Exit 17 - GO EC,Kerala,30,2,DC Fast,08:00 AM - 10:00 PM (Typical Public Access)
PAYYANNUR,3,3,EQ Point EVCS - ChargeMOD,Kerala,30,1,DC Fast,08:00 AM - 10:00 PM (Typical Public Access)
PAYYANUR,2,1,Al Ameemi Fast Charging Station,Kerala,7.4,1,AC Type-2,08:00 AM - 10:00 PM (Typical Public Access)
PAYYANUR,2,2,KVR Dream Vehicles Service Center - Tata Power,Kerala,60,2,DC Fast,08:00 AM - 10:00 PM (Typical Public Access)
PAYYOLI,1,1,Mindful EVCS - ChargeMOD,Kerala,30,1,DC Fast,08:00 AM - 10:00 PM (Typical Public Access)
PAZHUVIL,1,1,Duke Communications | Pazhuvil,Kerala,7.4,1,AC Type-2,08:00 AM - 10:00 PM (Typical Public Access)
PERAMANGALAM,1,1,Amala Smart EVCS - GO EC,Kerala,30,2,DC Fast,08:00 AM - 10:00 PM (Typical Public Access)
PERAMBRA,1,1,Elektron EVCS,Kerala,7.4,1,AC Type-2,08:00 AM - 10:00 PM (Typical Public Access)
PERINTHALMANNA,6,1,Elite EVOK Charging Hub | Perinthalmanna,Kerala,30,2,DC Fast,08:00 AM - 10:00 PM (Typical Public Access)
PERINTHALMANNA,6,2,InFour Wheel Care And Tyres - Tata Power,Kerala,60,2,DC Fast,08:00 AM - 10:00 PM (Typical Public Access)
PERINTHALMANNA,6,3,TML KVR Automotive - Tata Power,Kerala,60,2,DC Fast,08:00 AM - 10:00 PM (Typical Public Access)
PERINTHALMANNA,6,4,Shalimar EVCS - GO EC,Kerala,30,2,DC Fast,08:00 AM - 10:00 PM (Typical Public Access)
PERINTHALMANNA,6,5,Hotel Mughal Park - ChargeMOD,Kerala,30,1,DC Fast,24 Hours (Hotel/Resort Guest Access)
PERINTHALMANNA,6,6,ANERT EESL - Moosakkutti Memorial Bus Stand,Kerala,15,2,AC/DC Combo,08:00 AM - 10:00 PM (Typical Public Access)
PERUMBAVOOR,5,1,JP Complex EVCS,Kerala,7.4,1,AC Type-2,08:00 AM - 10:00 PM (Typical Public Access)
PERUMBAVOOR,5,2,Electro Spark EVCS,Kerala,7.4,1,AC Type-2,08:00 AM - 10:00 PM (Typical Public Access)
PERUMBAVOOR,5,3,Future Clock EVCS - GO EC,Kerala,30,2,DC Fast,08:00 AM - 10:00 PM (Typical Public Access)
PERUMBAVOOR,5,4,Prestige EV Super Charging Station - GO EC,Kerala,30,2,DC Fast,08:00 AM - 10:00 PM (Typical Public Access)
PERUMBAVOOR,5,5,Hotel Oottupura (EVOK) - ChargeMOD,Kerala,30,1,DC Fast,24 Hours (Hotel/Resort Guest Access)
PERUVAYAL,1,1,Calicut Malabar Gold HQ EVCS,Kerala,7.4,1,AC Type-2,08:00 AM - 10:00 PM (Typical Public Access)
PINGOTTOORMAD,1,1,Barakah Tiles and Stones | EVOK | Thenhipalam,Kerala,30,2,DC Fast,08:00 AM - 10:00 PM (Typical Public Access)
PIPLOD,1,1,Hotel Annapura,Gujarat,7.4,1,AC Type-2,24 Hours (Hotel/Resort Guest Access)
PONKUNNAM,1,1,Clay Art Cafe - GO EC,Kerala,30,2,DC Fast,08:00 AM - 11:00 PM (Restaurant Hours)
PONNANI,1,1,Ponnani KSEB EVCS - ChargeMOD,Kerala,30,1,DC Fast,09:00 AM - 06:00 PM (Business Hours)
PONNANU,1,1,Sihla Energy CV Junction,Kerala,7.4,1,AC Type-2,08:00 AM - 10:00 PM (Typical Public Access)
POOJAPPURA,1,1,Emily By JDaniels,Kerala,7.4,1,AC Type-2,08:00 AM - 10:00 PM (Typical Public Access)
PUKKATTUPADY,1,1,Eco Park EVCS,Kerala,7.4,1,AC Type-2,08:00 AM - 10:00 PM (Typical Public Access)
PULIKKAL,1,1,Kay Pees Electricals (EVOK) - ChargeMOD,Kerala,30,1,DC Fast,08:00 AM - 10:00 PM (Typical Public Access)
PUNE,2,1,Nikol EV Charging station,Maharashtra,7.4,1,AC Type-2,08:00 AM - 10:00 PM (Typical Public Access)
PUNE,2,2,Shashtri Nagar,Maharashtra,7.4,1,AC Type-2,08:00 AM - 10:00 PM (Typical Public Access)
PUNNAPRA,1,1,Punnapra KSEB EVCS - ChargeMOD,Kerala,30,1,DC Fast,09:00 AM - 06:00 PM (Business Hours)
PUNNAYUR,1,1,Chavakkad Golden Tower EVCS,Kerala,7.4,1,AC Type-2,08:00 AM - 10:00 PM (Typical Public Access)
PURI,52,1,Ather Grid Charging Station,Odisha,3.3,2,AC (2W),08:00 AM - 10:00 PM (Typical Public Access)
PURI,52,2,Jio-bp,Odisha,50,2,DC Fast,24 Hours (Fuel Station)
PURI,52,3,WARIVO ELECTRIC SCOOTER SHOWROOM -PREMJIT MOTORS BARIPADA,Odisha,7.4,1,AC Type-2,08:00 AM - 10:00 PM (Typical Public Access)
PURI,52,4,Ather Grid Charging Station,Odisha,3.3,2,AC (2W),08:00 AM - 10:00 PM (Typical Public Access)
PURI,52,5,BPCL Charging Station,Odisha,30,2,DC Fast,24 Hours (Fuel Station)
PURI,52,6,Jio-bp,Odisha,50,2,DC Fast,24 Hours (Fuel Station)
PURI,52,7,Ather Grid Charging Station,Odisha,3.3,2,AC (2W),08:00 AM - 10:00 PM (Typical Public Access)
PURI,52,8,BPCL Charging Station,Odisha,30,2,DC Fast,24 Hours (Fuel Station)
PURI,52,9,BPCL Charging Station,Odisha,30,2,DC Fast,24 Hours (Fuel Station)
PURI,52,10,Ather Grid Charging Station,Odisha,3.3,2,AC (2W),08:00 AM - 10:00 PM (Typical Public Access)
PURI,52,11,Laxmi E Bike Solution,Odisha,7.4,1,AC Type-2,08:00 AM - 10:00 PM (Typical Public Access)
PURI,52,12,Electric Vehicle Charging Station,Odisha,25,2,AC/DC Combo,08:00 AM - 10:00 PM (Typical Public Access)
PURI,52,13,EESL Charging Station,Odisha,15,2,AC/DC Combo,08:00 AM - 10:00 PM (Typical Public Access)
PURI,52,14,Electric Vehicle Charging Station,Odisha,25,2,AC/DC Combo,08:00 AM - 10:00 PM (Typical Public Access)
PURI,52,15,Tata Power Ez Charging Station,Odisha,60,2,DC Fast,08:00 AM - 10:00 PM (Typical Public Access)
PURI,52,16,Jio-bp,Odisha,50,2,DC Fast,24 Hours (Fuel Station)
PURI,52,17,Electric Vehicle Charging Station,Odisha,25,2,AC/DC Combo,08:00 AM - 10:00 PM (Typical Public Access)
PURI,52,18,Ather Grid Charging Station,Odisha,3.3,2,AC (2W),08:00 AM - 10:00 PM (Typical Public Access)
PURI,52,19,Ather Grid Charging Station,Odisha,3.3,2,AC (2W),08:00 AM - 10:00 PM (Typical Public Access)
PURI,52,20,Tata Power Charging Station,Odisha,60,2,DC Fast,08:00 AM - 10:00 PM (Typical Public Access)
PURI,52,21,Ather Grid Charging Station,Odisha,3.3,2,AC (2W),08:00 AM - 10:00 PM (Typical Public Access)
PURI,52,22,Ather Grid Charging Station,Odisha,3.3,2,AC (2W),08:00 AM - 10:00 PM (Typical Public Access)
PURI,52,23,Tata Power Charging Station,Odisha,60,2,DC Fast,08:00 AM - 10:00 PM (Typical Public Access)
PURI,52,24,Hindustan Petroleum Corporation Limited,Odisha,30,2,DC Fast,24 Hours (Fuel Station)
PURI,52,25,Adani Charging Station,Odisha,60,2,DC Fast,08:00 AM - 10:00 PM (Typical Public Access)
PURI,52,26,Tata Power Charging Station,Odisha,60,2,DC Fast,08:00 AM - 10:00 PM (Typical Public Access)
PURI,52,27,Ather Grid Charging Station,Odisha,3.3,2,AC (2W),08:00 AM - 10:00 PM (Typical Public Access)
PURI,52,28,Tata Power Charging Station,Odisha,60,2,DC Fast,08:00 AM - 10:00 PM (Typical Public Access)
PURI,52,29,Electric Vehicle Charging Station,Odisha,25,2,AC/DC Combo,08:00 AM - 10:00 PM (Typical Public Access)
PURI,52,30,Ather Grid Charging Station,Odisha,3.3,2,AC (2W),08:00 AM - 10:00 PM (Typical Public Access)
PURI,52,31,Ather Grid Charging Station,Odisha,3.3,2,AC (2W),08:00 AM - 10:00 PM (Typical Public Access)
PURI,52,32,Urzza Charging Station,Odisha,7.4,1,AC Type-2,08:00 AM - 10:00 PM (Typical Public Access)
PURI,52,33,Voltran Charging Station,Odisha,7.4,1,AC Type-2,08:00 AM - 10:00 PM (Typical Public Access)
PURI,52,34,Ather Grid Charging Station,Odisha,3.3,2,AC (2W),08:00 AM - 10:00 PM (Typical Public Access)
PURI,52,35,Charzer Charging Station,Odisha,7.4,1,AC Type-2,08:00 AM - 10:00 PM (Typical Public Access)
PURI,52,36,Electric Vehicle Charging Station,Odisha,25,2,AC/DC Combo,08:00 AM - 10:00 PM (Typical Public Access)
PURI,52,37,Tata Power Charging Station,Odisha,60,2,DC Fast,08:00 AM - 10:00 PM (Typical Public Access)
PURI,52,38,Ather Grid Charging Station,Odisha,3.3,2,AC (2W),08:00 AM - 10:00 PM (Typical Public Access)
PURI,52,39,Hindustan Petroleum Corporation Limited,Odisha,30,2,DC Fast,24 Hours (Fuel Station)
PURI,52,40,Ather Grid Charging Station,Odisha,3.3,2,AC (2W),08:00 AM - 10:00 PM (Typical Public Access)
PURI,52,41,Tata Power Charging Station,Odisha,60,2,DC Fast,08:00 AM - 10:00 PM (Typical Public Access)
PURI,52,42,Electric Vehicle Charging Station,Odisha,25,2,AC/DC Combo,08:00 AM - 10:00 PM (Typical Public Access)
PURI,52,43,Ather Grid Charging Station,Odisha,3.3,2,AC (2W),08:00 AM - 10:00 PM (Typical Public Access)
PURI,52,44,Ather Grid Charging Station,Odisha,3.3,2,AC (2W),08:00 AM - 10:00 PM (Typical Public Access)
PURI,52,45,Urzza Charging Station,Odisha,7.4,1,AC Type-2,08:00 AM - 10:00 PM (Typical Public Access)
PURI,52,46,Voltran Charging Station,Odisha,7.4,1,AC Type-2,08:00 AM - 10:00 PM (Typical Public Access)
PURI,52,47,Ather Grid Charging Station,Odisha,3.3,2,AC (2W),08:00 AM - 10:00 PM (Typical Public Access)
PURI,52,48,Charzer Charging Station,Odisha,7.4,1,AC Type-2,08:00 AM - 10:00 PM (Typical Public Access)
PURI,52,49,Electric Vehicle Charging Station,Odisha,25,2,AC/DC Combo,08:00 AM - 10:00 PM (Typical Public Access)
PURI,52,50,Tata Power Charging Station,Odisha,60,2,DC Fast,08:00 AM - 10:00 PM (Typical Public Access)
PURI,52,51,Ather Grid Charging Station,Odisha,3.3,2,AC (2W),08:00 AM - 10:00 PM (Typical Public Access)
PURI,52,52,Hindustan Petroleum Corporation Limited,Odisha,30,2,DC Fast,24 Hours (Fuel Station)
PUTHOOR,1,1,Erathu Motors EVCS - GO EC,Kerala,30,2,DC Fast,08:00 AM - 10:00 PM (Typical Public Access)
RAJPURA,1,1,Volttic LHS DME,Rajasthan,7.4,1,AC Type-2,24 Hours (Highway/Transit)
RAMANATTUKARA,1,1,Dilkush EVCS,Kerala,7.4,1,AC Type-2,08:00 AM - 10:00 PM (Typical Public Access)
RAMAPURAM,1,1,EVee Buddy | Vedas Energy EVCS | Ramapuram,Kerala,7.4,1,AC Type-2,08:00 AM - 10:00 PM (Typical Public Access)
RANGAREDDY,1,1,NH44,Telangana,7.4,1,AC Type-2,24 Hours (Highway/Transit)
RATLAM,1,1,Shree Kanha International Chargezone,Madhya Pradesh,60,2,DC Fast,08:00 AM - 10:00 PM (Typical Public Access)
RUDRAPUR,5,1,Tata Power- Ginger Hotel Pantnagar,Uttarakhnad,60,2,DC Fast,24 Hours (Hotel/Resort Guest Access)
RUDRAPUR,5,2,Ecoplug Radisson Blu Hotel,Uttarakhand,7.4,1,AC Type-2,24 Hours (Hotel/Resort Guest Access)
RUDRAPUR,5,3,BP-RUDRAPUR,Uttarakhand,7.4,1,AC Type-2,08:00 AM - 10:00 PM (Typical Public Access)
RUDRAPUR,5,4,PREM SINGH & SONS (BPCL Charging Station),Uttarakhnad,30,2,DC Fast,24 Hours (Fuel Station)
RUDRAPUR,5,5,Rudra Continental,Uttarakhand,7.4,1,AC Type-2,08:00 AM - 10:00 PM (Typical Public Access)
SAGAR,1,1,Midway Treat Khushi Inn Sakadehi Betul Hotel,Madhya Pradesh,7.4,1,AC Type-2,24 Hours (Hotel/Resort Guest Access)
SALEM,1,1,Kovai Hyundai,Tamil Nadu,7.4,1,AC Type-2,08:00 AM - 10:00 PM (Typical Public Access)
SAMBALPUR,47,1,Ather Grid Charging Station,Odisha,3.3,2,AC (2W),08:00 AM - 10:00 PM (Typical Public Access)
SAMBALPUR,47,2,Ather Charging Station,Odisha,3.3,2,AC (2W),08:00 AM - 10:00 PM (Typical Public Access)
SAMBALPUR,47,3,Electric Vehicle Charging Station,Odisha,25,2,AC/DC Combo,08:00 AM - 10:00 PM (Typical Public Access)
SAMBALPUR,47,4,Ather Charging Station,Odisha,3.3,2,AC (2W),08:00 AM - 10:00 PM (Typical Public Access)
SAMBALPUR,47,5,Tata Power Charging Station,Odisha,60,2,DC Fast,08:00 AM - 10:00 PM (Typical Public Access)
SAMBALPUR,47,6,Tata Power Charging Station,Odisha,60,2,DC Fast,08:00 AM - 10:00 PM (Typical Public Access)
SAMBALPUR,47,7,Tata Power Charging Station,Odisha,60,2,DC Fast,08:00 AM - 10:00 PM (Typical Public Access)
SAMBALPUR,47,8,Jio-bp,Odisha,50,2,DC Fast,24 Hours (Fuel Station)
SAMBALPUR,47,9,Tata Power Charging Station,Odisha,60,2,DC Fast,08:00 AM - 10:00 PM (Typical Public Access)
SAMBALPUR,47,10,BPCL Charging Station,Odisha,30,2,DC Fast,24 Hours (Fuel Station)
SAMBALPUR,47,11,BPCL Charging Station,Odisha,30,2,DC Fast,24 Hours (Fuel Station)
SAMBALPUR,47,12,Tata Power Charging Station,Odisha,60,2,DC Fast,08:00 AM - 10:00 PM (Typical Public Access)
SAMBALPUR,47,13,BPCL Charging Station,Odisha,30,2,DC Fast,24 Hours (Fuel Station)
SAMBALPUR,47,14,Ather Grid Charging Station,Odisha,3.3,2,AC (2W),08:00 AM - 10:00 PM (Typical Public Access)
SAMBALPUR,47,15,BPCL Charging Station,Odisha,30,2,DC Fast,24 Hours (Fuel Station)
SAMBALPUR,47,16,Ather Grid Charging Station,Odisha,3.3,2,AC (2W),08:00 AM - 10:00 PM (Typical Public Access)
SAMBALPUR,47,17,BPCL Charging Station,Odisha,30,2,DC Fast,24 Hours (Fuel Station)
SAMBALPUR,47,18,Ather Grid Charging Station,Odisha,3.3,2,AC (2W),08:00 AM - 10:00 PM (Typical Public Access)
SAMBALPUR,47,19,Ather Grid Charging Station,Odisha,3.3,2,AC (2W),08:00 AM - 10:00 PM (Typical Public Access)
SAMBALPUR,47,20,Jio-bp pulse EV Charging Station,Odisha,60,3,DC Fast,24 Hours (Fuel Station)
SAMBALPUR,47,21,Hindustan Petroleum Corporation Limited,Odisha,30,2,DC Fast,24 Hours (Fuel Station)
SAMBALPUR,47,22,Statiq Charging Station,Odisha,30,2,DC Fast,08:00 AM - 10:00 PM (Typical Public Access)
SAMBALPUR,47,23,Ather Grid Charging Station,Odisha,3.3,2,AC (2W),08:00 AM - 10:00 PM (Typical Public Access)
SAMBALPUR,47,24,Adani Charging Station,Odisha,60,2,DC Fast,08:00 AM - 10:00 PM (Typical Public Access)
SAMBALPUR,47,25,BPCL Charging Station,Odisha,30,2,DC Fast,24 Hours (Fuel Station)
SAMBALPUR,47,26,Ola Electric Mobility Charging Station,Odisha,3.3,1,AC (2W),08:00 AM - 10:00 PM (Typical Public Access)
SAMBALPUR,47,27,Kazam Charging Station,Odisha,30,2,DC Fast,08:00 AM - 10:00 PM (Typical Public Access)
SAMBALPUR,47,28,Tata Power Charging Station,Odisha,60,2,DC Fast,08:00 AM - 10:00 PM (Typical Public Access)
SAMBALPUR,47,29,Electric Vehicle Charging Station,Odisha,25,2,AC/DC Combo,08:00 AM - 10:00 PM (Typical Public Access)
SAMBALPUR,47,30,BPCL Charging Station,Odisha,30,2,DC Fast,24 Hours (Fuel Station)
SAMBALPUR,47,31,Hindustan Petroleum Corporation Limited,Odisha,30,2,DC Fast,24 Hours (Fuel Station)
SAMBALPUR,47,32,Tata Power Charging Station,Odisha,60,2,DC Fast,08:00 AM - 10:00 PM (Typical Public Access)
SAMBALPUR,47,33,Ather Grid Charging Station,Odisha,3.3,2,AC (2W),08:00 AM - 10:00 PM (Typical Public Access)
SAMBALPUR,47,34,Ather Grid Charging Station,Odisha,3.3,2,AC (2W),08:00 AM - 10:00 PM (Typical Public Access)
SAMBALPUR,47,35,Ather Grid Charging Station,Odisha,3.3,2,AC (2W),08:00 AM - 10:00 PM (Typical Public Access)
SAMBALPUR,47,36,BPCL Charging Station,Odisha,30,2,DC Fast,24 Hours (Fuel Station)
SAMBALPUR,47,37,Electric Vehicle Charging Station,Odisha,25,2,AC/DC Combo,08:00 AM - 10:00 PM (Typical Public Access)
SAMBALPUR,47,38,DK MOTORS,Odisha,7.4,1,AC Type-2,08:00 AM - 10:00 PM (Typical Public Access)
SAMBALPUR,47,39,ParkNConnect Charging Station,Odisha,7.4,1,AC Type-2,08:00 AM - 10:00 PM (Typical Public Access)
SAMBALPUR,47,40,Tata Power Charging Station,Odisha,60,2,DC Fast,08:00 AM - 10:00 PM (Typical Public Access)
SAMBALPUR,47,41,Ather Grid Charging Station,Odisha,3.3,2,AC (2W),08:00 AM - 10:00 PM (Typical Public Access)
SAMBALPUR,47,42,Ather Grid Charging Station,Odisha,3.3,2,AC (2W),08:00 AM - 10:00 PM (Typical Public Access)
SAMBALPUR,47,43,Ather Grid Charging Station,Odisha,3.3,2,AC (2W),08:00 AM - 10:00 PM (Typical Public Access)
SAMBALPUR,47,44,BPCL Charging Station,Odisha,30,2,DC Fast,24 Hours (Fuel Station)
SAMBALPUR,47,45,Electric Vehicle Charging Station,Odisha,25,2,AC/DC Combo,08:00 AM - 10:00 PM (Typical Public Access)
SAMBALPUR,47,46,DK MOTORS,Odisha,7.4,1,AC Type-2,08:00 AM - 10:00 PM (Typical Public Access)
SAMBALPUR,47,47,ParkNConnect Charging Station,Odisha,7.4,1,AC Type-2,08:00 AM - 10:00 PM (Typical Public Access)
SARASWANI,2,1,Rest Area Mumbai - Vadodara Expressway,Gujarat,7.4,1,AC Type-2,24 Hours (Highway/Transit)
SARASWANI,2,2,NE4 Eest Area Saraswani,Gujarat,7.4,1,AC Type-2,08:00 AM - 10:00 PM (Typical Public Access)
SATARA,1,1,Amrai Resort Tata.Ev,MH,60,2,DC Fast,24 Hours (Hotel/Resort Guest Access)
SHIRDI,1,1,Shirdi,Maharashtra,7.4,1,AC Type-2,08:00 AM - 10:00 PM (Typical Public Access)
SHORNUR,1,1,ANERT EESL - Kulappulli Bus Stand,Kerala,15,2,AC/DC Combo,08:00 AM - 10:00 PM (Typical Public Access)
SINGALLUR,1,1,Hydra Charging Station,Tamil Nadu,7.4,1,AC Type-2,08:00 AM - 10:00 PM (Typical Public Access)
SOLUR,1,1,Hotel Kantara Dine,Karnataka,7.4,1,AC Type-2,24 Hours (Hotel/Resort Guest Access)
SREEKANDAPURAM,1,1,Sreekandapuram Samudra EVCS,Kerala,7.4,1,AC Type-2,08:00 AM - 10:00 PM (Typical Public Access)
SREEKARYAM,1,1,Nuke EVCS - ChargeMOD,Kerala,30,1,DC Fast,08:00 AM - 10:00 PM (Typical Public Access)
SREEKRISHNAPURAM,1,1,Lakshmi KRS EVCS - ChargeMOD,Kerala,30,1,DC Fast,08:00 AM - 10:00 PM (Typical Public Access)
SRIPERUMBUDUR,2,1,Pondur - Oragadam,Tamil Nadu,7.4,1,AC Type-2,08:00 AM - 10:00 PM (Typical Public Access)
SRIPERUMBUDUR,2,2,Fairfield By Marriott,Tamil Nadu,7.4,1,AC Type-2,24 Hours (Hotel/Resort Guest Access)
SULTHAN BATHERI,1,1,Issacs Centre Square - Zeon,Kerala,30,2,DC Fast,08:00 AM - 10:00 PM (Typical Public Access)
SULTHAN BATHERY,2,1,IOCl Balaji Petroleum - Tata Power,Kerala,60,2,DC Fast,24 Hours (Fuel Station)
SULTHAN BATHERY,2,2,Adhithya (EVOK) - ChargeMOD,Kerala,30,1,DC Fast,08:00 AM - 10:00 PM (Typical Public Access)
SUNDARGARH,52,1,Tata Power Charging Station,Odisha,60,2,DC Fast,08:00 AM - 10:00 PM (Typical Public Access)
SUNDARGARH,52,2,Jio-bp,Odisha,50,2,DC Fast,24 Hours (Fuel Station)
SUNDARGARH,52,3,Ather Grid Charging Station,Odisha,3.3,2,AC (2W),08:00 AM - 10:00 PM (Typical Public Access)
SUNDARGARH,52,4,Tata Power Charging Station,Odisha,60,2,DC Fast,08:00 AM - 10:00 PM (Typical Public Access)
SUNDARGARH,52,5,Electric Vehicle Charging Station,Odisha,25,2,AC/DC Combo,08:00 AM - 10:00 PM (Typical Public Access)
SUNDARGARH,52,6,Tata Power Charging Station,Odisha,60,2,DC Fast,08:00 AM - 10:00 PM (Typical Public Access)
SUNDARGARH,52,7,Ather Grid Charging Station,Odisha,3.3,2,AC (2W),08:00 AM - 10:00 PM (Typical Public Access)
SUNDARGARH,52,8,Ather Grid Charging Station,Odisha,3.3,2,AC (2W),08:00 AM - 10:00 PM (Typical Public Access)
SUNDARGARH,52,9,Jio-bp pulse Charging Station,Odisha,60,3,DC Fast,24 Hours (Fuel Station)
SUNDARGARH,52,10,Bolt.Earth,Odisha,30,2,DC Fast,08:00 AM - 10:00 PM (Typical Public Access)
SUNDARGARH,52,11,Tata Power Charging Station,Odisha,60,2,DC Fast,08:00 AM - 10:00 PM (Typical Public Access)
SUNDARGARH,52,12,Tata Power Charging Station,Odisha,60,2,DC Fast,08:00 AM - 10:00 PM (Typical Public Access)
SUNDARGARH,52,13,BPCL Charging Station,Odisha,30,2,DC Fast,24 Hours (Fuel Station)
SUNDARGARH,52,14,Hindustan Petroleum Corporation Limited,Odisha,30,2,DC Fast,24 Hours (Fuel Station)
SUNDARGARH,52,15,Ampere EV by Greaves - Green Wheels,Odisha,7.4,1,AC Type-2,08:00 AM - 10:00 PM (Typical Public Access)
SUNDARGARH,52,16,Thunder Plus Charging Station,Odisha,7.4,1,AC Type-2,08:00 AM - 10:00 PM (Typical Public Access)
SUNDARGARH,52,17,Ather Grid Charging Station,Odisha,3.3,2,AC (2W),08:00 AM - 10:00 PM (Typical Public Access)
SUNDARGARH,52,18,Hindustan Petroleum Corporation Limited,Odisha,30,2,DC Fast,24 Hours (Fuel Station)
SUNDARGARH,52,19,kesannager electric office,Odisha,7.4,1,AC Type-2,09:00 AM - 06:00 PM (Business Hours)
SUNDARGARH,52,20,Tata Power Charging Station,Odisha,60,2,DC Fast,08:00 AM - 10:00 PM (Typical Public Access)
SUNDARGARH,52,21,BPCL Charging Station,Odisha,30,2,DC Fast,24 Hours (Fuel Station)
SUNDARGARH,52,22,Tata Power Charging Station,Odisha,60,2,DC Fast,08:00 AM - 10:00 PM (Typical Public Access)
SUNDARGARH,52,23,Ather Charging Station,Odisha,3.3,2,AC (2W),08:00 AM - 10:00 PM (Typical Public Access)
SUNDARGARH,52,24,Statiq Charging Station,Odisha,30,2,DC Fast,08:00 AM - 10:00 PM (Typical Public Access)
SUNDARGARH,52,25,Statiq Charging Station,Odisha,30,2,DC Fast,08:00 AM - 10:00 PM (Typical Public Access)
SUNDARGARH,52,26,Kazam Charging Station,Odisha,30,2,DC Fast,08:00 AM - 10:00 PM (Typical Public Access)
SUNDARGARH,52,27,Jio-bp,Odisha,50,2,DC Fast,24 Hours (Fuel Station)
SUNDARGARH,52,28,Jio-bp pulse Charging Station,Odisha,60,3,DC Fast,24 Hours (Fuel Station)
SUNDARGARH,52,29,Ather Grid Charging Station,Odisha,3.3,2,AC (2W),08:00 AM - 10:00 PM (Typical Public Access)
SUNDARGARH,52,30,Ather Grid Charging Station,Odisha,3.3,2,AC (2W),08:00 AM - 10:00 PM (Typical Public Access)
SUNDARGARH,52,31,Electric Vehicle Charging Station,Odisha,25,2,AC/DC Combo,08:00 AM - 10:00 PM (Typical Public Access)
SUNDARGARH,52,32,Tata Power Charging Station,Odisha,60,2,DC Fast,08:00 AM - 10:00 PM (Typical Public Access)
SUNDARGARH,52,33,Ather Grid Charging Station,Odisha,3.3,2,AC (2W),08:00 AM - 10:00 PM (Typical Public Access)
SUNDARGARH,52,34,Ather Grid Charging Station,Odisha,3.3,2,AC (2W),08:00 AM - 10:00 PM (Typical Public Access)
SUNDARGARH,52,35,BPCL Charging Station,Odisha,30,2,DC Fast,24 Hours (Fuel Station)
SUNDARGARH,52,36,Ather Grid Charging Station,Odisha,3.3,2,AC (2W),08:00 AM - 10:00 PM (Typical Public Access)
SUNDARGARH,52,37,Ather Grid Charging Station,Odisha,3.3,2,AC (2W),08:00 AM - 10:00 PM (Typical Public Access)
SUNDARGARH,52,38,Tata Power Charging Station,Odisha,60,2,DC Fast,08:00 AM - 10:00 PM (Typical Public Access)
SUNDARGARH,52,39,Bolt.Earth Charging Station,Odisha,30,2,DC Fast,08:00 AM - 10:00 PM (Typical Public Access)
SUNDARGARH,52,40,Tata Power Charging Station,Odisha,60,2,DC Fast,08:00 AM - 10:00 PM (Typical Public Access)
SUNDARGARH,52,41,Ather Grid Charging Station,Odisha,3.3,2,AC (2W),08:00 AM - 10:00 PM (Typical Public Access)
SUNDARGARH,52,42,Ather Grid Charging Station,Odisha,3.3,2,AC (2W),08:00 AM - 10:00 PM (Typical Public Access)
SUNDARGARH,52,43,Electric Vehicle Charging Station,Odisha,25,2,AC/DC Combo,08:00 AM - 10:00 PM (Typical Public Access)
SUNDARGARH,52,44,Tata Power Charging Station,Odisha,60,2,DC Fast,08:00 AM - 10:00 PM (Typical Public Access)
SUNDARGARH,52,45,Ather Grid Charging Station,Odisha,3.3,2,AC (2W),08:00 AM - 10:00 PM (Typical Public Access)
SUNDARGARH,52,46,Ather Grid Charging Station,Odisha,3.3,2,AC (2W),08:00 AM - 10:00 PM (Typical Public Access)
SUNDARGARH,52,47,BPCL Charging Station,Odisha,30,2,DC Fast,24 Hours (Fuel Station)
SUNDARGARH,52,48,Ather Grid Charging Station,Odisha,3.3,2,AC (2W),08:00 AM - 10:00 PM (Typical Public Access)
SUNDARGARH,52,49,Ather Grid Charging Station,Odisha,3.3,2,AC (2W),08:00 AM - 10:00 PM (Typical Public Access)
SUNDARGARH,52,50,Tata Power Charging Station,Odisha,60,2,DC Fast,08:00 AM - 10:00 PM (Typical Public Access)
SUNDARGARH,52,51,Bolt.Earth Charging Station,Odisha,30,2,DC Fast,08:00 AM - 10:00 PM (Typical Public Access)
SUNDARGARH,52,52,Tata Power Charging Station,Odisha,60,2,DC Fast,08:00 AM - 10:00 PM (Typical Public Access)
THALASSERI,1,1,Down Town Mall - Zeon,Kerala,30,2,DC Fast,10:00 AM - 10:00 PM (Mall/Retail Hours)
THALASSERY,1,1,KVR Dream Vehicles Thalassery - Tata Power,Kerala,60,2,DC Fast,08:00 AM - 10:00 PM (Typical Public Access)
THALAYOLAPARAMBU,1,1,EQ ChargeMate - ChargeMOD,Kerala,30,1,DC Fast,08:00 AM - 10:00 PM (Typical Public Access)
THALIPARAMBA,1,1,EQ Sprinkle EVCS | Thaliparamba,Kerala,7.4,1,AC Type-2,08:00 AM - 10:00 PM (Typical Public Access)
THAMARASSERY,2,1,HOTAG EV Charging Station - GO EC,Kerala,30,2,DC Fast,08:00 AM - 10:00 PM (Typical Public Access)
THAMARASSERY,2,2,Thamarassery KESEB EVCS - ChargeMOD,Kerala,30,1,DC Fast,08:00 AM - 10:00 PM (Typical Public Access)
THAMMANAM,1,1,Chillax EVCS (EVOK) - ChargeMOD,Kerala,30,1,DC Fast,08:00 AM - 10:00 PM (Typical Public Access)
THANE,1,1,D N R Fuel Point,Maharashtra,7.4,1,AC Type-2,24 Hours (Fuel Station)
THANJAVUR,1,1,Vetri Hyundai,Tamil Nadu,7.4,1,AC Type-2,08:00 AM - 10:00 PM (Typical Public Access)
THARUVANA,1,1,Empire Restaurant - ChargeMOD,Kerala,30,1,DC Fast,08:00 AM - 11:00 PM (Restaurant Hours)
THAZHE CHOVVA,1,1,IOCL - MK Petroleum - Tata Power,Kerala,60,2,DC Fast,24 Hours (Fuel Station)
THENMALA,1,1,Thenmala EVOK - ChargeMOD,Kerala,30,1,DC Fast,08:00 AM - 10:00 PM (Typical Public Access)
THIRISSUR,1,1,Green Valley - GO EC,Kerala,30,2,DC Fast,08:00 AM - 10:00 PM (Typical Public Access)
THIRIVANGOOR,1,1,Flash Charge EVCS | Thirivangoor,Kerala,7.4,1,AC Type-2,08:00 AM - 10:00 PM (Typical Public Access)
THIRUR,1,1,Nesto Hypermarket Zeon,Kerala,30,2,DC Fast,10:00 AM - 10:00 PM (Mall/Retail Hours)
THIRUVALLA,3,1,EVOK Charging Station | Thiruvalla,Kerala,30,2,DC Fast,08:00 AM - 10:00 PM (Typical Public Access)
THIRUVALLA,3,2,Wealfro EV Hub,Kerala,7.4,1,AC Type-2,08:00 AM - 10:00 PM (Typical Public Access)
THIRUVALLA,3,3,Anand Hypermarket - ChargeMOD,Kerala,30,1,DC Fast,10:00 AM - 10:00 PM (Mall/Retail Hours)
THIRUVANANTHAPURAM,13,1,Key Select Thiruvananthapuram,Kerala,7.4,1,AC Type-2,08:00 AM - 10:00 PM (Typical Public Access)
THIRUVANANTHAPURAM,13,2,JKV Powern Hub EVCS | Palayam,Kerala,7.4,1,AC Type-2,08:00 AM - 10:00 PM (Typical Public Access)
THIRUVANANTHAPURAM,13,3,JKV Powern Hub EVCS | Palayam,Kerala,7.4,1,AC Type-2,08:00 AM - 10:00 PM (Typical Public Access)
THIRUVANANTHAPURAM,13,4,Chandra EVCS | Pettah,Kerala,7.4,1,AC Type-2,08:00 AM - 10:00 PM (Typical Public Access)
THIRUVANANTHAPURAM,13,5,EV Park ECVS Kazhakkoottam | Karthika Park Hotel,Kerala,7.4,1,AC Type-2,24 Hours (Hotel/Resort Guest Access)
THIRUVANANTHAPURAM,13,6,EQ Future Mobility Thakkaram,Kerala,7.4,1,AC Type-2,08:00 AM - 10:00 PM (Typical Public Access)
THIRUVANANTHAPURAM,13,7,Eco Charge Hub - GO EC,Kerala,30,2,DC Fast,08:00 AM - 10:00 PM (Typical Public Access)
THIRUVANANTHAPURAM,13,8,Appolo Dimora Hotel EVCS - GO EC,Kerala,30,2,DC Fast,24 Hours (Hotel/Resort Guest Access)
THIRUVANANTHAPURAM,13,9,Lulu International Mall EVCS - GO EC,Kerala,30,2,DC Fast,10:00 AM - 10:00 PM (Mall/Retail Hours)
THIRUVANANTHAPURAM,13,10,Trivandrum UST Campus EVCS - GO EC,Kerala,30,2,DC Fast,09:00 AM - 06:00 PM (Business Hours)
THIRUVANANTHAPURAM,13,11,ChargeMOD EVCS,Kerala,30,1,DC Fast,08:00 AM - 10:00 PM (Typical Public Access)
THIRUVANANTHAPURAM,13,12,ANERT - EESL Sangamukham - EESL,Kerala,15,2,AC/DC Combo,08:00 AM - 10:00 PM (Typical Public Access)
THIRUVANANTHAPURAM,13,13,Marvel Paints,Kerala,7.4,1,AC Type-2,08:00 AM - 10:00 PM (Typical Public Access)
THIRUVILWAMALA,1,1,Sanjeevani Green - GO EC,Kerala,30,2,DC Fast,08:00 AM - 10:00 PM (Typical Public Access)
THODUPUZHA,3,1,Pineapple City EVCS - ChargeMOD,Kerala,30,1,DC Fast,08:00 AM - 10:00 PM (Typical Public Access)
THODUPUZHA,3,2,Hotel Woodlands - ChargeMOD,Kerala,30,1,DC Fast,24 Hours (Hotel/Resort Guest Access)
THODUPUZHA,3,3,Thodupuzha KSEB EVCS - ChargeMOD,Kerala,30,1,DC Fast,09:00 AM - 06:00 PM (Business Hours)
THRIKKAKKARA,1,1,EVGO Hub - GO EC,Kerala,30,2,DC Fast,08:00 AM - 10:00 PM (Typical Public Access)
THRIPPUNITHARA,2,1,Raos EVCS - ChargeMOD,Kerala,30,1,DC Fast,08:00 AM - 10:00 PM (Typical Public Access)
THRIPPUNITHARA,2,2,PPG Home EVCS - ChargeMOD,Kerala,30,1,DC Fast,08:00 AM - 10:00 PM (Typical Public Access)
THRIPPUNITHURA,2,1,MPA Tyres EVCS - GO EC,Kerala,30,2,DC Fast,08:00 AM - 10:00 PM (Typical Public Access)
THRIPPUNITHURA,2,2,Central Talkies EVCS - GO EC,Kerala,30,2,DC Fast,08:00 AM - 10:00 PM (Typical Public Access)
THRISSUR,19,1,Popular Hyundai,Kerala,7.4,1,AC Type-2,08:00 AM - 10:00 PM (Typical Public Access)
THRISSUR,19,2,M Star EVCS | Koorkenchery,Kerala,7.4,1,AC Type-2,08:00 AM - 10:00 PM (Typical Public Access)
THRISSUR,19,3,Tata.ev Hyson Motors - Tata Power,Kerala,60,2,DC Fast,08:00 AM - 10:00 PM (Typical Public Access)
THRISSUR,19,4,PCK Centenary,Kerala,7.4,1,AC Type-2,08:00 AM - 10:00 PM (Typical Public Access)
THRISSUR,19,5,TML Hyson Motors - Tata Power,Kerala,60,2,DC Fast,08:00 AM - 10:00 PM (Typical Public Access)
THRISSUR,19,6,Sree Rama EVCS - GO EC,Kerala,30,2,DC Fast,08:00 AM - 10:00 PM (Typical Public Access)
THRISSUR,19,7,Daiz and Co. EVCS - GO EC,Kerala,30,2,DC Fast,08:00 AM - 10:00 PM (Typical Public Access)
THRISSUR,19,8,Shobha City Mall EVCS - GO EC,Kerala,30,2,DC Fast,10:00 AM - 10:00 PM (Mall/Retail Hours)
THRISSUR,19,9,Plug and Share Charge EVCS - ChargeMOD,Kerala,30,1,DC Fast,08:00 AM - 10:00 PM (Typical Public Access)
THRISSUR,19,10,Vydyuthi Bhavan KSEB EVCS - ChargeMOD,Kerala,30,1,DC Fast,09:00 AM - 06:00 PM (Business Hours)
THRISSUR,19,11,V8 Car Spa (EVOK) - ChargeMOD,Kerala,30,1,DC Fast,08:00 AM - 10:00 PM (Typical Public Access)
THRISSUR,19,13,Flash Hub EVCS - ChargeMOD,Kerala,30,1,DC Fast,08:00 AM - 10:00 PM (Typical Public Access)
THRISSUR,19,14,Korner EVCS - ChargeMOD,Kerala,30,1,DC Fast,08:00 AM - 10:00 PM (Typical Public Access)
THRISSUR,19,15,ANERT EESL - KILA Thrissur,Kerala,15,2,AC/DC Combo,08:00 AM - 10:00 PM (Typical Public Access)
THRISSUR,19,16,MB#Bridgeway Motors,Kerala,7.4,1,AC Type-2,08:00 AM - 10:00 PM (Typical Public Access)
THRISSUR,19,17,Nesto Hypermarket,Kerala,7.4,1,AC Type-2,10:00 AM - 10:00 PM (Mall/Retail Hours)
THRISSUR,19,18,Chennai Ananda Bhavan,Kerala,7.4,1,AC Type-2,09:00 AM - 06:00 PM (Business Hours)
THRISSUR,19,19,Hilite Mall,Kerala,7.4,1,AC Type-2,10:00 AM - 10:00 PM (Mall/Retail Hours)
THRIUVANANTHAPURAM,1,1,Illam Chacka,Kerala,7.4,1,AC Type-2,08:00 AM - 10:00 PM (Typical Public Access)
TIRUCHIRAPPALLI,2,1,Courtyard By Marriott,Tamil Nadu,7.4,1,AC Type-2,24 Hours (Hotel/Resort Guest Access)
TIRUCHIRAPPALLI,2,2,Oxina Hyundai,Tamil Nadu,7.4,1,AC Type-2,08:00 AM - 10:00 PM (Typical Public Access)
TIRUMANGALAM,1,1,Veepees Bistro And Cafè,Tamil Nadu,7.4,1,AC Type-2,08:00 AM - 11:00 PM (Restaurant Hours)
TIRUNELVELI,1,1,JBS Bistro Cafe,Tamil Nadu,7.4,1,AC Type-2,08:00 AM - 11:00 PM (Restaurant Hours)
TIRUR,4,1,Page EVCS,Kerala,7.4,1,AC Type-2,08:00 AM - 10:00 PM (Typical Public Access)
TIRUR,4,2,BP Angadi | EVOK | Tirur,Kerala,30,2,DC Fast,08:00 AM - 10:00 PM (Typical Public Access)
TIRUR,4,3,AAK Mall,Kerala,7.4,1,AC Type-2,10:00 AM - 10:00 PM (Mall/Retail Hours)
TIRUR,4,4,Tirur KSEB EVCS - ChargeMOD,Kerala,30,1,DC Fast,09:00 AM - 06:00 PM (Business Hours)
TIRUVANNAMALAI,1,1,Hotel Seasons,Tamil Nadu,7.4,1,AC Type-2,24 Hours (Hotel/Resort Guest Access)
UDAIPUR,1,1,Ishyu Restaurant Jetcharge,Rajasthan,7.4,1,AC Type-2,08:00 AM - 11:00 PM (Restaurant Hours)
UDAYAMPEROOR,1,1,Cherumattathil Agencies,Kerala,7.4,1,AC Type-2,08:00 AM - 10:00 PM (Typical Public Access)
UDAYAPURA,1,1,Burger King,Karnataka,7.4,1,AC Type-2,08:00 AM - 10:00 PM (Typical Public Access)
ULLIYERI,1,1,Ecozone EVCS | Ulliyeri,Kerala,7.4,1,AC Type-2,08:00 AM - 10:00 PM (Typical Public Access)
VADAKARA,1,1,ANERT EESL - Aahar Restaurant Vadakara,Kerala,15,2,AC/DC Combo,08:00 AM - 11:00 PM (Restaurant Hours)
VADAKKENCHERRY,2,1,Jeevz - GO EC,Kerala,30,2,DC Fast,08:00 AM - 10:00 PM (Typical Public Access)
VADAKKENCHERRY,2,2,Evee Buddy - ChargeMOD,Kerala,30,1,DC Fast,08:00 AM - 10:00 PM (Typical Public Access)
VADAKKENCHERY,2,1,Amigo EV Charge Hub | Marygiri | Vadakkenchery,Kerala,7.4,1,AC Type-2,08:00 AM - 10:00 PM (Typical Public Access)
VADAKKENCHERY,2,2,Vadakkenchery KSEB EVCS - ChargeMOD,Kerala,30,1,DC Fast,09:00 AM - 06:00 PM (Business Hours)
VADANAPPALLI,1,1,Sree Sankara EVCS - GO EC,Kerala,30,2,DC Fast,08:00 AM - 10:00 PM (Typical Public Access)
VADANAPPILLY,1,1,Green Drive EV Super Charging Station,Kerala,7.4,1,AC Type-2,08:00 AM - 10:00 PM (Typical Public Access)
VADODARA,2,1,Regenta Fairlark,Gujarat,7.4,1,AC Type-2,24 Hours (Hotel/Resort Guest Access)
VADODARA,2,2,Regenta Fairlark Jio,GJ,7.4,1,AC Type-2,24 Hours (Hotel/Resort Guest Access)
VAGAMON,2,1,Flash Charge EVCS | Vagamon,Kerala,7.4,1,AC Type-2,08:00 AM - 10:00 PM (Typical Public Access)
VAGAMON,2,2,EQ Vagamon EV Port - ChargeMOD,Kerala,30,1,DC Fast,08:00 AM - 10:00 PM (Typical Public Access)
VAIYAMPATTI,1,1,Suryas Veggie Restaurant,Tamil Nadu,7.4,1,AC Type-2,08:00 AM - 11:00 PM (Restaurant Hours)
VALAKOM,1,1,Gilgal EVCS | Fill Nxt | Valakom,Kerala,7.4,1,AC Type-2,08:00 AM - 10:00 PM (Typical Public Access)
VALANCHERY,2,1,IOCL Sigma Enterprises Charging Station - Tata Power,Kerala,60,2,DC Fast,24 Hours (Fuel Station)
VALANCHERY,2,2,Green Zone EVCS - GO EC,Kerala,30,2,DC Fast,08:00 AM - 10:00 PM (Typical Public Access)
VALAPPAD,1,1,Valappad KSEB EVCS - ChargeMOD,Kerala,30,1,DC Fast,09:00 AM - 06:00 PM (Business Hours)
VAPI,1,1,Tata.Ev Vapi,Gujarat,60,2,DC Fast,08:00 AM - 10:00 PM (Typical Public Access)
VARKALA,2,1,Power Up EVCS - GO EC,Kerala,30,2,DC Fast,08:00 AM - 10:00 PM (Typical Public Access)
VARKALA,2,2,KVE Charge,Kerala,7.4,1,AC Type-2,08:00 AM - 10:00 PM (Typical Public Access)
VAZHAKKULAM,1,1,Ie.On EVCS,Kerala,7.4,1,AC Type-2,08:00 AM - 10:00 PM (Typical Public Access)
VAZHIKADAVU,1,1,Mountainpass Residency - ChargeMOD,Kerala,30,1,DC Fast,24 Hours (Hotel/Resort Guest Access)
VELLAMTHAVALAM,1,1,Velanthavalam,Kerala,7.4,1,AC Type-2,08:00 AM - 10:00 PM (Typical Public Access)
VELLUR,1,1,EQ TP Power | Vellur,Kerala,7.4,1,AC Type-2,08:00 AM - 10:00 PM (Typical Public Access)
VENGALAM,1,1,Kairali EVCS | Vengalam,Kerala,7.4,1,AC Type-2,08:00 AM - 10:00 PM (Typical Public Access)
VENGOOR,1,1,Green Drive EVCS - ChargeMOD,Kerala,30,1,DC Fast,08:00 AM - 10:00 PM (Typical Public Access)
VENNALA,1,1,Jayalakshmi Silks EVCS | CAPGO | Vennala,Kerala,7.4,1,AC Type-2,08:00 AM - 10:00 PM (Typical Public Access)
VENNIYOUR,1,1,HIQ Highway Market - GO EC,Kerala,30,2,DC Fast,24 Hours (Highway/Transit)
VENPALAVATTOM,1,1,Royal Drive EVCS,Kerala,7.4,1,AC Type-2,08:00 AM - 10:00 PM (Typical Public Access)
VYTHIRI,1,1,Vythiri KSEB EVCS - ChargeMOD,Kerala,30,1,DC Fast,09:00 AM - 06:00 PM (Business Hours)
VYTTILA,4,1,Sunvolt DLF Riverside | Vyttila,Kerala,7.4,1,AC Type-2,08:00 AM - 10:00 PM (Typical Public Access)
VYTTILA,4,2,Evee Buddy - Memaid EVCS - ChargeMOD,Kerala,30,1,DC Fast,08:00 AM - 10:00 PM (Typical Public Access)
VYTTILA,4,3,Broad Bean Hotel (EVOK) - ChargeMOD,Kerala,30,1,DC Fast,24 Hours (Hotel/Resort Guest Access)
VYTTILA,4,4,Vyttila KSEB EVCS - ChargeMOD,Keral,30,1,DC Fast,09:00 AM - 06:00 PM (Business Hours)
WADAKKANCHERY,1,1,SR Power Hub - ChargeMOD,Kerala,30,1,DC Fast,08:00 AM - 10:00 PM (Typical Public Access)
WALAYAR,1,1,Ahalia Walayar - GO EC,Kerala,30,2,DC Fast,08:00 AM - 10:00 PM (Typical Public Access)
WANDOOR,2,1,Moto Town Auto Hub - Tata Power,Kerala,60,2,DC Fast,08:00 AM - 10:00 PM (Typical Public Access)
WARANGAL,1,1,Driftnatuon Food Court NH44,Telangana,7.4,1,AC Type-2,24 Hours (Highway/Transit)
YAMUNA EXPRESSWAY,2,1,Tata PowerYamuna Expressway Mathura RHS,Uttar Pradesh,60,2,DC Fast,24 Hours (Highway/Transit)
YAMUNA EXPRESSWAY,2,2,Tata Power Yamuna Expressway Mathura Exit LHS,Uttar Pradesh,60,2,DC Fast,24 Hours (Highway/Transit)
YELLAGALLAHALLI,1,1,Jio-BP Pulse,Karnataka,60,3,DC Fast,24 Hours (Fuel Station)
