"SETTLEMENT_DATE","SETTLEMENT_PERIOD","ND","TSD","ENGLAND_WALES_DEMAND","EMBEDDED_WIND_GENERATION","EMBEDDED_WIND_CAPACITY","EMBEDDED_SOLAR_GENERATION","EMBEDDED_SOLAR_CAPACITY","NON_BM_STOR","PUMP_STORAGE_PUMPING","SCOTTISH_TRANSFER","IFA_FLOW","IFA2_FLOW","BRITNED_FLOW","MOYLE_FLOW","EAST_WEST_FLOW","NEMO_FLOW","NSL_FLOW","ELECLINK_FLOW","VIKING_FLOW","GREENLINK_FLOW"
"2025-01-01",1,21036,26215,19918,5405,6606,0,18720,0,859,6353,-1518,-1026,1,-232,-386,-558,96,0,241,0
"2025-01-01",2,21222,26063,20167,5358,6606,0,18720,0,735,6333,-1513,-1023,1,-124,-282,-564,51,0,262,0
"2025-01-01",3,21385,25734,20328,5237,6606,0,18720,0,691,6380,-1428,-922,1,-119,-384,-205,62,0,414,0
"2025-01-01",4,20473,24988,19460,5115,6606,0,18720,0,931,6250,-1423,-915,0,-119,-334,-193,37,0,423,0
"2025-01-01",5,19634,24912,18654,5080,6606,0,18720,0,854,6142,-1539,-899,0,-119,-363,-622,-282,0,288,0
"2025-01-01",6,19214,24562,18248,5044,6606,0,18720,0,880,6338,-1543,-899,1,-119,-345,-640,-322,0,273,0
"2025-01-01",7,18874,24258,17855,4972,6606,0,18720,0,777,6549,-1467,-924,0,-119,-390,-777,-330,0,147,0
"2025-01-01",8,18448,24015,17367,4900,6606,0,18720,0,914,6540,-1465,-928,0,-119,-413,-782,-346,0,127,0
"2025-01-01",9,17844,24100,16774,4815,6606,0,18720,0,914,6586,-1541,-1021,1,-119,-412,-855,-538,0,-256,0
"2025-01-01",10,17545,23924,16489,4730,6606,0,18720,0,901,6263,-1546,-1027,1,-119,-465,-858,-581,0,-282,0
"2025-01-01",11,17383,23985,16289,4594,6606,0,18720,0,910,6011,-1546,-1026,1,-119,-498,-793,-826,0,-284,0
"2025-01-01",12,17609,24064,16498,4457,6606,0,18720,0,903,5999,-1546,-1026,1,-119,-358,-788,-832,0,-283,0
"2025-01-01",13,18620,24067,17411,4314,6606,0,18720,0,898,5977,-1546,-1028,0,-119,-207,-349,-531,0,-169,0
"2025-01-01",14,18757,23989,17485,4171,6606,0,18720,0,898,5861,-1545,-1013,0,-119,-89,-327,-490,0,-151,0
"2025-01-01",15,19371,23563,18095,4254,6606,0,18720,0,900,5384,-1478,-460,1,-119,-189,133,-446,0,192,0
"2025-01-01",16,19466,23572,18171,4336,6606,0,18720,0,889,4989,-1467,-423,0,-119,-198,154,-410,0,217,0
"2025-01-01",17,20047,23638,18688,4600,6606,0,18720,0,887,4826,-1144,-474,1,-121,-333,437,-32,0,260,0
"2025-01-01",18,20771,24373,19399,4864,6606,1,18720,0,804,5254,-1107,-463,1,-220,-408,447,45,0,281,0
"2025-01-01",19,22290,25010,20754,4849,6606,29,18720,0,875,5440,-425,74,1,-300,-520,167,419,0,897,0
"2025-01-01",20,23225,25784,21697,4833,6606,115,18720,0,754,5528,-375,122,0,-300,-530,163,495,0,938,0
"2025-01-01",21,24685,26796,23023,4715,6606,220,18720,0,680,5158,53,507,0,-300,-531,710,867,0,885,0
"2025-01-01",22,25327,27582,23550,4597,6606,320,18720,0,755,4961,121,545,0,-369,-531,736,943,0,883,0
"2025-01-01",23,26995,29359,25023,4448,6606,365,18720,0,783,4687,1354,963,0,-450,-531,1008,1317,0,982,0
"2025-01-01",24,27723,29852,25618,4298,6606,424,18720,0,577,4686,1461,992,0,-445,-507,1019,1366,0,989,0
"2025-01-01",25,28785,30144,26600,4270,6606,462,18720,0,18,4841,1508,991,1,-369,-372,1019,1394,0,985,0
"2025-01-01",26,29386,30688,27073,4241,6606,463,18720,0,5,4859,1511,991,0,-443,-254,1019,1397,0,985,0
"2025-01-01",27,29865,31056,27517,4007,6606,495,18720,0,5,5239,1511,992,1,-451,-135,1019,1397,0,985,0
"2025-01-01",28,29858,31145,27419,3772,6606,492,18720,0,9,4910,1510,991,0,-450,-228,1019,1397,0,985,0
"2025-01-01",29,29999,31271,27504,3541,6606,340,18720,0,9,4839,1511,992,1,-449,-214,1000,1397,0,985,0
"2025-01-01",30,30406,31648,27807,3310,6606,191,18720,0,9,4444,1510,991,1,-383,-250,999,1397,0,985,0
"2025-01-01",31,30780,32235,28104,3140,6606,69,18720,0,10,4077,1510,991,1,-445,-400,999,1397,0,985,0
"2025-01-01",32,31036,32569,28258,2969,6606,5,18720,0,19,3733,1511,991,1,-450,-464,1000,1397,0,985,0
"2025-01-01",33,32260,33833,29332,2734,6606,0,18720,0,13,3680,1510,991,0,-450,-510,999,1397,0,985,0
"2025-01-01",34,33636,35226,30573,2499,6606,0,18720,0,10,3612,1511,991,1,-450,-530,999,1397,0,985,0
"2025-01-01",35,34021,35612,30977,2340,6606,0,18720,0,11,3637,1510,991,0,-450,-530,999,1397,0,985,0
"2025-01-01",36,34014,35605,31045,2181,6606,0,18720,0,10,3797,1510,992,1,-450,-531,999,1397,0,985,0
"2025-01-01",37,33569,35157,30715,2081,6606,0,18720,0,7,3923,1510,991,1,-450,-531,999,1397,0,985,0
"2025-01-01",38,32966,34558,30142,1980,6606,0,18720,0,11,3926,1510,991,0,-450,-531,999,1397,0,985,0
"2025-01-01",39,32273,33867,29570,1882,6606,0,18720,0,13,3810,1511,992,0,-450,-531,999,1397,0,985,0
"2025-01-01",40,31660,33255,28965,1783,6606,0,18720,0,15,3816,1510,991,1,-450,-530,999,1397,0,985,0
"2025-01-01",41,31110,32704,28445,1730,6606,0,18720,0,16,3777,1510,992,1,-450,-528,999,1397,0,985,0
"2025-01-01",42,29907,31503,27382,1676,6606,0,18720,0,17,3632,1510,991,0,-450,-529,999,1397,0,985,0
"2025-01-01",43,28916,30510,26484,1631,6606,0,18720,0,16,3728,1511,992,1,-450,-528,999,1397,0,985,0
"2025-01-01",44,27676,29268,25340,1586,6606,0,18720,0,13,3931,1510,992,1,-450,-529,999,1397,0,985,0
"2025-01-01",45,26773,28361,24526,1526,6606,0,18720,0,9,3934,1510,992,1,-450,-529,999,1397,0,985,0
"2025-01-01",46,25523,27087,23266,1466,6606,0,18720,0,8,3969,1511,991,1,-427,-529,999,1397,0,985,0
"2025-01-01",47,24513,25957,22276,1460,6606,0,18720,0,9,4138,1511,992,1,-364,-471,999,1397,0,985,0
"2025-01-01",48,23688,25042,21513,1453,6606,0,18720,0,9,4151,1511,992,0,-270,-475,999,1397,0,985,0
"2025-01-02",1,23560,24740,21449,1512,6606,0,18720,0,5,4278,1511,991,1,-231,-344,999,1397,0,985,0
"2025-01-02",2,24268,25354,22173,1571,6606,0,18720,0,8,4332,1511,992,1,-288,-190,999,1397,0,985,0
"2025-01-02",3,23892,24943,21806,1595,6606,0,18720,0,8,4091,1511,992,0,-274,-169,999,1397,0,985,0
"2025-01-02",4,23178,24364,21180,1619,6606,0,18720,0,28,3867,1512,992,1,-279,-279,999,1397,0,985,0
"2025-01-02",5,22879,24317,20877,1638,6606,0,18720,0,57,3997,1512,992,1,-351,-430,999,1397,0,985,0
"2025-01-02",6,22398,23904,20476,1656,6606,0,18720,0,45,4003,1512,992,0,-334,-527,999,1397,0,985,0
"2025-01-02",7,22024,23942,20043,1665,6606,0,18720,0,473,3941,1512,992,0,-316,-529,999,1397,0,985,0
"2025-01-02",8,21955,23983,19939,1673,6606,0,18720,0,595,3963,1512,992,0,-303,-530,999,1397,0,991,0
"2025-01-02",9,21955,23958,19995,1643,6606,0,18720,0,574,3845,1513,992,0,-300,-529,980,1397,0,1210,0
"2025-01-02",10,21857,24159,19935,1612,6606,0,18720,0,873,3837,1513,990,1,-300,-529,979,1397,0,1229,0
"2025-01-02",11,22329,24630,20405,1675,6606,0,18720,0,867,3774,1484,917,0,-303,-531,875,1397,0,1409,0
"2025-01-02",12,22843,25095,20897,1737,6606,0,18720,0,828,3951,1483,914,0,-315,-509,851,1398,0,1421,0
"2025-01-02",13,24594,26028,22627,1742,6606,0,18720,0,115,4087,1465,986,0,-344,-375,32,1397,0,1377,0
"2025-01-02",14,26502,27766,24455,1746,6606,0,18720,0,15,4108,1449,978,0,-391,-222,-36,1397,0,1373,0
"2025-01-02",15,28122,30168,26011,1758,6606,0,18720,0,15,4207,918,478,0,-409,-185,-837,1397,0,1329,0
"2025-01-02",16,29851,32003,27656,1770,6606,0,18720,0,18,4403,893,453,0,-363,-308,-863,1397,0,1328,0
"2025-01-02",17,32523,34049,30220,1739,6606,1,18720,0,15,4180,1458,770,0,-442,-458,-11,1397,0,1417,0
"2025-01-02",18,33490,35021,31174,1708,6606,268,18720,0,14,4170,1489,796,1,-450,-467,62,1397,0,1425,0
"2025-01-02",19,34501,36093,31981,1658,6606,1241,18720,0,17,3751,1510,979,0,-450,-525,893,1397,0,1426,0
"2025-01-02",20,34671,36268,31959,1607,6606,2385,18720,0,16,3443,1511,992,0,-450,-531,940,1397,0,1426,0
"2025-01-02",21,34278,35870,31546,1516,6606,3437,18720,0,11,3429,1513,992,0,-450,-531,442,1397,0,1426,0
"2025-01-02",22,33808,35402,30965,1425,6606,4321,18720,0,13,3263,1511,991,0,-450,-531,415,1397,0,1426,0
"2025-01-02",23,33334,35001,30514,1403,6606,4950,18720,0,12,3430,1376,992,0,-450,-531,-74,1397,0,1426,0
"2025-01-02",24,33213,34887,30342,1381,6606,5299,18720,0,12,3335,1368,992,0,-450,-531,-81,1397,0,1426,0
"2025-01-02",25,33732,35328,30769,1420,6606,5421,18720,0,15,3295,1389,992,0,-450,-531,667,1397,0,1426,0
"2025-01-02",26,33863,35454,30830,1459,6606,5302,18720,0,12,3275,1377,987,0,-448,-531,709,1397,0,1426,0
"2025-01-02",27,33726,35320,30758,1431,6606,4908,18720,0,13,3184,1238,807,0,-450,-531,624,1397,0,1426,0
"2025-01-02",28,33837,35431,30854,1402,6606,4226,18720,0,13,3164,1230,793,0,-450,-531,618,1397,0,1417,0
"2025-01-02",29,34305,35901,31344,1406,6606,3349,18720,0,14,3185,1240,746,0,-451,-531,184,1397,0,1080,0
"2025-01-02",30,35371,36964,32361,1409,6606,2236,18720,0,12,3183,1240,740,0,-450,-531,171,1397,0,1059,0
"2025-01-02",31,36920,38504,33850,1451,6606,958,18720,0,3,2936,1209,632,0,-450,-531,702,1397,0,1164,0
"2025-01-02",32,38264,39850,35185,1492,6606,144,18720,0,5,3493,1210,634,0,-450,-531,727,1397,0,1172,0
"2025-01-02",33,39309,40894,36045,1610,6606,0,18720,0,4,3348,1425,946,0,-450,-531,986,1397,0,1199,0
"2025-01-02",34,40412,41996,37152,1728,6606,0,18720,0,3,3148,1436,968,0,-450,-531,996,1397,0,1207,0
"2025-01-02",35,41103,42690,37714,1697,6606,0,18720,0,6,3044,1497,990,0,-450,-531,999,1397,0,1407,0
"2025-01-02",36,41589,43177,38017,1666,6606,0,18720,0,7,3759,1500,991,0,-450,-531,999,1397,0,1421,0
"2025-01-02",37,41707,43293,38123,1655,6606,0,18720,0,5,3907,1500,991,0,-450,-531,990,1397,0,1421,0
"2025-01-02",38,41274,42861,37866,1643,6606,0,18720,0,6,3996,1500,991,0,-450,-531,989,1397,0,1421,0
"2025-01-02",39,40726,42313,37470,1630,6606,0,18720,0,6,3721,1500,991,0,-450,-531,999,1397,0,1421,0
"2025-01-02",40,39329,40919,36164,1616,6606,0,18720,0,9,3848,1500,991,0,-450,-531,999,1397,0,1421,0
"2025-01-02",41,37688,39278,34646,1719,6606,0,18720,0,9,3918,1500,991,0,-450,-531,999,1397,0,1421,0
"2025-01-02",42,36225,37815,33360,1821,6606,0,18720,0,9,3755,1500,991,0,-450,-531,999,1397,0,1421,0
"2025-01-02",43,34665,36255,31988,1886,6606,0,18720,0,9,4041,1500,974,0,-450,-531,996,1397,0,1421,0
"2025-01-02",44,32999,34589,30513,1950,6606,0,18720,0,9,4152,1499,973,0,-450,-531,994,1397,0,1421,0
"2025-01-02",45,31220,32810,28968,2081,6606,0,18720,0,9,4060,1429,973,0,-450,-531,578,1397,0,1421,0
"2025-01-02",46,29654,31248,27557,2211,6606,0,18720,0,13,4258,1413,963,1,-450,-531,562,1397,0,1421,0
"2025-01-02",47,28245,29777,26285,2361,6606,0,18720,0,13,4711,919,620,0,-450,-469,933,1397,0,1421,0
"2025-01-02",48,27085,28656,25313,2510,6606,0,18720,0,12,4987,887,597,0,-450,-509,948,1397,0,1421,0
"2025-01-03",1,27266,28874,25564,2611,6606,0,18720,0,27,5117,825,620,0,-450,-531,986,1397,0,1421,0
"2025-01-03",2,27226,28870,25674,2711,6606,0,18720,0,63,5345,833,625,0,-450,-531,987,1397,0,1421,0
"2025-01-03",3,26927,29029,25355,2756,6606,0,18720,0,521,5297,1428,739,1,-450,-531,944,1397,0,1421,0
"2025-01-03",4,26325,28492,24800,2801,6606,0,18720,0,623,5438,1452,744,1,-413,-531,942,1397,0,1421,0
"2025-01-03",5,25800,27927,24312,2763,6606,0,18720,0,628,5608,982,649,0,-368,-531,935,1397,0,1421,0
"2025-01-03",6,25401,27648,23968,2724,6606,0,18720,0,748,5486,957,640,0,-368,-531,926,1397,0,1421,0
"2025-01-03",7,25295,27492,23683,2685,6606,0,18720,0,698,5360,1200,551,1,-368,-531,308,1397,0,1421,0
"2025-01-03",8,24732,27118,23100,2646,6606,0,18720,0,887,5173,1200,537,0,-368,-531,275,1397,0,1421,0
"2025-01-03",9,24209,26661,22563,2629,6606,0,18720,0,885,4914,593,263,1,-368,-531,-68,1397,0,1421,0
"2025-01-03",10,24176,26622,22464,2611,6606,0,18720,0,882,4743,545,241,0,-368,-515,-81,1397,0,1421,0
"2025-01-03",11,24309,26543,22554,2469,6606,0,18720,0,693,4448,-56,123,1,-327,-387,-171,1397,0,1421,0
"2025-01-03",12,25118,26940,23231,2327,6606,0,18720,0,370,4116,-87,109,0,-277,-314,-174,1397,0,1421,0
"2025-01-03",13,27099,29143,25150,2262,6606,0,18720,0,300,4105,-262,-110,1,-254,-182,-336,1397,0,1421,0
"2025-01-03",14,28893,30805,26781,2196,6606,0,18720,0,31,3680,-266,-119,1,-294,-260,-342,1397,0,1421,0
"2025-01-03",15,31418,33025,29027,2105,6606,0,18720,0,15,3619,73,83,1,-428,-411,-153,1397,0,1421,0
"2025-01-03",16,33344,35081,30742,2014,6606,0,18720,0,15,3736,130,108,1,-450,-525,-147,1397,0,1421,0
"2025-01-03",17,35563,37319,32728,1966,6606,2,18720,0,14,3619,811,506,1,-450,-531,-161,1397,0,1421,0
"2025-01-03",18,36753,38473,33742,1917,6606,265,18720,0,11,3533,869,545,0,-450,-531,-128,1397,0,1421,0
"2025-01-03",19,37768,39362,34591,1808,6606,1185,18720,0,13,3224,1392,963,0,-450,-531,859,1397,0,1421,0
"2025-01-03",20,37437,39032,34234,1699,6606,2309,18720,0,13,3267,1426,990,1,-451,-531,928,1397,0,1421,0
"2025-01-03",21,37434,39029,34104,1571,6606,3410,18720,0,13,2918,1497,918,1,-451,-531,1009,1397,0,1421,0
"2025-01-03",22,36678,38273,33371,1442,6606,4268,18720,0,13,2830,1501,912,1,-451,-531,1012,1398,0,1421,0
"2025-01-03",23,36200,37795,32860,1393,6606,4792,18720,0,13,2783,1500,852,1,-451,-531,1009,1397,0,1421,0
"2025-01-03",24,35967,37561,32549,1344,6606,5059,18720,0,12,2576,1500,852,1,-451,-531,1009,1397,0,1421,0
"2025-01-03",25,35986,37578,32537,1319,6606,5058,18720,0,10,2361,1500,983,0,-451,-531,1018,1397,0,1421,0
"2025-01-03",26,35785,37377,32368,1294,6606,4923,18720,0,10,1921,1501,992,1,-451,-531,1018,1397,0,1421,0
"2025-01-03",27,35739,37331,32307,1161,6606,4476,18720,0,10,2118,1501,992,1,-451,-531,1014,1398,0,1421,0
"2025-01-03",28,36027,37621,32553,1027,6606,3826,18720,0,12,1790,1499,992,1,-451,-531,1013,1397,0,1421,0
"2025-01-03",29,36394,37989,32956,949,6606,3014,18720,0,13,1895,1429,992,0,-451,-531,967,1397,0,1421,0
"2025-01-03",30,37281,38876,33764,870,6606,1960,18720,0,13,1719,1427,992,1,-451,-531,965,1397,0,1421,0
"2025-01-03",31,38831,40427,35278,804,6606,843,18720,0,14,1790,1497,992,0,-451,-531,949,1397,0,1421,0
"2025-01-03",32,39451,41050,35884,738,6606,144,18720,0,17,1287,1501,992,0,-451,-531,948,1397,0,1421,0
"2025-01-03",33,40286,41884,36541,661,6606,0,18720,0,16,960,1501,992,0,-451,-531,984,1397,0,1421,0
"2025-01-03",34,41932,43517,38083,584,6606,0,18720,0,3,1404,1501,992,1,-451,-531,985,1397,0,1421,0
"2025-01-03",35,42419,44006,38382,544,6606,0,18720,0,5,1114,1501,992,1,-451,-531,999,1398,0,1422,0
"2025-01-03",36,42028,43615,38044,504,6606,0,18720,0,5,969,1501,991,0,-451,-531,999,1397,0,1421,0
"2025-01-03",37,41300,42888,37466,468,6606,0,18720,0,6,990,1501,991,0,-451,-531,997,1397,0,1421,0
"2025-01-03",38,40957,42545,37145,431,6606,0,18720,0,6,1070,1501,992,0,-451,-531,997,1397,0,1422,0
"2025-01-03",39,40127,41715,36439,433,6606,0,18720,0,6,1241,1501,992,1,-451,-531,990,1397,0,1422,0
"2025-01-03",40,39311,40899,35641,434,6606,0,18720,0,6,1288,1501,992,0,-451,-531,989,1397,0,1421,0
"2025-01-03",41,37960,39553,34425,438,6606,0,18720,0,11,1105,1501,992,1,-451,-531,999,1397,0,1421,0
"2025-01-03",42,36900,38493,33460,441,6606,0,18720,0,11,1044,1500,992,0,-451,-531,999,1398,0,1422,0
"2025-01-03",43,35577,37174,32283,446,6606,0,18720,0,15,988,1436,991,0,-451,-531,845,1397,0,1421,0
"2025-01-03",44,34433,36028,31290,450,6606,0,18720,0,13,1163,1432,991,0,-451,-531,838,1397,0,1419,0
"2025-01-03",45,32521,34113,29554,454,6606,0,18720,0,10,1486,1452,990,1,-451,-531,467,1398,0,1418,0
"2025-01-03",46,30997,32588,28108,457,6606,0,18720,0,9,1588,1452,990,1,-451,-531,458,1397,0,1418,0
"2025-01-03",47,29307,30898,26563,464,6606,0,18720,0,9,1253,1497,991,0,-451,-531,964,1397,0,1419,0
"2025-01-03",48,28361,29953,25707,471,6606,0,18720,0,10,1132,1499,991,0,-451,-531,987,1397,0,1419,0
"2025-01-04",1,28400,29925,25787,512,6606,0,18720,0,12,1256,1501,991,1,-383,-530,999,1398,0,1421,0
"2025-01-04",2,28632,30004,26112,552,6606,0,18720,0,12,1941,1501,991,0,-233,-527,999,1397,0,1419,0
"2025-01-04",3,28079,29349,25646,563,6606,0,18720,0,10,1999,1501,991,1,-129,-531,997,1397,0,1276,0
"2025-01-04",4,27235,28500,24894,573,6606,0,18720,0,9,1665,1501,991,0,-125,-531,999,1398,0,1259,0
"2025-01-04",5,26624,27891,24371,629,6606,0,18720,0,12,1765,1501,991,0,-124,-531,999,1397,0,1006,0
"2025-01-04",6,26271,27804,24010,685,6606,0,18720,0,278,1760,1501,990,1,-124,-531,999,1398,0,987,0
"2025-01-04",7,26216,27830,23971,727,6606,0,18720,0,359,1770,1501,972,0,-124,-531,999,1397,0,987,0
"2025-01-04",8,25663,27525,23402,769,6606,0,18720,0,607,1640,1499,960,1,-124,-531,999,1398,0,987,0
"2025-01-04",9,24721,26603,22518,734,6606,0,18720,0,627,1959,1272,576,1,-124,-531,743,1397,0,960,0
"2025-01-04",10,24352,26231,22164,698,6606,0,18720,0,624,2298,1255,541,0,-124,-531,732,1397,0,944,0
"2025-01-04",11,24419,26302,22271,699,6606,0,18720,0,628,2637,946,226,1,-124,-531,335,1397,0,438,0
"2025-01-04",12,25043,26666,22809,699,6606,0,18720,0,368,2819,923,205,1,-124,-531,320,1397,0,399,0
"2025-01-04",13,25909,27187,23640,710,6606,0,18720,0,106,2766,747,221,1,-124,-448,344,1397,0,253,0
"2025-01-04",14,26653,27726,24312,720,6606,0,18720,0,9,2628,735,226,1,-125,-339,344,1397,0,243,0
"2025-01-04",15,27857,28966,25424,722,6606,0,18720,0,9,2491,693,382,1,-220,-280,13,1397,0,233,0
"2025-01-04",16,28832,30372,26318,723,6606,0,18720,0,154,2463,684,389,1,-371,-415,2,1398,0,232,0
"2025-01-04",17,30317,31955,27681,756,6606,0,18720,0,63,2449,354,258,1,-450,-525,413,1397,0,215,0
"2025-01-04",18,31610,33198,28878,788,6606,37,18720,0,6,2282,346,257,1,-451,-531,431,1398,0,221,0
"2025-01-04",19,33487,35075,30576,789,6606,220,18720,0,6,2048,962,532,0,-451,-531,649,1397,0,509,0
"2025-01-04",20,34269,35857,31246,789,6606,493,18720,0,6,2208,997,558,0,-451,-531,658,1397,0,533,0
"2025-01-04",21,35075,36663,31953,733,6606,800,18720,0,6,2287,874,774,1,-451,-531,920,1397,0,666,0
"2025-01-04",22,35445,37033,32287,676,6606,1063,18720,0,6,2184,856,790,0,-451,-531,930,1397,0,680,0
"2025-01-04",23,35500,37088,32297,673,6606,1313,18720,0,6,2364,256,806,0,-451,-531,901,1398,0,880,0
"2025-01-04",24,35585,37173,32322,669,6606,1443,18720,0,6,2445,240,811,0,-451,-531,899,1397,0,906,0
"2025-01-04",25,36515,38103,33121,680,6606,1506,18720,0,6,2602,1048,960,0,-451,-531,923,1397,0,1366,0
"2025-01-04",26,36743,38331,33348,691,6606,1349,18720,0,6,2600,1102,967,0,-451,-531,923,1397,0,1390,0
"2025-01-04",27,36626,38217,33265,731,6606,1042,18720,0,9,2472,1269,889,0,-451,-531,955,1397,0,995,0
"2025-01-04",28,36575,38168,33218,771,6606,815,18720,0,11,2476,1281,885,1,-451,-531,956,1397,0,968,0
"2025-01-04",29,36866,38459,33446,840,6606,574,18720,0,11,2659,1492,928,0,-451,-531,931,1397,0,968,0
"2025-01-04",30,36882,38476,33463,908,6606,305,18720,0,12,2779,1501,932,1,-451,-531,929,1397,0,968,0
"2025-01-04",31,37036,38622,33615,971,6606,106,18720,0,4,2354,1502,987,1,-451,-531,965,1398,0,985,0
"2025-01-04",32,37250,38833,33769,1034,6606,4,18720,0,3,2128,1500,988,1,-451,-529,966,1397,0,986,0
"2025-01-04",33,37943,39484,34370,1140,6606,0,18720,0,4,2016,1434,873,0,-451,-486,984,1397,0,986,0
"2025-01-04",34,39070,40659,35408,1245,6606,0,18720,0,7,2035,1432,868,0,-451,-531,985,1397,0,986,0
"2025-01-04",35,40032,41618,36321,1291,6606,0,18720,0,4,1981,1497,983,0,-451,-531,999,1397,0,986,0
"2025-01-04",36,40185,41770,36469,1337,6606,0,18720,0,3,1798,1501,991,0,-451,-531,999,1397,0,986,0
"2025-01-04",37,39901,41456,36243,1454,6606,0,18720,0,5,1622,1500,992,1,-451,-499,992,1397,0,986,0
"2025-01-04",38,39454,40918,35786,1570,6606,0,18720,0,5,1226,1497,990,0,-450,-409,991,1397,0,984,0
"2025-01-04",39,38285,39541,34699,1633,6606,0,18720,0,10,1212,1404,921,0,-387,-259,975,1397,0,900,0
"2025-01-04",40,37352,38510,33819,1696,6606,0,18720,0,10,1159,1401,915,1,-442,-106,975,1397,0,894,0
"2025-01-04",41,35920,36906,32486,1728,6606,0,18720,0,6,1165,1494,833,0,-377,-3,943,1397,0,888,0
"2025-01-04",42,34918,35774,31606,1760,6606,0,18720,0,8,1336,1496,829,0,-248,0,943,1397,0,888,0
"2025-01-04",43,33551,34402,30380,1776,6606,0,18720,0,8,1170,1326,872,1,-243,0,988,1397,0,924,0
"2025-01-04",44,32268,33215,29214,1792,6606,0,18720,0,8,1073,1320,878,0,-339,0,990,1397,0,930,0
"2025-01-04",45,30801,31753,27864,1789,6606,0,18720,0,8,1176,1490,984,0,-344,0,999,1397,0,918,0
"2025-01-04",46,29193,30178,26366,1785,6606,0,18720,0,8,1273,1500,991,1,-377,0,999,1397,0,918,0
"2025-01-04",47,27938,29048,25214,1864,6606,0,18720,0,9,1422,1500,991,0,-437,-64,999,1397,0,980,0
"2025-01-04",48,26908,28116,24253,1942,6606,0,18720,0,9,1388,1501,991,0,-442,-157,999,1397,0,987,0
"2025-01-05",1,26809,27778,24135,2004,6606,0,18720,0,9,1366,1501,991,0,-325,-35,999,1397,0,1012,0
"2025-01-05",2,27119,27904,24555,2066,6606,0,18720,0,9,1672,1500,992,0,-176,0,999,1397,0,1014,0
"2025-01-05",3,26608,27267,24133,2086,6606,0,18720,0,10,1881,1500,992,1,-49,0,999,1397,0,992,0
"2025-01-05",4,25955,26608,23508,2106,6606,0,18720,0,9,1775,1500,992,0,-31,-13,999,1397,0,990,0
"2025-01-05",5,25272,26223,22897,2116,6606,0,18720,0,70,1198,1500,992,0,-173,-108,999,1397,0,990,0
"2025-01-05",6,24769,25921,22415,2125,6606,0,18720,0,242,534,1500,992,0,-290,-20,999,1397,0,989,0
"2025-01-05",7,24336,25621,21981,2135,6606,0,18720,0,385,72,1500,992,1,-300,0,999,1397,0,970,0
"2025-01-05",8,23891,25474,21510,2144,6606,0,18720,0,679,-203,1500,992,0,-300,-4,999,1397,0,968,0
"2025-01-05",9,23436,25323,21100,2172,6606,0,18720,0,913,-294,1500,992,0,-300,-74,999,1397,0,981,0
"2025-01-05",10,23115,24873,20806,2199,6606,0,18720,0,851,-376,1500,992,0,-300,-7,999,1397,0,975,0
"2025-01-05",11,22992,24594,20735,2308,6606,0,18720,0,675,-205,1501,992,1,-300,-27,912,1397,0,689,0
"2025-01-05",12,23001,24744,20796,2417,6606,0,18720,0,843,-19,1501,992,0,-300,0,908,1397,0,676,0
"2025-01-05",13,23592,25372,21345,2444,6606,0,18720,0,837,2,1501,992,1,-300,-43,996,1397,0,965,0
"2025-01-05",14,24112,25512,21830,2471,6606,0,18720,0,572,-48,1501,992,0,-225,-3,999,1398,0,985,0
"2025-01-05",15,24744,25893,22356,2414,6606,0,18720,0,303,61,1501,992,0,-246,0,859,1397,0,985,0
"2025-01-05",16,25466,26435,23003,2357,6606,0,18720,0,220,237,1501,992,1,-149,0,836,1397,0,993,0
"2025-01-05",17,26633,27371,24057,2496,6606,0,18720,0,18,355,1502,992,0,-120,0,47,1397,0,1281,0
"2025-01-05",18,28517,29236,25715,2634,6606,0,18720,0,25,623,1502,992,1,-94,0,0,1397,0,1304,0
"2025-01-05",19,30076,31158,27250,2585,6606,14,18720,0,81,498,1503,992,0,-244,-8,-149,1397,0,1412,0
"2025-01-05",20,31443,32586,28461,2536,6606,76,18720,0,11,684,1503,992,1,-378,0,-154,1397,0,1421,0
"2025-01-05",21,32760,33788,29662,2463,6606,180,18720,0,9,731,1502,992,1,-344,0,-75,1397,0,1421,0
"2025-01-05",22,33815,34954,30656,2389,6606,314,18720,0,8,695,1502,991,1,-439,-53,-39,1397,0,1421,0
"2025-01-05",23,34819,36023,31682,2241,6606,416,18720,0,7,496,1500,992,1,-450,-147,949,1397,0,1421,0
"2025-01-05",24,35411,36684,32222,2093,6606,504,18720,0,8,431,1500,991,1,-450,-215,1019,1397,0,1421,0
"2025-01-05",25,36109,37438,32766,2094,6606,576,18720,0,5,277,1500,992,0,-450,-274,1019,1397,0,1421,0
"2025-01-05",26,36636,37927,33228,2094,6606,565,18720,0,10,519,1500,992,1,-450,-231,1019,1397,0,1421,0
"2025-01-05",27,36789,37981,33344,2140,6606,569,18720,0,10,683,1500,992,1,-450,-132,1019,1397,0,1421,0
"2025-01-05",28,36534,37685,33093,2185,6606,455,18720,0,9,783,1500,992,1,-450,-92,1019,1397,0,1421,0
"2025-01-05",29,36768,37901,33232,2279,6606,339,18720,0,6,908,1500,992,1,-450,-77,1000,1397,0,1421,0
"2025-01-05",30,36895,37992,33291,2372,6606,223,18720,0,6,929,1500,991,0,-450,-41,999,1397,0,1421,0
"2025-01-05",31,37149,38321,33503,2421,6606,81,18720,0,7,1058,1501,992,1,-450,-115,1000,1398,0,1419,0
"2025-01-05",32,37400,38501,33675,2469,6606,16,18720,0,6,1274,1500,991,1,-430,-65,999,1397,0,1417,0
"2025-01-05",33,38152,39187,34290,2513,6606,0,18720,0,5,1319,1500,992,1,-305,-125,999,1397,0,1420,0
"2025-01-05",34,38739,39886,34799,2557,6606,0,18720,0,5,1350,1500,991,0,-265,-277,999,1397,0,1421,0
"2025-01-05",35,39049,40405,34962,2687,6606,0,18720,0,0,1373,1500,992,1,-328,-428,999,1397,0,1422,0
"2025-01-05",36,39025,40432,34931,2816,6606,0,18720,0,0,1404,1500,992,1,-328,-479,1000,1397,0,1425,0
"2025-01-05",37,38107,39460,34099,2796,6606,0,18720,0,5,1253,1500,992,1,-218,-530,999,1397,0,1424,0
"2025-01-05",38,37394,38828,33447,2775,6606,0,18720,0,4,1193,1500,992,1,-299,-531,999,1397,0,1421,0
"2025-01-05",39,36394,37759,32561,2765,6606,0,18720,0,4,1380,1500,992,0,-230,-531,999,1397,0,1421,0
"2025-01-05",40,35209,36541,31432,2754,6606,0,18720,0,6,1522,1500,992,0,-199,-527,1000,1397,0,1421,0
"2025-01-05",41,34069,35437,30415,2831,6606,0,18720,0,13,1580,1500,992,0,-224,-531,999,1397,0,1424,0
"2025-01-05",42,32704,34179,29183,2908,6606,0,18720,0,128,1567,1500,992,0,-216,-531,999,1397,0,1423,0
"2025-01-05",43,31137,32308,27755,2935,6606,0,18720,0,11,1859,1500,992,0,-64,-496,999,1397,0,1420,0
"2025-01-05",44,29428,30730,26168,2962,6606,0,18720,0,171,2130,1500,992,0,13,-531,999,1397,0,1420,0
"2025-01-05",45,27863,29077,24812,2952,6606,0,18720,0,16,1947,1500,992,1,-67,-531,1000,1398,0,1420,0
"2025-01-05",46,26376,27746,23434,2942,6606,0,18720,0,80,1973,1500,992,0,-159,-531,999,1397,0,1398,0
"2025-01-05",47,24959,26953,22100,2880,6606,0,18720,0,634,2025,1500,992,0,-241,-519,999,1397,0,560,0
"2025-01-05",48,23817,26152,21055,2818,6606,0,18720,0,904,1994,1501,992,0,-300,-531,999,1398,0,493,0
"2025-01-06",1,23870,25850,21061,2816,6606,0,18720,0,549,2096,1500,992,0,-300,-531,999,1397,0,226,0
"2025-01-06",2,24059,25907,21235,2814,6606,0,18720,0,417,2284,1500,992,0,-300,-531,999,1398,0,203,0
"2025-01-06",3,23901,25351,21111,3073,6606,0,18720,0,19,2134,1500,992,0,-300,-531,999,1397,0,13,0
"2025-01-06",4,23907,25645,21081,3332,6606,0,18720,0,296,2226,1500,992,0,-300,-531,999,1390,0,-11,0
"2025-01-06",5,23437,26139,20651,3460,6606,0,18720,0,808,2298,1500,992,0,-300,-531,999,1291,0,-463,0
"2025-01-06",6,23483,26323,20622,3588,6606,0,18720,0,907,2467,1497,992,0,-300,-531,999,1248,0,-502,0
"2025-01-06",7,22784,25935,19983,3675,6606,0,18720,0,907,2383,1350,992,0,-300,-531,999,876,0,-813,0
"2025-01-06",8,22338,25496,19501,3761,6606,0,18720,0,893,2221,1327,991,0,-300,-531,999,808,0,-834,0
"2025-01-06",9,22393,25156,19532,3879,6606,0,18720,0,491,2261,784,947,0,-300,-531,999,533,0,-841,0
"2025-01-06",10,22304,25458,19343,3996,6606,0,18720,0,884,2409,753,944,1,-300,-531,999,529,0,-839,0
"2025-01-06",11,22811,25865,19894,4009,6606,0,18720,0,893,2334,936,939,0,-300,-531,999,902,0,-730,0
"2025-01-06",12,23508,26381,20590,4022,6606,0,18720,0,891,2237,961,940,0,-300,-510,999,977,0,-572,0
"2025-01-06",13,26044,28200,23034,3928,6606,0,18720,0,880,2140,1469,989,0,-300,-376,999,1351,0,1061,0
"2025-01-06",14,28605,30547,25896,3833,6606,0,18720,0,791,3076,1501,992,0,-312,-239,999,1397,0,1285,0
"2025-01-06",15,31450,33086,28543,3824,6606,0,18720,0,294,2912,1501,992,0,-425,-317,999,1397,0,1412,0
"2025-01-06",16,33506,35143,30347,3814,6606,0,18720,0,146,2976,1500,992,1,-450,-441,999,1397,0,1353,0
"2025-01-06",17,35114,36590,31851,3842,6606,0,18720,0,52,3043,1500,992,0,-450,-374,999,1397,0,127,0
"2025-01-06",18,36623,38121,33145,3870,6606,34,18720,0,14,3193,1500,992,0,-450,-434,999,1397,0,18,0
"2025-01-06",19,37649,39242,34177,3890,6606,237,18720,0,14,3347,1500,992,0,-450,-529,995,1397,0,631,0
"2025-01-06",20,38169,39764,34673,3910,6606,576,18720,0,14,3394,1500,992,0,-450,-531,995,1397,0,672,0
"2025-01-06",21,38435,40029,35075,3906,6606,1006,18720,0,13,3607,1501,992,0,-450,-531,1018,1397,0,672,0
"2025-01-06",22,38316,39910,35110,3901,6606,1272,18720,0,13,3449,1501,992,0,-450,-531,1019,1397,0,672,0
"2025-01-06",23,38263,39716,35107,3924,6606,1454,18720,0,8,3313,1501,991,0,-382,-463,1019,1397,0,672,0
"2025-01-06",24,38266,39584,35085,3947,6606,1666,18720,0,9,3415,1501,992,1,-233,-476,1019,1397,0,672,0
"2025-01-06",25,38608,39854,35331,3909,6606,1914,18720,0,9,3549,1500,991,0,-144,-491,1019,1397,0,672,-2
"2025-01-06",26,38509,39728,35020,3871,6606,2065,18720,0,12,3363,1500,992,0,-105,-495,1019,1397,0,672,-7
"2025-01-06",27,38642,39741,35145,3871,6606,2017,18720,0,11,3336,1501,992,0,-67,-402,1019,1397,0,672,-19
"2025-01-06",28,38309,39412,34750,3871,6606,1862,18720,0,13,3155,1501,992,1,-154,-336,1019,1397,0,672,20
"2025-01-06",29,38220,39373,34750,3830,6606,1617,18720,0,13,3360,1501,991,0,-251,-238,1000,1397,0,672,-51
"2025-01-06",30,38375,39587,34930,3789,6606,1202,18720,0,13,3310,1501,992,0,-293,-225,999,1397,0,672,-81
"2025-01-06",31,39120,40396,35623,3676,6606,630,18720,0,5,3116,1501,992,1,-368,-242,999,1397,0,672,-61
"2025-01-06",32,40088,41357,36567,3563,6606,118,18720,0,5,3103,1500,992,0,-390,-259,999,1397,0,672,-15
"2025-01-06",33,41071,42460,37471,3497,6606,0,18720,0,7,2885,1500,992,1,-450,-317,999,1397,0,672,-15
"2025-01-06",34,42136,43533,38438,3431,6606,0,18720,0,1,2864,1500,992,0,-409,-372,999,1397,0,673,-15
"2025-01-06",35,42615,44188,38895,3378,6606,0,18720,0,0,2712,1500,992,0,-450,-508,995,1397,0,673,-15
"2025-01-06",36,42549,44135,38850,3324,6606,0,18720,0,0,2759,1500,992,0,-450,-531,995,1397,0,673,-5
"2025-01-06",37,42317,43900,38679,3279,6606,0,18720,0,2,2861,1501,992,0,-450,-531,974,1398,0,673,0
"2025-01-06",38,41515,43084,38021,3234,6606,0,18720,0,4,2810,1500,991,0,-450,-515,973,1397,0,673,0
"2025-01-06",39,40749,42185,37331,3274,6606,0,18720,0,9,2860,1501,992,0,-417,-410,879,1397,0,673,0
"2025-01-06",40,39662,41133,36363,3313,6606,0,18720,0,9,2858,1500,991,0,-364,-498,875,1397,0,673,0
"2025-01-06",41,38117,39568,34859,3345,6606,0,18720,0,8,2873,1500,992,0,-312,-531,689,1397,0,673,0
"2025-01-06",42,36429,37742,33265,3376,6606,0,18720,0,10,3055,1501,992,0,-204,-499,682,1397,0,673,0
"2025-01-06",43,34638,35693,31557,3312,6606,0,18720,0,11,3381,1501,992,0,-57,-387,734,1397,0,673,0
"2025-01-06",44,32690,33627,29757,3247,6606,0,18720,0,17,3505,1501,992,0,-84,-236,736,1397,0,673,0
"2025-01-06",45,30760,31567,28034,3156,6606,0,18720,0,11,3564,1501,992,0,-43,-153,847,1397,0,673,0
"2025-01-06",46,28904,29769,26384,3064,6606,0,18720,0,14,3502,1501,992,0,-33,-218,851,1397,0,673,0
"2025-01-06",47,27242,28413,24941,3097,6606,0,18720,0,147,3300,1501,992,0,-98,-326,995,1397,0,673,0
"2025-01-06",48,26186,27735,23965,3129,6606,0,18720,0,299,3351,1500,991,0,-215,-435,999,1397,0,673,0
"2025-01-07",1,26135,27607,23916,3147,6606,0,17194,0,298,3477,1501,991,1,-256,-318,999,1397,0,670,0
"2025-01-07",2,26668,28215,24387,3164,6606,0,17194,0,511,3748,1501,991,1,-256,-180,999,1397,0,672,0
"2025-01-07",3,26512,27976,24304,3106,6606,0,17194,0,330,3740,1501,991,0,-256,-257,999,1397,0,673,-21
"2025-01-07",4,25902,27704,23747,3048,6606,0,17194,0,543,3760,1501,991,1,-256,-403,999,1397,0,673,0
"2025-01-07",5,25730,27309,23676,2981,6606,0,17194,0,325,3548,1501,991,0,-255,-399,999,1397,0,673,0
"2025-01-07",6,25312,27223,23284,2914,6606,0,17194,0,561,3722,1501,991,1,-251,-499,999,1397,0,673,0
"2025-01-07",7,25358,27091,23318,2876,6606,0,17194,0,353,3749,1501,991,0,-250,-530,999,1397,0,673,0
"2025-01-07",8,25331,27618,23333,2838,6606,0,17194,0,891,3964,1501,991,1,-252,-530,999,1397,0,673,-14
"2025-01-07",9,25410,27694,23442,2773,6606,0,17194,0,898,3875,1500,991,0,-256,-530,999,1397,0,673,0
"2025-01-07",10,25418,27695,23342,2707,6606,0,17194,0,890,3826,1500,991,0,-256,-531,999,1397,0,673,0
"2025-01-07",11,26300,28572,24142,2712,6606,0,17194,0,886,3746,1501,991,0,-256,-530,999,1397,0,673,0
"2025-01-07",12,27025,29258,24812,2716,6606,0,17194,0,804,3847,1501,991,1,-314,-515,999,1398,0,673,0
"2025-01-07",13,29256,30998,26904,2660,6606,0,17194,0,380,3786,1501,991,0,-347,-415,999,1397,0,673,0
"2025-01-07",14,32162,33859,29622,2603,6606,0,17194,0,171,3811,1500,991,0,-433,-493,999,1397,0,673,0
"2025-01-07",15,35440,36934,32551,2558,6606,0,17194,0,10,3972,1500,991,0,-451,-433,999,1397,0,673,0
"2025-01-07",16,37597,39174,34548,2512,6606,0,17194,0,8,4092,1500,991,0,-450,-519,999,1397,0,673,0
"2025-01-07",17,38699,40292,35618,2576,6606,5,17194,0,12,3983,1500,992,0,-450,-531,999,1397,0,673,0
"2025-01-07",18,39099,40691,35946,2639,6606,282,17194,0,10,4083,1500,992,0,-451,-531,999,1397,0,673,0
"2025-01-07",19,40002,41605,36750,2585,6606,1188,17194,0,7,4150,1500,991,0,-450,-531,1018,1397,0,673,-15
"2025-01-07",20,39865,41592,36503,2530,6606,1987,17194,0,6,4080,1501,991,0,-451,-531,1019,1397,0,673,-139
"2025-01-07",21,39418,41300,36171,2519,6606,3052,17194,0,12,3892,1501,992,0,-450,-531,1020,1397,0,673,-289
"2025-01-07",22,38695,40721,35511,2507,6606,4078,17194,0,8,3811,1500,991,0,-450,-531,1019,1397,0,673,-437
"2025-01-07",23,38593,40693,35371,2600,6606,4553,17194,2,7,3825,1501,992,1,-450,-531,1019,1397,0,673,-514
"2025-01-07",24,38375,40476,35108,2693,6606,4709,17194,2,8,3835,1501,992,0,-450,-531,1019,1397,0,673,-514
"2025-01-07",25,38358,40461,35094,2786,6606,4933,17194,0,8,3781,1501,992,0,-450,-531,1019,1397,0,673,-514
"2025-01-07",26,38280,40382,35016,2878,6606,4799,17194,0,8,3654,1501,992,0,-450,-531,1019,1398,0,673,-513
"2025-01-07",27,38632,40734,35352,2876,6606,4194,17194,0,8,3607,1501,991,0,-450,-531,1019,1397,0,673,-513
"2025-01-07",28,38494,40597,35304,2874,6606,3370,17194,0,8,3530,1501,991,0,-450,-531,1019,1397,0,673,-514
"2025-01-07",29,38521,40628,35400,2802,6606,2607,17194,0,11,3536,1501,992,0,-451,-531,1000,1397,0,673,-514
"2025-01-07",30,38823,40931,35692,2730,6606,1898,17194,0,12,3349,1501,992,0,-451,-531,999,1397,0,673,-514
"2025-01-07",31,39877,41980,36736,2779,6606,905,17194,0,8,3245,1500,992,0,-450,-531,999,1397,0,673,-514
"2025-01-07",32,40794,42897,37695,2828,6606,229,17194,0,8,3245,1500,992,0,-450,-531,999,1397,0,673,-514
"2025-01-07",33,42027,44137,38773,2817,6606,1,17194,0,15,3222,1500,992,0,-450,-531,999,1397,0,673,-514
"2025-01-07",34,43317,45428,39938,2805,6606,0,17194,0,16,3339,1500,992,1,-450,-531,999,1397,0,673,-514
"2025-01-07",35,44559,46661,40976,2867,6606,0,17194,0,7,3359,1500,991,0,-450,-531,999,1397,0,673,-514
"2025-01-07",36,44730,46836,41182,2929,6606,0,17194,0,11,3545,1500,992,1,-450,-531,1000,1398,0,673,-514
"2025-01-07",37,44067,46173,40618,2940,6606,0,17194,0,11,3724,1500,992,0,-450,-531,999,1398,0,673,-514
"2025-01-07",38,43685,45786,40302,2951,6606,0,17194,0,7,3541,1499,991,0,-450,-531,999,1397,0,673,-513
"2025-01-07",39,42803,44845,39542,2863,6606,0,17194,0,12,3734,1500,992,0,-450,-531,914,1397,0,673,-449
"2025-01-07",40,41656,43544,38470,2775,6606,0,17194,0,7,3726,1500,992,0,-450,-531,910,1397,0,673,-300
"2025-01-07",41,40457,42201,37339,2854,6606,0,17194,0,12,3837,1499,992,0,-450,-531,996,1397,0,673,-151
"2025-01-07",42,38699,40309,35734,2932,6606,0,17194,0,9,3850,1500,991,0,-450,-531,999,1397,0,673,-20
"2025-01-07",43,36978,38570,34215,2878,6606,0,17194,0,11,3866,1500,991,0,-450,-531,999,1397,0,673,0
"2025-01-07",44,34894,36486,32274,2823,6606,0,17194,0,11,3950,1500,991,0,-450,-531,999,1397,0,673,0
"2025-01-07",45,32968,34560,30440,2793,6606,0,17194,0,11,4030,1500,991,0,-450,-531,1000,1398,0,673,0
"2025-01-07",46,31126,32718,28801,2762,6606,0,17194,0,11,3836,1500,989,0,-450,-531,999,1397,0,673,0
"2025-01-07",47,29570,31702,27408,2762,6606,0,17194,0,551,3687,1461,892,0,-450,-531,999,1397,0,673,0
"2025-01-07",48,28602,31081,26517,2762,6606,0,17194,0,898,3684,1458,882,0,-450,-531,1000,1398,0,673,0
"2025-01-08",1,28547,30985,26460,2692,6606,0,17194,0,895,3647,1396,817,0,-412,-531,999,1397,0,673,0
"2025-01-08",2,28849,31265,26773,2622,6606,0,17194,0,885,3731,1391,812,0,-400,-531,999,1397,0,673,0
"2025-01-08",3,28616,31044,26552,2549,6606,0,17194,0,896,3649,1398,846,0,-400,-531,999,1397,0,673,-1
"2025-01-08",4,28231,30672,26165,2475,6606,0,17194,0,882,3684,1399,848,0,-400,-531,999,1397,0,673,-28
"2025-01-08",5,27911,30325,25841,2400,6606,0,17194,0,883,3526,1293,765,0,-400,-531,999,1397,0,673,0
"2025-01-08",6,27302,29703,25252,2324,6606,0,17194,0,870,3466,1285,760,0,-400,-531,999,1397,0,673,0
"2025-01-08",7,27159,29565,25131,2233,6606,0,17194,0,875,3249,1485,936,0,-400,-531,999,1397,0,673,0
"2025-01-08",8,26842,29245,24802,2141,6606,0,17194,0,872,3205,1499,948,0,-400,-531,1000,1398,0,673,0
"2025-01-08",9,26574,28966,24568,2112,6606,0,17194,0,861,3000,1277,649,1,-400,-531,999,1397,0,673,0
"2025-01-08",10,26590,28977,24354,2082,6606,0,17194,0,856,2722,1261,622,1,-400,-531,999,1397,0,673,0
"2025-01-08",11,27150,29283,24853,1929,6606,0,17194,0,614,2635,1208,657,0,-400,-519,999,1397,0,673,0
"2025-01-08",12,28395,30052,25974,1775,6606,0,17194,0,99,2440,1175,656,0,-438,-520,999,1397,0,673,0
"2025-01-08",13,31202,32692,28564,1637,6606,0,17194,0,18,2391,57,382,0,-450,-422,541,1397,0,673,0
"2025-01-08",14,34039,35667,31195,1499,6606,0,17194,0,18,2173,-54,359,0,-450,-506,507,1397,0,673,0
"2025-01-08",15,37530,39109,34323,1435,6606,0,17194,0,10,2337,740,518,0,-450,-519,123,1397,0,673,0
"2025-01-08",16,39701,41289,36410,1370,6606,0,17194,0,8,2265,834,540,0,-450,-530,96,1397,0,673,0
"2025-01-08",17,41247,42836,37797,1308,6606,4,17194,0,8,1935,1450,952,0,-450,-531,502,1397,0,673,0
"2025-01-08",18,41910,43500,38140,1245,6606,132,17194,0,9,1571,1503,991,0,-450,-531,533,1397,0,673,0
"2025-01-08",19,42895,44490,38909,1164,6606,422,17194,0,13,1737,1502,991,0,-451,-531,803,1397,0,673,0
"2025-01-08",20,42870,44459,38921,1083,6606,760,17194,0,6,1612,1502,991,1,-452,-531,822,1397,0,673,0
"2025-01-08",21,42930,44518,38989,1040,6606,1025,17194,0,6,1439,1501,991,1,-451,-531,969,1397,0,673,0
"2025-01-08",22,42922,44512,38950,996,6606,1241,17194,0,6,1610,1501,991,0,-452,-531,979,1397,0,673,-1
"2025-01-08",23,43008,44601,39089,951,6606,1319,17194,0,1,1497,1501,991,0,-452,-531,998,1397,0,673,-9
"2025-01-08",24,43062,44658,39145,905,6606,1401,17194,0,3,1560,1501,991,1,-452,-531,999,1397,0,673,-10
"2025-01-08",25,43279,44875,39402,836,6606,1393,17194,0,3,1986,1502,991,0,-452,-531,1018,1398,0,673,-10
"2025-01-08",26,43194,44781,39258,767,6606,1295,17194,0,0,2032,1502,991,0,-451,-526,1019,1397,0,673,-10
"2025-01-08",27,43129,44613,39208,756,6606,1166,17194,0,0,2114,1502,991,0,-452,-423,1019,1398,0,673,-1
"2025-01-08",28,42623,44138,38856,744,6606,983,17194,0,0,2033,1502,991,1,-451,-389,1019,1397,0,673,0
"2025-01-08",29,42830,44332,39137,753,6606,585,17194,0,0,2265,1501,991,0,-397,-375,1001,1397,0,673,9
"2025-01-08",30,42579,43994,38948,762,6606,286,17194,0,0,2166,1501,991,0,-292,-393,999,1397,0,664,9
"2025-01-08",31,42193,43651,38496,788,6606,82,17194,0,4,2112,1501,991,0,-281,-443,999,1397,0,358,1
"2025-01-08",32,43216,44468,39464,813,6606,5,17194,0,0,2138,1501,991,1,-221,-301,999,1397,0,709,0
"2025-01-08",33,44449,45480,40516,815,6606,0,17194,0,0,2080,1501,991,1,-151,-150,999,1397,0,876,0
"2025-01-08",34,45405,46443,41384,816,6606,0,17194,0,0,2077,1501,991,1,-170,-138,999,1397,0,899,0
"2025-01-08",35,45769,46883,41614,850,6606,0,17194,0,0,1581,1500,991,1,-240,-144,999,1397,0,1349,0
"2025-01-08",36,45823,46937,41620,884,6606,0,17194,0,0,1762,1501,991,1,-240,-144,999,1397,0,1391,0
"2025-01-08",37,45472,46485,41389,879,6606,0,17194,0,0,2047,1501,991,1,-184,-99,999,1398,0,1392,0
"2025-01-08",38,44645,45623,40585,874,6606,0,17194,0,0,1771,1501,991,1,-150,-98,999,1397,0,1383,0
"2025-01-08",39,43732,44872,39791,900,6606,0,17194,0,0,1708,1501,991,0,-199,-211,999,1397,0,758,0
"2025-01-08",40,42368,43662,38542,926,6606,0,17194,0,0,1050,1501,991,1,-205,-359,999,1397,0,697,0
"2025-01-08",41,41561,43003,37764,888,6606,0,17194,0,0,778,1501,991,0,-345,-429,999,1397,0,697,0
"2025-01-08",42,40250,41744,36469,850,6606,0,17194,0,9,810,1501,992,1,-447,-437,1000,1398,0,697,-1
"2025-01-08",43,38840,40403,35233,832,6606,0,17194,0,7,939,1501,991,1,-450,-486,999,1397,0,697,-20
"2025-01-08",44,36940,38413,33472,814,6606,0,17194,0,17,716,1501,992,1,-444,-412,999,1397,0,697,0
"2025-01-08",45,35005,36521,31703,816,6606,0,17194,0,17,443,1501,992,1,-450,-449,999,1398,0,697,0
"2025-01-08",46,33394,34941,30180,818,6606,0,17194,0,50,927,1502,992,1,-450,-447,1000,1398,0,697,0
"2025-01-08",47,31366,33258,28298,811,6606,0,17194,0,456,1554,1501,991,0,-450,-384,999,1397,0,697,-2
"2025-01-08",48,30013,32060,27075,804,6606,0,17194,0,657,1720,1501,991,0,-402,-356,999,1397,0,697,-32
"2025-01-09",1,29776,32070,26928,849,6606,0,17194,0,774,1853,1501,991,0,-440,-480,999,1398,0,697,0
"2025-01-09",2,30361,32509,27520,894,6606,0,17194,0,773,2182,1501,992,0,-366,-409,999,1397,0,697,0
"2025-01-09",3,30155,32598,27337,933,6606,0,17194,0,940,2207,1501,992,1,-401,-502,999,1397,0,697,0
"2025-01-09",4,30112,32489,27261,972,6606,0,17194,0,845,2213,1501,991,1,-401,-531,999,1397,0,697,0
"2025-01-09",5,29707,32180,26920,1033,6606,0,17194,0,941,2140,1501,991,0,-401,-531,999,1398,0,697,0
"2025-01-09",6,29337,31806,26515,1094,6606,0,17194,0,937,2217,1501,991,1,-401,-531,999,1397,0,696,0
"2025-01-09",7,28783,31252,25988,1204,6606,0,17194,0,937,2256,1502,992,1,-401,-531,999,1398,0,697,0
"2025-01-09",8,28397,30854,25651,1313,6606,0,17194,0,925,2184,1501,991,0,-401,-531,999,1397,0,683,0
"2025-01-09",9,28043,30689,25359,1354,6606,0,17194,0,930,2247,1501,991,1,-401,-531,941,1397,0,-184,0
"2025-01-09",10,27982,30678,25284,1394,6606,0,17194,0,923,2193,1501,991,1,-401,-499,937,1380,0,-273,0
"2025-01-09",11,28445,31371,25751,1482,6606,0,17194,0,914,2246,1502,991,0,-396,-358,554,1111,0,-658,0
"2025-01-09",12,29317,32102,26515,1569,6606,0,17194,0,873,2382,1503,991,1,-400,-217,525,1048,0,-695,0
"2025-01-09",13,31799,34464,28893,1544,6606,0,17194,0,902,2406,1504,991,0,-366,-102,128,677,0,-695,0
"2025-01-09",14,34662,37374,31590,1518,6606,0,17194,0,809,2431,1504,992,0,-399,-216,99,610,0,-688,0
"2025-01-09",15,38035,39786,34688,1538,6606,0,17194,0,146,2727,1504,992,0,-439,-367,175,428,0,-199,0
"2025-01-09",16,40025,41743,36510,1557,6606,0,17194,0,12,2979,1503,992,0,-450,-505,181,424,0,-151,0
"2025-01-09",17,40990,42594,37416,1624,6606,10,17194,0,12,2917,1502,992,1,-451,-531,382,796,0,-10,0
"2025-01-09",18,41530,43124,37851,1691,6606,354,17194,0,12,3016,1501,991,0,-451,-531,397,867,0,0,0
"2025-01-09",19,41705,43302,37917,1597,6606,1530,17194,0,15,2810,1502,992,0,-451,-531,299,1123,0,0,0
"2025-01-09",20,41817,43411,38010,1503,6606,2853,17194,0,12,2701,1502,991,1,-451,-531,291,1138,0,8,0
"2025-01-09",21,41574,43170,37749,1517,6606,3820,17194,0,14,2819,1501,991,1,-451,-531,459,769,0,412,0
"2025-01-09",22,40640,42231,36868,1530,6606,4754,17194,0,9,2483,1502,991,1,-451,-531,471,690,0,446,0
"2025-01-09",23,39676,41268,35982,1599,6606,5542,17194,0,10,2501,1503,992,1,-451,-531,348,319,0,333,0
"2025-01-09",24,38826,40417,35112,1668,6606,5735,17194,0,9,2152,1503,991,1,-451,-531,339,258,0,313,0
"2025-01-09",25,38682,40568,34942,1742,6606,5696,17194,0,9,2159,1503,992,1,-451,-531,237,163,0,-295,0
"2025-01-09",26,38856,40798,35089,1816,6606,5779,17194,0,9,2006,1503,992,1,-451,-531,229,141,0,-351,0
"2025-01-09",27,39088,40911,35379,1852,6606,5375,17194,0,8,2167,1503,992,1,-451,-531,258,15,0,-233,0
"2025-01-09",28,39392,41208,35699,1887,6606,4620,17194,0,9,2311,1502,992,1,-451,-531,260,4,0,-225,0
"2025-01-09",29,39739,41823,36043,1986,6606,3651,17194,0,10,2366,1503,992,0,-451,-531,159,131,0,-492,0
"2025-01-09",30,40486,42595,36756,2084,6606,2573,17194,0,9,2841,1503,992,0,-451,-531,153,172,0,-518,0
"2025-01-09",31,41590,43723,37863,2149,6606,1262,17194,0,9,2732,1501,992,1,-451,-531,697,543,0,-541,-1
"2025-01-09",32,42818,44968,39044,2214,6606,266,17194,0,8,2794,1500,992,0,-451,-531,738,622,0,-535,-25
"2025-01-09",33,44157,45755,40280,2218,6606,3,17194,0,14,2673,1454,992,0,-451,-531,411,993,0,-2,0
"2025-01-09",34,45436,47029,41428,2221,6606,0,17194,0,11,2804,1449,991,1,-451,-531,388,1067,0,57,0
"2025-01-09",35,45924,47517,41835,2217,6606,0,17194,0,11,2626,1170,949,1,-451,-531,670,1354,0,614,0
"2025-01-09",36,45881,47471,41811,2212,6606,0,17194,0,8,2204,1148,946,0,-451,-531,689,1397,0,668,0
"2025-01-09",37,45444,47034,41479,2079,6606,0,17194,0,8,2735,1118,971,1,-451,-531,157,1397,0,693,0
"2025-01-09",38,45367,46956,41295,1945,6606,0,17194,0,7,2901,1118,971,1,-451,-531,117,1397,0,693,0
"2025-01-09",39,44973,46560,40976,1859,6606,0,17194,0,5,2653,1411,842,0,-451,-531,571,1397,0,509,0
"2025-01-09",40,44208,45798,40108,1773,6606,0,17194,0,8,2461,1435,829,0,-451,-531,605,1397,0,492,0
"2025-01-09",41,42930,44520,39079,1683,6606,0,17194,0,9,2422,1210,757,0,-451,-530,530,1397,0,566,0
"2025-01-09",42,41162,42753,37457,1593,6606,0,17194,0,9,2399,1195,752,1,-451,-531,525,1397,0,574,0
"2025-01-09",43,39605,41196,36055,1532,6606,0,17194,0,9,2201,1463,918,1,-451,-531,646,1398,0,591,0
"2025-01-09",44,37202,38854,33885,1471,6606,0,17194,0,70,1911,1484,933,1,-451,-531,655,1397,0,594,0
"2025-01-09",45,35010,36766,31865,1389,6606,0,17194,0,255,1849,1404,965,0,-451,-450,560,1397,0,685,0
"2025-01-09",46,33391,35455,30427,1307,6606,0,17194,0,705,1962,1397,966,1,-451,-308,553,1398,0,697,0
"2025-01-09",47,31555,33798,28603,1276,6606,0,17194,0,903,1833,1445,792,1,-451,-289,967,1397,0,673,0
"2025-01-09",48,30485,32772,27565,1245,6606,0,17194,0,900,1757,1448,780,1,-451,-336,997,1397,0,671,0
"2025-01-10",1,30322,32721,27406,1251,6606,0,17194,0,894,1818,1497,973,0,-451,-454,999,1397,0,693,0
"2025-01-10",2,30807,33111,27994,1256,6606,0,17194,0,895,1780,1497,991,0,-437,-372,999,1397,0,696,0
"2025-01-10",3,30682,32934,27862,1236,6606,0,17194,0,899,1873,1159,966,0,-450,-301,898,1397,0,696,-2
"2025-01-10",4,30044,32325,27269,1216,6606,0,17194,0,891,1690,1133,964,0,-450,-302,890,1398,0,696,-38
"2025-01-10",5,29725,31965,26968,1173,6606,0,17194,0,888,1459,1472,989,1,-450,-302,992,1397,0,696,0
"2025-01-10",6,29407,31601,26595,1129,6606,0,17194,0,886,1164,1501,990,0,-429,-279,999,1397,0,696,0
"2025-01-10",7,28912,31014,26172,1091,6606,0,17194,0,875,1370,1402,954,1,-400,-227,941,1398,0,696,0
"2025-01-10",8,28363,30386,25717,1052,6606,0,17194,0,867,1187,1394,950,0,-379,-176,936,1397,0,696,-1
"2025-01-10",9,28025,29999,25467,1010,6606,0,17194,0,862,1182,1397,914,0,-350,-144,902,1397,0,696,-18
"2025-01-10",10,28072,30045,25449,967,6606,0,17194,0,869,1034,1386,900,1,-360,-144,897,1397,0,692,0
"2025-01-10",11,28444,30356,25753,936,6606,0,17194,0,857,1299,552,201,0,-311,-144,324,1397,0,405,0
"2025-01-10",12,29656,31364,26775,904,6606,0,17194,0,859,1346,474,136,0,-166,-83,280,1397,0,380,0
"2025-01-10",13,32351,33796,29258,877,6606,0,17194,0,818,1267,149,106,0,-27,23,207,1397,0,581,0
"2025-01-10",14,35239,36249,31927,850,6606,0,17194,0,410,1557,151,115,0,63,0,208,1397,0,601,0
"2025-01-10",15,38608,39370,35021,844,6606,0,17194,0,162,1689,1265,896,1,157,0,937,1397,0,687,0
"2025-01-10",16,40448,41067,36682,838,6606,0,17194,0,19,1421,1381,969,0,222,1,997,1397,0,695,0
"2025-01-10",17,41844,42457,37926,875,6606,9,17194,0,13,1308,1431,989,0,222,98,970,1397,0,695,3
"2025-01-10",18,42701,43311,38674,912,6606,279,17194,0,10,1546,1435,991,0,222,251,968,1397,0,697,69
"2025-01-10",19,43990,44600,39934,876,6606,967,17194,0,10,1744,1497,991,0,222,364,1016,1397,0,699,218
"2025-01-10",20,44442,45049,40344,840,6606,1657,17194,0,7,1884,1502,991,0,222,326,1019,1397,0,699,367
"2025-01-10",21,43967,44574,39878,809,6606,2310,17194,0,7,1498,1502,991,0,222,229,1020,1397,0,699,488
"2025-01-10",22,43667,44274,39629,777,6606,3120,17194,0,7,1154,1502,991,1,222,225,1019,1397,0,699,504
"2025-01-10",23,43045,43652,39100,706,6606,3770,17194,0,7,1301,1501,991,0,222,217,1019,1397,0,699,504
"2025-01-10",24,42480,43089,38572,635,6606,4155,17194,0,9,1118,1502,991,0,222,231,1019,1397,0,699,504
"2025-01-10",25,41903,42513,38020,614,6606,4355,17194,0,10,846,1502,991,1,228,250,1019,1398,0,699,504
"2025-01-10",26,41716,42326,37857,593,6606,4309,17194,0,10,877,1502,991,0,306,242,1019,1397,0,699,504
"2025-01-10",27,41651,42264,37771,604,6606,3893,17194,0,13,764,1501,991,0,349,331,1010,1397,0,699,504
"2025-01-10",28,41479,42091,37629,614,6606,3221,17194,0,12,363,1501,991,0,353,240,1009,1397,0,699,504
"2025-01-10",29,41670,42282,37865,653,6606,2536,17194,0,12,243,1503,991,0,323,277,952,1397,0,699,503
"2025-01-10",30,41746,42356,37995,691,6606,2038,17194,0,10,322,1503,990,0,367,354,948,1397,0,699,478
"2025-01-10",31,42102,42714,38216,752,6606,1154,17194,0,12,779,1460,920,0,305,407,768,1397,0,699,345
"2025-01-10",32,43066,43672,39113,812,6606,256,17194,0,6,884,1456,915,1,290,501,755,1397,0,699,196
"2025-01-10",33,43923,44527,39923,847,6606,5,17194,0,4,1280,1095,985,0,290,504,983,1397,0,699,52
"2025-01-10",34,44617,45223,40530,881,6606,0,17194,0,6,1359,1004,991,0,290,504,999,1397,0,699,0
"2025-01-10",35,44831,45434,40662,898,6606,0,17194,0,3,1284,1054,991,0,290,504,999,1397,0,699,0
"2025-01-10",36,45054,45659,40938,914,6606,0,17194,0,5,1345,1958,991,0,290,504,999,1397,0,699,0
"2025-01-10",37,45163,45767,41064,949,6606,0,17194,0,4,1475,2006,991,0,290,504,1000,1397,0,699,0
"2025-01-10",38,44521,45125,40478,984,6606,0,17194,0,4,1520,2006,991,1,290,489,1000,1397,0,699,0
"2025-01-10",39,43083,43687,39158,982,6606,0,17194,0,4,1135,2006,991,1,290,482,1000,1397,0,699,0
"2025-01-10",40,42036,42640,38208,979,6606,0,17194,0,4,1110,2006,991,0,233,357,1000,1397,0,699,0
"2025-01-10",41,41011,41618,37295,958,6606,0,17194,0,7,1237,2005,991,0,255,359,999,1397,0,699,0
"2025-01-10",42,40014,40621,36392,937,6606,0,17194,0,7,1095,2006,991,0,140,230,999,1397,0,699,0
"2025-01-10",43,38476,39088,34969,908,6606,0,17194,0,12,1119,2006,991,0,142,90,962,1397,0,699,0
"2025-01-10",44,37271,37894,33903,879,6606,0,17194,0,10,1087,2005,990,0,46,-13,959,1397,0,699,0
"2025-01-10",45,35625,36235,32339,837,6606,0,17194,0,10,1184,1915,918,0,130,55,942,1397,0,699,0
"2025-01-10",46,34009,34619,30877,795,6606,0,17194,0,10,1216,1908,912,0,38,14,941,1397,0,699,0
"2025-01-10",47,31943,32553,28950,757,6606,0,17194,0,10,1276,1902,976,0,63,55,986,1397,0,699,0
"2025-01-10",48,31031,31641,28075,718,6606,0,17194,0,10,1401,1901,983,0,213,13,990,1397,0,699,0
"2025-01-11",1,30875,31485,27995,715,6606,0,17194,0,10,1055,1999,991,0,249,13,999,1397,0,699,0
"2025-01-11",2,31136,31747,28339,712,6606,0,17194,0,11,1308,2006,991,0,306,113,1000,1397,0,699,0
"2025-01-11",3,30789,31400,28039,690,6606,0,17194,0,11,1290,2006,991,0,192,26,999,1397,0,699,0
"2025-01-11",4,30066,30894,27358,667,6606,0,17194,0,227,1375,2006,991,0,238,0,1000,1398,0,699,-1
"2025-01-11",5,29410,30622,26779,654,6606,0,17194,0,593,1465,2006,991,0,258,0,1000,1397,0,699,-19
"2025-01-11",6,28954,30192,26335,640,6606,0,17194,0,638,1302,2006,991,0,228,0,999,1398,0,699,0
"2025-01-11",7,28641,30133,25997,633,6606,0,17194,0,892,1206,2006,990,0,158,0,999,1397,0,699,0
"2025-01-11",8,28284,29772,25596,625,6606,0,17194,0,888,1106,2006,990,0,155,0,999,1397,0,699,0
"2025-01-11",9,28055,29538,25469,638,6606,0,17194,0,883,1291,2006,990,0,155,0,903,1397,0,699,0
"2025-01-11",10,27889,29372,25309,650,6606,0,17194,0,883,1309,2007,990,0,155,0,896,1398,0,699,0
"2025-01-11",11,27931,29415,25327,625,6606,0,17194,0,884,1248,1996,956,0,155,0,752,1397,0,699,0
"2025-01-11",12,28457,29934,25759,600,6606,0,17194,0,877,1267,1982,950,0,155,3,742,1397,0,699,0
"2025-01-11",13,29155,30627,26481,623,6606,0,17194,0,872,2017,1094,754,0,184,79,508,1397,0,699,0
"2025-01-11",14,30043,31340,27274,646,6606,0,17194,0,697,1926,1014,730,0,125,9,485,1397,0,699,0
"2025-01-11",15,31000,31857,28172,626,6606,0,17194,0,44,1847,1152,370,0,27,0,-213,1397,0,699,0
"2025-01-11",16,32405,33351,29485,605,6606,0,17194,0,14,1575,1164,338,1,-63,0,-269,1397,0,699,0
"2025-01-11",17,34559,35386,31453,591,6606,11,17194,0,13,1286,1288,423,0,-214,0,194,1398,0,699,0
"2025-01-11",18,35772,36780,32512,577,6606,334,17194,0,12,1223,1306,438,0,-365,-31,235,1397,0,699,0
"2025-01-11",19,37540,38705,34101,581,6606,1159,17194,0,10,1064,1950,944,0,-433,-120,960,1397,0,699,-2
"2025-01-11",20,37821,39188,34340,585,6606,2173,17194,0,10,1142,2006,991,0,-450,-272,1019,1397,0,699,-35
"2025-01-11",21,37953,39356,34346,573,6606,3194,17194,0,12,1122,2006,991,1,-450,-341,1020,1397,0,699,7
"2025-01-11",22,38008,39499,34289,561,6606,3971,17194,0,12,1065,2006,991,0,-450,-422,1020,1397,0,699,-7
"2025-01-11",23,37573,39145,33850,524,6606,4484,17194,0,11,553,1998,991,0,-450,-510,1020,1397,0,699,-1
"2025-01-11",24,37070,38661,33305,487,6606,4699,17194,0,10,110,1997,991,0,-450,-531,1019,1397,0,699,0
"2025-01-11",25,36953,38545,33184,479,6606,4643,17194,0,11,6,2006,991,0,-450,-531,1020,1398,0,699,0
"2025-01-11",26,36896,38488,33139,470,6606,4515,17194,0,11,-67,2006,991,0,-450,-531,1020,1397,0,699,0
"2025-01-11",27,37223,38814,33459,460,6606,4265,17194,0,10,69,2006,991,1,-450,-531,1020,1398,0,699,0
"2025-01-11",28,37284,38877,33521,450,6606,3688,17194,0,12,-30,2006,991,0,-450,-531,1020,1397,0,699,0
"2025-01-11",29,37557,39148,33898,477,6606,2759,17194,0,10,513,2006,991,0,-450,-531,763,1397,0,699,0
"2025-01-11",30,37933,39529,34223,503,6606,1822,17194,0,15,551,2006,991,0,-450,-531,745,1397,0,699,0
"2025-01-11",31,38729,40322,35060,558,6606,874,17194,0,12,583,2006,991,0,-450,-531,982,1397,0,699,0
"2025-01-11",32,39656,41245,35972,613,6606,171,17194,0,7,892,2006,991,0,-450,-531,999,1397,0,699,-1
"2025-01-11",33,40387,41977,36713,633,6606,4,17194,0,9,1261,2006,991,1,-450,-531,1000,1397,0,699,0
"2025-01-11",34,41471,43062,37734,653,6606,0,17194,0,10,1487,2006,991,1,-450,-531,1000,1397,0,699,0
"2025-01-11",35,42654,44241,38842,651,6606,0,17194,0,6,1534,2005,991,0,-450,-531,1000,1397,0,699,0
"2025-01-11",36,42824,44409,39016,649,6606,0,17194,0,4,1503,2005,991,1,-450,-531,1000,1397,0,699,0
"2025-01-11",37,42552,44139,38819,625,6606,0,17194,0,6,1521,2006,991,0,-450,-531,1000,1398,0,699,0
"2025-01-11",38,42225,43809,38485,601,6606,0,17194,0,3,1546,2005,991,0,-450,-531,1000,1397,0,699,0
"2025-01-11",39,41334,42920,37676,595,6606,0,17194,0,5,1251,2005,991,0,-450,-531,999,1397,0,699,0
"2025-01-11",40,40532,42119,36924,588,6606,0,17194,0,6,1159,2006,991,0,-450,-531,1000,1398,0,699,0
"2025-01-11",41,39254,40843,35746,610,6606,0,17194,0,8,1219,2005,990,0,-450,-531,998,1397,0,699,0
"2025-01-11",42,38040,39630,34567,632,6606,0,17194,0,9,1019,2005,989,0,-450,-531,997,1398,0,699,0
"2025-01-11",43,36507,38096,33139,670,6606,0,17194,0,8,741,1889,951,0,-450,-531,982,1397,0,699,0
"2025-01-11",44,34863,36451,31678,707,6606,0,17194,0,7,776,1881,949,0,-450,-531,981,1398,0,699,0
"2025-01-11",45,33394,34982,30370,715,6606,0,17194,0,6,1423,1997,988,0,-451,-531,929,1397,0,699,0
"2025-01-11",46,32255,33842,29355,723,6606,0,17194,0,6,2091,2006,991,0,-450,-531,926,1397,0,699,0
"2025-01-11",47,30645,32233,27826,709,6606,0,17194,0,6,2303,2006,991,0,-451,-531,995,1397,0,699,0
"2025-01-11",48,29560,31149,26807,694,6606,0,17194,0,8,2104,2006,991,0,-450,-531,1000,1397,0,699,0
"2025-01-12",1,29601,31131,26848,692,6606,0,17194,0,8,2194,2006,991,0,-391,-531,989,1397,0,699,0
"2025-01-12",2,30122,31568,27417,689,6606,0,17194,0,8,2396,2006,991,0,-350,-488,988,1397,0,699,0
"2025-01-12",3,29597,30993,26962,656,6606,0,17194,0,8,2156,2006,991,0,-350,-438,987,1397,0,699,0
"2025-01-12",4,28936,30412,26317,622,6606,0,17194,0,8,1826,2006,991,1,-350,-518,987,1397,0,699,0
"2025-01-12",5,28379,29796,25793,614,6606,0,17194,0,10,1548,2006,991,0,-350,-457,987,1397,0,699,0
"2025-01-12",6,27950,29319,25382,606,6606,0,17194,0,98,1241,2006,991,0,-313,-358,988,1397,0,699,0
"2025-01-12",7,27657,29313,25051,584,6606,0,17194,0,295,1223,2006,991,0,-287,-474,988,1397,0,699,0
"2025-01-12",8,27432,28938,24840,562,6606,0,17194,0,294,1224,2006,991,0,-167,-444,988,1397,0,699,-1
"2025-01-12",9,27083,28641,24543,548,6606,0,17194,0,293,1289,2006,991,0,-121,-520,987,1397,0,699,-24
"2025-01-12",10,26744,28293,24137,533,6606,0,17194,0,296,1268,2007,991,0,-122,-531,988,1397,0,699,0
"2025-01-12",11,26692,28163,24081,589,6606,0,17194,0,294,1311,2006,991,0,-121,-456,988,1397,0,699,0
"2025-01-12",12,26548,27889,23995,645,6606,0,17194,0,293,1092,2006,990,0,-122,-326,988,1397,0,699,0
"2025-01-12",13,27120,28309,24543,750,6606,0,17194,0,293,1324,1974,918,0,-121,-175,983,1397,0,699,0
"2025-01-12",14,27896,28944,25321,855,6606,0,17194,0,294,1239,1966,910,0,-122,-32,982,1397,0,699,0
"2025-01-12",15,28583,29370,25921,908,6606,0,17194,0,65,1520,1390,785,0,-122,0,560,1397,0,699,0
"2025-01-12",16,29199,29923,26544,961,6606,0,17194,0,8,1938,1349,775,0,-116,0,528,1397,0,699,0
"2025-01-12",17,30822,31452,28067,1008,6606,9,17194,0,8,2317,1860,892,0,-22,0,837,1397,0,699,0
"2025-01-12",18,32325,32933,29451,1054,6606,190,17194,0,8,2460,1907,905,0,0,0,860,1397,0,699,0
"2025-01-12",19,33890,34558,30872,1085,6606,726,17194,0,8,2597,1998,983,0,-58,0,941,1397,0,699,-2
"2025-01-12",20,34686,35415,31653,1116,6606,1417,17194,0,9,2827,2006,991,1,-120,0,947,1397,0,699,0
"2025-01-12",21,35142,35956,31923,1127,6606,1946,17194,0,9,2717,2006,991,0,-205,0,1004,1397,0,699,0
"2025-01-12",22,35565,36375,32306,1138,6606,2249,17194,0,9,2907,2006,991,0,-201,0,1008,1398,0,699,0
"2025-01-12",23,36073,36830,32760,1136,6606,2567,17194,0,9,3277,2006,991,0,-148,0,1008,1397,0,699,0
"2025-01-12",24,36437,37233,33110,1134,6606,2754,17194,0,9,3471,2006,991,0,-187,0,1008,1397,0,699,0
"2025-01-12",25,37033,37814,33704,1221,6606,2724,17194,0,9,3727,2006,991,0,-172,0,1008,1398,0,699,0
"2025-01-12",26,37444,38190,34065,1307,6606,2740,17194,0,9,4076,2006,991,0,-137,0,1008,1397,0,699,0
"2025-01-12",27,37518,38267,34271,1410,6606,2431,17194,0,14,4090,2005,991,0,-135,0,1007,1397,0,699,0
"2025-01-12",28,37731,38627,34595,1513,6606,1968,17194,0,12,3921,2006,991,0,-284,0,1008,1397,0,699,0
"2025-01-12",29,37965,38830,34801,1588,6606,1538,17194,0,11,3957,2006,991,0,-254,0,987,1397,0,699,0
"2025-01-12",30,38186,39006,35107,1663,6606,999,17194,0,14,4100,2005,992,0,-206,0,986,1397,0,693,0
"2025-01-12",31,38442,39149,35372,1803,6606,547,17194,0,14,4265,2006,992,0,-93,0,892,1397,0,287,0
"2025-01-12",32,39649,40332,36589,1942,6606,150,17194,0,10,4187,2005,992,0,-73,0,885,1397,0,252,0
"2025-01-12",33,40810,41474,37609,2059,6606,2,17194,0,10,4254,2005,992,0,-53,0,954,1397,0,513,-1
"2025-01-12",34,41916,42526,38614,2176,6606,0,17194,0,10,4543,2005,992,0,8,0,959,1397,0,539,0
"2025-01-12",35,42716,43389,39357,2273,6606,0,17194,0,10,4690,2004,992,0,-63,0,960,1398,0,490,0
"2025-01-12",36,42670,43370,39399,2369,6606,0,17194,0,11,5124,1995,989,1,-89,0,955,1397,0,482,0
"2025-01-12",37,41802,42415,38701,2515,6606,0,17194,0,9,5230,1318,788,0,-1,-3,269,1397,0,301,0
"2025-01-12",38,41310,41976,38225,2660,6606,0,17194,0,10,5238,1250,763,0,0,-56,213,1397,0,274,0
"2025-01-12",39,39695,40998,36787,2814,6606,0,17194,0,11,5346,732,336,0,63,25,-296,1397,0,-396,0
"2025-01-12",40,38233,39642,35530,2968,6606,0,17194,0,14,5225,681,294,0,69,0,-334,1398,0,-461,0
"2025-01-12",41,36751,38512,34197,3086,6606,0,17194,0,14,5190,94,109,0,81,0,-492,1397,0,-655,0
"2025-01-12",42,35620,37459,33185,3203,6606,0,17194,0,13,5024,44,89,0,36,-50,-503,1397,0,-673,0
"2025-01-12",43,33905,36513,31701,3339,6606,0,17194,0,11,5436,-604,-178,0,169,-11,-628,1397,0,-576,0
"2025-01-12",44,32309,34999,30265,3474,6606,0,17194,0,8,5452,-675,-204,0,175,0,-637,1397,0,-566,0
"2025-01-12",45,30114,32462,28291,3556,6606,0,17194,0,12,5464,-526,-302,0,293,62,-381,1397,0,-527,0
"2025-01-12",46,28313,30620,26586,3638,6606,0,17194,0,17,5336,-512,-308,0,259,187,-359,1397,0,-511,0
"2025-01-12",47,26939,28482,25273,3734,6606,0,17194,0,254,5501,-357,-97,0,291,200,-235,1397,0,234,0
"2025-01-12",48,25597,27235,24052,3829,6606,0,17194,0,385,5332,-350,-77,0,395,175,-226,1397,0,304,0
"2025-01-13",1,25243,27365,23753,3785,6606,0,17194,0,626,5119,-726,-102,0,373,263,-68,1397,0,356,0
"2025-01-13",2,25976,28061,24516,3741,6606,0,17194,0,570,5119,-755,-103,0,399,408,-57,1397,0,363,0
"2025-01-13",3,26207,28194,24772,3821,6606,0,17194,0,892,5178,-253,-69,0,400,364,-173,1397,0,383,0
"2025-01-13",4,25811,27764,24444,3901,6606,0,17194,0,891,5073,-212,-65,0,399,364,-184,1397,0,381,-1
"2025-01-13",5,25310,27984,23994,3951,6606,0,17194,0,889,5094,-376,17,0,399,360,-792,1397,0,97,-17
"2025-01-13",6,25103,27831,23804,4001,6606,0,17194,0,887,5138,-401,20,0,399,383,-840,1397,0,68,0
"2025-01-13",7,24223,28133,22955,4022,6606,0,17194,0,889,5132,-1120,-231,1,399,329,-1011,1397,0,-59,0
"2025-01-13",8,24021,28048,22786,4042,6606,0,17194,0,876,4975,-1193,-263,0,399,350,-1023,1397,0,-72,0
"2025-01-13",9,23581,28565,22411,4054,6606,0,17194,0,876,4981,-1751,-730,0,399,471,-1024,1397,0,-3,0
"2025-01-13",10,23776,28848,22558,4065,6606,0,17194,0,869,4764,-1801,-777,0,399,482,-1024,1397,0,-1,0
"2025-01-13",11,24050,29694,22734,4088,6606,0,17194,0,867,4729,-2052,-987,0,399,414,-1024,1397,0,-114,0
"2025-01-13",12,24974,30534,23614,4111,6606,0,17194,0,726,4731,-2071,-1007,0,399,411,-1024,1397,0,-132,0
"2025-01-13",13,27609,32909,26062,4179,6606,0,17194,0,56,4559,-2071,-1026,0,399,312,-981,1397,0,-566,0
"2025-01-13",14,30898,36180,29122,4247,6606,0,17194,0,11,4674,-2068,-1018,0,395,168,-978,1397,0,-607,0
"2025-01-13",15,34353,38516,32293,4279,6606,0,17194,0,8,5057,-1533,-421,0,297,27,-911,1397,0,-690,0
"2025-01-13",16,36320,40336,34057,4311,6606,0,17194,0,10,5051,-1441,-366,0,260,23,-905,1397,0,-694,0
"2025-01-13",17,37773,41298,35371,4310,6606,26,17194,0,14,5246,-1286,-446,0,384,154,-735,1397,0,-444,0
"2025-01-13",18,38619,42081,36218,4308,6606,475,17194,0,15,5261,-1272,-442,0,373,125,-723,1397,0,-410,0
"2025-01-13",19,39736,41495,37206,4260,6606,1168,17194,0,12,5042,-621,224,0,237,7,-526,1397,0,249,0
"2025-01-13",20,39578,41206,37016,4211,6606,1724,17194,0,16,5105,-500,287,1,87,0,-512,1397,0,313,0
"2025-01-13",21,39257,40969,36684,4163,6606,2270,17194,0,13,4854,-462,319,0,-34,0,-603,1398,0,416,0
"2025-01-13",22,39118,40878,36510,4114,6606,2404,17194,0,13,5109,-438,323,0,-101,0,-608,1397,0,429,0
"2025-01-13",23,39534,40369,36838,4078,6606,2338,17194,0,10,5201,444,369,0,-124,-18,-82,1397,0,650,-1
"2025-01-13",24,39363,40174,36687,4042,6606,2093,17194,0,12,5229,503,374,0,-157,0,-42,1397,0,671,0
"2025-01-13",25,39701,40614,36988,4016,6606,2019,17194,0,11,5217,486,394,0,-238,0,-64,1397,0,645,0
"2025-01-13",26,39956,40943,37320,3990,6606,2105,17194,0,14,5353,491,397,0,-307,0,-66,1397,0,643,6
"2025-01-13",27,39832,41050,37182,3930,6606,1778,17194,0,14,5244,961,451,0,-240,0,-364,1397,0,666,70
"2025-01-13",28,39574,40782,36940,3869,6606,1604,17194,0,14,5246,1001,454,0,-186,-23,-385,1397,0,664,206
"2025-01-13",29,39582,40814,37006,3815,6606,1179,17194,0,12,5273,1001,304,0,-86,0,-534,1397,0,399,259
"2025-01-13",30,39677,41041,37149,3760,6606,747,17194,0,11,5205,968,296,0,-200,-8,-545,1397,0,368,363
"2025-01-13",31,39714,41517,37141,3793,6606,376,17194,0,11,5243,-172,729,0,-230,-104,-686,1397,0,5,402
"2025-01-13",32,40396,42360,37853,3825,6606,109,17194,0,11,5345,-330,767,0,-261,-47,-696,1397,0,-19,411
"2025-01-13",33,41484,43484,38818,3854,6606,4,17194,0,12,4957,-639,623,0,-267,-143,-339,1397,0,612,411
"2025-01-13",34,42666,44744,39901,3882,6606,0,17194,0,8,4938,-659,598,0,-221,-277,-313,1397,0,671,475
"2025-01-13",35,43111,44867,40219,3849,6606,0,17194,0,10,4765,-142,-118,0,-310,-322,-254,1397,0,671,504
"2025-01-13",36,43021,44878,40190,3815,6606,0,17194,0,10,4907,-97,-185,0,-299,-416,-250,1397,0,671,504
"2025-01-13",37,42502,44623,39789,3746,6606,0,17194,0,12,4961,358,-131,0,-259,-390,-729,1397,0,671,504
"2025-01-13",38,41721,43904,39062,3676,6606,0,17194,0,9,4784,408,-128,0,-302,-379,-765,1397,0,671,490
"2025-01-13",39,40698,43150,38193,3576,6606,0,17194,0,7,4930,255,-279,0,-262,-395,-909,1397,0,671,200
"2025-01-13",40,39486,42029,37086,3475,6606,0,17194,0,13,4880,222,-295,0,-305,-410,-920,1397,0,671,0
"2025-01-13",41,38548,42016,36141,3438,6606,0,17194,0,6,4988,-749,-457,0,-323,-519,-814,1397,0,671,0
"2025-01-13",42,37123,40781,34779,3400,6606,0,17194,0,13,4836,-874,-478,0,-391,-495,-807,1397,0,671,0
"2025-01-13",43,35062,39435,32876,3331,6606,0,17194,0,12,4851,-970,-851,0,-450,-530,-960,1397,0,671,0
"2025-01-13",44,33147,37571,31146,3261,6606,0,17194,0,8,4898,-979,-883,0,-451,-531,-972,1397,0,671,0
"2025-01-13",45,31050,35048,29192,3196,6606,0,17194,0,7,4952,-964,-692,1,-396,-520,-819,1397,0,671,0
"2025-01-13",46,29093,32962,27387,3131,6606,0,17194,0,7,4907,-969,-679,0,-374,-432,-808,1397,0,671,0
"2025-01-13",47,27725,32331,25976,3096,6606,0,17194,0,7,4821,-1509,-997,0,-304,-316,-873,1397,0,671,0
"2025-01-13",48,26586,31059,24928,3061,6606,0,17194,0,8,4817,-1557,-1027,1,-243,-163,-875,1397,0,671,0
"2025-01-14",1,26691,30564,25088,3050,6606,0,17194,0,120,4813,-1560,-1028,0,-278,-25,-262,1398,0,671,0
"2025-01-14",2,27025,31083,25470,3039,6606,0,17194,0,369,4842,-1560,-1027,0,-278,-10,-214,1397,0,671,0
"2025-01-14",3,26793,31416,25314,3020,6606,0,17194,0,809,4834,-1562,-1027,0,-278,-133,-214,1397,0,671,0
"2025-01-14",4,26303,31099,24796,3000,6606,0,17194,0,833,4928,-1561,-1026,0,-278,-285,-213,1397,0,671,0
"2025-01-14",5,25869,30898,24355,2953,6606,0,17194,0,873,4915,-1559,-949,0,-278,-436,-334,1397,0,671,0
"2025-01-14",6,25436,30466,23962,2905,6606,0,17194,0,884,4805,-1559,-942,0,-278,-424,-343,1397,0,671,0
"2025-01-14",7,25030,30459,23555,2897,6606,0,17194,0,884,4729,-1559,-966,0,-278,-414,-728,1397,0,671,0
"2025-01-14",8,24559,29950,23206,2888,6606,0,17194,0,870,4601,-1559,-969,0,-278,-359,-756,1397,0,671,0
"2025-01-14",9,24257,29766,22942,2804,6606,0,17194,0,858,4585,-1558,-1022,0,-278,-290,-903,1397,0,671,0
"2025-01-14",10,24149,29565,22796,2719,6606,0,17194,0,807,4746,-1558,-1027,0,-278,-232,-914,1397,0,671,0
"2025-01-14",11,24783,29665,23419,2668,6606,0,17194,0,257,4763,-1559,-1027,1,-278,-145,-1016,1397,0,671,0
"2025-01-14",12,25899,30546,24353,2616,6606,0,17194,0,11,4527,-1559,-1027,0,-284,-142,-1024,1397,0,671,0
"2025-01-14",13,28628,33382,26841,2512,6606,0,17194,0,9,4545,-1559,-1026,1,-356,-180,-1024,1397,0,671,0
"2025-01-14",14,31850,36849,29761,2408,6606,0,17194,0,9,4226,-1560,-1026,1,-449,-331,-1024,1397,0,671,0
"2025-01-14",15,35221,39980,32771,2388,6606,0,17194,0,9,4109,-1560,-1026,0,-450,-475,-639,1397,0,671,0
"2025-01-14",16,37110,41882,34444,2367,6606,0,17194,0,7,4065,-1560,-1016,1,-450,-528,-611,1397,0,671,0
"2025-01-14",17,38196,42024,35461,2317,6606,9,17194,0,8,3817,-1558,-406,1,-451,-528,-277,1397,0,671,2
"2025-01-14",18,38457,42197,35694,2267,6606,238,17194,0,7,3580,-1554,-346,1,-452,-528,-253,1397,0,671,24
"2025-01-14",19,39202,41884,36309,2184,6606,845,17194,0,7,3576,-948,-130,0,-452,-528,-17,1397,0,671,75
"2025-01-14",20,39114,41713,36149,2100,6606,1523,17194,0,8,3329,-898,-113,0,-451,-529,0,1397,0,671,210
"2025-01-14",21,38997,41576,36062,1958,6606,1947,17194,0,8,3294,-666,-326,0,-451,-528,366,1397,0,671,252
"2025-01-14",22,38689,41266,35744,1815,6606,2629,17194,0,8,3266,-646,-343,0,-451,-529,392,1397,0,671,252
"2025-01-14",23,38436,40513,35487,1652,6606,2816,17194,0,8,3078,-344,-145,0,-452,-528,475,1397,0,671,252
"2025-01-14",24,37965,39989,34990,1489,6606,2937,17194,0,8,2634,-315,-122,1,-451,-528,482,1397,0,671,252
"2025-01-14",25,38097,39685,35054,1408,6606,3001,17194,0,8,2466,129,148,1,-452,-528,654,1397,0,671,262
"2025-01-14",26,37776,39363,34672,1326,6606,2949,17194,0,8,2544,188,174,0,-451,-528,666,1397,0,671,369
"2025-01-14",27,37606,39193,34527,1297,6606,2684,17194,0,8,2290,772,213,0,-451,-528,288,1397,0,671,473
"2025-01-14",28,37688,39275,34553,1267,6606,2110,17194,0,8,2503,840,216,0,-451,-528,260,1397,0,662,489
"2025-01-14",29,37737,39325,34599,1221,6606,1625,17194,0,8,2285,717,194,1,-451,-529,476,1397,0,59,504
"2025-01-14",30,38000,39592,34816,1174,6606,1135,17194,0,13,2190,701,192,1,-451,-528,491,1397,0,10,504
"2025-01-14",31,38073,39666,34910,1229,6606,485,17194,0,15,2360,349,190,0,-451,-527,34,1397,0,637,503
"2025-01-14",32,39316,40908,36028,1283,6606,127,17194,0,12,2719,320,191,1,-452,-528,0,1397,0,696,482
"2025-01-14",33,40824,42410,37376,1316,6606,5,17194,0,5,2740,617,277,0,-452,-529,115,1397,0,696,504
"2025-01-14",34,41885,43467,38324,1348,6606,0,17194,0,3,2722,640,288,0,-451,-528,123,1397,0,696,504
"2025-01-14",35,42274,43859,38688,1350,6606,0,17194,0,5,2548,518,484,0,-452,-528,57,1397,0,696,504
"2025-01-14",36,42759,44343,39033,1351,6606,0,17194,0,4,2711,508,501,0,-452,-528,52,1397,0,696,501
"2025-01-14",37,42134,43688,38633,1410,6606,0,17194,0,1,3139,449,384,1,-448,-505,72,1397,0,696,435
"2025-01-14",38,41407,42810,37983,1469,6606,0,17194,0,3,3067,437,375,1,-431,-369,73,1397,0,696,286
"2025-01-14",39,40023,41376,36735,1532,6606,0,17194,0,8,2870,-66,470,0,-451,-228,97,1397,0,696,137
"2025-01-14",40,39028,40399,35815,1594,6606,0,17194,0,10,3031,-132,472,0,-451,-178,99,1397,0,696,15
"2025-01-14",41,38053,39601,34767,1664,6606,0,17194,0,12,3327,-452,50,1,-418,-66,204,1397,0,696,0
"2025-01-14",42,36991,38437,33837,1733,6606,0,17194,0,10,3544,-485,1,1,-276,-75,211,1397,0,696,0
"2025-01-14",43,35051,37456,32036,1733,6606,0,17194,0,13,3798,-1003,-657,1,-132,9,14,1397,0,696,0
"2025-01-14",44,33240,35807,30427,1733,6606,0,17194,0,8,3799,-1048,-720,1,-191,0,0,1397,0,696,0
"2025-01-14",45,31402,34176,28732,1732,6606,0,17194,0,8,3807,-1048,-793,1,-234,-48,-43,1397,0,696,0
"2025-01-14",46,29661,32557,27233,1731,6606,0,17194,0,8,3730,-1048,-803,1,-373,-10,-54,1397,0,696,0
"2025-01-14",47,27498,31381,25308,1785,6606,0,17194,0,8,3585,-1047,-1007,1,-387,0,-834,1397,0,696,0
"2025-01-14",48,26578,30413,24396,1839,6606,0,17194,0,8,3774,-1047,-1026,0,-253,0,-901,1397,0,696,0
"2025-01-15",1,26520,30345,24423,1862,6606,0,17194,0,8,3904,-1047,-957,1,-203,0,-1010,1397,0,696,0
"2025-01-15",2,26971,30689,24848,1885,6606,0,17194,0,8,4163,-1047,-951,1,-84,-10,-1018,1397,0,696,0
"2025-01-15",3,26529,30559,24472,1850,6606,0,17194,0,57,4037,-1047,-1020,1,-178,-106,-1022,1397,0,696,0
"2025-01-15",4,25826,30144,23870,1815,6606,0,17194,0,319,3984,-1047,-1026,0,-281,-22,-1023,1397,0,696,0
"2025-01-15",5,25202,29973,23298,1780,6606,0,17194,0,834,4070,-1047,-984,1,-287,0,-1019,1397,0,696,0
"2025-01-15",6,24920,29730,22990,1745,6606,0,17194,0,877,3995,-1047,-980,1,-287,0,-1019,1397,0,696,0
"2025-01-15",7,24590,29432,22612,1775,6606,0,17194,0,881,3997,-1047,-1005,0,-287,0,-1022,1397,0,696,0
"2025-01-15",8,24125,28953,22053,1804,6606,0,17194,0,864,4218,-1047,-1007,1,-287,0,-1023,1397,0,696,0
"2025-01-15",9,23728,28581,21703,1781,6606,0,17194,0,856,4178,-1047,-1025,1,-312,-9,-1004,1397,0,657,0
"2025-01-15",10,23721,28634,21693,1757,6606,0,17194,0,848,4357,-1047,-1027,0,-285,-104,-1002,1389,0,617,0
"2025-01-15",11,24337,29028,22237,1751,6606,0,17194,0,358,4500,-1047,-1026,0,-146,-21,-1021,1255,0,-472,0
"2025-01-15",12,25397,29961,23338,1744,6606,0,17194,0,103,4328,-1047,-1020,0,-174,0,-1023,1212,0,-597,0
"2025-01-15",13,28132,32111,25866,1734,6606,0,17194,0,9,4423,-1046,-647,0,-57,0,-1023,843,0,-597,0
"2025-01-15",14,30773,34652,28292,1724,6606,0,17194,0,9,4496,-1046,-618,0,48,0,-1008,764,0,-598,0
"2025-01-15",15,33898,37314,31117,1708,6606,0,17194,0,9,4572,-1048,-992,1,195,56,-84,393,0,-682,-1
"2025-01-15",16,35706,39097,32650,1691,6606,0,17194,0,9,4774,-1049,-1022,0,263,14,0,361,0,-691,-20
"2025-01-15",17,36708,39909,33539,1616,6606,1,17194,0,8,4609,-1049,-695,1,285,0,-14,732,0,-691,-144
"2025-01-15",18,37016,40254,33921,1541,6606,88,17194,0,11,4326,-963,-650,0,277,0,-29,802,0,-691,-294
"2025-01-15",19,37814,40495,34863,1567,6606,367,17194,0,13,4062,581,260,0,135,0,-939,1029,0,-691,-438
"2025-01-15",20,37903,40715,35041,1592,6606,812,17194,0,10,3972,832,342,1,85,0,-1023,1065,0,-691,-488
"2025-01-15",21,37826,40307,34921,1600,6606,1444,17194,0,9,4176,410,206,0,220,0,-677,1082,0,-691,-504
"2025-01-15",22,37540,39997,34608,1607,6606,1923,17194,0,10,4183,375,191,0,204,0,-652,1085,0,-691,-504
"2025-01-15",23,37162,39444,34237,1567,6606,2434,17194,0,10,4230,409,63,0,328,63,-471,1093,0,-691,-510
"2025-01-15",24,36656,38865,33727,1526,6606,2906,17194,0,10,4240,413,49,1,399,91,-459,1096,0,-691,-449
"2025-01-15",25,36352,39105,33380,1536,6606,3302,17194,0,10,4236,303,-92,1,399,98,-935,1135,0,-691,-425
"2025-01-15",26,36058,38842,33013,1546,6606,3478,17194,0,10,4306,206,-102,0,399,29,-971,1141,0,-691,-410
"2025-01-15",27,35740,38415,32764,1502,6606,3444,17194,0,10,4303,251,94,1,360,0,-971,1144,0,-694,-400
"2025-01-15",28,35569,38148,32543,1457,6606,3173,17194,0,9,4311,255,114,1,350,0,-971,1145,0,-695,-304
"2025-01-15",29,35735,38263,32762,1480,6606,2716,17194,0,9,4308,269,257,1,204,0,-959,1145,0,-695,-265
"2025-01-15",30,35970,38480,33003,1503,6606,2055,17194,0,9,4359,273,273,0,86,0,-957,1138,0,-695,-249
"2025-01-15",31,36244,38583,33309,1631,6606,1206,17194,0,9,4292,586,462,0,-26,-27,-847,1030,0,-695,-135
"2025-01-15",32,37452,39788,34435,1759,6606,382,17194,0,9,4280,611,477,1,-164,0,-839,1019,0,-695,-29
"2025-01-15",33,38693,41276,35424,1822,6606,23,17194,0,11,4496,323,276,0,-265,0,-1010,1096,0,-695,-2
"2025-01-15",34,40021,42695,36684,1884,6606,0,17194,0,4,4550,297,254,0,-352,0,-1023,1120,0,-695,1
"2025-01-15",35,40986,43570,37505,1892,6606,0,17194,0,0,4407,146,44,0,-411,0,-878,1319,0,-695,0
"2025-01-15",36,41196,43813,37692,1899,6606,0,17194,0,5,4427,130,26,0,-450,0,-868,1358,0,-694,0
"2025-01-15",37,40959,43235,37529,1884,6606,0,17194,0,4,4619,151,140,0,-397,0,-670,1393,0,-605,0
"2025-01-15",38,40167,42321,36868,1869,6606,0,17194,0,1,4390,151,146,1,-307,0,-655,1397,0,-591,0
"2025-01-15",39,38991,40504,35863,1828,6606,0,17194,0,0,4146,21,-155,0,-340,0,-232,1397,0,-186,0
"2025-01-15",40,38053,39414,34915,1786,6606,0,17194,0,4,4174,19,-177,0,-233,0,-206,1398,0,-141,0
"2025-01-15",41,37500,39198,34331,1724,6606,0,17194,0,4,4236,492,255,0,-199,0,-895,844,0,264,0
"2025-01-15",42,36282,37920,33091,1661,6606,0,17194,0,7,4435,486,286,0,-52,-31,-946,-2,0,301,0
"2025-01-15",43,34522,36630,31419,1606,6606,0,17194,0,8,4507,-835,-405,1,63,54,-260,55,0,77,0
"2025-01-15",44,33451,35777,30585,1551,6606,0,17194,0,12,4477,-1036,-474,0,209,13,-204,1071,0,60,0
"2025-01-15",45,31621,34230,28938,1531,6606,0,17194,0,8,4344,-1036,-782,0,264,0,-182,1397,0,444,-1
"2025-01-15",46,29848,32501,27268,1510,6606,0,17194,0,11,4366,-1032,-811,0,239,0,-181,1392,0,479,-18
"2025-01-15",47,27711,30479,25280,1559,6606,0,17194,0,11,4309,-577,-854,0,159,-59,-667,1309,0,401,0
"2025-01-15",48,26614,29508,24285,1607,6606,0,17194,0,11,4262,-531,-849,0,10,-199,-704,1296,0,394,0
"2025-01-16",1,26760,28485,24508,1564,6606,0,17194,0,11,4198,28,-294,0,-123,-131,-566,1297,0,542,0
"2025-01-16",2,27334,28801,25072,1521,6606,0,17194,0,14,4368,57,-243,0,-44,-10,-556,1296,0,558,0
"2025-01-16",3,26828,28705,24626,1444,6606,0,17194,0,538,4367,72,-361,0,-34,0,-344,1297,0,685,0
"2025-01-16",4,26240,28413,24022,1367,6606,0,17194,0,852,4439,73,-367,0,-26,0,-328,1296,0,698,0
"2025-01-16",5,25984,28020,23825,1370,6606,0,17194,0,837,4301,194,-73,0,-157,0,-369,1296,0,685,0
"2025-01-16",6,25875,28036,23785,1373,6606,0,17194,0,888,4261,198,-50,0,-251,0,-372,1297,0,684,0
"2025-01-16",7,25140,28111,23152,1432,6606,0,17194,0,902,4248,-614,-317,0,-260,0,-278,1297,0,684,0
"2025-01-16",8,24672,27751,22679,1490,6606,0,17194,0,891,4363,-712,-345,0,-260,0,-271,1297,0,683,0
"2025-01-16",9,24323,27718,22287,1538,6606,0,17194,0,884,4545,-680,-536,0,-259,-10,-426,1297,0,683,0
"2025-01-16",10,24454,27644,22396,1585,6606,0,17194,0,637,4546,-682,-561,1,-166,-106,-438,1297,0,681,0
"2025-01-16",11,24967,28878,22860,1602,6606,0,17194,0,289,4760,-1006,-986,1,-27,-22,-981,1296,0,496,0
"2025-01-16",12,26045,29849,23862,1618,6606,0,17194,0,122,4815,-1034,-1026,0,0,0,-1022,1296,0,469,0
"2025-01-16",13,28739,32556,26318,1654,6606,0,17194,0,9,4866,-1033,-1027,0,64,21,-1022,1296,0,-126,0
"2025-01-16",14,31361,35235,28789,1690,6606,0,17194,0,13,4821,-1031,-1027,0,213,42,-1022,1296,0,-181,0
"2025-01-16",15,33767,37457,30977,1762,6606,0,17194,0,14,4901,-840,-1027,0,327,4,-1022,1296,0,-184,-3
"2025-01-16",16,35512,39227,32594,1833,6606,0,17194,0,5,4879,-821,-1022,0,222,0,-1022,1296,0,-176,-69
"2025-01-16",17,36819,39929,33815,1903,6606,4,17194,0,9,4804,-532,-737,0,166,0,-1013,1296,0,376,-219
"2025-01-16",18,37307,40509,34220,1972,6606,232,17194,0,18,5044,-504,-703,0,213,0,-1010,1296,0,426,-367
"2025-01-16",19,38120,40113,34968,1971,6606,908,17194,0,19,4972,-171,-265,0,93,0,-444,1296,0,288,-494
"2025-01-16",20,37970,39875,34789,1969,6606,1640,17194,0,22,4997,-143,-224,0,42,0,-402,1296,0,273,-514
"2025-01-16",21,37851,39761,34664,1912,6606,2315,17194,0,16,4933,-99,-176,0,142,0,-505,1296,0,240,-514
"2025-01-16",22,37766,39660,34632,1855,6606,2896,17194,0,10,4888,-89,-169,0,154,0,-513,1296,0,237,-513
"2025-01-16",23,37357,39502,34240,1835,6606,3182,17194,0,13,4935,-53,44,1,299,25,-966,1296,0,217,-513
"2025-01-16",24,36804,38976,33763,1814,6606,3337,17194,0,18,4914,-47,64,0,394,33,-999,1296,0,212,-508
"2025-01-16",25,36590,38512,33665,1796,6606,3293,17194,0,20,4748,48,48,0,310,0,-857,1296,0,-30,-415
"2025-01-16",26,36660,38459,33778,1777,6606,3145,17194,0,16,4929,59,53,0,339,0,-847,1296,0,-53,-283
"2025-01-16",27,36998,38880,34038,1788,6606,2868,17194,0,13,4964,323,420,0,325,0,-1010,1296,0,-1,-258
"2025-01-16",28,36924,38819,33962,1798,6606,2539,17194,0,12,4880,347,450,0,316,0,-1022,1296,0,-3,-258
"2025-01-16",29,36802,38955,33871,1877,6606,1972,17194,0,12,4791,361,188,0,301,0,-1022,1296,0,-262,-257
"2025-01-16",30,37036,39214,34127,1955,6606,1370,17194,0,12,4800,361,160,0,257,31,-1022,1296,0,-287,-257
"2025-01-16",31,37767,40066,34672,2057,6606,789,17194,0,10,4974,216,-100,0,381,172,-1021,1296,0,-314,-254
"2025-01-16",32,38361,40617,35194,2159,6606,230,17194,0,11,4911,206,-129,0,399,197,-1021,1296,0,-312,-183
"2025-01-16",33,39377,41447,36179,2246,6606,12,17194,0,5,4833,479,-400,0,399,129,-1022,1296,0,20,-43
"2025-01-16",34,41001,43017,37601,2333,6606,0,17194,0,0,4896,476,-434,1,399,202,-982,1296,0,51,0
"2025-01-16",35,41510,43644,38052,2383,6606,0,17194,0,1,5087,-585,-948,0,399,139,246,1296,0,157,0
"2025-01-16",36,41349,43669,37954,2432,6606,0,17194,0,3,5038,-720,-997,0,400,128,378,1296,0,167,0
"2025-01-16",37,40792,42795,37473,2495,6606,0,17194,0,1,4971,-213,-1024,0,374,76,-165,1296,0,236,0
"2025-01-16",38,40084,42091,36942,2557,6606,0,17194,0,7,4790,-167,-1027,1,237,147,-206,1296,0,243,0
"2025-01-16",39,39309,41405,36266,2659,6606,0,17194,0,7,4855,78,-1027,0,87,36,-462,1296,0,259,0
"2025-01-16",40,38543,40671,35617,2760,6606,0,17194,0,7,4868,107,-1027,0,-13,0,-481,1296,0,264,0
"2025-01-16",41,37342,40004,34498,2822,6606,0,17194,0,10,4983,-163,-1027,0,-1,0,-861,1296,0,460,0
"2025-01-16",42,36161,38891,33480,2884,6606,0,17194,0,8,4881,-206,-1027,0,14,9,-889,1296,0,480,0
"2025-01-16",43,34749,37923,32089,2923,6606,0,17194,0,7,4899,-834,-1027,0,135,97,-706,1296,0,614,0
"2025-01-16",44,32587,35795,30063,2962,6606,0,17194,0,6,4727,-882,-1027,0,83,13,-693,1296,0,627,0
"2025-01-16",45,30785,33883,28463,2919,6606,0,17194,0,6,4537,-521,-1027,0,-36,-36,-871,1296,0,644,-1
"2025-01-16",46,28892,31920,26780,2875,6606,0,17194,0,11,4574,-490,-1023,0,9,3,-883,1281,0,646,-21
"2025-01-16",47,26938,29737,25075,2914,6606,0,17194,0,267,4228,-770,-754,1,85,113,-408,1035,0,692,0
"2025-01-16",48,26007,28791,24168,2953,6606,0,17194,0,289,4352,-793,-730,0,235,221,-372,997,0,696,0
"2025-01-17",1,25788,29235,24024,2943,6606,0,17194,0,538,4462,-779,-806,0,373,225,-724,997,0,696,0
"2025-01-17",2,25961,29470,24312,2933,6606,0,17194,0,571,4384,-777,-811,0,400,275,-750,997,0,696,0
"2025-01-17",3,26014,29435,24359,2960,6606,0,17194,0,784,4361,-649,-701,0,400,161,-687,997,0,696,0
"2025-01-17",4,25480,28943,23849,2986,6606,0,17194,0,849,4467,-640,-691,0,388,23,-683,997,0,696,0
"2025-01-17",5,24671,28279,23215,2988,6606,0,17194,0,830,4292,-721,-696,1,266,0,-761,997,0,696,0
"2025-01-17",6,24563,28199,23144,2990,6606,0,17194,0,841,4223,-729,-699,1,141,0,-767,997,0,695,0
"2025-01-17",7,24149,28427,22738,2943,6606,0,17194,0,840,4388,-983,-882,1,182,0,-973,997,0,610,0
"2025-01-17",8,23762,28094,22370,2895,6606,0,17194,0,839,4370,-1003,-901,1,199,0,-988,997,0,601,-1
"2025-01-17",9,23467,27926,22089,2906,6606,0,17194,0,838,4319,-993,-1013,1,103,0,-1015,997,0,588,0
"2025-01-17",10,23440,27901,22014,2916,6606,0,17194,0,829,4240,-992,-1023,1,78,0,-1017,997,0,582,0
"2025-01-17",11,23971,28496,22492,2952,6606,0,17194,0,833,4278,-1044,-1026,0,227,0,-1022,997,0,305,0
"2025-01-17",12,24997,29385,23464,2987,6606,0,17194,0,692,4221,-1048,-1026,0,211,0,-1022,997,0,271,0
"2025-01-17",13,27413,31555,25707,2879,6606,0,17194,0,276,4023,-1048,-1026,0,132,0,-1022,997,0,-170,0
"2025-01-17",14,29959,34008,28013,2771,6606,0,17194,0,138,4001,-1048,-1027,0,64,0,-1023,997,0,-213,0
"2025-01-17",15,33033,36991,30839,2680,6606,0,17194,0,10,3824,-1047,-1027,0,-63,0,-1022,997,0,-186,-3
"2025-01-17",16,34956,39115,32500,2588,6606,0,17194,0,9,3821,-1048,-1026,0,-162,-50,-1022,997,0,-175,-67
"2025-01-17",17,36665,40580,33856,2495,6606,2,17194,0,12,4231,-1048,-1027,0,-41,-11,-1023,997,0,369,-153
"2025-01-17",18,37156,41002,34377,2401,6606,80,17194,0,12,4192,-1039,-1022,0,0,0,-1022,997,0,423,-151
"2025-01-17",19,37870,40811,35141,2368,6606,322,17194,0,12,4036,-498,-739,0,0,0,-1006,997,0,559,-86
"2025-01-17",20,37633,40408,35054,2334,6606,654,17194,0,8,3878,-450,-712,0,0,0,-1005,997,0,572,36
"2025-01-17",21,37718,40448,35165,2252,6606,1072,17194,0,8,3996,-418,-655,0,-63,0,-986,997,0,635,79
"2025-01-17",22,37623,40356,34882,2170,6606,1507,17194,0,11,4213,-413,-644,0,-81,0,-984,997,0,642,208
"2025-01-17",23,37913,39984,35011,2012,6606,1723,17194,0,10,4195,-147,-322,0,-36,0,-956,997,0,691,296
"2025-01-17",24,37886,39854,34940,1854,6606,1867,17194,0,10,4327,-121,-283,0,0,0,-954,997,0,696,435
"2025-01-17",25,38305,39859,35317,1757,6606,1800,17194,0,7,4157,487,274,0,-36,0,-911,997,0,696,504
"2025-01-17",26,38219,39738,35255,1660,6606,1817,17194,0,11,4026,562,334,0,29,0,-908,997,0,696,481
"2025-01-17",27,38256,39883,35316,1576,6606,1695,17194,0,12,4120,966,799,1,76,0,-1015,997,0,693,40
"2025-01-17",28,37973,39605,35011,1492,6606,1440,17194,0,10,3999,998,839,1,69,0,-1022,997,0,692,0
"2025-01-17",29,37918,39549,35021,1394,6606,1069,17194,0,9,3995,909,637,0,105,0,-1022,997,0,695,0
"2025-01-17",30,38013,39646,35197,1295,6606,659,17194,0,11,3899,889,606,0,68,0,-1022,998,0,696,0
"2025-01-17",31,37630,39186,34895,1238,6606,354,17194,0,13,3722,400,144,0,14,0,-943,998,0,683,0
"2025-01-17",32,38031,39585,35273,1181,6606,113,17194,0,13,4062,370,101,0,87,0,-941,997,0,673,0
"2025-01-17",33,38802,40697,35807,1227,6606,7,17194,0,5,4107,361,-336,1,13,0,-954,997,0,371,0
"2025-01-17",34,39987,41912,36666,1273,6606,0,17194,0,9,4322,374,-361,0,46,0,-955,997,0,353,0
"2025-01-17",35,40777,42451,37368,1321,6606,0,17194,0,8,4426,894,-215,1,81,0,-851,997,0,509,0
"2025-01-17",36,40725,42387,37676,1368,6606,0,17194,0,9,4756,925,-206,0,81,0,-847,997,0,523,0
"2025-01-17",37,40339,42145,37348,1447,6606,0,17194,0,5,4829,698,-264,0,113,0,-937,997,0,643,0
"2025-01-17",38,39913,41759,36946,1526,6606,0,17194,0,8,4880,687,-278,0,218,0,-941,997,0,654,-19
"2025-01-17",39,39311,41526,36566,1543,6606,0,17194,0,3,4815,690,-656,0,351,58,-956,997,0,672,0
"2025-01-17",40,38122,40383,35520,1560,6606,0,17194,0,15,4603,655,-690,0,268,154,-956,997,0,668,0
"2025-01-17",41,36874,39609,34239,1542,6606,0,17194,0,9,4659,-360,-984,0,121,33,-782,997,0,437,0
"2025-01-17",42,35786,38653,33181,1524,6606,0,17194,0,12,4678,-475,-1005,0,74,14,-775,997,0,417,0
"2025-01-17",43,34044,37580,31671,1512,6606,0,17194,0,9,4624,-854,-1024,0,-37,-48,-964,997,0,283,0
"2025-01-17",44,32503,35999,30173,1500,6606,0,17194,0,12,4851,-882,-1026,1,52,-5,-971,997,0,282,0
"2025-01-17",45,31173,34860,28937,1551,6606,0,17194,0,10,4846,-1030,-1026,0,190,0,-1021,997,0,616,0
"2025-01-17",46,29234,32918,27142,1602,6606,0,17194,0,11,4716,-1034,-1017,0,333,0,-1022,997,0,636,0
"2025-01-17",47,27737,30617,25777,1645,6606,0,17194,0,11,4675,-852,-708,0,400,68,-709,997,0,495,0
"2025-01-17",48,26904,29735,25020,1688,6606,0,17194,0,13,4711,-841,-680,0,400,208,-697,997,0,485,0
"2025-01-18",1,26812,29211,24893,1748,6606,0,17194,0,8,4673,-846,-440,0,400,193,-505,997,0,491,0
"2025-01-18",2,27082,29463,25310,1808,6606,0,17194,0,12,4658,-847,-423,0,400,317,-499,997,0,492,0
"2025-01-18",3,26394,29554,24734,1777,6606,0,17194,0,513,4794,-885,-403,0,400,307,-759,997,0,438,0
"2025-01-18",4,26376,29306,24768,1746,6606,0,17194,0,272,4957,-883,-406,0,400,229,-769,997,0,430,0
"2025-01-18",5,25595,28999,24099,1737,6606,0,17194,0,612,4955,-788,-537,0,400,194,-866,997,0,256,-1
"2025-01-18",6,25280,28627,23758,1727,6606,0,17194,0,538,4957,-785,-553,0,400,178,-870,997,0,245,-1
"2025-01-18",7,24413,28595,22875,1690,6606,0,17194,0,824,4876,-949,-773,0,400,222,-997,997,0,305,-39
"2025-01-18",8,24202,28146,22676,1653,6606,0,17194,0,588,4766,-960,-794,0,400,149,-1002,997,0,304,0
"2025-01-18",9,23608,27599,22225,1603,6606,0,17194,0,349,4604,-1027,-996,0,400,235,-1019,997,0,90,0
"2025-01-18",10,23178,27557,21834,1553,6606,0,17194,0,718,4606,-1031,-1010,0,400,291,-1020,997,0,68,0
"2025-01-18",11,23432,27948,21923,1519,6606,0,17194,0,704,4645,-1038,-1026,0,400,438,-1022,997,0,-126,0
"2025-01-18",12,23898,28581,22274,1484,6606,0,17194,0,844,4655,-1039,-1027,0,400,404,-1022,997,0,-151,0
"2025-01-18",13,25080,29660,23399,1469,6606,0,17194,0,351,4558,-1038,-1027,0,400,321,-1022,997,0,-542,0
"2025-01-18",14,26096,30642,24352,1454,6606,0,17194,0,286,4652,-1038,-1027,0,400,262,-1023,997,0,-572,0
"2025-01-18",15,27562,32126,25769,1516,6606,0,17194,0,193,4476,-1038,-1026,0,400,244,-1022,997,0,-685,0
"2025-01-18",16,28760,33143,26832,1577,6606,0,17194,0,17,4541,-1035,-1026,0,376,167,-1021,997,0,-684,0
"2025-01-18",17,30622,34038,28509,1585,6606,0,17194,0,16,4640,-786,-1026,0,400,293,-666,997,0,-322,0
"2025-01-18",18,31981,35294,29757,1592,6606,22,17194,0,11,4716,-758,-1001,0,400,351,-647,997,0,-296,0
"2025-01-18",19,33608,34786,31370,1550,6606,136,17194,0,12,4490,-84,-88,0,368,212,-135,997,0,-259,0
"2025-01-18",20,34193,35249,32028,1508,6606,334,17194,0,13,4798,-48,-25,0,400,77,-112,997,0,-258,0
"2025-01-18",21,34558,35581,32350,1501,6606,558,17194,0,8,4831,108,-7,0,400,64,-4,997,0,-404,0
"2025-01-18",22,34906,35911,32621,1494,6606,786,17194,0,8,4967,142,3,0,400,1,0,997,0,-397,0
"2025-01-18",23,35662,36272,33348,1429,6606,926,17194,0,10,4927,227,317,0,332,40,92,997,0,215,0
"2025-01-18",24,35918,36529,33462,1364,6606,1025,17194,0,11,4831,237,347,1,196,59,95,997,0,260,0
"2025-01-18",25,36423,37033,33803,1266,6606,1132,17194,0,10,4764,509,638,0,250,0,246,997,0,400,0
"2025-01-18",26,37019,37631,34168,1167,6606,1169,17194,0,12,4743,525,652,0,268,5,251,997,0,397,0
"2025-01-18",27,36821,37540,33911,1088,6606,1134,17194,0,14,4684,589,454,0,260,108,33,997,0,-105,0
"2025-01-18",28,36796,37565,33848,1009,6606,1079,17194,0,17,4590,592,443,1,232,118,22,997,0,-152,0
"2025-01-18",29,36473,38069,33597,998,6606,856,17194,0,12,4490,493,517,0,181,87,-395,997,0,-589,0
"2025-01-18",30,36560,38209,33697,987,6606,571,17194,0,12,4335,491,521,0,110,92,-417,997,0,-620,0
"2025-01-18",31,36746,38990,33847,953,6606,287,17194,0,13,4143,705,464,0,28,3,-945,997,0,-686,0
"2025-01-18",32,36954,39293,34069,918,6606,78,17194,0,16,3949,712,462,0,-67,0,-964,997,0,-692,0
"2025-01-18",33,37789,39647,34856,914,6606,4,17194,0,9,3885,560,534,1,-103,-39,-415,997,0,-692,0
"2025-01-18",34,38884,40649,35786,909,6606,0,17194,0,6,3973,550,532,0,-89,-1,-388,997,0,-681,0
"2025-01-18",35,40183,41263,36958,923,6606,0,17194,0,8,4004,480,302,1,-149,0,-15,997,0,-308,0
"2025-01-18",36,40410,41537,37177,937,6606,0,17194,0,9,4077,478,293,0,-243,0,3,997,0,-275,0
"2025-01-18",37,40303,41227,37120,960,6606,0,17194,0,10,4011,617,523,1,-295,0,460,997,0,-19,0
"2025-01-18",38,39774,40538,36607,983,6606,0,17194,0,13,4101,620,528,1,-151,0,475,997,0,3,0
"2025-01-18",39,38648,39395,35601,946,6606,0,17194,0,13,3977,435,160,0,-97,0,-37,997,0,209,0
"2025-01-18",40,37791,38497,34944,908,6606,0,17194,0,14,3815,404,128,0,-29,0,-63,997,0,223,0
"2025-01-18",41,36429,38105,33688,859,6606,0,17194,0,11,3670,-316,-160,0,-113,-11,-465,997,0,140,0
"2025-01-18",42,35436,37469,32845,809,6606,0,17194,0,8,3425,-394,-183,1,-263,-102,-483,997,0,131,0
"2025-01-18",43,34242,37008,31641,813,6606,0,17194,0,7,3510,-729,-309,1,-232,-19,-870,998,0,51,0
"2025-01-18",44,33177,35830,30435,817,6606,0,17194,0,7,3573,-748,-318,1,-81,-14,-885,997,0,48,0
"2025-01-18",45,31457,33730,28671,789,6606,0,17194,0,7,3498,-698,-308,1,8,22,-660,997,0,174,0
"2025-01-18",46,29953,32167,27292,760,6606,0,17194,0,13,3461,-669,-290,0,116,0,-642,1023,0,179,0
"2025-01-18",47,28542,29909,25963,716,6606,0,17194,0,649,3274,234,337,0,110,-63,-6,1356,0,-49,0
"2025-01-18",48,27547,28853,25186,671,6606,0,17194,0,566,3056,320,390,1,24,-78,27,1397,0,-62,0
"2025-01-19",1,27562,28646,25339,634,6606,0,17194,0,431,2918,457,728,0,18,-52,33,1397,0,-1,0
"2025-01-19",2,27966,29009,25857,597,6606,0,17194,0,443,2895,466,741,0,18,0,34,1397,0,0,0
"2025-01-19",3,27321,28595,25298,569,6606,0,17194,0,527,2840,576,381,0,18,0,-111,1397,0,-36,0
"2025-01-19",4,26879,28262,24915,540,6606,0,17194,0,624,2686,586,361,1,18,0,-116,1397,0,-43,0
"2025-01-19",5,26635,27932,24710,537,6606,0,17194,0,624,2573,856,533,1,18,0,-67,1397,0,-6,0
"2025-01-19",6,26067,27625,24017,534,6606,0,17194,0,892,2323,862,545,0,18,0,-65,1398,0,-1,0
"2025-01-19",7,25491,27248,23369,517,6606,0,17194,0,901,2195,414,540,0,18,-19,-189,1397,0,-48,0
"2025-01-19",8,25022,26854,22833,500,6606,0,17194,0,892,2184,385,527,1,18,-95,-195,1397,0,-50,0
"2025-01-19",9,24460,26479,22335,490,6606,0,17194,0,890,2123,293,43,1,18,-6,-467,1397,0,-56,0
"2025-01-19",10,24202,26261,22105,480,6606,0,17194,0,884,1903,275,7,0,18,-40,-478,1398,0,-57,0
"2025-01-19",11,24036,26429,21906,518,6606,0,17194,0,887,2070,-229,-118,1,18,-1,-488,1398,0,-70,0
"2025-01-19",12,23926,26363,21669,555,6606,0,17194,0,878,1781,-271,-126,1,-2,0,-489,1398,0,-71,0
"2025-01-19",13,24860,26885,22513,592,6606,0,17194,0,871,1737,36,-93,0,-96,0,-321,1398,0,-44,0
"2025-01-19",14,25485,27585,23250,629,6606,0,17194,0,863,1334,31,-111,1,-158,0,-319,1398,0,-49,0
"2025-01-19",15,26357,29612,24030,626,6606,0,17194,0,198,1456,-443,-826,1,-27,0,-827,1398,0,-334,0
"2025-01-19",16,27213,30348,24784,623,6606,0,17194,0,18,1622,-471,-860,1,59,0,-847,1398,0,-339,0
"2025-01-19",17,29260,30622,26724,649,6606,1,17194,0,13,1474,30,-333,1,64,0,-416,1398,0,177,0
"2025-01-19",18,30590,31840,27980,675,6606,17,17194,0,13,1528,55,-253,1,195,56,-384,1398,0,223,0
"2025-01-19",19,33026,33635,30259,684,6606,76,17194,0,9,1417,705,848,0,184,11,353,1398,0,614,0
"2025-01-19",20,34149,34759,31403,692,6606,188,17194,0,10,1378,750,937,0,237,0,395,1398,0,643,0
"2025-01-19",21,35534,36145,32510,679,6606,318,17194,0,11,1167,768,944,1,199,0,665,1397,0,692,0
"2025-01-19",22,36259,36874,33020,665,6606,448,17194,0,8,1051,771,946,1,177,0,676,1398,0,695,-7
"2025-01-19",23,37244,37886,33876,621,6606,561,17194,0,10,1063,986,988,0,132,-32,929,1398,0,695,0
"2025-01-19",24,37850,38487,34492,577,6606,623,17194,0,10,800,996,992,0,-17,-10,938,1398,0,695,0
"2025-01-19",25,38261,39036,34964,583,6606,651,17194,0,11,784,996,991,0,-164,0,847,1397,0,695,0
"2025-01-19",26,38293,39095,35244,588,6606,635,17194,0,12,850,996,992,0,-190,0,844,1397,0,695,0
"2025-01-19",27,38149,38978,35093,595,6606,601,17194,0,9,794,997,992,1,-220,0,612,1397,0,695,0
"2025-01-19",28,38014,38941,34987,601,6606,527,17194,0,9,654,997,992,0,-318,0,605,1397,0,695,0
"2025-01-19",29,38399,39434,35351,566,6606,453,17194,0,9,700,996,992,1,-378,-48,984,1397,0,695,0
"2025-01-19",30,38801,39864,35538,531,6606,338,17194,0,17,713,996,992,1,-368,-78,999,1397,0,695,0
"2025-01-19",31,39355,40640,35956,555,6606,196,17194,0,10,713,996,992,0,-449,-226,999,1397,0,695,0
"2025-01-19",32,39646,40980,36237,579,6606,74,17194,0,13,587,996,992,1,-452,-269,999,1397,0,695,0
"2025-01-19",33,40408,41637,36854,614,6606,13,17194,0,14,716,996,992,0,-435,-180,999,1397,0,695,0
"2025-01-19",34,41647,42901,37838,649,6606,0,17194,0,4,888,996,992,1,-433,-217,999,1397,0,695,0
"2025-01-19",35,42374,43794,38533,639,6606,0,17194,0,1,912,996,991,0,-451,-368,999,1397,0,695,0
"2025-01-19",36,42466,44010,38737,628,6606,0,17194,0,1,976,996,991,1,-451,-492,999,1397,0,695,0
"2025-01-19",37,41670,43230,38156,626,6606,0,17194,0,5,986,996,991,1,-451,-504,999,1397,0,695,0
"2025-01-19",38,40535,42120,37186,624,6606,0,17194,0,9,1057,996,991,1,-451,-525,997,1397,0,695,0
"2025-01-19",39,39628,41214,36364,626,6606,0,17194,0,9,1158,996,991,0,-451,-526,564,1397,0,695,0
"2025-01-19",40,38662,40251,35531,628,6606,0,17194,0,8,1013,994,984,1,-451,-530,542,1397,0,686,0
"2025-01-19",41,37458,39050,34357,648,6606,0,17194,0,14,1111,861,736,1,-451,-527,71,1397,0,322,0
"2025-01-19",42,36295,37887,33275,667,6606,0,17194,0,11,1028,801,701,1,-451,-530,50,1397,0,289,0
"2025-01-19",43,34098,36189,31144,679,6606,0,17194,0,9,1251,-376,27,0,-414,-509,-183,1397,0,20,0
"2025-01-19",44,33012,35307,30195,691,6606,0,17194,0,9,1251,-515,-40,0,-440,-498,-193,1398,0,0,0
"2025-01-19",45,31329,34787,28675,702,6606,0,17194,0,68,1466,-792,-767,0,-335,-363,-489,1398,0,-44,0
"2025-01-19",46,30010,33534,27630,713,6606,0,17194,0,77,1489,-802,-810,1,-357,-324,-500,1398,0,-54,0
"2025-01-19",47,28111,31780,25919,709,6606,0,17194,0,720,1257,-617,-570,0,-351,-306,-334,1399,0,-171,0
"2025-01-19",48,27258,30919,25096,704,6606,0,17194,0,708,1349,-600,-552,0,-322,-371,-328,1399,0,-180,0
"2025-01-20",1,27342,30886,25225,709,6606,0,18720,0,810,1570,-335,-489,1,-313,-507,-310,1399,0,-180,0
"2025-01-20",2,27695,31249,25606,713,6606,0,18720,0,897,1668,-319,-479,1,-302,-468,-310,1398,0,-179,0
"2025-01-20",3,27501,30882,25436,705,6606,0,18720,0,890,1682,-235,-263,0,-310,-526,-397,1398,0,-160,0
"2025-01-20",4,26956,30330,24910,696,6606,0,18720,0,881,1634,-230,-249,1,-322,-531,-400,1398,0,-161,0
"2025-01-20",5,26473,29926,24445,682,6606,0,18720,0,875,1538,-189,-244,1,-322,-531,-390,1398,0,-302,0
"2025-01-20",6,26082,29542,24109,668,6606,0,18720,0,869,1402,-190,-248,1,-322,-531,-391,1398,0,-309,0
"2025-01-20",7,25613,29583,23661,670,6606,0,18720,0,861,1409,-338,-429,1,-322,-531,-727,1398,0,-162,0
"2025-01-20",8,25454,29467,23556,671,6606,0,18720,0,861,1282,-349,-452,1,-322,-531,-740,1398,0,-158,0
"2025-01-20",9,25010,29848,23053,657,6606,0,18720,0,862,1317,-606,-853,1,-322,-488,-727,1399,0,-380,0
"2025-01-20",10,25052,29816,23058,643,6606,0,18720,0,861,1130,-630,-881,1,-322,-341,-726,1398,0,-403,0
"2025-01-20",11,25653,30783,23506,622,6606,0,18720,0,395,1355,-1014,-923,0,-322,-189,-1011,1398,0,-676,0
"2025-01-20",12,26697,31431,24434,601,6606,0,18720,0,76,1465,-1039,-917,0,-322,-62,-1023,1372,0,-695,0
"2025-01-20",13,29553,33758,26936,559,6606,0,18720,0,21,1720,-926,-588,0,-288,-123,-964,1045,0,-695,0
"2025-01-20",14,32348,36276,29590,517,6606,0,18720,0,14,1743,-899,-546,1,-198,-24,-952,992,0,-695,0
"2025-01-20",15,35279,37182,32272,522,6606,0,18720,0,10,1670,1,165,1,-282,0,-316,845,0,-695,0
"2025-01-20",16,36991,38894,33778,526,6606,0,18720,0,12,1690,48,227,1,-326,0,-283,856,0,-682,0
"2025-01-20",17,39363,40771,36052,536,6606,10,18720,0,11,1488,878,661,0,-437,-90,-54,1229,0,-216,0
"2025-01-20",18,39712,41169,36405,545,6606,149,18720,0,11,1481,938,694,1,-437,-204,-37,1284,0,-168,0
"2025-01-20",19,41149,42566,37694,539,6606,456,18720,0,13,1153,913,789,1,-451,-353,553,1385,0,436,0
"2025-01-20",20,41287,42787,37655,533,6606,776,18720,0,13,1038,914,795,0,-451,-436,581,1397,0,480,0
"2025-01-20",21,40867,42418,37260,522,6606,1067,18720,0,12,914,992,761,1,-452,-487,263,1397,0,568,0
"2025-01-20",22,40759,42354,37213,510,6606,1235,18720,0,12,897,997,764,1,-452,-531,264,1397,0,577,0
"2025-01-20",23,41071,42664,37611,492,6606,1475,18720,0,11,535,1005,977,1,-451,-531,979,1397,0,690,0
"2025-01-20",24,40761,42359,37371,473,6606,1586,18720,0,16,652,1006,987,1,-451,-531,1019,1397,0,698,0
"2025-01-20",25,40638,42183,37182,463,6606,1695,18720,0,13,642,982,832,1,-452,-480,924,1397,0,698,0
"2025-01-20",26,40552,42074,37133,452,6606,1744,18720,0,13,788,981,825,0,-451,-458,900,1397,0,687,0
"2025-01-20",27,40313,41762,36917,448,6606,1705,18720,0,9,973,983,981,0,-422,-418,78,1397,0,265,0
"2025-01-20",28,40026,41457,36659,444,6606,1630,18720,0,10,1046,981,990,1,-451,-370,27,1397,0,215,0
"2025-01-20",29,39657,41596,36202,454,6606,1399,18720,0,8,724,837,941,1,-451,-350,87,1397,0,-530,0
"2025-01-20",30,39655,41642,36205,463,6606,1168,18720,0,5,736,828,939,1,-451,-352,86,1397,0,-579,0
"2025-01-20",31,39785,41915,36280,467,6606,698,18720,0,1,724,775,974,1,-433,-214,-346,1397,0,-536,0
"2025-01-20",32,40339,42244,36783,471,6606,265,18720,0,1,838,769,972,0,-304,-101,-365,1397,0,-534,0
"2025-01-20",33,41343,43024,37572,522,6606,39,18720,0,0,1297,602,816,1,-158,-75,-271,1397,0,-577,0
"2025-01-20",34,42041,43512,38128,572,6606,0,18720,0,0,1433,588,798,1,-38,25,-268,1397,0,-565,0
"2025-01-20",35,42764,43952,38815,610,6606,0,18720,0,0,1445,332,522,1,-145,-51,-381,1397,0,22,0
"2025-01-20",36,42818,44083,38952,647,6606,0,18720,0,0,1326,316,514,1,-252,-9,-375,1397,0,76,0
"2025-01-20",37,43592,44393,39724,662,6606,0,18720,0,0,1338,160,899,1,-199,-2,267,1397,0,580,0
"2025-01-20",38,42923,43907,39129,676,6606,0,18720,0,0,1142,158,926,0,-280,-104,300,1397,0,615,0
"2025-01-20",39,41704,42982,38196,675,6606,0,18720,0,1,742,571,923,0,-421,-256,537,1397,0,618,0
"2025-01-20",40,40824,42290,37436,673,6606,0,18720,0,8,630,593,923,0,-451,-407,545,1397,0,620,0
"2025-01-20",41,39842,41390,36547,706,6606,0,18720,0,6,551,601,926,1,-451,-491,159,1397,0,676,0
"2025-01-20",42,38348,39937,35003,738,6606,0,18720,0,8,350,599,911,1,-451,-530,137,1397,0,680,0
"2025-01-20",43,36158,38179,32977,729,6606,0,18720,0,5,397,378,407,0,-451,-531,-434,1397,0,639,0
"2025-01-20",44,34730,36793,31747,720,6606,0,18720,0,56,315,358,359,0,-439,-506,-462,1398,0,632,0
"2025-01-20",45,32261,35043,29383,739,6606,0,18720,0,688,460,-102,-154,1,-345,-376,-517,1397,0,472,0
"2025-01-20",46,30788,33848,28024,757,6606,0,18720,0,719,381,-161,-205,1,-432,-420,-523,1398,0,460,0
"2025-01-20",47,28694,33496,26063,768,6606,0,18720,0,855,294,-726,-798,1,-439,-383,-1001,1397,0,427,0
"2025-01-20",48,27959,32815,25348,779,6606,0,18720,0,937,427,-757,-830,1,-337,-372,-1023,1397,0,419,0
"2025-01-21",1,27894,32641,25305,788,6606,0,18720,0,1209,375,-574,-526,0,-327,-488,-1023,1397,0,238,0
"2025-01-21",2,28292,32928,25742,797,6606,0,18720,0,1210,493,-561,-505,0,-327,-410,-1023,1397,0,226,0
"2025-01-21",3,28059,32634,25610,774,6606,0,18720,0,1211,298,-488,-469,0,-327,-506,-974,1397,0,247,0
"2025-01-21",4,27734,32309,25280,751,6606,0,18720,0,1197,309,-484,-464,1,-327,-531,-972,1397,0,246,0
"2025-01-21",5,26997,31362,24582,754,6606,0,18720,0,1195,326,-432,-375,0,-327,-531,-905,1398,0,19,0
"2025-01-21",6,26620,30970,24157,756,6606,0,18720,0,1185,472,-434,-369,1,-327,-531,-903,1398,0,-1,0
"2025-01-21",7,26373,30987,23974,825,6606,0,18720,0,1052,492,-707,-380,1,-328,-531,-866,1397,0,-150,0
"2025-01-21",8,25837,30630,23542,893,6606,0,18720,0,1182,276,-725,-393,1,-327,-531,-865,1397,0,-170,0
"2025-01-21",9,25361,31159,23122,890,6606,0,18720,0,1174,222,-892,-802,0,-327,-527,-1003,1398,0,-472,-1
"2025-01-21",10,25626,31376,23395,886,6606,0,18720,0,1158,196,-904,-835,1,-327,-423,-1008,1396,0,-495,0
"2025-01-21",11,26194,32080,23895,896,6606,0,18720,0,1163,202,-1039,-1014,0,-322,-272,-867,1383,0,-609,0
"2025-01-21",12,27193,32947,24782,905,6606,0,18720,0,1158,300,-1046,-1027,0,-327,-119,-862,1353,0,-615,0
"2025-01-21",13,29889,35579,27076,910,6606,0,18720,0,1148,807,-1046,-1027,0,-327,-6,-1017,980,0,-519,0
"2025-01-21",14,32532,37465,29449,915,6606,0,18720,0,462,973,-1031,-1020,1,-275,-13,-1018,919,0,-514,0
"2025-01-21",15,35566,38924,32224,944,6606,0,18720,0,15,903,-353,-776,1,-369,-140,-525,734,0,-580,0
"2025-01-21",16,37475,40825,33831,972,6606,0,18720,0,10,1242,-315,-756,1,-320,-285,-494,728,0,-570,0
"2025-01-21",17,38469,41116,34828,929,6606,24,18720,0,15,1209,-475,-661,0,-423,-436,142,943,0,-37,0
"2025-01-21",18,39118,41792,35658,885,6606,225,18720,0,13,1409,-479,-635,1,-452,-495,175,998,0,12,0
"2025-01-21",19,40240,42005,36798,832,6606,581,18720,0,17,1025,-194,44,1,-451,-503,88,1353,0,492,0
"2025-01-21",20,40037,41741,36536,779,6606,1188,18720,0,13,565,-171,103,1,-451,-469,85,1397,0,529,0
"2025-01-21",21,39783,41376,36309,728,6606,1832,18720,0,12,134,128,535,0,-451,-530,104,1397,0,677,0
"2025-01-21",22,39601,41197,36230,677,6606,2273,18720,0,13,134,175,572,1,-452,-531,107,1397,0,688,0
"2025-01-21",23,39758,41286,36322,663,6606,2625,18720,0,13,101,691,823,0,-384,-531,462,1397,0,694,0
"2025-01-21",24,39182,40685,35831,649,6606,2764,18720,0,13,221,719,841,0,-359,-531,476,1397,0,695,0
"2025-01-21",25,39075,40506,35677,632,6606,2672,18720,0,9,250,431,850,1,-313,-509,315,1397,0,695,0
"2025-01-21",26,38797,40225,35418,615,6606,2679,18720,0,9,381,429,854,1,-290,-529,309,1397,0,695,0
"2025-01-21",27,38806,40119,35484,591,6606,2616,18720,0,7,432,952,969,0,-267,-439,84,1397,0,682,0
"2025-01-21",28,38709,40035,35344,567,6606,2081,18720,0,9,227,985,977,0,-313,-404,77,1397,0,673,0
"2025-01-21",29,38736,39979,35430,542,6606,1530,18720,0,8,411,1008,991,0,-372,-263,397,1397,0,401,0
"2025-01-21",30,38525,39740,35257,517,6606,908,18720,0,10,443,1009,992,0,-365,-240,412,1368,0,380,0
"2025-01-21",31,39172,40459,35649,530,6606,483,18720,0,8,491,999,992,1,-447,-232,821,995,0,286,0
"2025-01-21",32,40047,41330,36383,543,6606,193,18720,0,8,661,996,992,0,-355,-320,837,977,0,274,0
"2025-01-21",33,41302,42572,37518,561,6606,22,18720,0,3,1021,997,992,0,-328,-339,713,1351,0,75,0
"2025-01-21",34,42581,43705,38736,578,6606,0,18720,0,0,1029,996,992,1,-335,-189,708,1397,0,63,0
"2025-01-21",35,43273,44445,39358,589,6606,0,18720,0,0,769,996,992,1,-428,-144,789,1397,0,176,0
"2025-01-21",36,43328,44628,39504,600,6606,0,18720,0,0,680,996,992,1,-452,-248,791,1397,0,194,0
"2025-01-21",37,43128,44320,39379,602,6606,0,18720,0,0,448,997,992,1,-452,-140,524,1397,0,547,0
"2025-01-21",38,42669,43934,38919,604,6606,0,18720,0,0,496,997,992,0,-452,-213,517,1397,0,568,0
"2025-01-21",39,41978,43343,38402,599,6606,0,18720,0,2,431,996,992,0,-452,-311,979,1397,0,422,0
"2025-01-21",40,40485,41993,37052,594,6606,0,18720,0,5,284,996,992,0,-452,-451,998,1397,0,409,0
"2025-01-21",41,38713,40204,35385,528,6606,0,18720,0,5,79,997,992,1,-452,-434,616,1397,0,346,0
"2025-01-21",42,37908,39470,34677,461,6606,0,18720,0,8,220,994,990,1,-452,-502,601,1397,0,341,0
"2025-01-21",43,36609,38342,33439,429,6606,0,18720,0,271,203,904,927,1,-452,-410,545,1397,0,341,0
"2025-01-21",44,35050,36938,32091,396,6606,0,18720,0,355,42,892,906,1,-452,-481,532,1397,0,339,0
"2025-01-21",45,33107,35044,30271,356,6606,0,18720,0,355,160,607,291,1,-423,-409,-150,1397,0,235,0
"2025-01-21",46,31175,33727,28588,316,6606,0,18720,0,808,-289,591,260,1,-452,-505,-187,1397,0,234,0
"2025-01-21",47,29386,32589,27036,290,6606,0,18720,0,1204,-699,561,660,1,-452,-531,-416,1397,0,496,0
"2025-01-21",48,28271,31480,26035,264,6606,0,18720,0,1201,-828,566,694,1,-452,-531,-425,1397,0,515,0
"2025-01-22",1,28307,31779,26068,239,6606,0,18720,0,1183,-893,968,939,1,-452,-530,-707,1397,0,542,0
"2025-01-22",2,28846,32271,26554,214,6606,0,18720,0,1125,-589,990,957,0,-452,-530,-718,1397,0,546,0
"2025-01-22",3,28680,32014,26384,202,6606,0,18720,0,1178,-529,997,984,1,-452,-530,-574,1398,0,599,0
"2025-01-22",4,28210,31526,25967,189,6606,0,18720,0,1171,-657,998,986,0,-452,-531,-562,1398,0,601,0
"2025-01-22",5,27768,30520,25681,171,6606,0,18720,0,1170,-854,992,991,0,-452,-530,24,1397,0,512,0
"2025-01-22",6,27356,30095,25297,153,6606,0,18720,0,1157,-876,992,991,0,-452,-530,53,1397,0,501,0
"2025-01-22",7,26834,29574,24765,143,6606,0,18720,0,1158,-867,992,991,1,-452,-530,89,1397,0,418,0
"2025-01-22",8,26366,29095,24303,132,6606,0,18720,0,1146,-876,992,991,1,-452,-531,59,1398,0,401,0
"2025-01-22",9,25899,29550,23845,132,6606,0,18720,0,1142,-850,994,991,0,-452,-531,-926,1397,0,22,0
"2025-01-22",10,25917,29627,23842,131,6606,0,18720,0,1134,-918,980,986,0,-452,-510,-996,1398,0,-18,0
"2025-01-22",11,26385,30375,24280,132,6606,0,18720,0,1129,-887,457,800,1,-452,-376,-820,1398,0,-613,0
"2025-01-22",12,27498,31322,25313,133,6606,0,18720,0,1128,-859,424,788,0,-407,-223,-813,1396,0,-653,0
"2025-01-22",13,30256,33751,27760,132,6606,0,18720,0,987,-473,483,839,1,-261,-72,-922,1380,0,-653,0
"2025-01-22",14,32940,35720,30114,130,6606,0,18720,0,420,-153,487,838,0,-273,-22,-825,1351,0,-640,0
"2025-01-22",15,35658,37009,32488,134,6606,0,18720,0,12,-243,535,709,0,-416,-144,678,994,0,-179,8
"2025-01-22",16,37652,38948,34123,138,6606,0,18720,0,10,-30,545,708,1,-405,-141,837,979,0,-140,0
"2025-01-22",17,39098,40433,35430,135,6606,9,18720,0,10,77,972,973,1,-449,-276,993,1351,0,84,0
"2025-01-22",18,39612,40935,35943,131,6606,121,18720,0,10,68,997,991,1,-436,-277,998,1397,0,116,0
"2025-01-22",19,40808,41881,37081,128,6606,365,18720,0,10,168,997,992,1,-336,-127,1018,1397,0,659,0
"2025-01-22",20,41086,42207,37408,125,6606,701,18720,0,9,134,997,992,1,-412,-100,1019,1397,0,697,0
"2025-01-22",21,40991,41956,37409,127,6606,1066,18720,0,9,22,997,992,1,-346,-10,1019,1397,0,697,0
"2025-01-22",22,40869,41903,37260,128,6606,1534,18720,0,9,-149,997,992,1,-425,0,1019,1397,0,697,0
"2025-01-22",23,40481,41579,36919,136,6606,2025,18720,0,12,-181,996,991,1,-443,-34,1019,1397,0,697,-9
"2025-01-22",24,40105,41204,36569,144,6606,2495,18720,0,12,-119,997,991,1,-451,-36,1019,1397,0,697,0
"2025-01-22",25,40179,41194,36532,150,6606,2639,18720,0,9,-66,997,991,1,-393,-13,1019,1397,0,697,0
"2025-01-22",26,40082,40999,36313,155,6606,2778,18720,0,10,-16,997,991,1,-244,-63,1019,1397,0,697,0
"2025-01-22",27,40075,40772,36278,161,6606,2601,18720,0,5,38,996,992,1,-92,49,1019,1397,0,697,0
"2025-01-22",28,39436,40041,35599,166,6606,2084,18720,0,5,172,997,992,0,19,5,1019,1397,0,697,0
"2025-01-22",29,39457,40066,35598,176,6606,1578,18720,0,1,191,997,992,1,-8,0,1000,1397,0,697,0
"2025-01-22",30,39282,39897,35561,185,6606,1089,18720,0,0,181,997,992,1,-15,0,999,1397,0,697,0
"2025-01-22",31,39465,40178,35845,190,6606,697,18720,0,0,63,996,992,1,-113,64,999,1397,0,697,0
"2025-01-22",32,40449,41071,36764,195,6606,333,18720,0,0,254,996,992,1,-22,216,999,1397,0,697,0
"2025-01-22",33,41267,41867,37333,214,6606,71,18720,0,0,257,996,992,1,0,366,999,1397,0,697,0
"2025-01-22",34,42007,42607,38131,233,6606,0,18720,0,0,465,996,992,1,0,452,999,1397,0,697,0
"2025-01-22",35,43060,43660,39108,254,6606,0,18720,0,0,414,996,992,1,0,391,999,1397,0,697,0
"2025-01-22",36,43153,43753,39098,275,6606,0,18720,0,0,239,996,992,1,0,387,999,1397,0,697,0
"2025-01-22",37,42740,43340,38733,296,6606,0,18720,0,0,280,996,992,1,0,347,999,1397,0,697,0
"2025-01-22",38,42626,43226,38629,316,6606,0,18720,0,0,286,996,992,1,0,346,999,1397,0,697,0
"2025-01-22",39,41518,42133,37690,339,6606,0,18720,0,0,319,996,992,1,-15,362,999,1398,0,697,0
"2025-01-22",40,40833,41576,37079,361,6606,0,18720,0,0,363,996,992,1,-143,236,999,1398,0,697,1
"2025-01-22",41,39809,40710,36219,374,6606,0,18720,0,6,242,996,992,1,-295,83,999,1397,0,697,69
"2025-01-22",42,38275,39349,34862,386,6606,0,18720,0,9,135,996,992,1,-430,-35,999,1398,0,697,211
"2025-01-22",43,36956,38119,33648,404,6606,0,18720,0,12,105,995,992,1,-428,-123,999,1397,0,697,250
"2025-01-22",44,35091,36387,32033,422,6606,0,18720,0,9,-255,996,992,1,-451,-236,999,1398,0,697,242
"2025-01-22",45,33407,34604,30451,458,6606,0,18720,0,7,-343,996,992,1,-448,-142,881,1397,0,697,132
"2025-01-22",46,31561,32852,28731,493,6606,0,18720,0,9,-373,996,992,0,-451,-231,877,1397,0,697,15
"2025-01-22",47,29748,31112,26893,519,6606,0,18720,0,11,-134,996,992,0,-384,-369,995,1398,0,697,5
"2025-01-22",48,28422,29842,25659,545,6606,0,18720,0,12,-17,996,992,1,-302,-506,999,1398,0,697,5
"2025-01-23",1,28453,30237,25743,594,6606,0,18720,0,352,71,996,992,1,-302,-530,999,1398,0,697,5
"2025-01-23",2,28829,30799,26170,643,6606,0,18720,0,592,126,996,992,1,-302,-476,999,1398,0,697,5
"2025-01-23",3,28484,30624,25850,696,6606,0,18720,0,913,171,996,992,1,-301,-326,999,1398,0,697,5
"2025-01-23",4,27970,30004,25351,749,6606,0,18720,0,949,230,996,992,0,-302,-183,999,1398,0,697,5
"2025-01-23",5,27227,29429,24651,814,6606,0,18720,0,1190,367,996,992,1,-233,-179,999,1398,0,697,5
"2025-01-23",6,26795,28699,24269,879,6606,0,18720,0,1132,334,996,992,1,-124,-48,999,1397,0,697,5
"2025-01-23",7,26573,28474,24065,969,6606,0,18720,0,1218,380,996,992,1,-83,0,999,1397,0,697,5
"2025-01-23",8,26131,27921,23600,1059,6606,0,18720,0,1116,385,996,991,1,-74,52,999,1397,0,697,5
"2025-01-23",9,25834,27711,23347,1153,6606,0,18720,0,1203,283,986,977,1,-74,199,816,1397,0,697,5
"2025-01-23",10,25664,27496,23113,1247,6606,0,18720,0,1202,403,984,972,1,-30,331,739,1397,0,686,5
"2025-01-23",11,25943,28307,23356,1381,6606,0,18720,0,1186,998,761,850,1,67,412,-578,1397,0,276,5
"2025-01-23",12,27067,29495,24605,1514,6606,0,18720,0,1127,1397,744,829,1,217,368,-701,1391,0,241,4
"2025-01-23",13,29703,31128,26883,1682,6606,0,18720,0,367,1879,333,382,1,361,268,-388,1317,0,14,-70
"2025-01-23",14,31736,32949,29040,1850,6606,0,18720,0,11,2623,324,361,1,400,170,-366,1313,0,14,-236
"2025-01-23",15,34805,35782,32096,2079,6606,0,18720,0,9,3029,959,731,1,387,28,274,1388,0,557,-368
"2025-01-23",16,35837,36944,32889,2307,6606,0,18720,0,11,3149,997,763,1,261,32,317,1397,0,597,-496
"2025-01-23",17,37321,38447,34155,2452,6606,30,18720,0,13,3098,995,977,1,114,0,956,1397,0,688,-513
"2025-01-23",18,38222,39349,34958,2596,6606,258,18720,0,13,3108,995,992,1,5,0,989,1397,0,698,-514
"2025-01-23",19,39273,40452,36120,2727,6606,449,18720,0,14,3253,995,992,1,-51,0,1018,1397,0,698,-514
"2025-01-23",20,39596,40754,36372,2858,6606,538,18720,0,15,3331,995,991,0,-30,0,1019,1397,0,698,-513
"2025-01-23",21,39682,40857,36311,2964,6606,572,18720,0,16,3244,995,992,1,-46,0,1010,1397,0,698,-513
"2025-01-23",22,39725,40875,36394,3069,6606,752,18720,0,15,3159,995,992,1,-22,0,1009,1397,0,698,-513
"2025-01-23",23,39897,41024,36577,3205,6606,833,18720,0,14,3370,995,992,1,2,0,1019,1397,0,698,-513
"2025-01-23",24,39699,40826,36459,3341,6606,987,18720,0,14,3541,985,992,1,59,0,1019,1397,0,698,-513
"2025-01-23",25,39601,40727,36116,3422,6606,1078,18720,0,12,3736,528,992,1,51,0,1019,1397,0,698,-514
"2025-01-23",26,39211,40339,35669,3503,6606,1244,18720,0,14,3602,501,992,1,42,0,1019,1397,0,698,-514
"2025-01-23",27,38887,40105,35372,3529,6606,1579,18720,0,14,3543,501,992,0,-67,0,1019,1397,0,698,-537
"2025-01-23",28,38763,40122,35269,3554,6606,2007,18720,0,12,3313,501,992,1,-219,-14,1019,1397,0,698,-514
"2025-01-23",29,38003,39557,34644,3602,6606,1850,18720,0,12,3121,502,992,0,-289,-139,759,1397,0,698,-514
"2025-01-23",30,37540,39316,34404,3650,6606,1896,18720,0,12,3126,502,992,1,-361,-290,750,1397,0,698,-513
"2025-01-23",31,37771,39787,34471,3554,6606,1333,18720,0,12,3041,531,992,1,-449,-441,990,1397,0,698,-514
"2025-01-23",32,38671,40773,35228,3457,6606,656,18720,0,10,3165,984,992,1,-450,-529,1000,1397,0,698,-513
"2025-01-23",33,39331,41437,35912,3376,6606,121,18720,0,13,3548,1000,992,0,-450,-530,999,1397,0,698,-513
"2025-01-23",34,40607,42715,37123,3294,6606,0,18720,0,13,3379,1000,992,1,-450,-531,999,1397,0,698,-514
"2025-01-23",35,41450,43548,37902,3261,6606,0,18720,0,4,3225,1000,992,0,-450,-531,999,1397,0,698,-513
"2025-01-23",36,41810,43908,38148,3228,6606,0,18720,0,4,2800,1000,992,1,-450,-530,999,1397,0,698,-514
"2025-01-23",37,41537,43641,37965,3098,6606,0,18720,0,9,2988,1000,992,1,-450,-531,999,1397,0,698,-514
"2025-01-23",38,40785,42889,37292,2967,6606,0,18720,0,10,3079,1000,992,0,-450,-531,999,1397,0,716,-513
"2025-01-23",39,40109,42196,36850,2899,6606,0,18720,0,14,3078,1000,992,1,-431,-529,999,1397,0,1375,-513
"2025-01-23",40,39018,41013,35906,2831,6606,0,18720,0,12,2894,1000,992,1,-433,-437,999,1397,0,1423,-513
"2025-01-23",41,37933,39731,34846,2748,6606,0,18720,0,12,2958,1000,991,1,-305,-387,999,1397,0,1422,-494
"2025-01-23",42,36737,38106,33752,2665,6606,0,18720,0,11,2861,1000,991,0,-154,-240,999,1397,0,1422,-364
"2025-01-23",43,34425,35342,31585,2724,6606,0,18720,0,11,2998,1000,991,1,-3,-88,999,1397,0,1422,-215
"2025-01-23",44,32445,33122,29845,2783,6606,0,18720,0,10,2944,1000,991,1,145,40,999,1397,0,1423,-67
"2025-01-23",45,30304,30915,27822,2900,6606,0,18720,0,11,3018,1000,991,0,261,3,999,1397,0,1422,0
"2025-01-23",46,28579,29373,26062,3016,6606,0,18720,0,194,3153,998,989,1,386,52,996,1397,0,1422,0
"2025-01-23",47,26572,27365,24041,3143,6606,0,18720,0,193,3494,861,901,1,332,17,530,1397,0,1382,0
"2025-01-23",48,25487,26672,22982,3270,6606,0,18720,0,577,3646,856,897,1,182,-8,509,1397,0,1374,0
"2025-01-24",1,25290,26581,22954,3645,6606,0,18720,0,691,3770,993,986,0,38,0,257,1397,0,1386,0
"2025-01-24",2,25511,26996,23206,4019,6606,0,18720,0,833,4301,1001,992,1,0,-52,254,1397,0,1376,0
"2025-01-24",3,25066,27138,23239,4291,6606,0,18720,0,1202,4736,1000,992,1,-68,-202,807,1397,0,904,0
"2025-01-24",4,24281,26627,22766,4562,6606,0,18720,0,1225,4638,985,984,1,-168,-353,833,1397,0,875,0
"2025-01-24",5,23795,26208,22351,4902,6606,0,18720,0,1146,4690,329,724,0,-171,-496,574,1397,0,1056,0
"2025-01-24",6,23368,25876,22002,5242,6606,0,18720,0,1207,4694,288,696,0,-171,-530,560,1397,0,1049,0
"2025-01-24",7,22622,24836,21340,5465,6606,0,18720,0,913,4862,312,318,1,-171,-530,72,1397,0,303,0
"2025-01-24",8,22107,24596,20937,5688,6606,0,18720,0,1187,4719,303,289,0,-171,-531,38,1397,0,244,0
"2025-01-24",9,21294,24313,20218,5723,6606,0,18720,0,935,4624,-113,183,0,-171,-531,-669,1397,0,13,0
"2025-01-24",10,21282,24295,20229,5758,6606,0,18720,0,852,4515,-152,173,0,-171,-531,-707,1397,0,48,0
"2025-01-24",11,21877,25308,20825,5655,6606,0,18720,0,1041,4570,-395,39,0,-170,-531,-694,1397,0,1152,0
"2025-01-24",12,22629,25860,21467,5552,6606,0,18720,0,875,4508,-379,42,0,-170,-530,-677,1397,0,1255,0
"2025-01-24",13,25313,27562,23948,5324,6606,0,18720,0,893,4435,544,448,0,-225,-531,94,1397,0,1412,0
"2025-01-24",14,27632,29498,26016,5096,6606,0,18720,0,487,4337,635,484,0,-250,-529,145,1397,0,1425,0
"2025-01-24",15,30813,32138,28961,4732,6606,0,18720,0,13,3994,791,771,0,-250,-462,699,1397,0,1424,0
"2025-01-24",16,32671,34061,30384,4367,6606,0,18720,0,15,3658,806,796,0,-250,-525,725,1397,0,1425,0
"2025-01-24",17,34288,35681,31783,4321,6606,13,18720,0,12,3423,987,980,0,-250,-531,989,1397,0,1424,0
"2025-01-24",18,34824,36214,32347,4275,6606,325,18720,0,9,3094,1000,992,0,-250,-531,999,1397,0,1425,0
"2025-01-24",19,35242,36634,32502,4161,6606,1141,18720,0,11,2864,1000,992,0,-250,-531,1018,1397,0,1425,0
"2025-01-24",20,35139,36500,32385,4047,6606,1881,18720,0,10,2768,1000,992,0,-220,-531,1019,1397,0,1424,0
"2025-01-24",21,34841,35982,32040,4004,6606,2527,18720,0,10,2752,999,992,0,0,-531,1019,1397,0,1425,0
"2025-01-24",22,34715,35812,31764,3961,6606,3389,18720,0,10,2709,999,992,0,-4,-482,1019,1397,0,1425,-1
"2025-01-24",23,34307,35318,31376,3881,6606,3765,18720,0,10,2589,999,991,1,-29,-334,1019,1397,0,1424,-38
"2025-01-24",24,33968,34787,30961,3801,6606,4403,18720,0,11,2447,999,991,0,-26,-182,1019,1397,0,1425,0
"2025-01-24",25,33992,34724,30961,3780,6606,4147,18720,0,9,2280,996,992,0,-64,-59,1019,1397,0,1424,0
"2025-01-24",26,33837,34496,30681,3759,6606,4195,18720,0,12,2278,1000,992,0,-47,37,1019,1397,0,1421,0
"2025-01-24",27,33190,34051,30044,3854,6606,4856,18720,0,12,2136,1000,992,0,-194,-55,1019,1397,0,1421,0
"2025-01-24",28,32983,33904,29949,3948,6606,4254,18720,0,12,2068,1000,992,0,-244,-65,1019,1397,0,1421,0
"2025-01-24",29,33068,34127,30103,4034,6606,3619,18720,0,14,2097,1000,992,1,-292,-153,1000,1397,0,1421,0
"2025-01-24",30,33272,34243,30432,4120,6606,2746,18720,0,15,1933,1010,992,0,-319,-37,999,1397,0,1421,0
"2025-01-24",31,33977,34970,31132,4124,6606,1537,18720,0,15,1787,1468,992,0,-378,0,977,1397,0,1421,0
"2025-01-24",32,34965,35890,32154,4127,6606,584,18720,0,14,1898,1494,992,0,-289,-22,976,1397,0,1421,0
"2025-01-24",33,36030,36838,33165,4145,6606,96,18720,0,13,1893,1494,992,0,-191,8,998,1397,0,1421,-4
"2025-01-24",34,36970,37819,33997,4162,6606,0,18720,0,13,2134,1495,992,0,-236,0,999,1397,0,1421,0
"2025-01-24",35,38300,39198,35115,4179,6606,0,18720,0,7,2239,1499,992,0,-291,0,931,1397,0,1421,0
"2025-01-24",36,38552,39528,35396,4196,6606,0,18720,0,11,2406,1500,992,0,-365,0,928,1398,0,1421,0
"2025-01-24",37,38032,39000,34920,4200,6606,0,18720,0,11,2344,1500,992,0,-357,0,699,1397,0,1421,0
"2025-01-24",38,37508,38456,34418,4204,6606,0,18720,0,12,2606,1500,992,0,-336,0,691,1397,0,1421,0
"2025-01-24",39,36682,37620,33997,4202,6606,0,18720,0,7,3097,1499,992,0,-331,0,988,1397,0,1421,0
"2025-01-24",40,35783,36754,33150,4200,6606,0,18720,0,12,3352,1500,992,0,-359,0,999,1397,0,1421,0
"2025-01-24",41,34826,35761,32314,4330,6606,0,18720,0,9,3719,1499,992,0,-326,0,999,1397,0,1421,0
"2025-01-24",42,33371,34224,30914,4460,6606,0,18720,0,9,4122,1499,992,0,-244,0,999,1397,0,1421,0
"2025-01-24",43,31575,32479,29467,4330,6606,0,18720,0,9,4468,1499,992,0,-231,-64,993,1397,0,1421,0
"2025-01-24",44,30338,31322,28300,4200,6606,0,18720,0,9,4653,1499,992,0,-231,-144,992,1397,0,1420,0
"2025-01-24",45,28720,30020,26841,4143,6606,0,18720,0,247,4549,1499,992,0,-162,-291,987,1397,0,1420,0
"2025-01-24",46,27161,28863,25402,4085,6606,0,18720,0,590,4617,1499,992,0,-74,-417,987,1397,0,1420,-21
"2025-01-24",47,25937,27690,24273,3996,6606,0,18720,0,647,4622,1500,992,0,-74,-432,879,1397,0,1420,0
"2025-01-24",48,25338,27470,23708,3907,6606,0,18720,0,1027,4630,1499,992,0,-73,-432,875,1397,0,1420,0
"2025-01-25",1,25221,27539,23658,3796,6606,0,18720,0,1212,4620,1500,992,0,-74,-432,936,1397,0,1424,0
"2025-01-25",2,25205,27514,23771,3685,6606,0,18720,0,1203,4595,1498,991,0,-74,-432,938,1397,0,1424,0
"2025-01-25",3,24565,26873,23282,3627,6606,0,18720,0,1202,4387,1421,980,0,-74,-432,750,1397,0,1422,0
"2025-01-25",4,24113,26411,22804,3569,6606,0,18720,0,1192,4420,1416,980,0,-74,-432,743,1397,0,1421,0
"2025-01-25",5,23782,26005,22455,3585,6606,0,18720,0,1117,4447,1382,991,0,-74,-432,784,1397,0,1382,0
"2025-01-25",6,23327,25592,21973,3600,6606,0,18720,0,1161,4505,1382,992,0,-73,-431,785,1397,0,1355,0
"2025-01-25",7,22719,24491,21337,3569,6606,0,18720,0,666,4436,1494,992,1,-74,-432,928,1397,0,498,0
"2025-01-25",8,22393,24257,20991,3537,6606,0,18720,0,758,4491,1500,992,0,-74,-432,927,1397,0,446,0
"2025-01-25",9,21978,23921,20606,3567,6606,0,18720,0,837,4459,1502,992,0,-74,-432,395,1397,0,789,0
"2025-01-25",10,21817,23822,20470,3597,6606,0,18720,0,899,4357,1501,990,1,-74,-432,371,1397,0,820,0
"2025-01-25",11,22407,24408,20969,3540,6606,0,18720,0,896,4378,1382,922,0,-73,-432,600,1397,0,1088,0
"2025-01-25",12,22724,24714,21294,3483,6606,0,18720,0,884,4392,1378,918,0,-74,-432,608,1397,0,1104,0
"2025-01-25",13,23490,25309,21981,3440,6606,18,18720,0,713,4222,1459,914,0,-74,-432,715,1397,0,996,0
"2025-01-25",14,24481,26476,22867,3396,6606,0,18720,0,830,4229,1458,912,0,-73,-492,718,1397,0,995,0
"2025-01-25",15,25974,27434,24341,3338,6606,0,18720,0,186,4094,1056,832,0,-143,-531,739,1397,0,1302,0
"2025-01-25",16,27428,28947,25703,3280,6606,28,18720,0,141,4232,1041,829,0,-247,-531,739,1397,0,1326,0
"2025-01-25",17,29423,30814,27492,3224,6606,144,18720,0,10,4247,1357,899,0,-250,-531,755,1397,0,1413,0
"2025-01-25",18,30371,31834,28317,3167,6606,1063,18720,0,13,4370,1378,906,0,-319,-531,756,1397,0,1422,0
"2025-01-25",19,30831,32417,28584,3003,6606,2575,18720,0,14,4274,1493,986,0,-441,-531,998,1397,0,1422,0
"2025-01-25",20,30450,32047,28141,2839,6606,4004,18720,0,14,4190,1500,990,0,-452,-531,1007,1397,0,1422,0
"2025-01-25",21,30002,31599,27550,2753,6606,5078,18720,0,14,4177,1500,934,0,-452,-531,884,1397,0,1422,0
"2025-01-25",22,29336,30933,26729,2667,6606,6005,18720,0,14,4281,1491,928,0,-452,-531,878,1397,0,1422,0
"2025-01-25",23,28875,30471,26130,2600,6606,6487,18720,0,13,4399,1146,873,0,-452,-531,556,1397,0,1422,0
"2025-01-25",24,28662,30256,25922,2532,6606,6654,18720,0,11,4382,1133,872,0,-452,-531,543,1397,0,1422,0
"2025-01-25",25,28419,30016,25708,2445,6606,6814,18720,0,14,4334,1480,984,0,-452,-531,281,1397,0,1422,0
"2025-01-25",26,28434,30027,25747,2358,6606,6538,18720,0,10,4267,1502,990,0,-452,-531,272,1397,0,1422,0
"2025-01-25",27,28577,30169,25991,2249,6606,5702,18720,0,9,4136,1473,928,0,-452,-531,361,1397,0,1422,0
"2025-01-25",28,28875,30468,26279,2140,6606,5031,18720,0,10,4077,1472,925,0,-452,-531,367,1398,0,1420,0
"2025-01-25",29,29360,30950,26826,1924,6606,3938,18720,0,7,3828,1500,987,0,-452,-531,822,1397,0,1352,0
"2025-01-25",30,30459,32034,27931,1708,6606,2806,18720,0,10,3638,1501,992,0,-434,-531,841,1397,0,1339,0
"2025-01-25",31,31681,33222,29124,1653,6606,1798,18720,0,8,3522,1502,992,0,-402,-531,864,1398,0,1129,0
"2025-01-25",32,32763,34287,30123,1598,6606,829,18720,0,8,3577,1501,992,0,-387,-527,862,1397,0,1112,-2
"2025-01-25",33,34440,35887,31658,1664,6606,158,18720,0,4,3821,1502,992,0,-390,-453,437,1397,0,1025,0
"2025-01-25",34,35653,37198,32700,1729,6606,0,18720,0,3,4014,1502,992,0,-418,-524,419,1397,0,1018,0
"2025-01-25",35,37462,39048,34243,1900,6606,0,18720,0,3,4223,1502,992,1,-452,-531,456,1397,0,1018,0
"2025-01-25",36,37891,39477,34598,2071,6606,0,18720,0,3,4273,1502,992,0,-452,-531,458,1397,0,1018,0
"2025-01-25",37,37744,39351,34460,2159,6606,0,18720,0,3,4458,1502,992,0,-452,-531,552,1397,0,991,-21
"2025-01-25",38,37221,38795,34093,2247,6606,0,18720,0,9,4446,1502,992,0,-434,-531,557,1398,0,988,0
"2025-01-25",39,36391,37924,33547,2421,6606,0,18720,0,9,4336,1501,992,0,-393,-531,895,1397,0,948,0
"2025-01-25",40,35695,37205,32822,2595,6606,0,18720,0,8,4487,1501,992,0,-371,-531,908,1398,0,946,0
"2025-01-25",41,34628,36194,31745,2800,6606,0,18720,0,9,4681,1501,992,0,-426,-531,630,1397,0,984,0
"2025-01-25",42,33080,34673,30389,3004,6606,0,18720,0,10,4525,1502,992,1,-452,-531,619,1398,0,989,0
"2025-01-25",43,31646,33240,29058,3048,6606,0,18720,0,11,4523,1501,992,0,-452,-531,671,1397,0,989,0
"2025-01-25",44,30395,31978,28003,3092,6606,0,18720,0,10,4315,1501,992,1,-442,-531,673,1397,0,989,0
"2025-01-25",45,28802,30304,26572,3115,6606,0,18720,0,10,4225,1501,992,0,-361,-531,733,1397,0,989,0
"2025-01-25",46,27600,29187,25361,3137,6606,0,18720,0,13,4305,1501,992,0,-443,-531,736,1398,0,990,0
"2025-01-25",47,26304,27835,24140,3126,6606,0,18720,0,15,4298,1500,992,0,-452,-464,990,1397,0,990,0
"2025-01-25",48,25379,26828,23353,3114,6606,0,18720,0,29,4240,1500,992,0,-423,-397,999,1398,0,990,0
"2025-01-26",1,25643,26892,23617,3152,6606,0,18720,0,51,4245,1500,992,0,-346,-252,999,1397,0,990,0
"2025-01-26",2,25867,26918,23930,3189,6606,0,18720,0,16,4230,1500,992,0,-302,-133,999,1397,0,990,0
"2025-01-26",3,25265,26418,23403,2993,6606,0,18720,0,16,4381,1500,992,0,-302,-235,999,1397,0,990,0
"2025-01-26",4,24567,25728,22798,2797,6606,0,18720,0,14,4389,1500,992,0,-302,-245,999,1397,0,986,0
"2025-01-26",5,24303,25528,22510,2736,6606,0,18720,0,15,4493,1500,992,0,-302,-297,999,1397,0,855,-11
"2025-01-26",6,23949,25164,22176,2674,6606,0,18720,0,14,4447,1500,992,1,-302,-299,999,1397,0,845,0
"2025-01-26",7,23587,25072,21818,2661,6606,0,18720,0,292,4276,1500,992,1,-302,-291,999,1398,0,836,0
"2025-01-26",8,23094,24871,21286,2647,6606,0,18720,0,720,4340,1500,992,0,-301,-156,999,1397,0,833,0
"2025-01-26",9,22662,24421,20879,2608,6606,0,18720,0,622,4324,1501,992,0,-301,-236,847,1397,0,794,0
"2025-01-26",10,22557,24599,20741,2569,6606,0,18720,0,839,4221,1500,992,0,-303,-300,832,1397,0,781,0
"2025-01-26",11,22301,24313,20397,2712,6606,0,18720,0,924,4351,1502,992,0,-332,-156,197,1397,0,451,0
"2025-01-26",12,22458,24339,20593,2855,6606,0,18720,0,929,4069,1502,992,0,-332,-20,170,1397,0,433,0
"2025-01-26",13,23609,25480,21690,3018,6606,0,18720,0,925,3852,1500,992,0,-346,0,702,1397,0,679,0
"2025-01-26",14,24201,26026,22218,3180,6606,0,18720,0,920,3765,1500,992,0,-305,0,726,1397,0,681,0
"2025-01-26",15,24695,26357,22606,3230,6606,0,18720,0,856,3736,1500,992,1,-206,0,847,1397,0,100,0
"2025-01-26",16,25569,27207,23382,3279,6606,20,18720,0,858,3645,1499,992,1,-180,0,852,1397,0,54,0
"2025-01-26",17,26759,28208,24518,3326,6606,91,18720,0,501,3509,1499,992,0,-178,0,994,1397,0,-170,0
"2025-01-26",18,28414,29444,25931,3372,6606,297,18720,0,192,3742,1499,992,1,-75,0,999,1397,0,-163,0
"2025-01-26",19,29818,30437,27212,3574,6606,514,18720,0,19,3936,1499,992,0,0,0,1018,1397,0,628,0
"2025-01-26",20,30807,31422,28069,3776,6606,802,18720,0,15,4071,1498,992,1,0,0,1019,1397,0,690,0
"2025-01-26",21,31715,32334,28895,3823,6606,979,18720,0,13,4102,1499,992,1,-6,0,1020,1397,0,965,0
"2025-01-26",22,32469,33138,29658,3869,6606,979,18720,0,10,4036,1499,992,0,-59,0,1019,1397,0,984,0
"2025-01-26",23,33316,33955,30502,3944,6606,984,18720,0,9,4007,1499,992,0,-30,0,1019,1397,0,984,0
"2025-01-26",24,34016,34750,31214,4019,6606,790,18720,0,9,3742,1499,992,0,-125,0,1019,1397,0,984,0
"2025-01-26",25,34668,35360,31847,4119,6606,646,18720,0,7,3621,1499,992,0,-85,0,1019,1397,0,984,0
"2025-01-26",26,34687,35352,32009,4219,6606,612,18720,0,6,3515,1499,992,0,-59,0,1019,1397,0,984,0
"2025-01-26",27,34610,35310,31974,4366,6606,660,18720,0,11,3641,1499,992,0,-89,0,1019,1397,0,984,0
"2025-01-26",28,34759,35471,32058,4513,6606,674,18720,0,15,3813,1499,992,0,-97,0,1019,1397,0,984,0
"2025-01-26",29,35249,35909,32368,4660,6606,472,18720,0,7,4010,1499,992,1,-53,0,1000,1397,0,987,0
"2025-01-26",30,35291,35989,32478,4807,6606,396,18720,0,11,4025,1499,992,0,-87,0,999,1397,0,987,0
"2025-01-26",31,35596,36357,32803,4842,6606,342,18720,0,11,3747,1499,992,0,-150,0,999,1397,0,987,0
"2025-01-26",32,35831,36577,32999,4877,6606,180,18720,0,9,3967,1499,992,1,-137,0,999,1397,0,987,0
"2025-01-26",33,36459,37257,33459,4952,6606,90,18720,0,9,4194,1499,992,1,-189,0,999,1397,0,982,0
"2025-01-26",34,37746,38478,34492,5027,6606,0,18720,0,6,4538,1499,992,0,-126,0,999,1397,0,980,0
"2025-01-26",35,38566,39427,35249,4946,6606,38,18720,0,6,4505,1499,992,0,-255,0,999,1397,0,984,0
"2025-01-26",36,38534,39535,35346,4864,6606,0,18720,0,6,4419,1499,992,1,-386,-9,999,1397,0,993,0
"2025-01-26",37,38097,39272,34884,4739,6606,0,18720,0,7,4550,1499,992,0,-450,-118,999,1397,0,1306,0
"2025-01-26",38,37490,38699,34375,4613,6606,0,18720,0,7,4474,1499,992,0,-450,-152,999,1397,0,1330,0
"2025-01-26",39,36325,37397,33322,4450,6606,0,18720,0,14,4464,1499,992,0,-437,-21,999,1397,0,1414,0
"2025-01-26",40,34999,36049,32144,4287,6606,0,18720,0,16,4385,1499,992,0,-434,0,999,1397,0,1423,0
"2025-01-26",41,33781,34748,30925,4074,6606,0,18720,0,12,4458,1499,992,1,-355,0,999,1397,0,1424,0
"2025-01-26",42,32255,33213,29429,3861,6606,0,18720,0,10,4406,1499,992,0,-348,0,999,1397,0,1424,0
"2025-01-26",43,30849,31960,28124,3727,6606,0,18720,0,31,4316,1499,992,1,-448,-32,999,1397,0,1424,0
"2025-01-26",44,29520,31144,26909,3593,6606,0,18720,0,625,4357,1499,992,0,-399,0,999,1397,0,1422,0
"2025-01-26",45,28365,30178,25847,3476,6606,0,18720,0,910,4338,1499,992,0,-303,0,998,1397,0,1334,0
"2025-01-26",46,27125,29028,24714,3359,6606,0,18720,0,924,4162,1499,992,0,-301,-78,998,1397,0,1325,0
"2025-01-26",47,26046,27890,23702,3207,6606,0,18720,0,814,4101,1499,992,0,-233,-197,932,1397,0,1182,0
"2025-01-26",48,25362,27314,23143,3054,6606,0,18720,0,916,4117,1489,989,0,-127,-309,929,1397,0,1156,0
"2025-01-27",1,25060,26896,22858,3060,6606,0,18720,0,919,4357,1126,858,0,-123,-194,997,1397,0,550,0
"2025-01-27",2,25321,27010,23158,3065,6606,0,18720,0,920,4299,1101,853,0,-123,-46,999,1397,0,502,0
"2025-01-27",3,25179,26845,23043,3009,6606,0,18720,0,911,4052,1100,983,0,-123,-32,999,1397,0,342,0
"2025-01-27",4,24533,26216,22473,2953,6606,0,18720,0,906,3911,1110,992,0,-123,-54,999,1397,0,310,0
"2025-01-27",5,23759,25822,21752,2914,6606,0,18720,0,897,3830,1476,992,0,-123,0,999,1397,0,-443,0
"2025-01-27",6,23447,25566,21400,2875,6606,0,18720,0,913,3569,1493,990,0,-123,0,999,1397,0,-483,0
"2025-01-27",7,22916,24650,20792,2922,6606,0,18720,0,895,2996,1172,946,0,-123,0,999,1398,0,-116,0
"2025-01-27",8,22166,23854,20062,2969,6606,0,18720,0,888,2262,1150,940,0,-123,0,999,1397,0,-77,0
"2025-01-27",9,22060,23600,19948,2916,6606,0,18720,0,793,1707,1059,852,0,-123,-24,999,1397,0,489,0
"2025-01-27",10,21912,23602,19787,2863,6606,0,18720,0,844,1350,1053,847,0,-123,-123,999,1398,0,549,0
"2025-01-27",11,22880,24477,20570,2897,6606,0,18720,0,895,912,1006,892,1,-78,-24,999,1398,0,1277,0
"2025-01-27",12,23692,25071,21327,2931,6606,0,18720,0,779,978,1014,897,0,37,25,999,1398,0,1330,0
"2025-01-27",13,26350,27169,23787,3065,6606,0,18720,0,152,1027,1473,986,0,-67,0,999,1398,0,1413,0
"2025-01-27",14,28924,29804,26206,3199,6606,0,18720,0,13,884,1501,992,0,-219,-48,416,1397,0,1421,0
"2025-01-27",15,32419,33398,29328,3315,6606,0,18720,0,14,662,1502,992,0,-296,-69,0,1397,0,1422,0
"2025-01-27",16,34151,35076,30729,3430,6606,0,18720,0,13,725,1502,992,0,-159,-153,294,1397,0,1419,0
"2025-01-27",17,36210,36880,32490,3498,6606,121,18720,0,13,763,1500,992,0,-23,-34,999,1397,0,1422,24
"2025-01-27",18,36743,37391,32996,3565,6606,644,18720,0,12,807,1500,992,0,-36,0,999,1397,0,1420,178
"2025-01-27",19,36942,37784,33192,3666,6606,1359,18720,0,11,640,1500,992,185,-182,-49,1019,1397,0,1419,437
"2025-01-27",20,36884,37890,33099,3767,6606,2345,18720,0,10,665,1501,992,208,-333,-63,1019,1397,0,1419,504
"2025-01-27",21,36013,37202,32258,3811,6606,3033,18720,0,8,441,1501,992,495,-445,-136,1019,1397,0,1419,504
"2025-01-27",22,35012,36301,31303,3854,6606,3935,18720,0,8,522,1501,992,504,-433,-248,1019,1397,0,1419,504
"2025-01-27",23,34437,35825,30757,3875,6606,4525,18720,0,8,530,1501,992,742,-382,-398,1019,1397,0,1419,504
"2025-01-27",24,34127,35435,30437,3895,6606,4694,18720,0,8,587,1500,992,747,-240,-460,1019,1397,0,1419,504
"2025-01-27",25,34293,35707,30600,3898,6606,4444,18720,0,8,419,1500,992,1000,-278,-528,1019,1397,0,1419,504
"2025-01-27",26,34018,35539,30321,3900,6606,4166,18720,0,8,230,1501,992,1003,-383,-530,1019,1397,0,1419,504
"2025-01-27",27,34450,35952,30749,3894,6606,3893,18720,0,8,486,1501,992,721,-364,-530,1019,1397,0,1425,474
"2025-01-27",28,34570,36119,30908,3887,6606,3314,18720,0,11,431,1500,992,637,-408,-530,1019,1397,0,1426,504
"2025-01-27",29,34844,36434,31172,3898,6606,2287,18720,0,10,527,1501,992,3,-450,-530,1000,1397,0,1426,504
"2025-01-27",30,35276,36867,31743,3909,6606,1613,18720,0,11,701,1501,992,0,-450,-530,999,1397,0,1414,504
"2025-01-27",31,36147,37737,32525,3879,6606,955,18720,0,9,874,1501,992,0,-450,-531,999,1397,0,1061,504
"2025-01-27",32,36787,38378,33169,3848,6606,390,18720,0,10,837,1501,992,0,-450,-531,999,1397,0,1042,504
"2025-01-27",33,38290,39882,34504,3823,6606,76,18720,0,11,1048,1501,992,139,-450,-531,999,1397,0,1386,504
"2025-01-27",34,39716,41306,35740,3798,6606,1,18720,0,8,1441,1501,992,154,-451,-531,999,1397,0,1419,504
"2025-01-27",35,40784,42373,36684,3813,6606,67,18720,0,7,1504,1501,992,321,-451,-531,999,1397,0,1419,504
"2025-01-27",36,40885,42474,36864,3828,6606,0,18720,0,7,1550,1500,992,340,-451,-531,999,1397,0,1419,504
"2025-01-27",37,40473,42062,36541,3812,6606,0,18720,0,7,1480,1500,992,408,-451,-531,999,1397,0,1419,504
"2025-01-27",38,40009,41598,36120,3795,6606,0,18720,0,7,1433,1500,992,410,-451,-531,999,1397,0,1419,504
"2025-01-27",39,39234,40823,35490,3768,6606,0,18720,0,7,1394,1501,992,708,-451,-531,999,1397,0,1420,504
"2025-01-27",40,37728,39318,34070,3741,6606,0,18720,0,8,1329,1500,992,731,-451,-531,999,1397,0,1425,504
"2025-01-27",41,36386,37982,32829,3660,6606,0,18720,0,14,1388,1500,992,654,-451,-531,999,1397,0,1422,504
"2025-01-27",42,34981,36571,31451,3578,6606,0,18720,0,8,1527,1500,992,651,-451,-531,999,1397,0,1422,504
"2025-01-27",43,33238,34818,29886,3519,6606,0,18720,0,8,1491,1501,992,485,-451,-521,999,1397,0,1420,502
"2025-01-27",44,31378,32867,28185,3460,6606,0,18720,0,10,1493,1500,992,466,-451,-428,999,1397,0,1422,456
"2025-01-27",45,29421,31001,26355,3319,6606,0,18720,0,17,1574,1499,992,328,-451,-512,999,1397,0,1422,312
"2025-01-27",46,27545,29123,24663,3177,6606,0,18720,0,28,1352,1500,992,319,-451,-499,999,1397,0,1422,162
"2025-01-27",47,26304,28414,23568,3158,6606,0,18720,0,544,1339,1500,992,878,-451,-515,999,1397,0,1422,28
"2025-01-27",48,25287,27570,22666,3139,6606,0,18720,0,764,1286,1500,992,923,-388,-531,999,1397,0,1422,0
"2025-01-28",1,25222,27525,22713,3036,6606,0,18720,0,910,1338,1499,992,912,-302,-491,999,1397,0,1422,0
"2025-01-28",2,25676,27885,23184,2933,6606,0,18720,0,961,1623,1499,992,912,-301,-347,999,1397,0,1422,0
"2025-01-28",3,25541,27816,23086,2891,6606,0,18720,0,1116,1558,1500,992,1000,-301,-258,999,1397,0,1422,0
"2025-01-28",4,25223,27395,22880,2848,6606,0,18720,0,1137,1275,1499,992,1003,-302,-133,999,1397,0,1419,0
"2025-01-28",5,24541,26810,22313,2809,6606,0,18720,0,1158,1283,1500,992,888,-302,-209,861,1397,0,1232,0
"2025-01-28",6,24129,26432,21967,2769,6606,0,18720,0,1148,1230,1500,992,874,-302,-253,851,1397,0,1211,0
"2025-01-28",7,23317,25326,21167,2706,6606,0,18720,0,1004,1390,1501,992,208,-301,-104,484,1397,0,1112,0
"2025-01-28",8,22918,25006,20788,2643,6606,0,18720,0,1134,1451,1501,992,154,-301,-53,457,1397,0,1095,0
"2025-01-28",9,22545,24577,20420,2542,6606,0,18720,0,1116,1618,1502,992,105,-301,-15,288,1397,0,591,0
"2025-01-28",10,22699,24603,20501,2440,6606,0,18720,0,940,1744,1502,992,102,-255,-109,272,1397,0,539,0
"2025-01-28",11,23313,25014,21200,2454,6606,0,18720,0,592,2334,1503,992,161,-127,-24,-358,1397,0,260,0
"2025-01-28",12,24459,25751,22280,2468,6606,0,18720,0,316,3104,1503,992,167,-9,0,-365,1397,0,226,-2
"2025-01-28",13,27241,28241,24993,2490,6606,0,18720,0,66,3742,1500,992,272,-54,0,858,1397,0,-246,-34
"2025-01-28",14,29535,30534,27087,2512,6606,0,18720,0,18,4090,1500,992,282,-100,0,992,1397,0,-281,0
"2025-01-28",15,32810,33698,30156,2486,6606,0,18720,0,20,3768,1499,992,199,-248,-20,999,1397,0,330,0
"2025-01-28",16,34802,35919,31986,2460,6606,0,18720,0,11,3553,1499,992,192,-358,-148,999,1397,0,388,0
"2025-01-28",17,36354,37711,33289,2428,6606,33,18720,0,10,3175,1500,992,528,-449,-298,957,1397,0,424,0
"2025-01-28",18,37124,38443,33758,2396,6606,225,18720,0,13,2869,1500,992,581,-433,-273,954,1397,0,425,0
"2025-01-28",19,37909,38948,34445,2236,6606,541,18720,0,13,2865,1500,992,655,-305,-121,1015,1397,0,224,0
"2025-01-28",20,37926,38791,34472,2075,6606,808,18720,0,11,2565,1499,992,660,-248,-6,1019,1397,0,204,0
"2025-01-28",21,37892,38609,34429,2017,6606,1241,18720,0,10,2610,1500,992,862,-107,0,1019,1397,0,125,0
"2025-01-28",22,37559,38210,34166,1958,6606,1546,18720,0,10,2776,1500,992,865,-41,0,1019,1397,0,116,0
"2025-01-28",23,37323,38044,33911,1831,6606,1724,18720,0,10,2822,1500,992,922,-62,-49,1015,1397,0,10,0
"2025-01-28",24,37237,38073,33847,1703,6606,1868,18720,0,10,2728,1500,992,923,-214,-11,1015,1398,0,-1,0
"2025-01-28",25,37441,38409,33997,1728,6606,1870,18720,0,10,2553,1500,992,592,-224,0,1019,1397,0,-134,0
"2025-01-28",26,37566,38538,34053,1753,6606,1685,18720,0,10,2656,1500,992,546,-214,0,1019,1397,0,-148,0
"2025-01-28",27,37420,38614,33924,1892,6606,1719,18720,0,10,2818,1501,992,-236,-119,0,856,1397,0,-224,-5
"2025-01-28",28,37502,38691,33999,2031,6606,1514,18720,0,10,2937,1501,992,-276,-68,0,845,1397,0,-234,-1
"2025-01-28",29,37158,38544,33737,2217,6606,1232,18720,0,10,3207,1501,992,-304,56,0,942,1397,0,-472,0
"2025-01-28",30,36868,38282,33623,2402,6606,898,18720,0,10,3365,1500,992,-307,17,0,948,1397,0,-497,0
"2025-01-28",31,36917,39091,33653,2535,6606,596,18720,0,10,3477,1500,992,-826,-62,0,996,1397,0,-676,0
"2025-01-28",32,37525,39812,34242,2667,6606,306,18720,0,7,3543,1500,992,-864,-119,-6,999,1397,0,-691,0
"2025-01-28",33,38166,39895,34829,2704,6606,70,18720,0,6,3524,1500,992,-252,-225,-120,999,1397,0,-526,0
"2025-01-28",34,38490,40442,35029,2741,6606,1,18720,0,7,3530,1500,992,-200,-376,-271,999,1397,0,-498,0
"2025-01-28",35,39997,41475,36368,2768,6606,88,18720,0,5,3508,1500,992,484,-451,-422,943,1397,0,282,0
"2025-01-28",36,40243,41828,36660,2795,6606,0,18720,0,7,3505,1500,992,593,-451,-527,939,1397,0,357,0
"2025-01-28",37,39796,41385,36224,2824,6606,0,18720,0,7,3351,1500,992,574,-451,-531,832,1397,0,415,0
"2025-01-28",38,39491,41078,35846,2853,6606,0,18720,0,5,3075,1500,992,573,-451,-531,825,1397,0,425,0
"2025-01-28",39,38911,40501,35415,2844,6606,0,18720,0,8,2968,1500,992,651,-451,-531,987,1397,0,692,0
"2025-01-28",40,37580,39171,34189,2834,6606,0,18720,0,9,2909,1499,992,658,-451,-531,999,1397,0,726,0
"2025-01-28",41,36453,38042,33227,2800,6606,0,18720,0,7,2822,1500,992,883,-451,-531,999,1397,0,1273,0
"2025-01-28",42,35199,36787,32167,2766,6606,0,18720,0,6,2975,1500,992,901,-451,-531,999,1397,0,1325,0
"2025-01-28",43,33446,35036,30697,2791,6606,0,18720,0,8,3050,1500,992,858,-451,-531,999,1397,0,1358,0
"2025-01-28",44,31606,33202,29040,2816,6606,0,18720,0,15,3138,1500,992,853,-451,-530,999,1398,0,1360,0
"2025-01-28",45,29453,31050,27026,2826,6606,0,18720,0,15,3076,1500,992,854,-451,-531,998,1397,0,1288,0
"2025-01-28",46,27766,29375,25492,2835,6606,0,18720,0,28,2659,1499,992,854,-451,-530,998,1398,0,1279,0
"2025-01-28",47,26090,27797,23980,2827,6606,0,18720,0,190,2588,1500,992,998,-387,-530,999,1398,0,1159,0
"2025-01-28",48,25088,26795,23126,2819,6606,0,18720,0,275,2566,1499,992,1003,-301,-531,999,1398,0,1145,0
"2025-01-29",1,25331,27141,23358,2789,6606,0,18720,0,379,2712,1499,992,1002,-300,-531,999,1398,0,1152,0
"2025-01-29",2,25836,27621,23837,2758,6606,0,18720,0,354,2936,1499,992,1004,-300,-531,999,1398,0,1155,0
"2025-01-29",3,25532,27519,23581,2709,6606,0,18720,0,555,3208,1499,992,1003,-300,-531,999,1397,0,1183,-1
"2025-01-29",4,25115,27174,23294,2660,6606,0,18720,0,607,3116,1499,992,1005,-301,-531,999,1397,0,1174,-20
"2025-01-29",5,24264,26583,22545,2625,6606,0,18720,0,887,3255,1500,992,1003,-301,-531,999,1397,0,399,0
"2025-01-29",6,24027,26443,22245,2590,6606,0,18720,0,984,3168,1500,992,1004,-301,-531,999,1397,0,317,0
"2025-01-29",7,23799,26420,21996,2559,6606,0,18720,0,974,3283,1500,992,820,-301,-531,999,1397,0,-215,0
"2025-01-29",8,23527,26361,21712,2527,6606,0,18720,0,1135,3713,1499,992,749,-301,-531,999,1397,0,-267,0
"2025-01-29",9,23267,25700,21550,2460,6606,0,18720,0,635,4068,1409,992,9,-301,-531,756,1397,0,-366,0
"2025-01-29",10,23339,26145,21459,2393,6606,0,18720,0,995,4312,1401,992,0,-301,-531,738,1397,0,-379,0
"2025-01-29",11,24291,26913,22311,2393,6606,0,18720,0,254,4608,1275,992,-341,-301,-531,754,1397,0,-595,0
"2025-01-29",12,25397,27955,23333,2392,6606,0,18720,0,128,4662,1266,992,-389,-301,-531,756,1397,0,-609,0
"2025-01-29",13,27925,29669,25729,2419,6606,16,18720,0,171,4487,1484,992,532,-300,-490,983,1397,0,-183,0
"2025-01-29",14,30842,32489,28452,2445,6606,0,18720,0,17,4286,1500,991,659,-364,-530,999,1385,0,-136,0
"2025-01-29",15,34273,35867,31626,2401,6606,0,18720,0,13,4028,1501,992,234,-450,-531,954,1200,0,271,0
"2025-01-29",16,35974,37568,33153,2356,6606,0,18720,0,12,4282,1501,992,203,-451,-531,950,1184,0,333,0
"2025-01-29",17,37814,39408,34825,2336,6606,197,18720,0,12,4176,1501,992,824,-451,-531,996,1369,0,1205,0
"2025-01-29",18,37520,39115,34502,2315,6606,1006,18720,0,13,3965,1501,992,876,-451,-531,999,1397,0,1288,0
"2025-01-29",19,37352,38948,34185,2232,6606,2107,18720,0,13,3477,1501,992,994,-451,-531,1018,1397,0,748,-1
"2025-01-29",20,36806,38400,33594,2148,6606,3052,18720,0,13,3342,1501,992,1004,-451,-530,1019,1397,0,697,0
"2025-01-29",21,36031,37626,32864,2082,6606,3855,18720,0,13,3203,1501,992,1004,-451,-531,1019,1397,0,697,0
"2025-01-29",22,35279,36871,32175,2015,6606,4279,18720,0,11,3415,1501,992,1003,-451,-530,1019,1397,0,697,0
"2025-01-29",23,35174,36723,32105,1958,6606,4553,18720,0,15,3611,1501,992,1003,-409,-525,1014,1397,0,697,0
"2025-01-29",24,35168,36607,32097,1900,6606,4551,18720,0,15,3881,1501,992,1003,-366,-458,1013,1397,0,697,0
"2025-01-29",25,35678,36859,32603,1882,6606,4371,18720,0,15,3972,1501,992,1003,-259,-307,812,1397,0,697,0
"2025-01-29",26,35806,36808,32782,1863,6606,3842,18720,0,18,4017,1501,992,1003,-230,-154,797,1397,0,697,0
"2025-01-29",27,35788,36530,32754,1889,6606,3314,18720,0,13,4156,1503,992,1003,-108,-20,380,1397,0,697,-1
"2025-01-29",28,35713,36329,32738,1915,6606,2790,18720,0,12,4168,1503,992,1003,-4,0,349,1397,0,697,0
"2025-01-29",29,35946,36560,32977,1912,6606,2135,18720,0,14,4224,1503,992,1004,55,0,166,1397,0,697,0
"2025-01-29",30,36349,36965,33409,1909,6606,1480,18720,0,16,4411,1503,992,1000,15,0,156,1397,0,697,0
"2025-01-29",31,37302,37983,34277,1908,6606,844,18720,0,19,4347,1502,992,756,-62,0,764,1397,0,730,0
"2025-01-29",32,38163,38985,35067,1907,6606,427,18720,0,16,4328,1502,992,735,-144,-62,809,1397,0,743,0
"2025-01-29",33,38917,40031,35668,2012,6606,91,18720,0,12,4173,1503,992,306,-288,-214,239,1397,0,1363,0
"2025-01-29",34,40045,41447,36710,2117,6606,2,18720,0,10,3773,1502,991,302,-426,-366,196,1397,0,1421,0
"2025-01-29",35,41409,42948,37840,2190,6606,0,18720,0,5,3662,1412,919,356,-430,-504,95,1397,0,1378,0
"2025-01-29",36,41700,43290,38144,2262,6606,0,18720,0,9,3745,1402,911,371,-450,-531,88,1397,0,1371,0
"2025-01-29",37,41984,43572,38560,2324,6606,0,18720,0,7,3910,1312,809,974,-451,-530,177,1397,0,1234,0
"2025-01-29",38,41090,42681,37695,2385,6606,0,18720,0,11,3783,1305,802,1003,-450,-530,183,1397,0,1223,0
"2025-01-29",39,40335,41926,37050,2458,6606,0,18720,0,11,3486,1395,976,955,-450,-530,359,1397,0,1404,0
"2025-01-29",40,39303,40893,36069,2530,6606,0,18720,0,9,3641,1401,989,951,-451,-530,371,1397,0,1422,0
"2025-01-29",41,37503,39095,34495,2565,6606,0,18720,0,10,3497,1228,833,915,-451,-531,163,1397,0,1422,0
"2025-01-29",42,36053,37644,33128,2600,6606,0,18720,0,10,3824,1212,820,912,-451,-530,148,1397,0,1422,0
"2025-01-29",43,34677,36268,31823,2567,6606,0,18720,0,10,3972,1426,977,974,-451,-530,415,1397,0,1422,0
"2025-01-29",44,32873,34464,30112,2533,6606,0,18720,0,10,4129,1442,989,977,-451,-530,435,1397,0,1422,0
"2025-01-29",45,30666,32242,28038,2535,6606,0,18720,0,10,4070,1323,832,931,-451,-515,91,1397,0,1422,0
"2025-01-29",46,28964,30561,26501,2536,6606,0,18720,0,13,3991,1316,820,923,-451,-530,74,1397,0,1421,-3
"2025-01-29",47,27489,29193,25237,2528,6606,0,18720,0,89,4037,1486,977,263,-413,-531,826,1397,0,1338,-71
"2025-01-29",48,26191,27870,24065,2520,6606,0,18720,0,59,4057,1501,992,206,-348,-452,888,1397,0,1331,-220
"2025-01-30",1,26079,28215,24047,2609,6606,0,18720,0,536,3911,1501,992,455,-317,-314,834,1397,0,1411,-369
"2025-01-30",2,26704,28861,24724,2698,6606,0,18720,0,573,4113,1501,992,492,-284,-209,830,1397,0,1421,-491
"2025-01-30",3,26411,29019,24446,2670,6606,0,18720,0,895,3874,1501,992,933,-270,-330,988,1397,0,1421,-513
"2025-01-30",4,25971,28852,24039,2641,6606,0,18720,0,1116,4439,1500,992,937,-269,-382,999,1397,0,1421,-514
"2025-01-30",5,25545,28292,23612,2574,6606,0,18720,0,867,4573,1501,992,903,-259,-508,999,1397,0,1421,-513
"2025-01-30",6,25567,28461,23670,2506,6606,0,18720,0,983,4728,1501,992,900,-268,-530,999,1397,0,1421,-513
"2025-01-30",7,25027,28034,23164,2523,6606,0,18720,0,1089,4444,1501,992,865,-274,-531,999,1397,0,1421,-513
"2025-01-30",8,24659,27482,22805,2539,6606,0,18720,0,899,4258,1501,992,862,-280,-531,999,1397,0,1421,-513
"2025-01-30",9,24752,27697,22882,2503,6606,0,18720,0,1081,4250,1501,992,454,-292,-459,869,1397,0,1379,-513
"2025-01-30",10,24375,27161,22468,2466,6606,0,18720,0,1068,4332,1501,992,415,-291,-332,820,1397,0,1371,-495
"2025-01-30",11,24881,27840,22895,2385,6606,0,18720,0,637,4475,1503,992,-479,-275,-182,-381,1397,0,1166,-405
"2025-01-30",12,26053,28904,23953,2303,6606,0,18720,0,232,4205,1500,990,-586,-312,-117,-514,1397,0,1144,-490
"2025-01-30",13,28395,32068,26063,2239,6606,21,18720,0,52,3864,1200,862,-987,-296,-260,-965,1397,0,980,-513
"2025-01-30",14,31807,35697,29238,2175,6606,0,18720,0,30,3519,1172,850,-911,-424,-412,-999,1393,0,970,-514
"2025-01-30",15,35235,38255,32378,2144,6606,0,18720,0,98,3380,1002,908,-9,-451,-448,-900,1318,0,1386,-514
"2025-01-30",16,36887,39870,33834,2113,6606,0,18720,0,17,3472,988,914,0,-451,-521,-880,1312,0,1425,-514
"2025-01-30",17,37891,40150,34716,1993,6606,263,18720,0,53,3092,1363,922,-95,-451,-531,-15,1386,0,1424,-514
"2025-01-30",18,37689,39899,34476,1872,6606,1520,18720,0,10,2915,1392,924,-104,-451,-531,61,1397,0,1422,-514
"2025-01-30",19,37406,39514,34075,1736,6606,3282,18720,0,12,2971,1333,78,124,-451,-531,266,1397,0,1420,-514
"2025-01-30",20,36377,38486,33014,1599,6606,4760,18720,0,13,2750,1329,-1,143,-450,-531,281,1397,0,1420,-514
"2025-01-30",21,35361,37646,31978,1557,6606,5934,18720,0,14,2543,1389,-1,6,-450,-531,-175,1397,0,1420,-514
"2025-01-30",22,34441,36757,31076,1515,6606,6879,18720,0,11,2268,1391,-1,0,-450,-531,-209,1397,0,1420,-514
"2025-01-30",23,33851,35958,30497,1545,6606,7439,18720,0,11,2450,964,-1,123,-450,-531,165,1397,0,1420,-514
"2025-01-30",24,33103,35214,29737,1575,6606,7862,18720,0,15,2544,929,-1,139,-450,-531,191,1398,0,1411,-514
"2025-01-30",25,32756,34862,29465,1559,6606,7939,18720,0,10,2653,998,-1,846,-450,-531,249,1397,0,788,-514
"2025-01-30",26,32556,34659,29284,1542,6606,7586,18720,0,9,2483,1004,-1,919,-450,-531,253,1397,0,728,-512
"2025-01-30",27,32451,34445,29190,1468,6606,6852,18720,0,9,2388,1004,-1,691,-450,-456,266,1397,0,702,-478
"2025-01-30",28,32496,34344,29241,1393,6606,6093,18720,0,12,2371,1004,-1,639,-451,-347,266,1397,0,693,-437
"2025-01-30",29,33195,34967,29912,1255,6606,5080,18720,0,12,2385,1004,-1,-90,-451,-241,523,1397,0,282,-377
"2025-01-30",30,34003,35790,30691,1117,6606,3677,18720,0,15,2275,1008,-1,-107,-451,-222,541,1397,0,239,-391
"2025-01-30",31,34826,36340,31484,1119,6606,2487,18720,0,21,1938,1464,-1,116,-451,-91,434,1397,0,-26,-324
"2025-01-30",32,36470,37839,33029,1121,6606,1162,18720,0,14,1599,1503,-1,135,-451,-11,426,1397,0,-50,-242
"2025-01-30",33,37959,39234,34384,1143,6606,310,18720,0,7,1448,1502,-1,775,-435,-11,625,1397,0,0,-221
"2025-01-30",34,39746,40819,35938,1164,6606,10,18720,0,7,1852,1502,-1,846,-310,0,639,1397,0,11,-155
"2025-01-30",35,41263,42334,37307,1185,6606,141,18720,0,7,1610,1501,-1,993,-247,-10,974,1397,0,637,-206
"2025-01-30",36,41614,42586,37655,1206,6606,0,18720,0,7,1950,1502,-1,1003,-178,-106,998,1397,0,694,-80
"2025-01-30",37,41392,42056,37696,1180,6606,15,18720,0,7,2307,1501,-1,979,-34,-22,999,1397,0,694,70
"2025-01-30",38,41170,41777,37389,1153,6606,0,18720,0,6,2047,1501,-1,977,63,0,999,1397,0,694,220
"2025-01-30",39,40308,40921,36579,1175,6606,0,18720,0,12,1784,1501,-1,1001,93,0,999,1397,0,694,367
"2025-01-30",40,39537,40150,35910,1196,6606,0,18720,0,12,1766,1501,-1,1004,100,0,999,1397,0,694,473
"2025-01-30",41,38263,38880,34869,1295,6606,0,18720,0,16,1643,1501,-1,1002,250,0,999,1397,0,694,479
"2025-01-30",42,37186,37802,33947,1394,6606,0,18720,0,15,1667,1501,-1,1001,374,0,999,1397,0,694,478
"2025-01-30",43,35350,35965,32282,1453,6606,0,18720,0,14,1818,1501,-1,999,297,1,870,1397,0,694,454
"2025-01-30",44,33720,34334,30817,1512,6606,0,18720,0,13,2052,1502,-1,999,158,71,860,1397,0,694,320
"2025-01-30",45,31897,32511,29168,1545,6606,0,18720,0,13,2146,1502,-1,994,24,8,743,1397,0,694,183
"2025-01-30",46,30000,30805,27420,1577,6606,0,18720,0,204,1985,1501,-1,994,0,0,735,1397,0,697,198
"2025-01-30",47,28068,29295,25602,1686,6606,0,18720,0,626,2704,1501,-1,956,18,0,981,1397,0,899,143
"2025-01-30",48,26925,28165,24531,1794,6606,0,18720,0,634,2914,1501,-1,953,71,0,999,1397,0,923,-5
"2025-01-31",1,26889,28395,24483,1776,6606,0,18720,0,817,3051,1501,-1,964,134,0,999,1397,0,1067,-88
"2025-01-31",2,27262,28673,24924,1757,6606,0,18720,0,783,3248,1501,-1,964,184,0,999,1397,0,1081,-27
"2025-01-31",3,26929,28850,24661,1728,6606,0,18720,0,1176,3078,1501,-1,967,202,0,999,1397,0,1081,-144
"2025-01-31",4,26299,28262,24090,1699,6606,0,18720,0,1180,2723,1501,-1,966,201,0,999,1397,0,1081,-182
"2025-01-31",5,25612,27692,23422,1746,6606,0,18720,0,1174,2053,1501,-1,997,206,0,999,1397,0,1081,-305
"2025-01-31",6,25182,27297,22953,1793,6606,0,18720,0,1165,1722,1501,-1,998,196,0,999,1397,0,1081,-349
"2025-01-31",7,24300,26342,22098,1809,6606,0,18720,0,1129,1779,1501,-1,1002,174,0,999,1397,0,1081,-312
"2025-01-31",8,24280,26269,21991,1824,6606,0,18720,0,1028,1555,1501,-1,1003,141,0,999,1397,0,1085,-360
"2025-01-31",9,24434,26535,22160,1770,6606,0,18720,0,1083,1470,1501,-1,842,137,0,932,1397,0,1086,-417
"2025-01-31",10,24739,26455,22361,1716,6606,0,18720,0,800,1414,1500,-1,809,137,-31,893,1397,0,1086,-284
"2025-01-31",11,25156,26677,22789,1616,6606,0,18720,0,497,1632,1366,-1,128,63,0,-266,1397,0,1086,-157
"2025-01-31",12,26463,28349,23993,1515,6606,0,18720,0,699,1645,1345,-1,102,0,0,-391,1397,0,1072,-195
"2025-01-31",13,28528,30865,25948,1416,6606,0,18720,0,309,1575,542,-1,-480,-13,-49,-769,1397,0,212,-116
"2025-01-31",14,31358,33907,28547,1316,6606,0,18720,0,48,1343,484,-1,-560,-138,-199,-795,1390,0,138,-208
"2025-01-31",15,34282,36120,31210,1218,6606,0,18720,0,16,1219,1205,-1,436,-290,-350,-222,1283,0,680,-359
"2025-01-31",16,35631,37821,32532,1120,6606,0,18720,0,14,1108,1271,-1,530,-426,-494,-165,1274,0,741,-490
"2025-01-31",17,37662,39769,34283,1032,6606,76,18720,0,11,845,1486,-1,1027,-450,-531,697,1382,0,1363,-514
"2025-01-31",18,38091,40199,34573,944,6606,436,18720,0,12,429,1502,-1,1066,-450,-531,774,1397,0,1421,-514
"2025-01-31",19,38760,40868,35154,866,6606,977,18720,0,12,-40,1501,-1,1063,-450,-531,1003,1397,0,1421,-514
"2025-01-31",20,38715,40822,35095,787,6606,1498,18720,0,11,-86,1502,-1,1063,-450,-531,1019,1398,0,1421,-514
"2025-01-31",21,38473,40579,34880,689,6606,2091,18720,0,10,-307,1501,-1,1060,-450,-531,1019,1397,0,1421,-514
"2025-01-31",22,38080,40186,34494,591,6606,2651,18720,0,10,-455,1501,-1,1060,-450,-531,1019,1397,0,1421,-514
"2025-01-31",23,37876,39982,34296,558,6606,2902,18720,0,10,-663,1502,-1,1076,-450,-531,1019,1397,0,1421,-514
"2025-01-31",24,37419,39525,33818,525,6606,2982,18720,0,10,-667,1501,-1,1078,-450,-531,1019,1397,0,1421,-514
"2025-01-31",25,37698,39804,34132,523,6606,3043,18720,0,10,-640,1501,-1,1073,-450,-531,1019,1397,0,1421,-514
"2025-01-31",26,37615,39722,34096,520,6606,2972,18720,0,10,-660,1501,-1,1072,-451,-531,1019,1397,0,1421,-514
"2025-01-31",27,37425,39532,33928,472,6606,2744,18720,0,10,-674,1501,-1,1068,-451,-531,1019,1397,0,1421,-514
"2025-01-31",28,37319,39426,33876,424,6606,2405,18720,0,10,-635,1501,-1,1068,-451,-531,1019,1397,0,1418,-514
"2025-01-31",29,37383,39492,33935,389,6606,1916,18720,0,12,-719,1501,-1,1040,-451,-531,952,1397,0,1186,-514
"2025-01-31",30,37162,39283,33589,353,6606,1487,18720,0,23,-887,1501,-1,1038,-452,-531,947,1397,0,1151,-514
"2025-01-31",31,37136,39249,33511,341,6606,926,18720,0,15,-720,1501,-1,1028,-452,-531,996,1397,0,402,-514
"2025-01-31",32,37361,39471,33870,329,6606,507,18720,0,14,-337,1501,-1,1028,-451,-530,999,1374,0,331,-514
"2025-01-31",33,38148,40255,34642,338,6606,131,18720,0,9,-108,1501,-1,1058,-452,-531,999,1003,0,390,-514
"2025-01-31",34,39381,41489,35798,346,6606,6,18720,0,10,193,1501,-1,1061,-452,-531,999,971,0,401,-514
"2025-01-31",35,40591,42695,36952,358,6606,18,18720,0,8,311,1501,-1,1068,-451,-530,999,1342,0,670,-514
"2025-01-31",36,40730,42835,37122,370,6606,0,18720,0,7,333,1501,-1,1068,-452,-531,999,1397,0,696,-514
"2025-01-31",37,40495,42599,36800,348,6606,0,18720,0,7,318,1501,-1,1064,-451,-531,999,1397,0,696,-514
"2025-01-31",38,40180,42283,36524,325,6606,0,18720,0,7,281,1501,-1,1063,-451,-530,999,1397,0,696,-514
"2025-01-31",39,38996,41107,35462,330,6606,0,18720,0,15,519,1502,-1,1016,-451,-531,999,1397,0,696,-513
"2025-01-31",40,37805,39808,34314,334,6606,0,18720,0,12,200,1502,-1,1012,-432,-472,999,1397,0,695,-486
"2025-01-31",41,36853,38461,33482,356,6606,0,18720,0,12,169,1502,-1,765,-303,-322,954,1397,0,610,-370
"2025-01-31",42,36409,37799,33181,377,6606,0,18720,0,11,336,1502,-1,746,-233,-170,950,1397,0,601,-375
"2025-01-31",43,34427,35404,31350,415,6606,0,18720,0,17,435,1501,-1,509,-86,-29,823,1397,0,595,-244
"2025-01-31",44,33001,33713,30075,453,6606,0,18720,0,16,773,1499,-1,491,0,0,814,1397,0,591,-95
"2025-01-31",45,31665,32310,28886,429,6606,0,18720,0,14,1072,1089,-1,596,0,0,726,1397,0,414,-30
"2025-01-31",46,30019,30861,27379,404,6606,0,18720,0,14,1421,1058,-1,604,-62,0,719,1397,0,401,-165
"2025-01-31",47,28574,29646,25959,467,6606,0,18720,0,13,1333,1467,-1,890,-150,0,921,1397,0,662,-308
"2025-01-31",48,27155,28195,24727,529,6606,0,18720,0,15,1428,1500,-1,932,-117,0,936,1397,0,687,-307
"2025-02-01",1,27228,28042,24831,578,6606,0,18720,0,15,1625,1501,-1,1014,-42,0,991,1397,0,693,-156
"2025-02-01",2,27584,28220,25252,627,6606,0,18720,0,14,1757,1501,-1,1018,15,0,995,1397,0,694,-21
"2025-02-01",3,27175,27790,24950,712,6606,0,18720,0,14,2437,1503,-1,736,42,0,585,1397,0,694,70
"2025-02-01",4,26478,27093,24359,796,6606,0,18720,0,14,2888,1502,-1,731,69,0,555,1397,0,694,207
"2025-02-01",5,25710,26380,23725,867,6606,0,18720,0,69,3296,1502,-1,643,109,0,535,1397,0,694,175
"2025-02-01",6,25320,25994,23374,938,6606,0,18720,0,73,3563,1501,-1,609,131,0,530,1397,0,691,156
"2025-02-01",7,24543,25406,22638,1015,6606,0,18720,0,74,3800,1412,-1,-88,153,0,-100,1397,0,492,151
"2025-02-01",8,24159,25088,22245,1092,6606,0,18720,0,74,4134,1403,-1,-104,187,0,-150,1397,0,470,260
"2025-02-01",9,23691,25014,21857,1131,6606,0,18720,0,73,4316,1314,-1,-232,213,0,-417,1397,0,364,377
"2025-02-01",10,23332,24694,21525,1169,6606,0,18720,0,74,4398,1295,-1,-250,232,0,-437,1397,0,347,342
"2025-02-01",11,22992,25050,21286,1225,6606,0,18720,0,21,4709,453,-1,-953,250,0,-374,1397,0,-109,336
"2025-02-01",12,23227,25372,21602,1281,6606,0,18720,0,14,4489,378,-1,-1014,245,0,-369,1397,0,-147,386
"2025-02-01",13,24253,26432,22589,1365,6606,0,18720,0,14,4616,401,-1,-908,368,0,-656,1397,0,98,389
"2025-02-01",14,24864,27053,23188,1449,6606,0,18720,0,14,4466,405,-1,-897,400,0,-677,1397,0,124,389
"2025-02-01",15,26077,27507,24238,1529,6606,0,18720,0,13,4324,716,-1,-423,400,22,-393,1397,0,257,389
"2025-02-01",16,27406,28774,25381,1609,6606,0,18720,0,14,4578,749,-1,-381,371,1,-372,1397,0,275,379
"2025-02-01",17,29179,29793,27025,1602,6606,49,18720,0,13,4400,1372,-1,353,238,0,104,1397,0,634,167
"2025-02-01",18,30113,30728,27877,1594,6606,320,18720,0,14,4453,1426,-1,420,156,45,146,1397,0,669,0
"2025-02-01",19,32114,32729,29714,1602,6606,731,18720,0,14,4505,1496,-1,783,24,3,890,1397,0,689,0
"2025-02-01",20,32764,33379,30363,1610,6606,1220,18720,0,14,4576,1502,-1,845,16,0,952,1397,0,691,0
"2025-02-01",21,33115,33730,30607,1660,6606,1662,18720,0,14,4432,1501,-1,1051,0,0,1015,1397,0,697,0
"2025-02-01",22,33143,33759,30634,1709,6606,2037,18720,0,15,4481,1501,-1,1067,0,0,1019,1397,0,698,0
"2025-02-01",23,33357,33977,30908,1805,6606,2207,18720,0,15,4610,1501,-1,1059,0,0,1019,1397,0,698,-4
"2025-02-01",24,33517,34132,31065,1900,6606,2196,18720,0,14,4643,1501,-1,1059,32,0,1019,1397,0,698,0
"2025-02-01",25,33492,34147,31091,1993,6606,2140,18720,0,14,4737,1501,-1,1058,-40,0,1019,1397,0,698,0
"2025-02-01",26,33687,34303,31266,2086,6606,1990,18720,0,14,4745,1502,-1,1059,-1,0,1019,1397,0,697,0
"2025-02-01",27,33678,34293,31250,2123,6606,1809,18720,0,14,4891,1502,-1,819,0,0,844,1397,0,618,0
"2025-02-01",28,33752,34367,31301,2159,6606,1615,18720,0,14,4926,1502,-1,801,0,0,831,1397,0,598,0
"2025-02-01",29,33242,33857,31039,2166,6606,1478,18720,0,14,4951,1503,-1,507,0,0,446,1397,0,50,0
"2025-02-01",30,33378,34005,31141,2172,6606,1275,18720,0,15,5030,1503,-1,473,0,0,416,1397,0,-11,0
"2025-02-01",31,33461,35359,31165,2171,6606,900,18720,0,12,4985,1504,-1,-466,0,0,-183,1397,0,-636,0
"2025-02-01",32,33868,35972,31567,2169,6606,489,18720,0,13,4755,1504,-1,-568,0,0,-230,1397,0,-692,0
"2025-02-01",33,35019,37074,32555,2305,6606,136,18720,0,13,4669,1503,-1,-749,0,0,80,1397,0,-692,0
"2025-02-01",34,36026,38084,33469,2441,6606,9,18720,0,12,4658,1503,-1,-756,0,0,103,1397,0,-689,0
"2025-02-01",35,37726,39096,35138,2580,6606,0,18720,0,10,4869,1389,-1,-290,0,0,8,1397,0,-469,0
"2025-02-01",36,37974,39283,35431,2719,6606,0,18720,0,8,4829,1370,-1,-253,0,0,1,1397,0,-447,0
"2025-02-01",37,37431,39068,34931,2803,6606,0,18720,0,11,5011,686,-1,-135,0,0,-463,1397,0,-427,0
"2025-02-01",38,36958,38618,34482,2886,6606,0,18720,0,12,4859,619,-1,-123,0,0,-498,1397,0,-426,0
"2025-02-01",39,35742,37212,33397,2878,6606,0,18720,0,17,4816,106,-1,-133,21,0,-231,1397,0,-488,0
"2025-02-01",40,34709,36170,32395,2870,6606,0,18720,0,19,4789,68,-1,-134,2,0,-212,1397,0,-495,0
"2025-02-01",41,33543,35785,31326,2963,6606,0,18720,0,17,4824,-223,-1,-584,71,0,-305,1397,-1,-511,0
"2025-02-01",42,32456,34790,30365,3055,6606,0,18720,0,16,4733,-264,-1,-620,8,63,-312,1397,-10,-511,0
"2025-02-01",43,31182,33577,29239,3094,6606,0,18720,0,16,4775,-216,-1,-644,43,216,-575,1397,-10,-333,0
"2025-02-01",44,29875,32273,28079,3133,6606,0,18720,0,16,4739,-212,-1,-646,7,305,-595,1397,-10,-318,0
"2025-02-01",45,28495,30967,26806,3108,6606,0,18720,0,14,4668,-181,-1,-820,62,306,-402,1397,-10,-443,-1
"2025-02-01",46,26972,29537,25371,3083,6606,0,18720,0,46,4580,-179,-1,-827,-51,306,-388,1397,-9,-447,-17
"2025-02-01",47,25527,27462,23995,3098,6606,0,18720,0,662,4543,-133,-1,-308,-58,276,-107,1397,-66,84,0
"2025-02-01",48,24673,26783,23109,3112,6606,0,18720,0,894,4419,-124,-1,-266,-36,180,-86,1397,-103,135,0
"2025-02-02",1,24889,26650,23326,3067,6606,0,18720,0,827,4271,228,-1,85,-162,60,-68,1397,-103,212,0
"2025-02-02",2,25165,26991,23608,3021,6606,0,18720,0,946,4403,282,-1,102,-108,0,-67,1397,-103,219,-1
"2025-02-02",3,24672,26920,23235,2994,6606,0,18720,0,1359,4574,702,-1,133,-119,-50,15,1397,-103,206,-16
"2025-02-02",4,24016,26237,22610,2967,6606,0,18720,0,1342,4611,737,-1,136,-119,-56,21,1398,-103,204,0
"2025-02-02",5,23550,26165,22076,2963,6606,0,18720,0,1553,4596,695,-1,6,-119,-192,-47,1397,-103,210,0
"2025-02-02",6,23254,26030,21786,2958,6606,0,18720,0,1675,4474,692,-1,0,-119,-225,-53,1397,-103,210,0
"2025-02-02",7,22630,25474,21155,2919,6606,0,18720,0,1471,4431,671,-1,-242,-119,-75,-233,1397,-103,117,0
"2025-02-02",8,22449,25006,20933,2879,6606,0,18720,0,1166,4320,668,-1,-273,-119,-49,-246,1397,-103,109,0
"2025-02-02",9,21857,24761,20404,2943,6606,0,18720,0,1210,4268,397,-1,-510,-119,-46,-314,1397,-104,128,0
"2025-02-02",10,21734,24712,20347,3006,6606,0,18720,0,1248,4312,368,-1,-529,-119,-58,-320,1397,-103,131,0
"2025-02-02",11,21684,25063,20224,2990,6606,0,18720,0,1130,4375,-386,-1,-600,-119,0,-440,1397,-103,131,0
"2025-02-02",12,21820,25316,20387,2973,6606,0,18720,0,1156,4437,-462,-1,-606,-119,-1,-448,1397,-103,131,0
"2025-02-02",13,22533,25365,21054,2953,6606,0,18720,0,1088,4372,78,-1,-453,-175,-86,-326,1397,-103,131,0
"2025-02-02",14,23495,26292,21952,2932,6606,0,18720,0,944,4331,83,-1,-443,-260,-128,-317,1397,-104,126,0
"2025-02-02",15,24377,27905,22808,2893,6606,0,18720,0,220,4520,-844,-1,-948,-263,-24,-345,1397,-103,-180,0
"2025-02-02",16,24865,28503,23352,2853,6606,5,18720,0,10,4531,-942,-1,-989,-304,-133,-348,1397,-103,-208,0
"2025-02-02",17,26573,28758,24860,2812,6606,352,18720,0,8,4287,-55,-1,-629,-352,-220,-200,1397,-102,-18,0
"2025-02-02",18,27536,29755,25828,2771,6606,1356,18720,0,9,4710,18,-1,-549,-407,-366,-189,1397,-98,0,0
"2025-02-02",19,28813,30384,26893,2622,6606,2633,18720,0,16,4636,845,-1,344,-450,-504,314,1397,216,0,0
"2025-02-02",20,28625,30222,26568,2472,6606,3771,18720,0,15,4712,935,-1,410,-451,-530,354,1397,249,5,0
"2025-02-02",21,29252,30852,27009,2310,6606,4697,18720,0,16,4441,1469,-2,852,-451,-531,964,1397,472,525,0
"2025-02-02",22,28869,30469,26588,2147,6606,5447,18720,0,16,4525,1517,-3,886,-450,-530,1011,1397,496,578,-1
"2025-02-02",23,28659,30279,26315,2004,6606,6055,18720,0,16,4306,1517,-4,1059,-450,-530,1006,1397,717,685,-20
"2025-02-02",24,28155,29756,25730,1861,6606,6489,18720,0,16,4001,1514,-4,1073,-451,-530,1005,1397,742,695,0
"2025-02-02",25,27971,29567,25484,1767,6606,6797,18720,0,12,3703,1096,-3,1071,-451,-530,1018,1397,14,695,0
"2025-02-02",26,28128,29727,25565,1673,6606,6666,18720,0,16,3454,1064,-2,1072,-451,-530,1019,1397,0,695,0
"2025-02-02",27,28324,29922,25681,1535,6606,6291,18720,0,17,3388,1216,105,1066,-451,-530,842,1397,0,695,0
"2025-02-02",28,28743,30338,25946,1396,6606,5668,18720,0,15,2951,1229,115,1065,-451,-529,829,1397,0,694,0
"2025-02-02",29,29448,31042,26687,1250,6606,4731,18720,0,14,2414,1441,178,926,-451,-529,802,1269,0,629,0
"2025-02-02",30,30577,32168,27723,1103,6606,3605,18720,0,11,2226,1457,191,916,-451,-529,800,530,0,599,0
"2025-02-02",31,31450,33438,28677,1042,6606,2481,18720,0,13,1917,1513,607,537,-451,-530,926,698,0,-394,0
"2025-02-02",32,33599,35687,30817,981,6606,1308,18720,0,12,1067,1518,644,472,-451,-531,935,698,0,-494,0
"2025-02-02",33,35764,37557,32823,941,6606,402,18720,0,11,865,1517,556,758,-451,-510,995,698,0,-221,0
"2025-02-02",34,36990,38609,33888,901,6606,25,18720,0,10,590,1518,549,779,-451,-375,999,698,0,-183,0
"2025-02-02",35,39379,40664,36051,919,6606,113,18720,0,11,482,1518,592,967,-451,-223,988,698,0,581,0
"2025-02-02",36,40240,41472,36827,937,6606,0,18720,0,9,635,1517,594,982,-451,-171,987,698,0,651,-1
"2025-02-02",37,39580,40709,36248,973,6606,0,18720,0,9,1057,1396,433,842,-451,-69,874,698,0,477,0
"2025-02-02",38,38989,40060,35857,1009,6606,0,18720,0,9,1472,1382,413,831,-442,-20,864,698,0,454,0
"2025-02-02",39,37139,38163,34213,1086,6606,0,18720,0,13,2169,907,122,362,-326,-85,326,698,0,84,0
"2025-02-02",40,36510,37388,33682,1163,6606,0,18720,0,15,2599,838,94,322,-176,-86,284,698,0,50,-1
"2025-02-02",41,35171,36726,32586,1288,6606,0,18720,0,14,3251,-237,49,-381,-33,-3,-287,698,0,53,0
"2025-02-02",42,33774,35546,31351,1412,6606,0,18720,0,11,3951,-375,42,-455,63,0,-330,698,0,58,-1
"2025-02-02",43,32508,34483,30159,1584,6606,0,18720,0,9,4828,-614,-141,-383,212,11,-227,698,0,364,-1
"2025-02-02",44,30821,32826,28612,1756,6606,0,18720,0,9,5180,-634,-164,-378,235,0,-220,698,0,389,0
"2025-02-02",45,29224,31918,27149,1884,6606,0,18720,0,9,5414,-799,-499,-502,321,0,-285,698,0,121,0
"2025-02-02",46,27210,29951,25287,2011,6606,0,18720,0,7,5213,-808,-529,-507,240,0,-290,233,0,95,2
"2025-02-02",47,25632,27347,23807,2133,6606,0,18720,0,8,4915,-470,-411,-154,194,0,-72,644,0,65,47
"2025-02-02",48,24854,26476,23096,2255,6606,0,18720,0,9,4387,-433,-396,-128,100,0,-56,1397,0,63,190
"2025-02-03",1,25210,26360,23473,2288,6606,0,18720,0,428,4301,58,-116,-6,3,0,30,1397,0,165,338
"2025-02-03",2,25931,27188,24225,2320,6606,0,18720,0,569,4432,118,-88,0,28,0,36,1397,0,175,472
"2025-02-03",3,25516,27276,23876,2369,6606,0,18720,0,570,4355,140,-34,-523,0,64,-33,1397,0,148,462
"2025-02-03",4,25121,26976,23544,2417,6606,0,18720,0,553,4442,142,-29,-635,41,216,-38,1397,0,143,488
"2025-02-03",5,24445,26709,22966,2416,6606,0,18720,0,799,4475,42,-2,-740,2,304,-123,1397,0,10,391
"2025-02-03",6,24017,26401,22593,2415,6606,0,18720,0,901,4413,27,0,-748,0,305,-129,1397,0,-6,345
"2025-02-03",7,23482,26960,22103,2400,6606,0,18720,0,899,4330,-379,-26,-700,0,306,-483,1397,0,-391,337
"2025-02-03",8,22972,26813,21683,2385,6606,0,18720,0,1145,4386,-429,-36,-698,0,306,-509,1396,0,-424,390
"2025-02-03",9,22774,27699,21486,2421,6606,0,18720,0,1168,4340,-945,-516,-936,88,306,-521,1369,0,-239,428
"2025-02-03",10,22416,27384,21215,2456,6606,0,18720,0,1116,4163,-994,-567,-940,237,306,-523,1342,0,-228,388
"2025-02-03",11,23691,29551,22277,2549,6606,0,18720,0,405,4730,-1299,-986,-1061,362,306,-855,971,0,-654,492
"2025-02-03",12,24832,30864,23306,2642,6606,0,18720,0,451,4830,-1313,-1026,-1069,289,263,-880,893,0,-693,504
"2025-02-03",13,27894,32789,26187,2657,6606,0,18720,0,18,5162,-570,-1027,-1069,374,182,-920,522,0,-691,504
"2025-02-03",14,30631,35460,28763,2672,6606,0,18720,0,23,5379,-497,-1027,-1068,400,131,-923,447,0,-691,504
"2025-02-03",15,33177,37098,31094,2727,6606,0,18720,0,19,5503,102,-1027,-1089,400,142,-495,137,0,-691,504
"2025-02-03",16,34463,38200,32301,2781,6606,2,18720,0,19,5489,167,-1009,-964,400,203,-462,114,0,-683,504
"2025-02-03",17,36418,37212,34063,2750,6606,217,18720,0,21,5191,-6,-41,85,399,245,92,485,0,-126,504
"2025-02-03",18,36917,37622,34543,2719,6606,775,18720,0,17,5389,-15,49,102,388,306,133,549,0,-73,500
"2025-02-03",19,37828,38728,35514,2671,6606,1317,18720,0,14,5449,143,-284,364,266,306,188,692,0,-2,433
"2025-02-03",20,37459,38387,35309,2623,6606,1810,18720,0,10,5321,180,-318,400,165,263,192,704,0,0,488
"2025-02-03",21,36981,38694,34828,2714,6606,2215,18720,0,10,5306,-419,-536,731,30,162,561,552,0,-148,472
"2025-02-03",22,36816,38637,34410,2804,6606,2440,18720,0,10,5270,-490,-559,756,50,60,588,517,0,-162,429
"2025-02-03",23,36484,38435,34327,2913,6606,2757,18720,0,10,5588,-630,-711,941,5,0,979,330,0,42,394
"2025-02-03",24,36377,38348,34013,3022,6606,3022,18720,0,12,5299,-640,-719,956,0,0,1002,307,0,60,492
"2025-02-03",25,36246,37623,33868,3152,6606,3201,18720,0,14,5370,-378,-326,653,2,0,330,397,0,-59,504
"2025-02-03",26,35801,37128,33563,3282,6606,3344,18720,0,14,5578,-349,-284,616,14,0,276,403,0,-80,504
"2025-02-03",27,35300,36587,33178,3378,6606,3211,18720,0,14,5596,287,74,110,24,0,-40,296,0,-633,502
"2025-02-03",28,34909,36270,32712,3474,6606,3161,18720,0,14,5571,359,103,102,78,0,-63,265,0,-684,459
"2025-02-03",29,34711,36587,32371,3446,6606,2927,18720,0,14,5499,47,-222,-349,217,0,178,31,0,-691,500
"2025-02-03",30,34476,36453,32257,3418,6606,2432,18720,0,15,5719,27,-257,-413,177,0,195,2,0,-692,505
"2025-02-03",31,34634,37532,32515,3489,6606,1822,18720,0,13,5823,273,-496,-924,247,0,-172,87,0,-693,504
"2025-02-03",32,35789,38781,33691,3559,6606,1104,18720,0,10,5716,298,-522,-969,322,0,-199,100,0,-692,504
"2025-02-03",33,37009,40293,34840,3653,6606,449,18720,0,11,5651,764,-703,-688,364,0,-589,31,0,-693,504
"2025-02-03",34,38227,41502,35999,3746,6606,59,18720,0,12,5654,795,-721,-633,351,0,-617,39,0,-692,504
"2025-02-03",35,39597,42702,37165,3809,6606,56,18720,0,6,5446,260,-813,538,243,0,-994,340,0,-692,504
"2025-02-03",36,40227,43369,37868,3871,6606,0,18720,0,6,5459,203,-822,668,167,0,-1022,388,0,-692,504
"2025-02-03",37,39912,43352,37799,3901,6606,0,18720,0,7,5572,-564,-823,630,161,0,-754,430,0,-692,504
"2025-02-03",38,39236,42747,37226,3931,6606,0,18720,0,9,5516,-652,-826,626,59,0,-735,458,0,-689,504
"2025-02-03",39,38193,41530,36075,4005,6606,0,18720,0,12,5224,-654,-1009,218,5,0,-627,807,0,-435,504
"2025-02-03",40,37210,40536,35109,4078,6606,0,18720,0,11,5159,-654,-1027,186,30,0,-619,873,0,-415,491
"2025-02-03",41,35944,40246,33960,4086,6606,0,18720,0,11,5147,-705,-1027,-297,164,0,-995,1094,0,-667,495
"2025-02-03",42,34355,38755,32454,4094,6606,0,18720,0,11,5050,-710,-1027,-349,167,0,-1022,1141,0,-681,496
"2025-02-03",43,32551,36593,30773,4141,6606,0,18720,0,10,5000,-1001,-1015,-339,269,11,-1022,1364,0,-55,489
"2025-02-03",44,30684,34688,29004,4188,6606,0,18720,0,12,4591,-1017,-1014,-339,181,0,-1022,1397,0,9,401
"2025-02-03",45,29026,32100,27386,4211,6606,0,18720,0,16,4702,-494,-988,-202,154,0,-774,1397,0,513,483
"2025-02-03",46,27014,30005,25517,4234,6606,0,18720,0,16,4720,-443,-985,-192,193,0,-755,1397,0,558,504
"2025-02-03",47,25356,27895,24005,4262,6606,0,18720,0,17,4560,-84,-929,-262,257,0,-647,1397,0,499,505
"2025-02-03",48,24377,27135,23154,4289,6606,0,18720,0,274,4550,-60,-918,-267,179,0,-639,1397,0,489,504
