_id,clusterID,connectionTime,disconnectTime,doneChargingTime,kWhDelivered,sessionID,siteID,spaceID,stationID,timezone,userID,userInputs/0/WhPerMile,userInputs/0/kWhRequested,userInputs/0/milesRequested,userInputs/0/minutesAvailable,userInputs/0/modifiedAt,userInputs/0/paymentRequired,userInputs/0/requestedDeparture,userInputs/0/userID,userInputs/0,userInputs/1/WhPerMile,userInputs/1/kWhRequested,userInputs/1/milesRequested,userInputs/1/minutesAvailable,userInputs/1/modifiedAt,userInputs/1/paymentRequired,userInputs/1/requestedDeparture,userInputs/1/userID,userInputs/2/WhPerMile,userInputs/2/kWhRequested,userInputs/2/milesRequested,userInputs/2/minutesAvailable,userInputs/2/modifiedAt,userInputs/2/paymentRequired,userInputs/2/requestedDeparture,userInputs/2/userID,userInputs/3/WhPerMile,userInputs/3/kWhRequested,userInputs/3/milesRequested,userInputs/3/minutesAvailable,userInputs/3/modifiedAt,userInputs/3/paymentRequired,userInputs/3/requestedDeparture,userInputs/3/userID,userInputs/4/WhPerMile,userInputs/4/kWhRequested,userInputs/4/milesRequested,userInputs/4/minutesAvailable,userInputs/4/modifiedAt,userInputs/4/paymentRequired,userInputs/4/requestedDeparture,userInputs/4/userID,userInputs/5/WhPerMile,userInputs/5/kWhRequested,userInputs/5/milesRequested,userInputs/5/minutesAvailable,userInputs/5/modifiedAt,userInputs/5/paymentRequired,userInputs/5/requestedDeparture,userInputs/5/userID,userInputs/6/WhPerMile,userInputs/6/kWhRequested,userInputs/6/milesRequested,userInputs/6/minutesAvailable,userInputs/6/modifiedAt,userInputs/6/paymentRequired,userInputs/6/requestedDeparture,userInputs/6/userID,userInputs/7/WhPerMile,userInputs/7/kWhRequested,userInputs/7/milesRequested,userInputs/7/minutesAvailable,userInputs/7/modifiedAt,userInputs/7/paymentRequired,userInputs/7/requestedDeparture,userInputs/7/userID,userInputs/8/WhPerMile,userInputs/8/kWhRequested,userInputs/8/milesRequested,userInputs/8/minutesAvailable,userInputs/8/modifiedAt,userInputs/8/paymentRequired,userInputs/8/requestedDeparture,userInputs/8/userID,userInputs/9/WhPerMile,userInputs/9/kWhRequested,userInputs/9/milesRequested,userInputs/9/minutesAvailable,userInputs/9/modifiedAt,userInputs/9/paymentRequired,userInputs/9/requestedDeparture,userInputs/9/userID
5e225f9ff9af8b5c26d21715,0039,"Wed, 01 Jan 2020 09:42:14 GMT","Thu, 02 Jan 2020 02:25:40 GMT","Wed, 01 Jan 2020 14:42:11 GMT",32.02,2_39_131_30_2020-01-01 09:42:14.259248,0002,CA-305,2-39-131-30,America/Los_Angeles,000000067,250,60,240,720,"Wed, 01 Jan 2020 09:42:27 GMT",true,"Wed, 01 Jan 2020 21:42:14 GMT",67,,,,,,,,,,,,,,,,,,,,,,,,,,,,,,,,,,,,,,,,,,,,,,,,,,,,,,,,,,,,,,,,,,,,,,,,,
5e225f9ff9af8b5c26d21716,0039,"Wed, 01 Jan 2020 18:10:34 GMT","Wed, 01 Jan 2020 21:05:40 GMT","Wed, 01 Jan 2020 19:22:56 GMT",2.328,2_39_127_19_2020-01-01 18:10:34.057445,0002,CA-309,2-39-127-19,America/Los_Angeles,000000710,261,7.83,30,458,"Wed, 01 Jan 2020 18:10:53 GMT",true,"Thu, 02 Jan 2020 01:48:34 GMT",710,,,,,,,,,,,,,,,,,,,,,,,,,,,,,,,,,,,,,,,,,,,,,,,,,,,,,,,,,,,,,,,,,,,,,,,,,
5e225f9ff9af8b5c26d21717,0039,"Wed, 01 Jan 2020 19:44:51 GMT","Thu, 02 Jan 2020 01:23:37 GMT","Wed, 01 Jan 2020 22:43:57 GMT",19.868,2_39_79_377_2020-01-01 19:44:51.127414,0002,CA-325,2-39-79-377,America/Los_Angeles,000000248,250,20,80,338,"Wed, 01 Jan 2020 19:46:01 GMT",true,"Thu, 02 Jan 2020 01:22:51 GMT",248,,,,,,,,,,,,,,,,,,,,,,,,,,,,,,,,,,,,,,,,,,,,,,,,,,,,,,,,,,,,,,,,,,,,,,,,,
5e225f9ff9af8b5c26d21718,0039,"Thu, 02 Jan 2020 01:12:29 GMT","Thu, 02 Jan 2020 04:38:39 GMT","Thu, 02 Jan 2020 03:11:48 GMT",8.336,2_39_126_20_2020-01-02 01:12:28.778216,0002,CA-310,2-39-126-20,America/Los_Angeles,000001099,400,24,60,125,"Thu, 02 Jan 2020 01:13:30 GMT",true,"Thu, 02 Jan 2020 03:17:29 GMT",1099,,,,,,,,,,,,,,,,,,,,,,,,,,,,,,,,,,,,,,,,,,,,,,,,,,,,,,,,,,,,,,,,,,,,,,,,,
5e225f9ff9af8b5c26d21719,0039,"Thu, 02 Jan 2020 04:18:06 GMT","Fri, 03 Jan 2020 00:06:13 GMT","Thu, 02 Jan 2020 06:41:48 GMT",14.731,2_39_79_382_2020-01-02 04:18:06.407434,0002,CA-491,2-39-79-382,America/Los_Angeles,000003267,400,40,100,583,"Thu, 02 Jan 2020 04:18:39 GMT",true,"Thu, 02 Jan 2020 14:01:06 GMT",3267,,,,,,,,,,,,,,,,,,,,,,,,,,,,,,,,,,,,,,,,,,,,,,,,,,,,,,,,,,,,,,,,,,,,,,,,,
5e23b122f9af8b5fe4b973bf,0039,"Thu, 02 Jan 2020 16:05:15 GMT","Fri, 03 Jan 2020 00:11:51 GMT","Thu, 02 Jan 2020 16:39:20 GMT",2.083,2_39_79_380_2020-01-02 16:05:14.818106,0002,CA-489,2-39-79-380,America/Los_Angeles,000000751,400,8,20,590,"Thu, 02 Jan 2020 16:05:35 GMT",true,"Fri, 03 Jan 2020 01:55:15 GMT",751,,,,,,,,,,,,,,,,,,,,,,,,,,,,,,,,,,,,,,,,,,,,,,,,,,,,,,,,,,,,,,,,,,,,,,,,,
5e23b122f9af8b5fe4b973c0,0039,"Thu, 02 Jan 2020 16:06:34 GMT","Thu, 02 Jan 2020 17:04:02 GMT","Thu, 02 Jan 2020 16:37:26 GMT",0.855,2_39_79_383_2020-01-02 16:06:34.210024,0002,CA-492,2-39-79-383,America/Los_Angeles,,,,,,,,,,,,,,,,,,,,,,,,,,,,,,,,,,,,,,,,,,,,,,,,,,,,,,,,,,,,,,,,,,,,,,,,,,,,,,,,,,
5e23b122f9af8b5fe4b973c1,0039,"Thu, 02 Jan 2020 16:31:35 GMT","Fri, 03 Jan 2020 00:29:28 GMT","Fri, 03 Jan 2020 00:29:26 GMT",50.788,2_39_78_366_2020-01-02 16:31:34.854057,0002,CA-323,2-39-78-366,America/Los_Angeles,000003853,360,64.8,180,603,"Thu, 02 Jan 2020 16:31:59 GMT",true,"Fri, 03 Jan 2020 02:34:35 GMT",3853,,,,,,,,,,,,,,,,,,,,,,,,,,,,,,,,,,,,,,,,,,,,,,,,,,,,,,,,,,,,,,,,,,,,,,,,,
5e23b122f9af8b5fe4b973c2,0039,"Thu, 02 Jan 2020 17:25:53 GMT","Fri, 03 Jan 2020 02:14:55 GMT","Thu, 02 Jan 2020 19:23:42 GMT",4.187,2_39_138_29_2020-01-02 17:25:52.764723,0002,CA-304,2-39-138-29,America/Los_Angeles,000000620,400,12,30,421,"Thu, 02 Jan 2020 17:26:03 GMT",true,"Fri, 03 Jan 2020 00:26:53 GMT",620,,,,,,,,,,,,,,,,,,,,,,,,,,,,,,,,,,,,,,,,,,,,,,,,,,,,,,,,,,,,,,,,,,,,,,,,,
5e23b122f9af8b5fe4b973c3,0039,"Thu, 02 Jan 2020 17:45:13 GMT","Fri, 03 Jan 2020 00:51:06 GMT","Thu, 02 Jan 2020 19:55:59 GMT",6.874,2_39_78_367_2020-01-02 17:45:12.995970,0002,CA-494,2-39-78-367,America/Los_Angeles,000001001,600,12,20,129,"Thu, 02 Jan 2020 17:45:27 GMT",true,"Thu, 02 Jan 2020 19:54:13 GMT",1001,,,,,,,,,,,,,,,,,,,,,,,,,,,,,,,,,,,,,,,,,,,,,,,,,,,,,,,,,,,,,,,,,,,,,,,,,
5e23b122f9af8b5fe4b973c4,0039,"Thu, 02 Jan 2020 17:46:15 GMT","Thu, 02 Jan 2020 21:02:06 GMT","Thu, 02 Jan 2020 19:49:03 GMT",6.501,2_39_78_365_2020-01-02 17:46:14.843193,0002,CA-321,2-39-78-365,America/Los_Angeles,000001124,400,8,20,60,"Thu, 02 Jan 2020 17:46:37 GMT",true,"Thu, 02 Jan 2020 18:46:15 GMT",1124,,,,,,,,,,,,,,,,,,,,,,,,,,,,,,,,,,,,,,,,,,,,,,,,,,,,,,,,,,,,,,,,,,,,,,,,,
5e23b122f9af8b5fe4b973c5,0039,"Thu, 02 Jan 2020 17:47:53 GMT","Thu, 02 Jan 2020 20:42:59 GMT","Thu, 02 Jan 2020 20:42:55 GMT",20.165,2_39_139_28_2020-01-02 17:47:52.598587,0002,CA-303,2-39-139-28,America/Los_Angeles,000000710,261,7.83,30,458,"Thu, 02 Jan 2020 17:48:10 GMT",true,"Fri, 03 Jan 2020 01:25:53 GMT",710,,261,41.76,160,458,"Thu, 02 Jan 2020 17:48:27 GMT",true,"Fri, 03 Jan 2020 01:25:53 GMT",710,,,,,,,,,,,,,,,,,,,,,,,,,,,,,,,,,,,,,,,,,,,,,,,,,,,,,,,,,,,,,,,,
5e23b122f9af8b5fe4b973c6,0039,"Thu, 02 Jan 2020 18:07:57 GMT","Thu, 02 Jan 2020 20:46:38 GMT","Thu, 02 Jan 2020 19:32:04 GMT",4.32,2_39_123_23_2020-01-02 18:07:56.928051,0002,CA-313,2-39-123-23,America/Los_Angeles,000002170,400,8,20,183,"Thu, 02 Jan 2020 18:08:20 GMT",true,"Thu, 02 Jan 2020 21:10:57 GMT",2170,,,,,,,,,,,,,,,,,,,,,,,,,,,,,,,,,,,,,,,,,,,,,,,,,,,,,,,,,,,,,,,,,,,,,,,,,
5e23b122f9af8b5fe4b973c7,0039,"Thu, 02 Jan 2020 18:25:20 GMT","Fri, 03 Jan 2020 00:46:32 GMT","Thu, 02 Jan 2020 20:41:45 GMT",5.191,2_39_79_381_2020-01-02 18:25:20.402594,0002,CA-490,2-39-79-381,America/Los_Angeles,000003389,400,8,20,190,"Thu, 02 Jan 2020 18:25:50 GMT",true,"Thu, 02 Jan 2020 21:35:20 GMT",3389,,,,,,,,,,,,,,,,,,,,,,,,,,,,,,,,,,,,,,,,,,,,,,,,,,,,,,,,,,,,,,,,,,,,,,,,,
5e23b122f9af8b5fe4b973c8,0039,"Thu, 02 Jan 2020 18:40:46 GMT","Thu, 02 Jan 2020 21:19:16 GMT","Thu, 02 Jan 2020 21:18:35 GMT",8.379,2_39_90_440_2020-01-02 18:40:46.167914,0002,CA-500,2-39-90-440,America/Los_Angeles,000003447,375,15,40,219,"Thu, 02 Jan 2020 18:41:08 GMT",true,"Thu, 02 Jan 2020 22:19:46 GMT",3447,,,,,,,,,,,,,,,,,,,,,,,,,,,,,,,,,,,,,,,,,,,,,,,,,,,,,,,,,,,,,,,,,,,,,,,,,
5e23b122f9af8b5fe4b973c9,0039,"Thu, 02 Jan 2020 18:51:01 GMT","Thu, 02 Jan 2020 23:58:24 GMT","Thu, 02 Jan 2020 20:00:30 GMT",3.399,2_39_89_25_2020-01-02 18:51:01.473182,0002,CA-315,2-39-89-25,America/Los_Angeles,000000743,400,8,20,332,"Thu, 02 Jan 2020 18:51:17 GMT",true,"Fri, 03 Jan 2020 00:23:01 GMT",743,,,,,,,,,,,,,,,,,,,,,,,,,,,,,,,,,,,,,,,,,,,,,,,,,,,,,,,,,,,,,,,,,,,,,,,,,
5e23b122f9af8b5fe4b973ca,0039,"Thu, 02 Jan 2020 21:28:24 GMT","Thu, 02 Jan 2020 21:54:33 GMT","Thu, 02 Jan 2020 21:49:32 GMT",0.956,2_39_123_23_2020-01-02 21:28:23.830730,0002,CA-313,2-39-123-23,America/Los_Angeles,000002170,400,8,20,183,"Thu, 02 Jan 2020 21:28:36 GMT",true,"Fri, 03 Jan 2020 00:31:24 GMT",2170,,,,,,,,,,,,,,,,,,,,,,,,,,,,,,,,,,,,,,,,,,,,,,,,,,,,,,,,,,,,,,,,,,,,,,,,,
5e23b122f9af8b5fe4b973cb,0039,"Thu, 02 Jan 2020 22:17:20 GMT","Fri, 03 Jan 2020 05:05:05 GMT","Thu, 02 Jan 2020 23:12:44 GMT",2.35,2_39_78_363_2020-01-02 22:17:20.170082,0002,CA-320,2-39-78-363,America/Los_Angeles,000001124,400,8,20,60,"Thu, 02 Jan 2020 22:17:38 GMT",true,"Thu, 02 Jan 2020 23:17:20 GMT",1124,,,,,,,,,,,,,,,,,,,,,,,,,,,,,,,,,,,,,,,,,,,,,,,,,,,,,,,,,,,,,,,,,,,,,,,,,
5e23b122f9af8b5fe4b973cc,0039,"Thu, 02 Jan 2020 22:23:55 GMT","Fri, 03 Jan 2020 00:56:50 GMT","Fri, 03 Jan 2020 00:56:45 GMT",17.075,2_39_139_28_2020-01-02 22:23:55.420890,0002,CA-303,2-39-139-28,America/Los_Angeles,000000710,261,41.76,160,458,"Thu, 02 Jan 2020 22:24:23 GMT",true,"Fri, 03 Jan 2020 06:01:55 GMT",710,,,,,,,,,,,,,,,,,,,,,,,,,,,,,,,,,,,,,,,,,,,,,,,,,,,,,,,,,,,,,,,,,,,,,,,,,
5e23b122f9af8b5fe4b973cd,0039,"Fri, 03 Jan 2020 00:03:03 GMT","Fri, 03 Jan 2020 01:16:25 GMT","Fri, 03 Jan 2020 00:33:55 GMT",0.913,2_39_89_25_2020-01-03 00:03:03.221895,0002,CA-315,2-39-89-25,America/Los_Angeles,,,,,,,,,,,,,,,,,,,,,,,,,,,,,,,,,,,,,,,,,,,,,,,,,,,,,,,,,,,,,,,,,,,,,,,,,,,,,,,,,,
5e23b122f9af8b5fe4b973ce,0039,"Fri, 03 Jan 2020 02:50:03 GMT","Fri, 03 Jan 2020 04:06:03 GMT","Fri, 03 Jan 2020 04:05:54 GMT",8.768,2_39_139_28_2020-01-03 02:50:03.120616,0002,CA-303,2-39-139-28,America/Los_Angeles,000001263,400,12,30,115,"Fri, 03 Jan 2020 02:50:53 GMT",true,"Fri, 03 Jan 2020 04:45:03 GMT",1263,,,,,,,,,,,,,,,,,,,,,,,,,,,,,,,,,,,,,,,,,,,,,,,,,,,,,,,,,,,,,,,,,,,,,,,,,
5e2502a2f9af8b63eb5a4de2,0039,"Fri, 03 Jan 2020 16:14:25 GMT","Sat, 04 Jan 2020 01:25:30 GMT","Fri, 03 Jan 2020 19:00:03 GMT",10.325,2_39_78_366_2020-01-03 16:14:25.439593,0002,CA-323,2-39-78-366,America/Los_Angeles,000003853,360,39.6,110,490,"Fri, 03 Jan 2020 16:15:03 GMT",true,"Sat, 04 Jan 2020 00:24:25 GMT",3853,,,,,,,,,,,,,,,,,,,,,,,,,,,,,,,,,,,,,,,,,,,,,,,,,,,,,,,,,,,,,,,,,,,,,,,,,
5e2502a2f9af8b63eb5a4de3,0039,"Fri, 03 Jan 2020 16:19:10 GMT","Fri, 03 Jan 2020 18:08:03 GMT","Fri, 03 Jan 2020 18:09:02 GMT",0.84,2_39_79_380_2020-01-03 16:19:09.581564,0002,CA-489,2-39-79-380,America/Los_Angeles,,,,,,,,,,,,,,,,,,,,,,,,,,,,,,,,,,,,,,,,,,,,,,,,,,,,,,,,,,,,,,,,,,,,,,,,,,,,,,,,,,
5e2502a2f9af8b63eb5a4de4,0039,"Fri, 03 Jan 2020 16:37:06 GMT","Sat, 04 Jan 2020 00:47:15 GMT","Fri, 03 Jan 2020 18:05:49 GMT",4.426,2_39_89_25_2020-01-03 16:37:05.609840,0002,CA-315,2-39-89-25,America/Los_Angeles,000000743,400,8,20,332,"Fri, 03 Jan 2020 16:37:26 GMT",true,"Fri, 03 Jan 2020 22:09:06 GMT",743,,,,,,,,,,,,,,,,,,,,,,,,,,,,,,,,,,,,,,,,,,,,,,,,,,,,,,,,,,,,,,,,,,,,,,,,,
5e2502a2f9af8b63eb5a4de5,0039,"Fri, 03 Jan 2020 17:14:49 GMT","Sat, 04 Jan 2020 01:38:06 GMT","Fri, 03 Jan 2020 17:43:15 GMT",0.807,2_39_79_379_2020-01-03 17:14:49.150327,0002,CA-327,2-39-79-379,America/Los_Angeles,,,,,,,,,,,,,,,,,,,,,,,,,,,,,,,,,,,,,,,,,,,,,,,,,,,,,,,,,,,,,,,,,,,,,,,,,,,,,,,,,,
5e2502a2f9af8b63eb5a4de6,0039,"Fri, 03 Jan 2020 17:40:31 GMT","Fri, 03 Jan 2020 19:30:12 GMT","Fri, 03 Jan 2020 19:30:07 GMT",12.489,2_39_139_28_2020-01-03 17:40:30.774361,0002,CA-303,2-39-139-28,America/Los_Angeles,000000798,400,20,50,109,"Fri, 03 Jan 2020 17:41:42 GMT",true,"Fri, 03 Jan 2020 19:29:31 GMT",798,,,,,,,,,,,,,,,,,,,,,,,,,,,,,,,,,,,,,,,,,,,,,,,,,,,,,,,,,,,,,,,,,,,,,,,,,
5e2502a2f9af8b63eb5a4de7,0039,"Fri, 03 Jan 2020 17:48:23 GMT","Fri, 03 Jan 2020 21:45:39 GMT","Fri, 03 Jan 2020 21:46:38 GMT",0.914,2_39_79_377_2020-01-03 17:48:23.018957,0002,CA-325,2-39-79-377,America/Los_Angeles,,,,,,,,,,,,,,,,,,,,,,,,,,,,,,,,,,,,,,,,,,,,,,,,,,,,,,,,,,,,,,,,,,,,,,,,,,,,,,,,,,
5e2502a2f9af8b63eb5a4de8,0039,"Fri, 03 Jan 2020 17:50:40 GMT","Sat, 04 Jan 2020 00:52:55 GMT","Fri, 03 Jan 2020 19:07:54 GMT",4.008,2_39_123_23_2020-01-03 17:50:40.207600,0002,CA-313,2-39-123-23,America/Los_Angeles,000002170,400,8,20,183,"Fri, 03 Jan 2020 17:50:48 GMT",true,"Fri, 03 Jan 2020 20:53:40 GMT",2170,,400,8,20,183,"Fri, 03 Jan 2020 17:51:03 GMT",true,"Fri, 03 Jan 2020 20:53:40 GMT",2170,,,,,,,,,,,,,,,,,,,,,,,,,,,,,,,,,,,,,,,,,,,,,,,,,,,,,,,,,,,,,,,,
5e2502a2f9af8b63eb5a4de9,0039,"Fri, 03 Jan 2020 18:08:07 GMT","Fri, 03 Jan 2020 20:14:53 GMT","Fri, 03 Jan 2020 18:38:11 GMT",0.812,2_39_79_380_2020-01-03 18:08:06.946951,0002,CA-489,2-39-79-380,America/Los_Angeles,,,,,,,,,,,,,,,,,,,,,,,,,,,,,,,,,,,,,,,,,,,,,,,,,,,,,,,,,,,,,,,,,,,,,,,,,,,,,,,,,,
5e2502a2f9af8b63eb5a4dea,0039,"Fri, 03 Jan 2020 18:23:45 GMT","Fri, 03 Jan 2020 21:19:46 GMT","Fri, 03 Jan 2020 19:36:30 GMT",3.713,2_39_92_442_2020-01-03 18:23:44.761404,0002,CA-498,2-39-92-442,America/Los_Angeles,000003447,375,15,40,219,"Fri, 03 Jan 2020 18:24:02 GMT",true,"Fri, 03 Jan 2020 22:02:45 GMT",3447,,,,,,,,,,,,,,,,,,,,,,,,,,,,,,,,,,,,,,,,,,,,,,,,,,,,,,,,,,,,,,,,,,,,,,,,,
5e2502a2f9af8b63eb5a4deb,0039,"Fri, 03 Jan 2020 18:40:29 GMT","Sat, 04 Jan 2020 03:55:21 GMT","Fri, 03 Jan 2020 23:08:46 GMT",9.566,2_39_126_20_2020-01-03 18:40:28.924098,0002,CA-310,2-39-126-20,America/Los_Angeles,000003270,200,40,200,466,"Fri, 03 Jan 2020 18:40:45 GMT",true,"Sat, 04 Jan 2020 02:26:29 GMT",3270,,,,,,,,,,,,,,,,,,,,,,,,,,,,,,,,,,,,,,,,,,,,,,,,,,,,,,,,,,,,,,,,,,,,,,,,,
5e2502a2f9af8b63eb5a4dec,0039,"Fri, 03 Jan 2020 19:04:18 GMT","Sat, 04 Jan 2020 01:50:00 GMT","Fri, 03 Jan 2020 20:11:41 GMT",3.695,2_39_131_30_2020-01-03 19:04:18.163790,0002,CA-305,2-39-131-30,America/Los_Angeles,000000567,400,8,20,596,"Fri, 03 Jan 2020 19:04:25 GMT",true,"Sat, 04 Jan 2020 05:00:18 GMT",567,,400,8,20,596,"Fri, 03 Jan 2020 19:04:29 GMT",true,"Sat, 04 Jan 2020 05:00:18 GMT",567,,,,,,,,,,,,,,,,,,,,,,,,,,,,,,,,,,,,,,,,,,,,,,,,,,,,,,,,,,,,,,,,
5e2502a2f9af8b63eb5a4ded,0039,"Fri, 03 Jan 2020 19:10:14 GMT","Fri, 03 Jan 2020 20:00:13 GMT","Fri, 03 Jan 2020 20:00:09 GMT",2.804,2_39_130_31_2020-01-03 19:10:14.392450,0002,CA-306,2-39-130-31,America/Los_Angeles,000000365,333,9.99,30,104,"Fri, 03 Jan 2020 19:11:47 GMT",true,"Fri, 03 Jan 2020 20:54:14 GMT",365,,,,,,,,,,,,,,,,,,,,,,,,,,,,,,,,,,,,,,,,,,,,,,,,,,,,,,,,,,,,,,,,,,,,,,,,,
5e2502a2f9af8b63eb5a4dee,0039,"Sat, 04 Jan 2020 00:59:57 GMT","Sat, 04 Jan 2020 02:29:40 GMT","Sat, 04 Jan 2020 02:29:35 GMT",4.98,2_39_123_23_2020-01-04 00:59:56.797170,0002,CA-313,2-39-123-23,America/Los_Angeles,000001920,400,8,20,61,"Sat, 04 Jan 2020 01:00:23 GMT",true,"Sat, 04 Jan 2020 02:00:57 GMT",1920,,,,,,,,,,,,,,,,,,,,,,,,,,,,,,,,,,,,,,,,,,,,,,,,,,,,,,,,,,,,,,,,,,,,,,,,,
5e2502a2f9af8b63eb5a4def,0039,"Sat, 04 Jan 2020 02:19:38 GMT","Sat, 04 Jan 2020 21:09:25 GMT","Sat, 04 Jan 2020 05:34:17 GMT",11.271,2_39_139_28_2020-01-04 02:19:38.310090,0002,CA-303,2-39-139-28,America/Los_Angeles,000000838,600,36,60,287,"Sat, 04 Jan 2020 02:19:53 GMT",true,"Sat, 04 Jan 2020 07:06:38 GMT",838,,600,36,60,287,"Sat, 04 Jan 2020 02:20:03 GMT",true,"Sat, 04 Jan 2020 07:06:38 GMT",838,,,,,,,,,,,,,,,,,,,,,,,,,,,,,,,,,,,,,,,,,,,,,,,,,,,,,,,,,,,,,,,,
5e2502a2f9af8b63eb5a4df0,0039,"Sat, 04 Jan 2020 03:21:06 GMT","Sat, 04 Jan 2020 03:40:32 GMT","Sat, 04 Jan 2020 03:41:31 GMT",2.127,2_39_131_30_2020-01-04 03:21:05.618565,0002,CA-305,2-39-131-30,America/Los_Angeles,000001238,520,104,200,715,"Sat, 04 Jan 2020 03:21:52 GMT",true,"Sat, 04 Jan 2020 15:16:06 GMT",1238,,,,,,,,,,,,,,,,,,,,,,,,,,,,,,,,,,,,,,,,,,,,,,,,,,,,,,,,,,,,,,,,,,,,,,,,,
5e26541ef9af8b67acde4c71,0039,"Sat, 04 Jan 2020 16:03:06 GMT","Sun, 05 Jan 2020 00:17:36 GMT","Sat, 04 Jan 2020 16:33:26 GMT",0.845,2_39_131_30_2020-01-04 16:03:05.854880,0002,CA-305,2-39-131-30,America/Los_Angeles,,,,,,,,,,,,,,,,,,,,,,,,,,,,,,,,,,,,,,,,,,,,,,,,,,,,,,,,,,,,,,,,,,,,,,,,,,,,,,,,,,
5e26541ef9af8b67acde4c72,0039,"Sat, 04 Jan 2020 16:35:51 GMT","Sat, 04 Jan 2020 17:57:53 GMT","Sat, 04 Jan 2020 17:57:48 GMT",8.696,2_39_129_17_2020-01-04 16:35:50.900297,0002,CA-307,2-39-129-17,America/Los_Angeles,000001938,400,8,20,140,"Sat, 04 Jan 2020 16:35:53 GMT",true,"Sat, 04 Jan 2020 18:55:51 GMT",1938,,400,16,40,140,"Sat, 04 Jan 2020 16:36:07 GMT",true,"Sat, 04 Jan 2020 18:55:51 GMT",1938,400,16,40,140,"Sat, 04 Jan 2020 17:57:48 GMT",true,"Sat, 04 Jan 2020 18:55:51 GMT",1938,,,,,,,,,,,,,,,,,,,,,,,,,,,,,,,,,,,,,,,,,,,,,,,,,,,,,,,,
5e26541ef9af8b67acde4c73,0039,"Sat, 04 Jan 2020 16:45:48 GMT","Sun, 05 Jan 2020 01:11:35 GMT","Sat, 04 Jan 2020 23:48:30 GMT",47.386,2_39_79_377_2020-01-04 16:45:48.379080,0002,CA-325,2-39-79-377,America/Los_Angeles,000000248,250,47.5,190,576,"Sat, 04 Jan 2020 16:46:41 GMT",true,"Sun, 05 Jan 2020 02:21:48 GMT",248,,,,,,,,,,,,,,,,,,,,,,,,,,,,,,,,,,,,,,,,,,,,,,,,,,,,,,,,,,,,,,,,,,,,,,,,,
5e26541ef9af8b67acde4c74,0039,"Sat, 04 Jan 2020 17:36:05 GMT","Sat, 04 Jan 2020 18:44:00 GMT","Sat, 04 Jan 2020 18:43:52 GMT",3.64,2_39_128_18_2020-01-04 17:36:05.318091,0002,CA-308,2-39-128-18,America/Los_Angeles,000000365,333,9.99,30,104,"Sat, 04 Jan 2020 17:36:23 GMT",true,"Sat, 04 Jan 2020 19:20:05 GMT",365,,,,,,,,,,,,,,,,,,,,,,,,,,,,,,,,,,,,,,,,,,,,,,,,,,,,,,,,,,,,,,,,,,,,,,,,,
5e26541ef9af8b67acde4c75,0039,"Sat, 04 Jan 2020 19:20:38 GMT","Sat, 04 Jan 2020 20:16:08 GMT","Sat, 04 Jan 2020 20:16:00 GMT",0.879,2_39_129_17_2020-01-04 19:20:38.030150,0002,CA-307,2-39-129-17,America/Los_Angeles,,,,,,,,,,,,,,,,,,,,,,,,,,,,,,,,,,,,,,,,,,,,,,,,,,,,,,,,,,,,,,,,,,,,,,,,,,,,,,,,,,
5e26541ef9af8b67acde4c76,0039,"Sat, 04 Jan 2020 20:13:10 GMT","Sat, 04 Jan 2020 22:22:06 GMT","Sat, 04 Jan 2020 21:07:40 GMT",2.505,2_39_125_21_2020-01-04 20:13:09.963739,0002,CA-311,2-39-125-21,America/Los_Angeles,000001920,450,9,20,61,"Sat, 04 Jan 2020 20:17:05 GMT",true,"Sat, 04 Jan 2020 21:14:10 GMT",1920,,450,9,20,61,"Sat, 04 Jan 2020 20:17:15 GMT",true,"Sat, 04 Jan 2020 21:14:10 GMT",1920,,,,,,,,,,,,,,,,,,,,,,,,,,,,,,,,,,,,,,,,,,,,,,,,,,,,,,,,,,,,,,,,
5e26541ef9af8b67acde4c77,0039,"Sat, 04 Jan 2020 23:36:53 GMT","Sun, 05 Jan 2020 00:08:53 GMT","Sun, 05 Jan 2020 00:09:51 GMT",0.79,2_39_127_19_2020-01-04 23:36:53.158060,0002,CA-309,2-39-127-19,America/Los_Angeles,,,,,,,,,,,,,,,,,,,,,,,,,,,,,,,,,,,,,,,,,,,,,,,,,,,,,,,,,,,,,,,,,,,,,,,,,,,,,,,,,,
5e26541ef9af8b67acde4c78,0039,"Sun, 05 Jan 2020 00:08:56 GMT","Sun, 05 Jan 2020 00:42:18 GMT","Sun, 05 Jan 2020 00:40:59 GMT",0.787395277777778,2_39_127_19_2020-01-05 00:08:56.486738,0002,CA-309,2-39-127-19,America/Los_Angeles,,,,,,,,,,,,,,,,,,,,,,,,,,,,,,,,,,,,,,,,,,,,,,,,,,,,,,,,,,,,,,,,,,,,,,,,,,,,,,,,,,
5e26541ef9af8b67acde4c79,0039,"Sun, 05 Jan 2020 00:14:24 GMT","Sun, 05 Jan 2020 01:49:46 GMT","Sun, 05 Jan 2020 00:44:33 GMT",0.877,2_39_138_29_2020-01-05 00:14:24.357979,0002,CA-304,2-39-138-29,America/Los_Angeles,,,,,,,,,,,,,,,,,,,,,,,,,,,,,,,,,,,,,,,,,,,,,,,,,,,,,,,,,,,,,,,,,,,,,,,,,,,,,,,,,,
5e26541ef9af8b67acde4c7a,0039,"Sun, 05 Jan 2020 00:42:28 GMT","Sun, 05 Jan 2020 01:13:52 GMT","Sun, 05 Jan 2020 01:13:47 GMT",0.778,2_39_126_20_2020-01-05 00:42:28.223622,0002,CA-310,2-39-126-20,America/Los_Angeles,,,,,,,,,,,,,,,,,,,,,,,,,,,,,,,,,,,,,,,,,,,,,,,,,,,,,,,,,,,,,,,,,,,,,,,,,,,,,,,,,,
5e26541ef9af8b67acde4c7b,0039,"Sun, 05 Jan 2020 02:20:55 GMT","Sun, 05 Jan 2020 04:51:46 GMT","Sun, 05 Jan 2020 04:22:40 GMT",9.222,2_39_129_17_2020-01-05 02:20:54.531254,0002,CA-307,2-39-129-17,America/Los_Angeles,000001099,400,24,60,125,"Sun, 05 Jan 2020 02:21:33 GMT",true,"Sun, 05 Jan 2020 04:25:55 GMT",1099,,,,,,,,,,,,,,,,,,,,,,,,,,,,,,,,,,,,,,,,,,,,,,,,,,,,,,,,,,,,,,,,,,,,,,,,,
5e26541ef9af8b67acde4c7c,0039,"Sun, 05 Jan 2020 02:30:56 GMT","Sun, 05 Jan 2020 04:04:28 GMT","Sun, 05 Jan 2020 04:04:19 GMT",5.423,2_39_89_25_2020-01-05 02:30:56.509870,0002,CA-315,2-39-89-25,America/Los_Angeles,000001091,300,9,30,90,"Sun, 05 Jan 2020 02:31:16 GMT",true,"Sun, 05 Jan 2020 04:00:56 GMT",1091,,,,,,,,,,,,,,,,,,,,,,,,,,,,,,,,,,,,,,,,,,,,,,,,,,,,,,,,,,,,,,,,,,,,,,,,,
5e27a59cf9af8b6b6627addc,0039,"Sun, 05 Jan 2020 17:22:55 GMT","Sun, 05 Jan 2020 19:08:24 GMT","Sun, 05 Jan 2020 18:56:41 GMT",4.689,2_39_89_25_2020-01-05 17:22:54.865827,0002,CA-315,2-39-89-25,America/Los_Angeles,000000743,400,8,20,79,"Sun, 05 Jan 2020 17:23:02 GMT",true,"Sun, 05 Jan 2020 18:41:55 GMT",743,,,,,,,,,,,,,,,,,,,,,,,,,,,,,,,,,,,,,,,,,,,,,,,,,,,,,,,,,,,,,,,,,,,,,,,,,
5e27a59cf9af8b6b6627addd,0039,"Sun, 05 Jan 2020 19:52:59 GMT","Sun, 05 Jan 2020 22:11:46 GMT","Sun, 05 Jan 2020 20:30:24 GMT",1.441,2_39_79_380_2020-01-05 19:52:58.995281,0002,CA-489,2-39-79-380,America/Los_Angeles,000003389,400,4,10,190,"Sun, 05 Jan 2020 19:54:34 GMT",true,"Sun, 05 Jan 2020 23:02:59 GMT",3389,,,,,,,,,,,,,,,,,,,,,,,,,,,,,,,,,,,,,,,,,,,,,,,,,,,,,,,,,,,,,,,,,,,,,,,,,
5e27a59cf9af8b6b6627adde,0039,"Sun, 05 Jan 2020 20:31:11 GMT","Mon, 06 Jan 2020 01:33:54 GMT","Mon, 06 Jan 2020 00:14:21 GMT",12.918,2_39_139_28_2020-01-05 20:31:11.005412,0002,CA-303,2-39-139-28,America/Los_Angeles,000000838,600,36,60,287,"Sun, 05 Jan 2020 20:31:45 GMT",true,"Mon, 06 Jan 2020 01:18:11 GMT",838,,600,36,60,287,"Sun, 05 Jan 2020 20:31:53 GMT",true,"Mon, 06 Jan 2020 01:18:11 GMT",838,,,,,,,,,,,,,,,,,,,,,,,,,,,,,,,,,,,,,,,,,,,,,,,,,,,,,,,,,,,,,,,,
5e27a59cf9af8b6b6627addf,0039,"Sun, 05 Jan 2020 20:31:59 GMT","Mon, 06 Jan 2020 01:33:31 GMT","Mon, 06 Jan 2020 01:33:46 GMT",0.994,2_39_131_30_2020-01-05 20:31:58.947706,0002,CA-305,2-39-131-30,America/Los_Angeles,,,,,,,,,,,,,,,,,,,,,,,,,,,,,,,,,,,,,,,,,,,,,,,,,,,,,,,,,,,,,,,,,,,,,,,,,,,,,,,,,,
5e27a59cf9af8b6b6627ade0,0039,"Sun, 05 Jan 2020 23:06:45 GMT","Mon, 06 Jan 2020 00:09:17 GMT","Sun, 05 Jan 2020 23:50:21 GMT",2.077,2_39_127_19_2020-01-05 23:06:45.211244,0002,CA-309,2-39-127-19,America/Los_Angeles,000001920,450,9,20,61,"Sun, 05 Jan 2020 23:07:12 GMT",true,"Mon, 06 Jan 2020 00:07:45 GMT",1920,,450,9,20,61,"Sun, 05 Jan 2020 23:07:33 GMT",true,"Mon, 06 Jan 2020 00:07:45 GMT",1920,,,,,,,,,,,,,,,,,,,,,,,,,,,,,,,,,,,,,,,,,,,,,,,,,,,,,,,,,,,,,,,,
5e27a59cf9af8b6b6627ade1,0039,"Sun, 05 Jan 2020 23:27:46 GMT","Mon, 06 Jan 2020 00:33:19 GMT","Sun, 05 Jan 2020 23:58:26 GMT",0.85,2_39_79_379_2020-01-05 23:27:45.925246,0002,CA-327,2-39-79-379,America/Los_Angeles,,,,,,,,,,,,,,,,,,,,,,,,,,,,,,,,,,,,,,,,,,,,,,,,,,,,,,,,,,,,,,,,,,,,,,,,,,,,,,,,,,
5e28f72af9af8b70ebc91c7e,0039,"Mon, 06 Jan 2020 15:54:03 GMT","Tue, 07 Jan 2020 01:08:11 GMT","Mon, 06 Jan 2020 20:45:22 GMT",24.261,2_39_78_366_2020-01-06 15:54:03.422821,0002,CA-323,2-39-78-366,America/Los_Angeles,000003853,360,28.8,80,490,"Mon, 06 Jan 2020 15:54:11 GMT",true,"Tue, 07 Jan 2020 00:04:03 GMT",3853,,,,,,,,,,,,,,,,,,,,,,,,,,,,,,,,,,,,,,,,,,,,,,,,,,,,,,,,,,,,,,,,,,,,,,,,,
5e28f72af9af8b70ebc91c7f,0039,"Mon, 06 Jan 2020 15:58:50 GMT","Mon, 06 Jan 2020 16:32:28 GMT","Mon, 06 Jan 2020 16:29:06 GMT",0.831,2_39_79_380_2020-01-06 15:58:49.622769,0002,CA-489,2-39-79-380,America/Los_Angeles,,,,,,,,,,,,,,,,,,,,,,,,,,,,,,,,,,,,,,,,,,,,,,,,,,,,,,,,,,,,,,,,,,,,,,,,,,,,,,,,,,
5e28f72af9af8b70ebc91c80,0039,"Mon, 06 Jan 2020 16:07:15 GMT","Tue, 07 Jan 2020 03:16:11 GMT","Tue, 07 Jan 2020 03:15:59 GMT",16.006,2_39_79_379_2020-01-06 16:07:15.399027,0002,CA-327,2-39-79-379,America/Los_Angeles,000000676,400,24,60,629,"Mon, 06 Jan 2020 16:07:19 GMT",true,"Tue, 07 Jan 2020 02:36:15 GMT",676,,,,,,,,,,,,,,,,,,,,,,,,,,,,,,,,,,,,,,,,,,,,,,,,,,,,,,,,,,,,,,,,,,,,,,,,,
5e28f72af9af8b70ebc91c81,0039,"Mon, 06 Jan 2020 16:26:31 GMT","Tue, 07 Jan 2020 01:18:35 GMT","Mon, 06 Jan 2020 20:48:30 GMT",0.964,2_39_139_28_2020-01-06 16:26:31.205980,0002,CA-303,2-39-139-28,America/Los_Angeles,,,,,,,,,,,,,,,,,,,,,,,,,,,,,,,,,,,,,,,,,,,,,,,,,,,,,,,,,,,,,,,,,,,,,,,,,,,,,,,,,,
5e28f72af9af8b70ebc91c82,0039,"Mon, 06 Jan 2020 16:27:34 GMT","Mon, 06 Jan 2020 21:59:10 GMT","Mon, 06 Jan 2020 16:48:34 GMT",1.296,2_39_79_377_2020-01-06 16:27:33.876128,0002,CA-325,2-39-79-377,America/Los_Angeles,000000751,400,8,20,590,"Mon, 06 Jan 2020 16:27:44 GMT",true,"Tue, 07 Jan 2020 02:17:34 GMT",751,,,,,,,,,,,,,,,,,,,,,,,,,,,,,,,,,,,,,,,,,,,,,,,,,,,,,,,,,,,,,,,,,,,,,,,,,
5e28f72af9af8b70ebc91c83,0039,"Mon, 06 Jan 2020 16:38:10 GMT","Tue, 07 Jan 2020 00:09:43 GMT","Mon, 06 Jan 2020 21:11:27 GMT",15.822,2_39_131_30_2020-01-06 16:38:10.136068,0002,CA-305,2-39-131-30,America/Los_Angeles,000000712,400,28,70,307,"Mon, 06 Jan 2020 16:38:20 GMT",true,"Mon, 06 Jan 2020 21:45:10 GMT",712,,,,,,,,,,,,,,,,,,,,,,,,,,,,,,,,,,,,,,,,,,,,,,,,,,,,,,,,,,,,,,,,,,,,,,,,,
5e28f72af9af8b70ebc91c84,0039,"Mon, 06 Jan 2020 16:38:56 GMT","Mon, 06 Jan 2020 23:08:17 GMT","Mon, 06 Jan 2020 20:46:16 GMT",0.943,2_39_129_17_2020-01-06 16:38:56.073904,0002,CA-307,2-39-129-17,America/Los_Angeles,,,,,,,,,,,,,,,,,,,,,,,,,,,,,,,,,,,,,,,,,,,,,,,,,,,,,,,,,,,,,,,,,,,,,,,,,,,,,,,,,,
5e28f72af9af8b70ebc91c85,0039,"Mon, 06 Jan 2020 16:41:08 GMT","Tue, 07 Jan 2020 01:43:10 GMT","Mon, 06 Jan 2020 19:55:16 GMT",21.338,2_39_79_382_2020-01-06 16:41:07.846325,0002,CA-491,2-39-79-382,America/Los_Angeles,000001104,250,37.5,150,436,"Mon, 06 Jan 2020 16:41:55 GMT",true,"Mon, 06 Jan 2020 23:57:08 GMT",1104,,,,,,,,,,,,,,,,,,,,,,,,,,,,,,,,,,,,,,,,,,,,,,,,,,,,,,,,,,,,,,,,,,,,,,,,,
5e28f72af9af8b70ebc91c86,0039,"Mon, 06 Jan 2020 16:51:09 GMT","Mon, 06 Jan 2020 20:27:02 GMT","Mon, 06 Jan 2020 17:40:40 GMT",2.213,2_39_138_29_2020-01-06 16:51:08.856990,0002,CA-304,2-39-138-29,America/Los_Angeles,000001366,400,8,20,60,"Mon, 06 Jan 2020 16:51:32 GMT",true,"Mon, 06 Jan 2020 17:51:09 GMT",1366,,,,,,,,,,,,,,,,,,,,,,,,,,,,,,,,,,,,,,,,,,,,,,,,,,,,,,,,,,,,,,,,,,,,,,,,,
5e28f72af9af8b70ebc91c87,0039,"Mon, 06 Jan 2020 17:08:17 GMT","Tue, 07 Jan 2020 01:28:22 GMT","Mon, 06 Jan 2020 18:19:03 GMT",3.9,2_39_127_19_2020-01-06 17:08:17.392912,0002,CA-309,2-39-127-19,America/Los_Angeles,000000567,400,8,20,596,"Mon, 06 Jan 2020 17:08:32 GMT",true,"Tue, 07 Jan 2020 03:04:17 GMT",567,,,,,,,,,,,,,,,,,,,,,,,,,,,,,,,,,,,,,,,,,,,,,,,,,,,,,,,,,,,,,,,,,,,,,,,,,
5e28f72af9af8b70ebc91c88,0039,"Mon, 06 Jan 2020 17:19:31 GMT","Tue, 07 Jan 2020 01:59:00 GMT","Mon, 06 Jan 2020 18:39:39 GMT",6.01,2_39_78_365_2020-01-06 17:19:30.632305,0002,CA-321,2-39-78-365,America/Los_Angeles,000000714,400,24,60,361,"Mon, 06 Jan 2020 17:19:44 GMT",true,"Mon, 06 Jan 2020 23:20:31 GMT",714,,,,,,,,,,,,,,,,,,,,,,,,,,,,,,,,,,,,,,,,,,,,,,,,,,,,,,,,,,,,,,,,,,,,,,,,,
5e28f72af9af8b70ebc91c89,0039,"Mon, 06 Jan 2020 17:27:09 GMT","Tue, 07 Jan 2020 01:38:47 GMT","Mon, 06 Jan 2020 23:07:07 GMT",30.26,2_39_78_363_2020-01-06 17:27:08.774394,0002,CA-320,2-39-78-363,America/Los_Angeles,000001137,400,40,100,443,"Mon, 06 Jan 2020 17:27:43 GMT",true,"Tue, 07 Jan 2020 00:50:09 GMT",1137,,,,,,,,,,,,,,,,,,,,,,,,,,,,,,,,,,,,,,,,,,,,,,,,,,,,,,,,,,,,,,,,,,,,,,,,,
5e28f72af9af8b70ebc91c8a,0039,"Mon, 06 Jan 2020 17:31:57 GMT","Mon, 06 Jan 2020 23:25:49 GMT","Mon, 06 Jan 2020 20:48:15 GMT",0.8,2_39_130_31_2020-01-06 17:31:56.733009,0002,CA-306,2-39-130-31,America/Los_Angeles,,,,,,,,,,,,,,,,,,,,,,,,,,,,,,,,,,,,,,,,,,,,,,,,,,,,,,,,,,,,,,,,,,,,,,,,,,,,,,,,,,
5e28f72af9af8b70ebc91c8b,0039,"Mon, 06 Jan 2020 17:37:05 GMT","Tue, 07 Jan 2020 02:38:32 GMT","Mon, 06 Jan 2020 18:24:06 GMT",1.411,2_39_89_25_2020-01-06 17:37:05.095406,0002,CA-315,2-39-89-25,America/Los_Angeles,000000324,444,8.88,20,70,"Mon, 06 Jan 2020 17:37:21 GMT",true,"Mon, 06 Jan 2020 18:47:05 GMT",324,,,,,,,,,,,,,,,,,,,,,,,,,,,,,,,,,,,,,,,,,,,,,,,,,,,,,,,,,,,,,,,,,,,,,,,,,
5e28f72af9af8b70ebc91c8c,0039,"Mon, 06 Jan 2020 17:48:33 GMT","Tue, 07 Jan 2020 02:03:30 GMT","Mon, 06 Jan 2020 19:43:32 GMT",5.961,2_39_95_27_2020-01-06 17:48:33.110861,0002,CA-319,2-39-95-27,America/Los_Angeles,000001222,400,8,20,72,"Mon, 06 Jan 2020 17:48:51 GMT",true,"Mon, 06 Jan 2020 19:00:33 GMT",1222,,,,,,,,,,,,,,,,,,,,,,,,,,,,,,,,,,,,,,,,,,,,,,,,,,,,,,,,,,,,,,,,,,,,,,,,,
5e28f72af9af8b70ebc91c8d,0039,"Mon, 06 Jan 2020 17:56:31 GMT","Tue, 07 Jan 2020 01:38:41 GMT","Mon, 06 Jan 2020 19:24:22 GMT",4.293,2_39_90_440_2020-01-06 17:56:30.692525,0002,CA-500,2-39-90-440,America/Los_Angeles,000000743,400,8,20,447,"Mon, 06 Jan 2020 17:56:50 GMT",true,"Tue, 07 Jan 2020 01:23:31 GMT",743,,,,,,,,,,,,,,,,,,,,,,,,,,,,,,,,,,,,,,,,,,,,,,,,,,,,,,,,,,,,,,,,,,,,,,,,,
5e28f72af9af8b70ebc91c8e,0039,"Mon, 06 Jan 2020 18:02:27 GMT","Tue, 07 Jan 2020 02:17:48 GMT","Mon, 06 Jan 2020 19:59:13 GMT",5.884,2_39_91_437_2020-01-06 18:02:26.750975,0002,CA-317,2-39-91-437,America/Los_Angeles,000000891,400,8,20,215,"Mon, 06 Jan 2020 18:03:16 GMT",true,"Mon, 06 Jan 2020 21:37:27 GMT",891,,,,,,,,,,,,,,,,,,,,,,,,,,,,,,,,,,,,,,,,,,,,,,,,,,,,,,,,,,,,,,,,,,,,,,,,,
5e28f72af9af8b70ebc91c8f,0039,"Mon, 06 Jan 2020 18:07:47 GMT","Tue, 07 Jan 2020 01:17:16 GMT","Mon, 06 Jan 2020 19:15:34 GMT",3.43,2_39_125_21_2020-01-06 18:07:47.364420,0002,CA-311,2-39-125-21,America/Los_Angeles,000002170,400,8,20,183,"Mon, 06 Jan 2020 18:07:53 GMT",true,"Mon, 06 Jan 2020 21:10:47 GMT",2170,,,,,,,,,,,,,,,,,,,,,,,,,,,,,,,,,,,,,,,,,,,,,,,,,,,,,,,,,,,,,,,,,,,,,,,,,
5e28f72af9af8b70ebc91c90,0039,"Mon, 06 Jan 2020 18:16:46 GMT","Mon, 06 Jan 2020 22:13:17 GMT","Mon, 06 Jan 2020 20:23:59 GMT",7.141,2_39_90_26_2020-01-06 18:16:46.074695,0002,CA-316,2-39-90-26,America/Los_Angeles,000000515,400,12,30,144,"Mon, 06 Jan 2020 18:17:32 GMT",true,"Mon, 06 Jan 2020 20:40:46 GMT",515,,400,12,30,144,"Mon, 06 Jan 2020 18:17:54 GMT",true,"Mon, 06 Jan 2020 20:40:46 GMT",515,,,,,,,,,,,,,,,,,,,,,,,,,,,,,,,,,,,,,,,,,,,,,,,,,,,,,,,,,,,,,,,,
5e28f72af9af8b70ebc91c91,0039,"Mon, 06 Jan 2020 18:47:05 GMT","Tue, 07 Jan 2020 01:35:30 GMT","Mon, 06 Jan 2020 19:17:37 GMT",2.471,2_39_78_364_2020-01-06 18:47:04.784079,0002,CA-495,2-39-78-364,America/Los_Angeles,000001095,400,16,40,397,"Mon, 06 Jan 2020 18:47:11 GMT",true,"Tue, 07 Jan 2020 01:24:05 GMT",1095,,,,,,,,,,,,,,,,,,,,,,,,,,,,,,,,,,,,,,,,,,,,,,,,,,,,,,,,,,,,,,,,,,,,,,,,,
5e28f72af9af8b70ebc91c92,0039,"Mon, 06 Jan 2020 19:55:18 GMT","Tue, 07 Jan 2020 01:18:15 GMT","Mon, 06 Jan 2020 21:30:43 GMT",4.693,2_39_79_383_2020-01-06 19:55:18.081734,0002,CA-492,2-39-79-383,America/Los_Angeles,000003389,400,8,20,190,"Mon, 06 Jan 2020 19:58:03 GMT",true,"Mon, 06 Jan 2020 23:05:18 GMT",3389,,400,8,20,190,"Mon, 06 Jan 2020 19:58:17 GMT",true,"Mon, 06 Jan 2020 23:05:18 GMT",3389,,,,,,,,,,,,,,,,,,,,,,,,,,,,,,,,,,,,,,,,,,,,,,,,,,,,,,,,,,,,,,,,
5e28f72af9af8b70ebc91c93,0039,"Mon, 06 Jan 2020 20:39:32 GMT","Mon, 06 Jan 2020 22:48:48 GMT","Mon, 06 Jan 2020 22:07:18 GMT",3.343,2_39_78_360_2020-01-06 20:39:31.758198,0002,CA-322,2-39-78-360,America/Los_Angeles,000000560,400,12,30,297,"Mon, 06 Jan 2020 20:39:43 GMT",true,"Tue, 07 Jan 2020 01:36:32 GMT",560,,400,12,30,194,"Mon, 06 Jan 2020 20:40:22 GMT",true,"Mon, 06 Jan 2020 23:53:32 GMT",560,,,,,,,,,,,,,,,,,,,,,,,,,,,,,,,,,,,,,,,,,,,,,,,,,,,,,,,,,,,,,,,,
5e28f72af9af8b70ebc91c94,0039,"Mon, 06 Jan 2020 21:30:35 GMT","Mon, 06 Jan 2020 23:33:28 GMT","Mon, 06 Jan 2020 21:50:09 GMT",0.591,2_39_92_436_2020-01-06 21:30:35.316299,0002,CA-318,2-39-92-436,America/Los_Angeles,,,,,,,,,,,,,,,,,,,,,,,,,,,,,,,,,,,,,,,,,,,,,,,,,,,,,,,,,,,,,,,,,,,,,,,,,,,,,,,,,,
5e28f72af9af8b70ebc91c95,0039,"Mon, 06 Jan 2020 23:47:38 GMT","Tue, 07 Jan 2020 01:50:58 GMT","Tue, 07 Jan 2020 01:06:53 GMT",3.926,2_39_130_31_2020-01-06 23:47:37.619088,0002,CA-306,2-39-130-31,America/Los_Angeles,000001366,400,8,20,60,"Mon, 06 Jan 2020 23:48:27 GMT",true,"Tue, 07 Jan 2020 00:47:38 GMT",1366,,,,,,,,,,,,,,,,,,,,,,,,,,,,,,,,,,,,,,,,,,,,,,,,,,,,,,,,,,,,,,,,,,,,,,,,,
5e28f72af9af8b70ebc91c96,0039,"Mon, 06 Jan 2020 23:54:11 GMT","Tue, 07 Jan 2020 03:10:18 GMT","Tue, 07 Jan 2020 00:24:36 GMT",0.846,2_39_129_17_2020-01-06 23:54:11.010552,0002,CA-307,2-39-129-17,America/Los_Angeles,,,,,,,,,,,,,,,,,,,,,,,,,,,,,,,,,,,,,,,,,,,,,,,,,,,,,,,,,,,,,,,,,,,,,,,,,,,,,,,,,,
5e28f72af9af8b70ebc91c97,0039,"Tue, 07 Jan 2020 00:51:33 GMT","Tue, 07 Jan 2020 02:26:51 GMT","Tue, 07 Jan 2020 01:21:53 GMT",0.888,2_39_131_30_2020-01-07 00:51:32.520469,0002,CA-305,2-39-131-30,America/Los_Angeles,,,,,,,,,,,,,,,,,,,,,,,,,,,,,,,,,,,,,,,,,,,,,,,,,,,,,,,,,,,,,,,,,,,,,,,,,,,,,,,,,,
5e2a48adf9af8b75aed8e908,0039,"Tue, 07 Jan 2020 16:02:34 GMT","Wed, 08 Jan 2020 00:31:30 GMT","Tue, 07 Jan 2020 20:40:06 GMT",1.381,2_39_79_380_2020-01-07 16:02:33.756969,0002,CA-489,2-39-79-380,America/Los_Angeles,,,,,,,,,,,,,,,,,,,,,,,,,,,,,,,,,,,,,,,,,,,,,,,,,,,,,,,,,,,,,,,,,,,,,,,,,,,,,,,,,,
5e2a48adf9af8b75aed8e909,0039,"Tue, 07 Jan 2020 16:08:38 GMT","Wed, 08 Jan 2020 00:24:17 GMT","Tue, 07 Jan 2020 16:46:03 GMT",3.158,2_39_79_377_2020-01-07 16:08:26.985548,0002,CA-325,2-39-79-377,America/Los_Angeles,000002461,400,8,20,273,"Tue, 07 Jan 2020 16:08:37 GMT",true,"Tue, 07 Jan 2020 20:41:38 GMT",2461,,,,,,,,,,,,,,,,,,,,,,,,,,,,,,,,,,,,,,,,,,,,,,,,,,,,,,,,,,,,,,,,,,,,,,,,,
5e2a48adf9af8b75aed8e90a,0039,"Tue, 07 Jan 2020 16:14:25 GMT","Wed, 08 Jan 2020 01:00:27 GMT","Tue, 07 Jan 2020 23:20:00 GMT",11.31,2_39_139_28_2020-01-07 16:14:11.372907,0002,CA-303,2-39-139-28,America/Los_Angeles,000004947,380,11.4,30,478,"Tue, 07 Jan 2020 16:14:25 GMT",true,"Wed, 08 Jan 2020 00:12:25 GMT",4947,,,,,,,,,,,,,,,,,,,,,,,,,,,,,,,,,,,,,,,,,,,,,,,,,,,,,,,,,,,,,,,,,,,,,,,,,
5e2a48adf9af8b75aed8e90b,0039,"Tue, 07 Jan 2020 16:18:25 GMT","Tue, 07 Jan 2020 16:27:22 GMT","Tue, 07 Jan 2020 16:27:21 GMT",0.812,2_39_78_366_2020-01-07 16:18:24.813262,0002,CA-323,2-39-78-366,America/Los_Angeles,000003853,360,14.4,40,490,"Tue, 07 Jan 2020 16:18:32 GMT",true,"Wed, 08 Jan 2020 00:28:25 GMT",3853,,360,7.2,20,490,"Tue, 07 Jan 2020 16:18:42 GMT",true,"Wed, 08 Jan 2020 00:28:25 GMT",3853,,,,,,,,,,,,,,,,,,,,,,,,,,,,,,,,,,,,,,,,,,,,,,,,,,,,,,,,,,,,,,,,
5e2a48adf9af8b75aed8e90c,0039,"Tue, 07 Jan 2020 16:34:12 GMT","Wed, 08 Jan 2020 00:44:57 GMT","Wed, 08 Jan 2020 00:11:23 GMT",28.575,2_39_78_367_2020-01-07 16:34:11.592579,0002,CA-494,2-39-78-367,America/Los_Angeles,000001470,292,29.2,100,311,"Tue, 07 Jan 2020 16:34:20 GMT",true,"Tue, 07 Jan 2020 21:45:12 GMT",1470,,,,,,,,,,,,,,,,,,,,,,,,,,,,,,,,,,,,,,,,,,,,,,,,,,,,,,,,,,,,,,,,,,,,,,,,,
5e2a48adf9af8b75aed8e90d,0039,"Tue, 07 Jan 2020 16:41:45 GMT","Wed, 08 Jan 2020 02:47:35 GMT","Tue, 07 Jan 2020 23:20:45 GMT",0.99,2_39_124_558_2020-01-07 16:41:45.476338,0002,CA-504,2-39-124-558,America/Los_Angeles,,,,,,,,,,,,,,,,,,,,,,,,,,,,,,,,,,,,,,,,,,,,,,,,,,,,,,,,,,,,,,,,,,,,,,,,,,,,,,,,,,
5e2a48adf9af8b75aed8e90e,0039,"Tue, 07 Jan 2020 16:44:45 GMT","Wed, 08 Jan 2020 02:07:44 GMT","Tue, 07 Jan 2020 23:11:26 GMT",0.852,2_39_78_366_2020-01-07 16:44:44.889177,0002,CA-323,2-39-78-366,America/Los_Angeles,,,,,,,,,,,,,,,,,,,,,,,,,,,,,,,,,,,,,,,,,,,,,,,,,,,,,,,,,,,,,,,,,,,,,,,,,,,,,,,,,,
5e2a48adf9af8b75aed8e90f,0039,"Tue, 07 Jan 2020 16:48:17 GMT","Wed, 08 Jan 2020 01:57:37 GMT","Tue, 07 Jan 2020 19:54:01 GMT",20.334,2_39_79_379_2020-01-07 16:48:17.302526,0002,CA-327,2-39-79-379,America/Los_Angeles,000001104,250,37.5,150,436,"Tue, 07 Jan 2020 16:49:00 GMT",true,"Wed, 08 Jan 2020 00:04:17 GMT",1104,,,,,,,,,,,,,,,,,,,,,,,,,,,,,,,,,,,,,,,,,,,,,,,,,,,,,,,,,,,,,,,,,,,,,,,,,
5e2a48adf9af8b75aed8e910,0039,"Tue, 07 Jan 2020 17:07:19 GMT","Wed, 08 Jan 2020 00:12:31 GMT","Tue, 07 Jan 2020 18:29:48 GMT",4.073,2_39_89_25_2020-01-07 17:07:19.306022,0002,CA-315,2-39-89-25,America/Los_Angeles,000000743,400,8,20,447,"Tue, 07 Jan 2020 17:07:37 GMT",true,"Wed, 08 Jan 2020 00:34:19 GMT",743,,400,8,20,447,"Tue, 07 Jan 2020 17:08:02 GMT",true,"Wed, 08 Jan 2020 00:34:19 GMT",743,,,,,,,,,,,,,,,,,,,,,,,,,,,,,,,,,,,,,,,,,,,,,,,,,,,,,,,,,,,,,,,,
5e2a48adf9af8b75aed8e911,0039,"Tue, 07 Jan 2020 17:09:37 GMT","Wed, 08 Jan 2020 01:28:57 GMT","Tue, 07 Jan 2020 19:30:28 GMT",8.983,2_39_78_360_2020-01-07 17:09:37.198411,0002,CA-322,2-39-78-360,America/Los_Angeles,000001137,400,20,50,460,"Tue, 07 Jan 2020 17:10:25 GMT",true,"Wed, 08 Jan 2020 00:49:37 GMT",1137,,,,,,,,,,,,,,,,,,,,,,,,,,,,,,,,,,,,,,,,,,,,,,,,,,,,,,,,,,,,,,,,,,,,,,,,,
5e2a48adf9af8b75aed8e912,0039,"Tue, 07 Jan 2020 17:18:08 GMT","Wed, 08 Jan 2020 01:56:09 GMT","Tue, 07 Jan 2020 18:50:28 GMT",10.451,2_39_95_27_2020-01-07 17:18:08.277614,0002,CA-319,2-39-95-27,America/Los_Angeles,000000714,400,24,60,361,"Tue, 07 Jan 2020 17:18:42 GMT",true,"Tue, 07 Jan 2020 23:19:08 GMT",714,,,,,,,,,,,,,,,,,,,,,,,,,,,,,,,,,,,,,,,,,,,,,,,,,,,,,,,,,,,,,,,,,,,,,,,,,
5e2a48adf9af8b75aed8e913,0039,"Tue, 07 Jan 2020 17:56:01 GMT","Tue, 07 Jan 2020 22:44:12 GMT","Tue, 07 Jan 2020 22:27:53 GMT",0.961,2_39_78_363_2020-01-07 17:56:00.645488,0002,CA-320,2-39-78-363,America/Los_Angeles,,,,,,,,,,,,,,,,,,,,,,,,,,,,,,,,,,,,,,,,,,,,,,,,,,,,,,,,,,,,,,,,,,,,,,,,,,,,,,,,,,
5e2a48adf9af8b75aed8e914,0039,"Tue, 07 Jan 2020 18:01:29 GMT","Wed, 08 Jan 2020 02:41:04 GMT","Tue, 07 Jan 2020 20:30:22 GMT",17.273,2_39_95_444_2020-01-07 18:01:29.003460,0002,CA-497,2-39-95-444,America/Los_Angeles,000002961,400,40,100,60,"Tue, 07 Jan 2020 18:01:42 GMT",true,"Tue, 07 Jan 2020 19:01:29 GMT",2961,,,,,,,,,,,,,,,,,,,,,,,,,,,,,,,,,,,,,,,,,,,,,,,,,,,,,,,,,,,,,,,,,,,,,,,,,
5e2a48adf9af8b75aed8e915,0039,"Tue, 07 Jan 2020 18:02:14 GMT","Tue, 07 Jan 2020 18:39:58 GMT","Tue, 07 Jan 2020 18:33:18 GMT",0.992,2_39_78_361_2020-01-07 18:02:14.215729,0002,CA-493,2-39-78-361,America/Los_Angeles,,,,,,,,,,,,,,,,,,,,,,,,,,,,,,,,,,,,,,,,,,,,,,,,,,,,,,,,,,,,,,,,,,,,,,,,,,,,,,,,,,
5e2a48adf9af8b75aed8e916,0039,"Tue, 07 Jan 2020 18:18:52 GMT","Wed, 08 Jan 2020 02:06:18 GMT","Tue, 07 Jan 2020 20:18:11 GMT",12.102,2_39_91_437_2020-01-07 18:18:52.016000,0002,CA-317,2-39-91-437,America/Los_Angeles,000001095,400,16,40,397,"Tue, 07 Jan 2020 18:19:04 GMT",true,"Wed, 08 Jan 2020 00:55:52 GMT",1095,,,,,,,,,,,,,,,,,,,,,,,,,,,,,,,,,,,,,,,,,,,,,,,,,,,,,,,,,,,,,,,,,,,,,,,,,
5e2a48adf9af8b75aed8e917,0039,"Tue, 07 Jan 2020 18:19:25 GMT","Wed, 08 Jan 2020 01:20:41 GMT","Tue, 07 Jan 2020 18:45:57 GMT",0.736,2_39_79_376_2020-01-07 18:19:25.324169,0002,CA-324,2-39-79-376,America/Los_Angeles,,,,,,,,,,,,,,,,,,,,,,,,,,,,,,,,,,,,,,,,,,,,,,,,,,,,,,,,,,,,,,,,,,,,,,,,,,,,,,,,,,
5e2a48adf9af8b75aed8e918,0039,"Tue, 07 Jan 2020 18:41:44 GMT","Wed, 08 Jan 2020 00:33:07 GMT","Tue, 07 Jan 2020 20:23:35 GMT",3.346,2_39_79_383_2020-01-07 18:41:44.053230,0002,CA-492,2-39-79-383,America/Los_Angeles,000000634,300,9,30,400,"Tue, 07 Jan 2020 18:42:01 GMT",true,"Wed, 08 Jan 2020 01:21:44 GMT",634,,300,9,30,320,"Tue, 07 Jan 2020 20:17:03 GMT",true,"Wed, 08 Jan 2020 00:01:44 GMT",634,,,,,,,,,,,,,,,,,,,,,,,,,,,,,,,,,,,,,,,,,,,,,,,,,,,,,,,,,,,,,,,,
5e2a48adf9af8b75aed8e919,0039,"Tue, 07 Jan 2020 19:11:32 GMT","Wed, 08 Jan 2020 01:02:39 GMT","Tue, 07 Jan 2020 20:23:22 GMT",3.527,2_39_130_31_2020-01-07 19:11:31.617969,0002,CA-306,2-39-130-31,America/Los_Angeles,000001366,400,8,20,60,"Tue, 07 Jan 2020 19:11:44 GMT",true,"Tue, 07 Jan 2020 20:11:32 GMT",1366,,,,,,,,,,,,,,,,,,,,,,,,,,,,,,,,,,,,,,,,,,,,,,,,,,,,,,,,,,,,,,,,,,,,,,,,,
5e2a48adf9af8b75aed8e91a,0039,"Tue, 07 Jan 2020 19:18:22 GMT","Wed, 08 Jan 2020 00:38:00 GMT","Tue, 07 Jan 2020 21:50:45 GMT",15.039,2_39_78_361_2020-01-07 19:18:22.250952,0002,CA-493,2-39-78-361,America/Los_Angeles,000000069,400,40,100,363,"Tue, 07 Jan 2020 19:18:39 GMT",true,"Wed, 08 Jan 2020 01:21:22 GMT",69,,,,,,,,,,,,,,,,,,,,,,,,,,,,,,,,,,,,,,,,,,,,,,,,,,,,,,,,,,,,,,,,,,,,,,,,,
5e2a48adf9af8b75aed8e91b,0039,"Tue, 07 Jan 2020 20:11:49 GMT","Wed, 08 Jan 2020 03:27:20 GMT","Wed, 08 Jan 2020 00:14:00 GMT",22.382,2_39_123_23_2020-01-07 20:11:49.110350,0002,CA-313,2-39-123-23,America/Los_Angeles,000004011,375,22.5,60,462,"Tue, 07 Jan 2020 20:12:56 GMT",true,"Wed, 08 Jan 2020 03:53:49 GMT",4011,,375,22.5,60,462,"Wed, 08 Jan 2020 03:27:15 GMT",true,"Wed, 08 Jan 2020 03:53:49 GMT",4011,,,,,,,,,,,,,,,,,,,,,,,,,,,,,,,,,,,,,,,,,,,,,,,,,,,,,,,,,,,,,,,,
5e2a48adf9af8b75aed8e91c,0039,"Tue, 07 Jan 2020 20:19:40 GMT","Wed, 08 Jan 2020 01:10:06 GMT","Tue, 07 Jan 2020 21:25:52 GMT",3.352,2_39_88_24_2020-01-07 20:19:39.760082,0002,CA-314,2-39-88-24,America/Los_Angeles,000002170,400,8,20,183,"Tue, 07 Jan 2020 20:19:50 GMT",true,"Tue, 07 Jan 2020 23:22:40 GMT",2170,,,,,,,,,,,,,,,,,,,,,,,,,,,,,,,,,,,,,,,,,,,,,,,,,,,,,,,,,,,,,,,,,,,,,,,,,
5e2a48adf9af8b75aed8e91d,0039,"Tue, 07 Jan 2020 20:29:34 GMT","Tue, 07 Jan 2020 21:30:46 GMT","Tue, 07 Jan 2020 21:30:42 GMT",3.436,2_39_79_381_2020-01-07 20:29:14.889944,0002,CA-490,2-39-79-381,America/Los_Angeles,000001093,333,6.66,20,66,"Tue, 07 Jan 2020 20:29:33 GMT",true,"Tue, 07 Jan 2020 21:35:34 GMT",1093,,,,,,,,,,,,,,,,,,,,,,,,,,,,,,,,,,,,,,,,,,,,,,,,,,,,,,,,,,,,,,,,,,,,,,,,,
5e2a48adf9af8b75aed8e91e,0039,"Tue, 07 Jan 2020 20:37:23 GMT","Wed, 08 Jan 2020 01:26:14 GMT","Tue, 07 Jan 2020 21:50:13 GMT",2.328,2_39_90_26_2020-01-07 20:37:23.109854,0002,CA-316,2-39-90-26,America/Los_Angeles,000001082,400,8,20,64,"Tue, 07 Jan 2020 20:40:40 GMT",true,"Tue, 07 Jan 2020 21:41:23 GMT",1082,,,,,,,,,,,,,,,,,,,,,,,,,,,,,,,,,,,,,,,,,,,,,,,,,,,,,,,,,,,,,,,,,,,,,,,,,
5e2a48adf9af8b75aed8e91f,0039,"Tue, 07 Jan 2020 20:44:18 GMT","Wed, 08 Jan 2020 00:05:37 GMT","Tue, 07 Jan 2020 22:49:40 GMT",13.449,2_39_129_17_2020-01-07 20:44:18.282719,0002,CA-307,2-39-129-17,America/Los_Angeles,000001912,400,20,50,196,"Tue, 07 Jan 2020 20:44:31 GMT",true,"Wed, 08 Jan 2020 00:00:18 GMT",1912,,,,,,,,,,,,,,,,,,,,,,,,,,,,,,,,,,,,,,,,,,,,,,,,,,,,,,,,,,,,,,,,,,,,,,,,,
5e2a48adf9af8b75aed8e920,0039,"Tue, 07 Jan 2020 20:55:52 GMT","Tue, 07 Jan 2020 21:20:38 GMT","Tue, 07 Jan 2020 21:20:30 GMT",0.679,2_39_126_20_2020-01-07 20:55:52.355261,0002,CA-310,2-39-126-20,America/Los_Angeles,,,,,,,,,,,,,,,,,,,,,,,,,,,,,,,,,,,,,,,,,,,,,,,,,,,,,,,,,,,,,,,,,,,,,,,,,,,,,,,,,,
5e2a48adf9af8b75aed8e921,0039,"Tue, 07 Jan 2020 21:18:55 GMT","Tue, 07 Jan 2020 22:04:06 GMT","Tue, 07 Jan 2020 22:04:00 GMT",1.913,2_39_138_29_2020-01-07 21:18:55.159507,0002,CA-304,2-39-138-29,America/Los_Angeles,000000533,400,8,20,65,"Tue, 07 Jan 2020 21:20:35 GMT",true,"Tue, 07 Jan 2020 22:23:55 GMT",533,,400,12,30,109,"Tue, 07 Jan 2020 21:21:06 GMT",true,"Tue, 07 Jan 2020 23:07:55 GMT",533,400,12,30,109,"Tue, 07 Jan 2020 21:22:26 GMT",true,"Tue, 07 Jan 2020 23:07:55 GMT",533,,,,,,,,,,,,,,,,,,,,,,,,,,,,,,,,,,,,,,,,,,,,,,,,,,,,,,,,
5e2a48adf9af8b75aed8e922,0039,"Tue, 07 Jan 2020 21:22:49 GMT","Wed, 08 Jan 2020 00:36:19 GMT","Wed, 08 Jan 2020 00:35:56 GMT",4.443,2_39_131_30_2020-01-07 21:22:49.291498,0002,CA-305,2-39-131-30,America/Los_Angeles,000000668,425,4.25,10,455,"Tue, 07 Jan 2020 21:24:47 GMT",true,"Wed, 08 Jan 2020 04:57:49 GMT",668,,,,,,,,,,,,,,,,,,,,,,,,,,,,,,,,,,,,,,,,,,,,,,,,,,,,,,,,,,,,,,,,,,,,,,,,,
5e2a48adf9af8b75aed8e923,0039,"Wed, 08 Jan 2020 00:02:24 GMT","Wed, 08 Jan 2020 02:20:56 GMT","Wed, 08 Jan 2020 02:01:13 GMT",6.083,2_39_127_19_2020-01-08 00:02:24.280980,0002,CA-309,2-39-127-19,America/Los_Angeles,000001920,450,9,20,61,"Wed, 08 Jan 2020 00:02:59 GMT",true,"Wed, 08 Jan 2020 01:03:24 GMT",1920,,450,9,20,91,"Wed, 08 Jan 2020 00:03:16 GMT",true,"Wed, 08 Jan 2020 01:33:24 GMT",1920,,,,,,,,,,,,,,,,,,,,,,,,,,,,,,,,,,,,,,,,,,,,,,,,,,,,,,,,,,,,,,,,
5e2a48adf9af8b75aed8e924,0039,"Wed, 08 Jan 2020 00:24:44 GMT","Wed, 08 Jan 2020 01:14:58 GMT","Wed, 08 Jan 2020 01:08:55 GMT",0.971,2_39_138_29_2020-01-08 00:24:43.948203,0002,CA-304,2-39-138-29,America/Los_Angeles,,,,,,,,,,,,,,,,,,,,,,,,,,,,,,,,,,,,,,,,,,,,,,,,,,,,,,,,,,,,,,,,,,,,,,,,,,,,,,,,,,
5e2a48adf9af8b75aed8e925,0039,"Wed, 08 Jan 2020 01:13:30 GMT","Wed, 08 Jan 2020 06:01:58 GMT","Wed, 08 Jan 2020 05:41:28 GMT",15.307,2_39_139_28_2020-01-08 01:13:30.507280,0002,CA-303,2-39-139-28,America/Los_Angeles,000000838,600,36,60,287,"Wed, 08 Jan 2020 01:14:00 GMT",true,"Wed, 08 Jan 2020 06:00:30 GMT",838,,600,36,60,287,"Wed, 08 Jan 2020 01:14:06 GMT",true,"Wed, 08 Jan 2020 06:00:30 GMT",838,,,,,,,,,,,,,,,,,,,,,,,,,,,,,,,,,,,,,,,,,,,,,,,,,,,,,,,,,,,,,,,,
5e2a48adf9af8b75aed8e926,0039,"Wed, 08 Jan 2020 01:18:52 GMT","Wed, 08 Jan 2020 02:42:05 GMT","Wed, 08 Jan 2020 01:55:18 GMT",1.425,2_39_131_30_2020-01-08 01:18:51.896007,0002,CA-305,2-39-131-30,America/Los_Angeles,000000365,333,9.99,30,104,"Wed, 08 Jan 2020 01:19:29 GMT",true,"Wed, 08 Jan 2020 03:02:52 GMT",365,,,,,,,,,,,,,,,,,,,,,,,,,,,,,,,,,,,,,,,,,,,,,,,,,,,,,,,,,,,,,,,,,,,,,,,,,
5e2a48adf9af8b75aed8e927,0039,"Wed, 08 Jan 2020 03:07:09 GMT","Wed, 08 Jan 2020 03:39:04 GMT","Wed, 08 Jan 2020 03:38:05 GMT",0.902,2_39_129_17_2020-01-08 03:07:08.706728,0002,CA-307,2-39-129-17,America/Los_Angeles,,,,,,,,,,,,,,,,,,,,,,,,,,,,,,,,,,,,,,,,,,,,,,,,,,,,,,,,,,,,,,,,,,,,,,,,,,,,,,,,,,
5e2a48adf9af8b75aed8e928,0039,"Wed, 08 Jan 2020 03:34:44 GMT","Wed, 08 Jan 2020 04:31:52 GMT","Wed, 08 Jan 2020 04:31:01 GMT",1.309,2_39_138_29_2020-01-08 03:34:43.874159,0002,CA-304,2-39-138-29,America/Los_Angeles,,,,,,,,,,,,,,,,,,,,,,,,,,,,,,,,,,,,,,,,,,,,,,,,,,,,,,,,,,,,,,,,,,,,,,,,,,,,,,,,,,
5e2a48adf9af8b75aed8e929,0039,"Wed, 08 Jan 2020 03:43:10 GMT","Wed, 08 Jan 2020 06:08:46 GMT","Wed, 08 Jan 2020 06:08:42 GMT",15.08,2_39_128_18_2020-01-08 03:43:09.855899,0002,CA-308,2-39-128-18,America/Los_Angeles,000001099,400,32,80,164,"Wed, 08 Jan 2020 03:44:01 GMT",true,"Wed, 08 Jan 2020 06:27:10 GMT",1099,,,,,,,,,,,,,,,,,,,,,,,,,,,,,,,,,,,,,,,,,,,,,,,,,,,,,,,,,,,,,,,,,,,,,,,,,
5e2b9a2af9af8b7d745b12e8,0039,"Wed, 08 Jan 2020 16:01:10 GMT","Wed, 08 Jan 2020 22:31:22 GMT","Wed, 08 Jan 2020 21:44:12 GMT",0.867,2_39_79_380_2020-01-08 16:01:09.994789,0002,CA-489,2-39-79-380,America/Los_Angeles,,,,,,,,,,,,,,,,,,,,,,,,,,,,,,,,,,,,,,,,,,,,,,,,,,,,,,,,,,,,,,,,,,,,,,,,,,,,,,,,,,
5e2b9a2af9af8b7d745b12e9,0039,"Wed, 08 Jan 2020 16:12:49 GMT","Thu, 09 Jan 2020 01:39:37 GMT","Thu, 09 Jan 2020 00:24:05 GMT",15.141,2_39_78_366_2020-01-08 16:12:48.710988,0002,CA-323,2-39-78-366,America/Los_Angeles,000003853,360,18,50,490,"Wed, 08 Jan 2020 16:13:00 GMT",true,"Thu, 09 Jan 2020 00:22:49 GMT",3853,,,,,,,,,,,,,,,,,,,,,,,,,,,,,,,,,,,,,,,,,,,,,,,,,,,,,,,,,,,,,,,,,,,,,,,,,
5e2b9a2af9af8b7d745b12ea,0039,"Wed, 08 Jan 2020 16:32:07 GMT","Wed, 08 Jan 2020 19:51:07 GMT","Wed, 08 Jan 2020 16:58:46 GMT",1.609,2_39_79_377_2020-01-08 16:32:07.072408,0002,CA-325,2-39-79-377,America/Los_Angeles,000000751,400,8,20,590,"Wed, 08 Jan 2020 16:32:41 GMT",true,"Thu, 09 Jan 2020 02:22:07 GMT",751,,,,,,,,,,,,,,,,,,,,,,,,,,,,,,,,,,,,,,,,,,,,,,,,,,,,,,,,,,,,,,,,,,,,,,,,,
5e2b9a2af9af8b7d745b12eb,0039,"Wed, 08 Jan 2020 16:36:23 GMT","Thu, 09 Jan 2020 00:42:08 GMT","Wed, 08 Jan 2020 17:31:36 GMT",2.616,2_39_138_29_2020-01-08 16:36:22.541067,0002,CA-304,2-39-138-29,America/Los_Angeles,000001366,400,8,20,60,"Wed, 08 Jan 2020 16:36:31 GMT",true,"Wed, 08 Jan 2020 17:36:23 GMT",1366,,,,,,,,,,,,,,,,,,,,,,,,,,,,,,,,,,,,,,,,,,,,,,,,,,,,,,,,,,,,,,,,,,,,,,,,,
5e2b9a2af9af8b7d745b12ec,0039,"Wed, 08 Jan 2020 16:41:51 GMT","Thu, 09 Jan 2020 01:38:50 GMT","Thu, 09 Jan 2020 01:00:39 GMT",1.017,2_39_78_363_2020-01-08 16:41:51.130310,0002,CA-320,2-39-78-363,America/Los_Angeles,,,,,,,,,,,,,,,,,,,,,,,,,,,,,,,,,,,,,,,,,,,,,,,,,,,,,,,,,,,,,,,,,,,,,,,,,,,,,,,,,,
5e2b9a2af9af8b7d745b12ed,0039,"Wed, 08 Jan 2020 16:45:11 GMT","Thu, 09 Jan 2020 01:11:37 GMT","Wed, 08 Jan 2020 18:43:43 GMT",6.326,2_39_79_379_2020-01-08 16:45:10.828203,0002,CA-327,2-39-79-379,America/Los_Angeles,000005368,600,12,20,60,"Wed, 08 Jan 2020 16:48:18 GMT",true,"Wed, 08 Jan 2020 17:45:11 GMT",5368,,,,,,,,,,,,,,,,,,,,,,,,,,,,,,,,,,,,,,,,,,,,,,,,,,,,,,,,,,,,,,,,,,,,,,,,,
5e2b9a2af9af8b7d745b12ee,0039,"Wed, 08 Jan 2020 16:51:21 GMT","Thu, 09 Jan 2020 01:30:09 GMT","Wed, 08 Jan 2020 20:04:14 GMT",20.866,2_39_79_382_2020-01-08 16:51:21.322414,0002,CA-491,2-39-79-382,America/Los_Angeles,000001104,250,37.5,150,436,"Wed, 08 Jan 2020 16:53:24 GMT",true,"Thu, 09 Jan 2020 00:07:21 GMT",1104,,,,,,,,,,,,,,,,,,,,,,,,,,,,,,,,,,,,,,,,,,,,,,,,,,,,,,,,,,,,,,,,,,,,,,,,,
5e2b9a2af9af8b7d745b12ef,0039,"Wed, 08 Jan 2020 17:03:38 GMT","Thu, 09 Jan 2020 01:22:12 GMT","Wed, 08 Jan 2020 18:42:21 GMT",4.989,2_39_89_25_2020-01-08 17:03:38.145516,0002,CA-315,2-39-89-25,America/Los_Angeles,000000743,400,8,20,447,"Wed, 08 Jan 2020 17:03:56 GMT",true,"Thu, 09 Jan 2020 00:30:38 GMT",743,,,,,,,,,,,,,,,,,,,,,,,,,,,,,,,,,,,,,,,,,,,,,,,,,,,,,,,,,,,,,,,,,,,,,,,,,
5e2b9a2af9af8b7d745b12f0,0039,"Wed, 08 Jan 2020 17:08:31 GMT","Thu, 09 Jan 2020 05:30:02 GMT","Wed, 08 Jan 2020 18:09:17 GMT",1.95,2_39_91_437_2020-01-08 17:08:31.235522,0002,CA-317,2-39-91-437,America/Los_Angeles,000000324,444,8.88,20,70,"Wed, 08 Jan 2020 17:08:46 GMT",true,"Wed, 08 Jan 2020 18:18:31 GMT",324,,,,,,,,,,,,,,,,,,,,,,,,,,,,,,,,,,,,,,,,,,,,,,,,,,,,,,,,,,,,,,,,,,,,,,,,,
5e2b9a2af9af8b7d745b12f1,0039,"Wed, 08 Jan 2020 17:09:10 GMT","Thu, 09 Jan 2020 00:25:17 GMT","Wed, 08 Jan 2020 18:57:16 GMT",10.929,2_39_92_436_2020-01-08 17:09:10.502784,0002,CA-318,2-39-92-436,America/Los_Angeles,000001095,400,16,40,411,"Wed, 08 Jan 2020 17:09:20 GMT",true,"Thu, 09 Jan 2020 00:00:10 GMT",1095,,,,,,,,,,,,,,,,,,,,,,,,,,,,,,,,,,,,,,,,,,,,,,,,,,,,,,,,,,,,,,,,,,,,,,,,,
5e2b9a2af9af8b7d745b12f2,0039,"Wed, 08 Jan 2020 17:16:12 GMT","Wed, 08 Jan 2020 18:27:46 GMT","Wed, 08 Jan 2020 18:27:41 GMT",3.605,2_39_79_381_2020-01-08 17:16:12.235518,0002,CA-490,2-39-79-381,America/Los_Angeles,000001091,300,9,30,90,"Wed, 08 Jan 2020 17:16:58 GMT",true,"Wed, 08 Jan 2020 18:46:12 GMT",1091,,,,,,,,,,,,,,,,,,,,,,,,,,,,,,,,,,,,,,,,,,,,,,,,,,,,,,,,,,,,,,,,,,,,,,,,,
5e2b9a2af9af8b7d745b12f3,0039,"Wed, 08 Jan 2020 17:34:15 GMT","Wed, 08 Jan 2020 23:36:28 GMT","Wed, 08 Jan 2020 23:37:25 GMT",9.225,2_39_78_362_2020-01-08 17:34:14.763455,0002,CA-496,2-39-78-362,America/Los_Angeles,000001470,292,11.68,40,311,"Wed, 08 Jan 2020 17:34:23 GMT",true,"Wed, 08 Jan 2020 22:45:15 GMT",1470,,,,,,,,,,,,,,,,,,,,,,,,,,,,,,,,,,,,,,,,,,,,,,,,,,,,,,,,,,,,,,,,,,,,,,,,,
5e2b9a2af9af8b7d745b12f4,0039,"Wed, 08 Jan 2020 17:57:00 GMT","Thu, 09 Jan 2020 00:04:48 GMT","Wed, 08 Jan 2020 19:57:38 GMT",12.886,2_39_139_28_2020-01-08 17:57:00.106655,0002,CA-303,2-39-139-28,America/Los_Angeles,000001912,400,20,50,196,"Wed, 08 Jan 2020 17:57:07 GMT",true,"Wed, 08 Jan 2020 21:13:00 GMT",1912,,,,,,,,,,,,,,,,,,,,,,,,,,,,,,,,,,,,,,,,,,,,,,,,,,,,,,,,,,,,,,,,,,,,,,,,,
5e2b9a2af9af8b7d745b12f5,0039,"Wed, 08 Jan 2020 18:01:17 GMT","Thu, 09 Jan 2020 02:05:35 GMT","Wed, 08 Jan 2020 20:23:20 GMT",13.13,2_39_79_376_2020-01-08 18:01:16.918074,0002,CA-324,2-39-79-376,America/Los_Angeles,000000714,400,24,60,361,"Wed, 08 Jan 2020 18:01:39 GMT",true,"Thu, 09 Jan 2020 00:02:17 GMT",714,,,,,,,,,,,,,,,,,,,,,,,,,,,,,,,,,,,,,,,,,,,,,,,,,,,,,,,,,,,,,,,,,,,,,,,,,
5e2b9a2af9af8b7d745b12f6,0039,"Wed, 08 Jan 2020 19:29:18 GMT","Wed, 08 Jan 2020 20:59:48 GMT","Wed, 08 Jan 2020 19:59:38 GMT",0.79,2_39_124_22_2020-01-08 19:29:18.415205,0002,CA-312,2-39-124-22,America/Los_Angeles,,,,,,,,,,,,,,,,,,,,,,,,,,,,,,,,,,,,,,,,,,,,,,,,,,,,,,,,,,,,,,,,,,,,,,,,,,,,,,,,,,
5e2b9a2af9af8b7d745b12f7,0039,"Wed, 08 Jan 2020 19:56:27 GMT","Thu, 09 Jan 2020 01:33:03 GMT","Wed, 08 Jan 2020 21:54:48 GMT",6.249,2_39_123_23_2020-01-08 19:56:26.883685,0002,CA-313,2-39-123-23,America/Los_Angeles,000002170,400,8,20,183,"Wed, 08 Jan 2020 19:57:15 GMT",true,"Wed, 08 Jan 2020 22:59:27 GMT",2170,,,,,,,,,,,,,,,,,,,,,,,,,,,,,,,,,,,,,,,,,,,,,,,,,,,,,,,,,,,,,,,,,,,,,,,,,
5e2b9a2af9af8b7d745b12f8,0039,"Wed, 08 Jan 2020 20:23:19 GMT","Wed, 08 Jan 2020 22:57:43 GMT","Wed, 08 Jan 2020 22:40:53 GMT",7.41,2_39_92_442_2020-01-08 20:23:02.781043,0002,CA-498,2-39-92-442,America/Los_Angeles,000003711,375,15,40,133,"Wed, 08 Jan 2020 20:23:18 GMT",true,"Wed, 08 Jan 2020 22:36:19 GMT",3711,,,,,,,,,,,,,,,,,,,,,,,,,,,,,,,,,,,,,,,,,,,,,,,,,,,,,,,,,,,,,,,,,,,,,,,,,
5e2b9a2af9af8b7d745b12f9,0039,"Wed, 08 Jan 2020 20:45:16 GMT","Thu, 09 Jan 2020 01:18:56 GMT","Wed, 08 Jan 2020 22:38:18 GMT",5.862,2_39_79_383_2020-01-08 20:45:16.393274,0002,CA-492,2-39-79-383,America/Los_Angeles,000001222,400,8,20,72,"Wed, 08 Jan 2020 20:45:32 GMT",true,"Wed, 08 Jan 2020 21:57:16 GMT",1222,,,,,,,,,,,,,,,,,,,,,,,,,,,,,,,,,,,,,,,,,,,,,,,,,,,,,,,,,,,,,,,,,,,,,,,,,
5e2b9a2af9af8b7d745b12fa,0039,"Wed, 08 Jan 2020 20:58:15 GMT","Thu, 09 Jan 2020 03:39:45 GMT","Thu, 09 Jan 2020 01:00:36 GMT",22.388,2_39_131_30_2020-01-08 20:58:14.811792,0002,CA-305,2-39-131-30,America/Los_Angeles,000004011,375,22.5,60,462,"Wed, 08 Jan 2020 20:58:25 GMT",true,"Thu, 09 Jan 2020 04:40:15 GMT",4011,,375,22.5,60,462,"Thu, 09 Jan 2020 03:39:00 GMT",true,"Thu, 09 Jan 2020 04:40:15 GMT",4011,,,,,,,,,,,,,,,,,,,,,,,,,,,,,,,,,,,,,,,,,,,,,,,,,,,,,,,,,,,,,,,,
5e2b9a2af9af8b7d745b12fb,0039,"Wed, 08 Jan 2020 21:05:17 GMT","Thu, 09 Jan 2020 00:15:26 GMT","Wed, 08 Jan 2020 23:02:40 GMT",6.756,2_39_78_360_2020-01-08 21:05:16.540896,0002,CA-322,2-39-78-360,America/Los_Angeles,000001091,300,9,30,139,"Wed, 08 Jan 2020 21:05:26 GMT",true,"Wed, 08 Jan 2020 23:24:17 GMT",1091,,,,,,,,,,,,,,,,,,,,,,,,,,,,,,,,,,,,,,,,,,,,,,,,,,,,,,,,,,,,,,,,,,,,,,,,,
5e2b9a2af9af8b7d745b12fc,0039,"Thu, 09 Jan 2020 02:07:05 GMT","Thu, 09 Jan 2020 05:25:11 GMT","Thu, 09 Jan 2020 05:25:02 GMT",11.746,2_39_139_28_2020-01-09 02:07:05.333312,0002,CA-303,2-39-139-28,America/Los_Angeles,000000838,600,36,60,287,"Thu, 09 Jan 2020 02:07:18 GMT",true,"Thu, 09 Jan 2020 06:54:05 GMT",838,,600,36,60,287,"Thu, 09 Jan 2020 02:07:28 GMT",true,"Thu, 09 Jan 2020 06:54:05 GMT",838,,,,,,,,,,,,,,,,,,,,,,,,,,,,,,,,,,,,,,,,,,,,,,,,,,,,,,,,,,,,,,,,
5e2b9a2af9af8b7d745b12fd,0039,"Thu, 09 Jan 2020 04:43:48 GMT","Thu, 09 Jan 2020 06:04:15 GMT","Thu, 09 Jan 2020 06:03:51 GMT",4.627,2_39_126_20_2020-01-09 04:43:47.940850,0002,CA-310,2-39-126-20,America/Los_Angeles,000004622,300,6,20,127,"Thu, 09 Jan 2020 04:44:23 GMT",true,"Thu, 09 Jan 2020 06:50:48 GMT",4622,,300,6,20,127,"Thu, 09 Jan 2020 06:03:48 GMT",true,"Thu, 09 Jan 2020 06:50:48 GMT",4622,,,,,,,,,,,,,,,,,,,,,,,,,,,,,,,,,,,,,,,,,,,,,,,,,,,,,,,,,,,,,,,,
5e2cebb1f9af8b027e9a5811,0039,"Thu, 09 Jan 2020 16:04:15 GMT","Thu, 09 Jan 2020 23:29:44 GMT","Thu, 09 Jan 2020 16:34:35 GMT",0.843,2_39_79_380_2020-01-09 16:04:14.830518,0002,CA-489,2-39-79-380,America/Los_Angeles,,,,,,,,,,,,,,,,,,,,,,,,,,,,,,,,,,,,,,,,,,,,,,,,,,,,,,,,,,,,,,,,,,,,,,,,,,,,,,,,,,
5e2cebb1f9af8b027e9a5812,0039,"Thu, 09 Jan 2020 16:10:47 GMT","Thu, 09 Jan 2020 23:35:50 GMT","Thu, 09 Jan 2020 19:59:52 GMT",13.202,2_39_139_28_2020-01-09 16:10:37.336926,0002,CA-303,2-39-139-28,America/Los_Angeles,000004947,380,15.2,40,443,"Thu, 09 Jan 2020 16:10:47 GMT",true,"Thu, 09 Jan 2020 23:33:47 GMT",4947,,380,15.2,40,366,"Thu, 09 Jan 2020 17:48:26 GMT",true,"Thu, 09 Jan 2020 22:16:47 GMT",4947,,,,,,,,,,,,,,,,,,,,,,,,,,,,,,,,,,,,,,,,,,,,,,,,,,,,,,,,,,,,,,,,
5e2cebb1f9af8b027e9a5813,0039,"Thu, 09 Jan 2020 16:19:20 GMT","Thu, 09 Jan 2020 21:15:37 GMT","Thu, 09 Jan 2020 17:48:45 GMT",9.424,2_39_78_367_2020-01-09 16:19:20.277716,0002,CA-494,2-39-78-367,America/Los_Angeles,000001470,292,11.68,40,311,"Thu, 09 Jan 2020 16:19:37 GMT",true,"Thu, 09 Jan 2020 21:30:20 GMT",1470,,,,,,,,,,,,,,,,,,,,,,,,,,,,,,,,,,,,,,,,,,,,,,,,,,,,,,,,,,,,,,,,,,,,,,,,,
5e2cebb1f9af8b027e9a5814,0039,"Thu, 09 Jan 2020 16:33:21 GMT","Fri, 10 Jan 2020 01:17:43 GMT","Thu, 09 Jan 2020 16:56:07 GMT",1.369,2_39_79_379_2020-01-09 16:33:21.216720,0002,CA-327,2-39-79-379,America/Los_Angeles,000000751,400,8,20,590,"Thu, 09 Jan 2020 16:34:52 GMT",true,"Fri, 10 Jan 2020 02:23:21 GMT",751,,,,,,,,,,,,,,,,,,,,,,,,,,,,,,,,,,,,,,,,,,,,,,,,,,,,,,,,,,,,,,,,,,,,,,,,,
5e2cebb1f9af8b027e9a5815,0039,"Thu, 09 Jan 2020 16:42:43 GMT","Fri, 10 Jan 2020 02:13:36 GMT","Thu, 09 Jan 2020 19:56:08 GMT",20.438,2_39_79_376_2020-01-09 16:42:43.172172,0002,CA-324,2-39-79-376,America/Los_Angeles,000001104,250,37.5,150,436,"Thu, 09 Jan 2020 16:43:01 GMT",true,"Thu, 09 Jan 2020 23:58:43 GMT",1104,,,,,,,,,,,,,,,,,,,,,,,,,,,,,,,,,,,,,,,,,,,,,,,,,,,,,,,,,,,,,,,,,,,,,,,,,
5e2cebb1f9af8b027e9a5816,0039,"Thu, 09 Jan 2020 16:46:00 GMT","Fri, 10 Jan 2020 03:24:12 GMT","Thu, 09 Jan 2020 19:58:18 GMT",9.887,2_39_128_562_2020-01-09 16:46:00.255020,0002,CA-508,2-39-128-562,America/Los_Angeles,000001534,250,10,40,404,"Thu, 09 Jan 2020 16:46:28 GMT",true,"Thu, 09 Jan 2020 23:30:00 GMT",1534,,,,,,,,,,,,,,,,,,,,,,,,,,,,,,,,,,,,,,,,,,,,,,,,,,,,,,,,,,,,,,,,,,,,,,,,,
5e2cebb1f9af8b027e9a5817,0039,"Thu, 09 Jan 2020 16:48:36 GMT","Fri, 10 Jan 2020 02:17:35 GMT","Thu, 09 Jan 2020 18:22:03 GMT",4.716,2_39_78_360_2020-01-09 16:48:35.825092,0002,CA-322,2-39-78-360,America/Los_Angeles,000002244,400,8,20,60,"Thu, 09 Jan 2020 16:49:05 GMT",true,"Thu, 09 Jan 2020 17:48:36 GMT",2244,,,,,,,,,,,,,,,,,,,,,,,,,,,,,,,,,,,,,,,,,,,,,,,,,,,,,,,,,,,,,,,,,,,,,,,,,
5e2cebb1f9af8b027e9a5818,0039,"Thu, 09 Jan 2020 16:57:00 GMT","Fri, 10 Jan 2020 02:12:19 GMT","Fri, 10 Jan 2020 01:09:35 GMT",27.671,2_39_92_442_2020-01-09 16:56:59.771282,0002,CA-498,2-39-92-442,America/Los_Angeles,000000564,231,27.72,120,562,"Thu, 09 Jan 2020 16:57:14 GMT",true,"Fri, 10 Jan 2020 02:19:00 GMT",564,,,,,,,,,,,,,,,,,,,,,,,,,,,,,,,,,,,,,,,,,,,,,,,,,,,,,,,,,,,,,,,,,,,,,,,,,
5e2cebb1f9af8b027e9a5819,0039,"Thu, 09 Jan 2020 17:06:01 GMT","Fri, 10 Jan 2020 01:28:35 GMT","Thu, 09 Jan 2020 23:23:51 GMT",0.845,2_39_78_366_2020-01-09 17:06:00.694759,0002,CA-323,2-39-78-366,America/Los_Angeles,,,,,,,,,,,,,,,,,,,,,,,,,,,,,,,,,,,,,,,,,,,,,,,,,,,,,,,,,,,,,,,,,,,,,,,,,,,,,,,,,,
5e2cebb1f9af8b027e9a581a,0039,"Thu, 09 Jan 2020 17:08:03 GMT","Fri, 10 Jan 2020 01:07:06 GMT","Thu, 09 Jan 2020 20:06:33 GMT",10.759,2_39_131_30_2020-01-09 17:08:02.638904,0002,CA-305,2-39-131-30,America/Los_Angeles,000000620,400,12,30,481,"Thu, 09 Jan 2020 17:08:14 GMT",true,"Fri, 10 Jan 2020 01:09:03 GMT",620,,,,,,,,,,,,,,,,,,,,,,,,,,,,,,,,,,,,,,,,,,,,,,,,,,,,,,,,,,,,,,,,,,,,,,,,,
5e2cebb1f9af8b027e9a581b,0039,"Thu, 09 Jan 2020 17:16:07 GMT","Thu, 09 Jan 2020 22:51:31 GMT","Thu, 09 Jan 2020 21:08:44 GMT",2.744,2_39_78_365_2020-01-09 17:16:07.248740,0002,CA-321,2-39-78-365,America/Los_Angeles,000000634,300,3,10,320,"Thu, 09 Jan 2020 17:16:34 GMT",true,"Thu, 09 Jan 2020 22:36:07 GMT",634,,,,,,,,,,,,,,,,,,,,,,,,,,,,,,,,,,,,,,,,,,,,,,,,,,,,,,,,,,,,,,,,,,,,,,,,,
5e2cebb1f9af8b027e9a581c,0039,"Thu, 09 Jan 2020 17:27:40 GMT","Fri, 10 Jan 2020 04:43:06 GMT","Thu, 09 Jan 2020 18:50:13 GMT",4,2_39_89_25_2020-01-09 17:27:40.035050,0002,CA-315,2-39-89-25,America/Los_Angeles,000000743,400,8,20,447,"Thu, 09 Jan 2020 17:27:50 GMT",true,"Fri, 10 Jan 2020 00:54:40 GMT",743,,,,,,,,,,,,,,,,,,,,,,,,,,,,,,,,,,,,,,,,,,,,,,,,,,,,,,,,,,,,,,,,,,,,,,,,,
5e2cebb1f9af8b027e9a581d,0039,"Thu, 09 Jan 2020 17:51:41 GMT","Fri, 10 Jan 2020 03:11:43 GMT","Thu, 09 Jan 2020 19:08:00 GMT",7.565,2_39_79_377_2020-01-09 17:51:41.065598,0002,CA-325,2-39-79-377,America/Los_Angeles,000000558,400,24,60,60,"Thu, 09 Jan 2020 17:51:43 GMT",true,"Thu, 09 Jan 2020 18:51:41 GMT",558,,,,,,,,,,,,,,,,,,,,,,,,,,,,,,,,,,,,,,,,,,,,,,,,,,,,,,,,,,,,,,,,,,,,,,,,,
5e2cebb1f9af8b027e9a581e,0039,"Thu, 09 Jan 2020 18:02:39 GMT","Thu, 09 Jan 2020 20:50:51 GMT","Thu, 09 Jan 2020 18:36:04 GMT",1.265,2_39_130_31_2020-01-09 18:02:38.602392,0002,CA-306,2-39-130-31,America/Los_Angeles,000001366,400,8,20,60,"Thu, 09 Jan 2020 18:03:34 GMT",true,"Thu, 09 Jan 2020 19:02:39 GMT",1366,,,,,,,,,,,,,,,,,,,,,,,,,,,,,,,,,,,,,,,,,,,,,,,,,,,,,,,,,,,,,,,,,,,,,,,,,
5e2cebb1f9af8b027e9a581f,0039,"Thu, 09 Jan 2020 18:10:39 GMT","Fri, 10 Jan 2020 01:23:36 GMT","Thu, 09 Jan 2020 19:35:30 GMT",4.396,2_39_123_23_2020-01-09 18:10:38.616395,0002,CA-313,2-39-123-23,America/Los_Angeles,000002170,400,8,20,183,"Thu, 09 Jan 2020 18:10:47 GMT",true,"Thu, 09 Jan 2020 21:13:39 GMT",2170,,,,,,,,,,,,,,,,,,,,,,,,,,,,,,,,,,,,,,,,,,,,,,,,,,,,,,,,,,,,,,,,,,,,,,,,,
5e2cebb1f9af8b027e9a5820,0039,"Thu, 09 Jan 2020 18:11:57 GMT","Fri, 10 Jan 2020 00:25:51 GMT","Thu, 09 Jan 2020 20:14:18 GMT",12.278,2_39_92_436_2020-01-09 18:11:57.104589,0002,CA-318,2-39-92-436,America/Los_Angeles,000001095,400,16,40,352,"Thu, 09 Jan 2020 18:12:10 GMT",true,"Fri, 10 Jan 2020 00:03:57 GMT",1095,,,,,,,,,,,,,,,,,,,,,,,,,,,,,,,,,,,,,,,,,,,,,,,,,,,,,,,,,,,,,,,,,,,,,,,,,
5e2cebb1f9af8b027e9a5821,0039,"Thu, 09 Jan 2020 18:16:11 GMT","Fri, 10 Jan 2020 00:56:22 GMT","Thu, 09 Jan 2020 20:14:51 GMT",5.801,2_39_79_381_2020-01-09 18:16:11.053695,0002,CA-490,2-39-79-381,America/Los_Angeles,000005368,600,12,20,60,"Thu, 09 Jan 2020 18:26:51 GMT",true,"Thu, 09 Jan 2020 19:16:11 GMT",5368,,600,12,20,60,"Thu, 09 Jan 2020 18:48:59 GMT",true,"Thu, 09 Jan 2020 19:16:11 GMT",5368,,,,,,,,,,,,,,,,,,,,,,,,,,,,,,,,,,,,,,,,,,,,,,,,,,,,,,,,,,,,,,,,
5e2cebb1f9af8b027e9a5822,0039,"Thu, 09 Jan 2020 18:37:28 GMT","Thu, 09 Jan 2020 18:42:47 GMT","Thu, 09 Jan 2020 18:42:46 GMT",0.527,2_39_78_361_2020-01-09 18:37:27.722288,0002,CA-493,2-39-78-361,America/Los_Angeles,000001137,400,20,50,514,"Thu, 09 Jan 2020 18:37:44 GMT",true,"Fri, 10 Jan 2020 03:11:28 GMT",1137,,,,,,,,,,,,,,,,,,,,,,,,,,,,,,,,,,,,,,,,,,,,,,,,,,,,,,,,,,,,,,,,,,,,,,,,,
5e2cebb1f9af8b027e9a5823,0039,"Thu, 09 Jan 2020 18:38:40 GMT","Fri, 10 Jan 2020 02:01:28 GMT","Thu, 09 Jan 2020 19:52:37 GMT",8.502,2_39_95_27_2020-01-09 18:38:40.130714,0002,CA-319,2-39-95-27,America/Los_Angeles,000000714,400,24,60,361,"Thu, 09 Jan 2020 18:38:54 GMT",true,"Fri, 10 Jan 2020 00:39:40 GMT",714,,,,,,,,,,,,,,,,,,,,,,,,,,,,,,,,,,,,,,,,,,,,,,,,,,,,,,,,,,,,,,,,,,,,,,,,,
5e2cebb1f9af8b027e9a5824,0039,"Thu, 09 Jan 2020 18:40:34 GMT","Thu, 09 Jan 2020 20:06:36 GMT","Thu, 09 Jan 2020 19:56:09 GMT",6.888,2_39_125_21_2020-01-09 18:40:33.590799,0002,CA-311,2-39-125-21,America/Los_Angeles,000000798,400,20,50,93,"Thu, 09 Jan 2020 18:41:52 GMT",true,"Thu, 09 Jan 2020 20:13:34 GMT",798,,,,,,,,,,,,,,,,,,,,,,,,,,,,,,,,,,,,,,,,,,,,,,,,,,,,,,,,,,,,,,,,,,,,,,,,,
5e2cebb1f9af8b027e9a5825,0039,"Thu, 09 Jan 2020 18:40:58 GMT","Fri, 10 Jan 2020 00:13:07 GMT","Thu, 09 Jan 2020 21:19:54 GMT",4.134,2_39_129_17_2020-01-09 18:40:57.549588,0002,CA-307,2-39-129-17,America/Los_Angeles,000000668,425,4.25,10,455,"Thu, 09 Jan 2020 18:41:06 GMT",true,"Fri, 10 Jan 2020 02:15:58 GMT",668,,,,,,,,,,,,,,,,,,,,,,,,,,,,,,,,,,,,,,,,,,,,,,,,,,,,,,,,,,,,,,,,,,,,,,,,,
5e2cebb1f9af8b027e9a5826,0039,"Thu, 09 Jan 2020 18:46:39 GMT","Fri, 10 Jan 2020 02:51:41 GMT","Thu, 09 Jan 2020 20:08:20 GMT",4.39,2_39_91_437_2020-01-09 18:46:38.522743,0002,CA-317,2-39-91-437,America/Los_Angeles,000000567,400,8,20,459,"Thu, 09 Jan 2020 18:46:51 GMT",true,"Fri, 10 Jan 2020 02:25:39 GMT",567,,,,,,,,,,,,,,,,,,,,,,,,,,,,,,,,,,,,,,,,,,,,,,,,,,,,,,,,,,,,,,,,,,,,,,,,,
5e2cebb1f9af8b027e9a5827,0039,"Thu, 09 Jan 2020 18:55:35 GMT","Thu, 09 Jan 2020 19:15:56 GMT","Thu, 09 Jan 2020 19:15:52 GMT",0.664,2_39_90_26_2020-01-09 18:55:34.735498,0002,CA-316,2-39-90-26,America/Los_Angeles,000001082,400,8,20,64,"Thu, 09 Jan 2020 18:56:02 GMT",true,"Thu, 09 Jan 2020 19:59:35 GMT",1082,,,,,,,,,,,,,,,,,,,,,,,,,,,,,,,,,,,,,,,,,,,,,,,,,,,,,,,,,,,,,,,,,,,,,,,,,
5e2cebb1f9af8b027e9a5828,0039,"Thu, 09 Jan 2020 19:00:19 GMT","Fri, 10 Jan 2020 05:14:11 GMT","Thu, 09 Jan 2020 23:33:32 GMT",0.902,2_39_78_361_2020-01-09 19:00:19.495083,0002,CA-493,2-39-78-361,America/Los_Angeles,,,,,,,,,,,,,,,,,,,,,,,,,,,,,,,,,,,,,,,,,,,,,,,,,,,,,,,,,,,,,,,,,,,,,,,,,,,,,,,,,,
5e2cebb1f9af8b027e9a5829,0039,"Thu, 09 Jan 2020 19:02:04 GMT","Thu, 09 Jan 2020 20:19:23 GMT","Thu, 09 Jan 2020 20:19:18 GMT",8.029,2_39_128_18_2020-01-09 19:02:04.205474,0002,CA-308,2-39-128-18,America/Los_Angeles,000001938,400,16,40,140,"Thu, 09 Jan 2020 19:02:15 GMT",true,"Thu, 09 Jan 2020 21:22:04 GMT",1938,,,,,,,,,,,,,,,,,,,,,,,,,,,,,,,,,,,,,,,,,,,,,,,,,,,,,,,,,,,,,,,,,,,,,,,,,
5e2cebb1f9af8b027e9a582a,0039,"Thu, 09 Jan 2020 19:05:30 GMT","Fri, 10 Jan 2020 02:10:19 GMT","Thu, 09 Jan 2020 21:00:50 GMT",11.897,2_39_91_441_2020-01-09 19:05:29.623166,0002,CA-499,2-39-91-441,America/Los_Angeles,000000069,400,40,100,363,"Thu, 09 Jan 2020 19:06:10 GMT",true,"Fri, 10 Jan 2020 01:08:30 GMT",69,,,,,,,,,,,,,,,,,,,,,,,,,,,,,,,,,,,,,,,,,,,,,,,,,,,,,,,,,,,,,,,,,,,,,,,,,
5e2cebb1f9af8b027e9a582b,0039,"Thu, 09 Jan 2020 20:33:51 GMT","Fri, 10 Jan 2020 01:43:28 GMT","Thu, 09 Jan 2020 21:53:23 GMT",2.618,2_39_95_444_2020-01-09 20:33:51.335572,0002,CA-497,2-39-95-444,America/Los_Angeles,000001082,400,8,20,64,"Thu, 09 Jan 2020 20:34:45 GMT",true,"Thu, 09 Jan 2020 21:37:51 GMT",1082,,,,,,,,,,,,,,,,,,,,,,,,,,,,,,,,,,,,,,,,,,,,,,,,,,,,,,,,,,,,,,,,,,,,,,,,,
5e2cebb1f9af8b027e9a582c,0039,"Thu, 09 Jan 2020 20:37:05 GMT","Thu, 09 Jan 2020 23:55:01 GMT","Thu, 09 Jan 2020 21:57:22 GMT",2.802,2_39_88_24_2020-01-09 20:37:05.490074,0002,CA-314,2-39-88-24,America/Los_Angeles,000000560,400,12,30,194,"Thu, 09 Jan 2020 20:37:13 GMT",true,"Thu, 09 Jan 2020 23:51:05 GMT",560,,,,,,,,,,,,,,,,,,,,,,,,,,,,,,,,,,,,,,,,,,,,,,,,,,,,,,,,,,,,,,,,,,,,,,,,,
5e2cebb1f9af8b027e9a582d,0039,"Thu, 09 Jan 2020 20:57:53 GMT","Thu, 09 Jan 2020 22:07:21 GMT","Thu, 09 Jan 2020 21:28:58 GMT",0.901,2_39_78_364_2020-01-09 20:57:52.554476,0002,CA-495,2-39-78-364,America/Los_Angeles,,,,,,,,,,,,,,,,,,,,,,,,,,,,,,,,,,,,,,,,,,,,,,,,,,,,,,,,,,,,,,,,,,,,,,,,,,,,,,,,,,
5e2cebb1f9af8b027e9a582e,0039,"Thu, 09 Jan 2020 21:39:01 GMT","Fri, 10 Jan 2020 02:50:12 GMT","Thu, 09 Jan 2020 22:25:38 GMT",1.972,2_39_125_21_2020-01-09 21:39:00.649715,0002,CA-311,2-39-125-21,America/Los_Angeles,000000891,400,8,20,215,"Thu, 09 Jan 2020 21:39:05 GMT",true,"Fri, 10 Jan 2020 01:14:01 GMT",891,,,,,,,,,,,,,,,,,,,,,,,,,,,,,,,,,,,,,,,,,,,,,,,,,,,,,,,,,,,,,,,,,,,,,,,,,
5e2cebb1f9af8b027e9a582f,0039,"Thu, 09 Jan 2020 21:50:11 GMT","Fri, 10 Jan 2020 03:26:12 GMT","Fri, 10 Jan 2020 03:26:07 GMT",37.041,2_39_138_29_2020-01-09 21:50:11.200177,0002,CA-304,2-39-138-29,America/Los_Angeles,000003270,200,40,200,466,"Thu, 09 Jan 2020 21:52:02 GMT",true,"Fri, 10 Jan 2020 05:36:11 GMT",3270,,,,,,,,,,,,,,,,,,,,,,,,,,,,,,,,,,,,,,,,,,,,,,,,,,,,,,,,,,,,,,,,,,,,,,,,,
5e2cebb1f9af8b027e9a5830,0039,"Thu, 09 Jan 2020 23:51:08 GMT","Fri, 10 Jan 2020 04:16:43 GMT","Fri, 10 Jan 2020 02:23:36 GMT",0.923,2_39_78_365_2020-01-09 23:51:07.629784,0002,CA-321,2-39-78-365,America/Los_Angeles,,,,,,,,,,,,,,,,,,,,,,,,,,,,,,,,,,,,,,,,,,,,,,,,,,,,,,,,,,,,,,,,,,,,,,,,,,,,,,,,,,
5e2cebb1f9af8b027e9a5831,0039,"Thu, 09 Jan 2020 23:59:32 GMT","Fri, 10 Jan 2020 04:20:56 GMT","Fri, 10 Jan 2020 01:20:34 GMT",3.985,2_39_139_28_2020-01-09 23:59:31.928819,0002,CA-303,2-39-139-28,America/Los_Angeles,000001920,450,9,20,154,"Fri, 10 Jan 2020 00:00:52 GMT",true,"Fri, 10 Jan 2020 02:33:32 GMT",1920,,450,9,20,154,"Fri, 10 Jan 2020 00:00:57 GMT",true,"Fri, 10 Jan 2020 02:33:32 GMT",1920,450,13.5,30,154,"Fri, 10 Jan 2020 00:01:15 GMT",true,"Fri, 10 Jan 2020 02:33:32 GMT",1920,450,13.5,30,154,"Fri, 10 Jan 2020 00:01:22 GMT",true,"Fri, 10 Jan 2020 02:33:32 GMT",1920,,,,,,,,,,,,,,,,,,,,,,,,,,,,,,,,,,,,,,,,,,,,,,,,
5e2cebb1f9af8b027e9a5832,0039,"Fri, 10 Jan 2020 01:54:40 GMT","Fri, 10 Jan 2020 06:11:28 GMT","Fri, 10 Jan 2020 06:11:19 GMT",15.375,2_39_123_23_2020-01-10 01:54:39.609365,0002,CA-313,2-39-123-23,America/Los_Angeles,000001108,400,20,50,278,"Fri, 10 Jan 2020 01:54:45 GMT",true,"Fri, 10 Jan 2020 06:32:40 GMT",1108,,,,,,,,,,,,,,,,,,,,,,,,,,,,,,,,,,,,,,,,,,,,,,,,,,,,,,,,,,,,,,,,,,,,,,,,,
5e2cebb1f9af8b027e9a5833,0039,"Fri, 10 Jan 2020 02:04:19 GMT","Fri, 10 Jan 2020 03:22:13 GMT","Fri, 10 Jan 2020 03:13:56 GMT",3.204,2_39_128_18_2020-01-10 02:04:19.319550,0002,CA-308,2-39-128-18,America/Los_Angeles,000004622,300,6,20,127,"Fri, 10 Jan 2020 02:04:35 GMT",true,"Fri, 10 Jan 2020 04:11:19 GMT",4622,,300,6,20,127,"Fri, 10 Jan 2020 03:21:43 GMT",true,"Fri, 10 Jan 2020 04:11:19 GMT",4622,,,,,,,,,,,,,,,,,,,,,,,,,,,,,,,,,,,,,,,,,,,,,,,,,,,,,,,,,,,,,,,,
5e2cebb1f9af8b027e9a5834,0039,"Fri, 10 Jan 2020 02:18:52 GMT","Fri, 10 Jan 2020 02:41:44 GMT","Fri, 10 Jan 2020 02:41:39 GMT",0.657,2_39_129_17_2020-01-10 02:18:52.455484,0002,CA-307,2-39-129-17,America/Los_Angeles,,,,,,,,,,,,,,,,,,,,,,,,,,,,,,,,,,,,,,,,,,,,,,,,,,,,,,,,,,,,,,,,,,,,,,,,,,,,,,,,,,
5e2cebb1f9af8b027e9a5835,0039,"Fri, 10 Jan 2020 02:42:40 GMT","Fri, 10 Jan 2020 03:27:28 GMT","Fri, 10 Jan 2020 03:27:23 GMT",1.632,2_39_131_30_2020-01-10 02:42:40.156450,0002,CA-305,2-39-131-30,America/Los_Angeles,000001539,400,4,10,60,"Fri, 10 Jan 2020 02:42:50 GMT",true,"Fri, 10 Jan 2020 03:42:40 GMT",1539,,,,,,,,,,,,,,,,,,,,,,,,,,,,,,,,,,,,,,,,,,,,,,,,,,,,,,,,,,,,,,,,,,,,,,,,,
5e2cebb1f9af8b027e9a5836,0039,"Fri, 10 Jan 2020 03:34:05 GMT","Fri, 10 Jan 2020 06:28:47 GMT","Fri, 10 Jan 2020 06:07:30 GMT",15.866,2_39_129_17_2020-01-10 03:34:04.636200,0002,CA-307,2-39-129-17,America/Los_Angeles,000001099,400,28,70,139,"Fri, 10 Jan 2020 03:35:04 GMT",true,"Fri, 10 Jan 2020 05:53:05 GMT",1099,,,,,,,,,,,,,,,,,,,,,,,,,,,,,,,,,,,,,,,,,,,,,,,,,,,,,,,,,,,,,,,,,,,,,,,,,
5e2cebb1f9af8b027e9a5837,0039,"Fri, 10 Jan 2020 04:20:04 GMT","Fri, 10 Jan 2020 05:40:51 GMT","Fri, 10 Jan 2020 05:40:46 GMT",9.097,2_39_138_29_2020-01-10 04:20:03.729404,0002,CA-304,2-39-138-29,America/Los_Angeles,000001263,400,12,30,115,"Fri, 10 Jan 2020 04:21:33 GMT",true,"Fri, 10 Jan 2020 06:15:04 GMT",1263,,,,,,,,,,,,,,,,,,,,,,,,,,,,,,,,,,,,,,,,,,,,,,,,,,,,,,,,,,,,,,,,,,,,,,,,,
5e2e3d2ef9af8b066b3749ab,0039,"Fri, 10 Jan 2020 12:22:21 GMT","Fri, 10 Jan 2020 13:34:40 GMT","Fri, 10 Jan 2020 13:34:35 GMT",7.329,2_39_128_18_2020-01-10 12:22:21.415749,0002,CA-308,2-39-128-18,America/Los_Angeles,000000300,400,28,70,360,"Fri, 10 Jan 2020 12:22:48 GMT",true,"Fri, 10 Jan 2020 18:22:21 GMT",300,,400,28,70,362,"Fri, 10 Jan 2020 12:37:14 GMT",true,"Fri, 10 Jan 2020 18:24:21 GMT",300,400,12,30,374,"Fri, 10 Jan 2020 12:37:37 GMT",true,"Fri, 10 Jan 2020 18:36:21 GMT",300,400,12,30,119,"Fri, 10 Jan 2020 13:22:07 GMT",true,"Fri, 10 Jan 2020 14:21:21 GMT",300,,,,,,,,,,,,,,,,,,,,,,,,,,,,,,,,,,,,,,,,,,,,,,,,
5e2e3d2ef9af8b066b3749ac,0039,"Fri, 10 Jan 2020 15:02:11 GMT","Fri, 10 Jan 2020 22:54:35 GMT","Fri, 10 Jan 2020 20:21:36 GMT",13.725,2_39_78_365_2020-01-10 15:02:10.722596,0002,CA-321,2-39-78-365,America/Los_Angeles,000004913,400,20,50,575,"Fri, 10 Jan 2020 15:02:44 GMT",true,"Sat, 11 Jan 2020 00:37:11 GMT",4913,,,,,,,,,,,,,,,,,,,,,,,,,,,,,,,,,,,,,,,,,,,,,,,,,,,,,,,,,,,,,,,,,,,,,,,,,
5e2e3d2ef9af8b066b3749ad,0039,"Fri, 10 Jan 2020 15:07:14 GMT","Fri, 10 Jan 2020 17:01:03 GMT","Fri, 10 Jan 2020 16:44:13 GMT",4.895,2_39_89_25_2020-01-10 15:07:13.698290,0002,CA-315,2-39-89-25,America/Los_Angeles,000000743,400,8,20,53,"Fri, 10 Jan 2020 15:07:36 GMT",true,"Fri, 10 Jan 2020 16:00:14 GMT",743,,,,,,,,,,,,,,,,,,,,,,,,,,,,,,,,,,,,,,,,,,,,,,,,,,,,,,,,,,,,,,,,,,,,,,,,,
5e2e3d2ef9af8b066b3749ae,0039,"Fri, 10 Jan 2020 15:37:25 GMT","Sat, 11 Jan 2020 00:22:34 GMT","Fri, 10 Jan 2020 18:07:17 GMT",9.301,2_39_139_28_2020-01-10 15:37:24.641066,0002,CA-303,2-39-139-28,America/Los_Angeles,000001564,300,12,40,185,"Fri, 10 Jan 2020 15:37:41 GMT",true,"Fri, 10 Jan 2020 18:42:25 GMT",1564,,,,,,,,,,,,,,,,,,,,,,,,,,,,,,,,,,,,,,,,,,,,,,,,,,,,,,,,,,,,,,,,,,,,,,,,,
5e2e3d2ef9af8b066b3749af,0039,"Fri, 10 Jan 2020 15:59:42 GMT","Sat, 11 Jan 2020 01:42:20 GMT","Fri, 10 Jan 2020 19:30:56 GMT",3.727,2_39_79_382_2020-01-10 15:59:42.282278,0002,CA-491,2-39-79-382,America/Los_Angeles,000004701,300,12,40,400,"Fri, 10 Jan 2020 17:44:34 GMT",true,"Fri, 10 Jan 2020 22:39:42 GMT",4701,,,,,,,,,,,,,,,,,,,,,,,,,,,,,,,,,,,,,,,,,,,,,,,,,,,,,,,,,,,,,,,,,,,,,,,,,
5e2e3d2ef9af8b066b3749b0,0039,"Fri, 10 Jan 2020 16:03:23 GMT","Fri, 10 Jan 2020 18:56:58 GMT","Fri, 10 Jan 2020 18:57:56 GMT",0.874,2_39_79_380_2020-01-10 16:03:22.748851,0002,CA-489,2-39-79-380,America/Los_Angeles,,,,,,,,,,,,,,,,,,,,,,,,,,,,,,,,,,,,,,,,,,,,,,,,,,,,,,,,,,,,,,,,,,,,,,,,,,,,,,,,,,
5e2e3d2ef9af8b066b3749b1,0039,"Fri, 10 Jan 2020 16:13:39 GMT","Sat, 11 Jan 2020 01:37:51 GMT","Sat, 11 Jan 2020 00:32:52 GMT",16.885,2_39_78_366_2020-01-10 16:13:39.004329,0002,CA-323,2-39-78-366,America/Los_Angeles,000003853,360,36,100,490,"Fri, 10 Jan 2020 16:13:46 GMT",true,"Sat, 11 Jan 2020 00:23:39 GMT",3853,,,,,,,,,,,,,,,,,,,,,,,,,,,,,,,,,,,,,,,,,,,,,,,,,,,,,,,,,,,,,,,,,,,,,,,,,
5e2e3d2ef9af8b066b3749b2,0039,"Fri, 10 Jan 2020 16:29:21 GMT","Fri, 10 Jan 2020 18:33:53 GMT","Fri, 10 Jan 2020 17:09:42 GMT",2.389,2_39_78_363_2020-01-10 16:29:20.664199,0002,CA-320,2-39-78-363,America/Los_Angeles,000001091,300,9,30,139,"Fri, 10 Jan 2020 16:29:35 GMT",true,"Fri, 10 Jan 2020 18:48:21 GMT",1091,,,,,,,,,,,,,,,,,,,,,,,,,,,,,,,,,,,,,,,,,,,,,,,,,,,,,,,,,,,,,,,,,,,,,,,,,
5e2e3d2ef9af8b066b3749b3,0039,"Fri, 10 Jan 2020 16:34:02 GMT","Fri, 10 Jan 2020 20:16:37 GMT","Fri, 10 Jan 2020 20:16:36 GMT",9.525,2_39_78_367_2020-01-10 16:34:01.669780,0002,CA-494,2-39-78-367,America/Los_Angeles,000001470,292,17.52,60,313,"Fri, 10 Jan 2020 16:34:19 GMT",true,"Fri, 10 Jan 2020 21:47:02 GMT",1470,,,,,,,,,,,,,,,,,,,,,,,,,,,,,,,,,,,,,,,,,,,,,,,,,,,,,,,,,,,,,,,,,,,,,,,,,
5e2e3d2ef9af8b066b3749b4,0039,"Fri, 10 Jan 2020 16:34:55 GMT","Sat, 11 Jan 2020 01:15:12 GMT","Fri, 10 Jan 2020 17:05:38 GMT",0.872,2_39_79_379_2020-01-10 16:34:54.672609,0002,CA-327,2-39-79-379,America/Los_Angeles,,,,,,,,,,,,,,,,,,,,,,,,,,,,,,,,,,,,,,,,,,,,,,,,,,,,,,,,,,,,,,,,,,,,,,,,,,,,,,,,,,
5e2e3d2ef9af8b066b3749b5,0039,"Fri, 10 Jan 2020 16:43:53 GMT","Fri, 10 Jan 2020 20:16:10 GMT","Fri, 10 Jan 2020 20:17:08 GMT",2.054,2_39_91_437_2020-01-10 16:43:53.295588,0002,CA-317,2-39-91-437,America/Los_Angeles,000000324,444,8.88,20,70,"Fri, 10 Jan 2020 16:44:02 GMT",true,"Fri, 10 Jan 2020 17:53:53 GMT",324,,,,,,,,,,,,,,,,,,,,,,,,,,,,,,,,,,,,,,,,,,,,,,,,,,,,,,,,,,,,,,,,,,,,,,,,,
5e2e3d2ef9af8b066b3749b6,0039,"Fri, 10 Jan 2020 17:13:02 GMT","Sat, 11 Jan 2020 03:49:04 GMT","Fri, 10 Jan 2020 18:22:47 GMT",3.797,2_39_131_30_2020-01-10 17:13:02.232231,0002,CA-305,2-39-131-30,America/Los_Angeles,000000567,400,8,20,459,"Fri, 10 Jan 2020 17:13:11 GMT",true,"Sat, 11 Jan 2020 00:52:02 GMT",567,,400,8,20,459,"Fri, 10 Jan 2020 17:13:15 GMT",true,"Sat, 11 Jan 2020 00:52:02 GMT",567,,,,,,,,,,,,,,,,,,,,,,,,,,,,,,,,,,,,,,,,,,,,,,,,,,,,,,,,,,,,,,,,
5e2e3d2ef9af8b066b3749b7,0039,"Fri, 10 Jan 2020 17:32:30 GMT","Sat, 11 Jan 2020 02:04:48 GMT","Fri, 10 Jan 2020 19:49:11 GMT",15.847,2_39_89_25_2020-01-10 17:32:20.995510,0002,CA-315,2-39-89-25,America/Los_Angeles,000002961,400,40,100,60,"Fri, 10 Jan 2020 17:32:30 GMT",true,"Fri, 10 Jan 2020 18:32:30 GMT",2961,,,,,,,,,,,,,,,,,,,,,,,,,,,,,,,,,,,,,,,,,,,,,,,,,,,,,,,,,,,,,,,,,,,,,,,,,
5e2e3d2ef9af8b066b3749b8,0039,"Fri, 10 Jan 2020 17:38:36 GMT","Sat, 11 Jan 2020 03:14:28 GMT","Fri, 10 Jan 2020 19:31:41 GMT",11.41,2_39_79_376_2020-01-10 17:38:35.889025,0002,CA-324,2-39-79-376,America/Los_Angeles,000000558,400,28,70,60,"Fri, 10 Jan 2020 17:38:38 GMT",true,"Fri, 10 Jan 2020 18:38:36 GMT",558,,,,,,,,,,,,,,,,,,,,,,,,,,,,,,,,,,,,,,,,,,,,,,,,,,,,,,,,,,,,,,,,,,,,,,,,,
5e2e3d2ef9af8b066b3749b9,0039,"Fri, 10 Jan 2020 17:40:16 GMT","Sat, 11 Jan 2020 02:20:19 GMT","Fri, 10 Jan 2020 19:47:37 GMT",14.174,2_39_95_27_2020-01-10 17:40:16.253899,0002,CA-319,2-39-95-27,America/Los_Angeles,000000714,400,24,60,361,"Fri, 10 Jan 2020 17:40:29 GMT",true,"Fri, 10 Jan 2020 23:41:16 GMT",714,,,,,,,,,,,,,,,,,,,,,,,,,,,,,,,,,,,,,,,,,,,,,,,,,,,,,,,,,,,,,,,,,,,,,,,,,
5e2e3d2ef9af8b066b3749ba,0039,"Fri, 10 Jan 2020 17:46:03 GMT","Sat, 11 Jan 2020 00:21:07 GMT","Fri, 10 Jan 2020 19:49:47 GMT",13.308,2_39_129_17_2020-01-10 17:46:03.453731,0002,CA-307,2-39-129-17,America/Los_Angeles,000001912,400,20,50,196,"Fri, 10 Jan 2020 17:46:25 GMT",true,"Fri, 10 Jan 2020 21:02:03 GMT",1912,,,,,,,,,,,,,,,,,,,,,,,,,,,,,,,,,,,,,,,,,,,,,,,,,,,,,,,,,,,,,,,,,,,,,,,,,
5e2e3d2ef9af8b066b3749bb,0039,"Fri, 10 Jan 2020 17:47:55 GMT","Fri, 10 Jan 2020 21:10:54 GMT","Fri, 10 Jan 2020 19:53:16 GMT",7.029,2_39_78_360_2020-01-10 17:47:54.975387,0002,CA-322,2-39-78-360,America/Los_Angeles,000000515,400,12,30,144,"Fri, 10 Jan 2020 17:48:14 GMT",true,"Fri, 10 Jan 2020 20:11:55 GMT",515,,,,,,,,,,,,,,,,,,,,,,,,,,,,,,,,,,,,,,,,,,,,,,,,,,,,,,,,,,,,,,,,,,,,,,,,,
5e2e3d2ef9af8b066b3749bc,0039,"Fri, 10 Jan 2020 18:03:26 GMT","Sat, 11 Jan 2020 00:29:05 GMT","Fri, 10 Jan 2020 20:08:01 GMT",12.25,2_39_79_383_2020-01-10 18:03:25.631999,0002,CA-492,2-39-79-383,America/Los_Angeles,000001095,400,16,40,352,"Fri, 10 Jan 2020 18:03:41 GMT",true,"Fri, 10 Jan 2020 23:55:26 GMT",1095,,,,,,,,,,,,,,,,,,,,,,,,,,,,,,,,,,,,,,,,,,,,,,,,,,,,,,,,,,,,,,,,,,,,,,,,,
5e2e3d2ef9af8b066b3749bd,0039,"Fri, 10 Jan 2020 18:07:54 GMT","Fri, 10 Jan 2020 19:44:07 GMT","Fri, 10 Jan 2020 18:39:13 GMT",0.895,2_39_128_18_2020-01-10 18:07:53.783300,0002,CA-308,2-39-128-18,America/Los_Angeles,,,,,,,,,,,,,,,,,,,,,,,,,,,,,,,,,,,,,,,,,,,,,,,,,,,,,,,,,,,,,,,,,,,,,,,,,,,,,,,,,,
5e2e3d2ef9af8b066b3749be,0039,"Fri, 10 Jan 2020 18:09:41 GMT","Sat, 11 Jan 2020 02:07:41 GMT","Fri, 10 Jan 2020 18:41:39 GMT",1.206,2_39_130_31_2020-01-10 18:09:40.535964,0002,CA-306,2-39-130-31,America/Los_Angeles,000001366,400,8,20,60,"Fri, 10 Jan 2020 18:10:24 GMT",true,"Fri, 10 Jan 2020 19:09:41 GMT",1366,,,,,,,,,,,,,,,,,,,,,,,,,,,,,,,,,,,,,,,,,,,,,,,,,,,,,,,,,,,,,,,,,,,,,,,,,
5e2e3d2ef9af8b066b3749bf,0039,"Fri, 10 Jan 2020 18:19:00 GMT","Fri, 10 Jan 2020 20:18:13 GMT","Fri, 10 Jan 2020 18:49:44 GMT",0.758,2_39_91_441_2020-01-10 18:19:00.127170,0002,CA-499,2-39-91-441,America/Los_Angeles,,,,,,,,,,,,,,,,,,,,,,,,,,,,,,,,,,,,,,,,,,,,,,,,,,,,,,,,,,,,,,,,,,,,,,,,,,,,,,,,,,
5e2e3d2ef9af8b066b3749c0,0039,"Fri, 10 Jan 2020 18:29:28 GMT","Sat, 11 Jan 2020 01:10:06 GMT","Fri, 10 Jan 2020 20:55:03 GMT",7.667,2_39_125_21_2020-01-10 18:29:27.536902,0002,CA-311,2-39-125-21,America/Los_Angeles,000002170,400,8,20,183,"Fri, 10 Jan 2020 18:29:36 GMT",true,"Fri, 10 Jan 2020 21:32:28 GMT",2170,,,,,,,,,,,,,,,,,,,,,,,,,,,,,,,,,,,,,,,,,,,,,,,,,,,,,,,,,,,,,,,,,,,,,,,,,
5e2e3d2ef9af8b066b3749c1,0039,"Fri, 10 Jan 2020 18:34:50 GMT","Sat, 11 Jan 2020 00:46:46 GMT","Fri, 10 Jan 2020 19:38:24 GMT",4.116,2_39_127_19_2020-01-10 18:34:49.969865,0002,CA-309,2-39-127-19,America/Los_Angeles,000000668,425,4.25,10,455,"Fri, 10 Jan 2020 18:34:56 GMT",true,"Sat, 11 Jan 2020 02:09:50 GMT",668,,,,,,,,,,,,,,,,,,,,,,,,,,,,,,,,,,,,,,,,,,,,,,,,,,,,,,,,,,,,,,,,,,,,,,,,,
5e2e3d2ef9af8b066b3749c2,0039,"Fri, 10 Jan 2020 18:55:09 GMT","Sat, 11 Jan 2020 00:39:39 GMT","Fri, 10 Jan 2020 20:14:25 GMT",3.903,2_39_89_439_2020-01-10 18:55:09.373990,0002,CA-501,2-39-89-439,America/Los_Angeles,000000743,400,8,20,327,"Fri, 10 Jan 2020 18:55:22 GMT",true,"Sat, 11 Jan 2020 00:22:09 GMT",743,,,,,,,,,,,,,,,,,,,,,,,,,,,,,,,,,,,,,,,,,,,,,,,,,,,,,,,,,,,,,,,,,,,,,,,,,
5e2e3d2ef9af8b066b3749c3,0039,"Fri, 10 Jan 2020 18:57:02 GMT","Fri, 10 Jan 2020 19:50:49 GMT","Fri, 10 Jan 2020 19:27:49 GMT",0.788,2_39_79_380_2020-01-10 18:57:01.662057,0002,CA-489,2-39-79-380,America/Los_Angeles,,,,,,,,,,,,,,,,,,,,,,,,,,,,,,,,,,,,,,,,,,,,,,,,,,,,,,,,,,,,,,,,,,,,,,,,,,,,,,,,,,
5e2e3d2ef9af8b066b3749c4,0039,"Fri, 10 Jan 2020 19:05:07 GMT","Sat, 11 Jan 2020 04:29:05 GMT","Fri, 10 Jan 2020 21:31:15 GMT",14.7,2_39_78_363_2020-01-10 19:05:06.783940,0002,CA-320,2-39-78-363,America/Los_Angeles,000001274,400,20,50,237,"Fri, 10 Jan 2020 19:05:29 GMT",true,"Fri, 10 Jan 2020 23:02:07 GMT",1274,,,,,,,,,,,,,,,,,,,,,,,,,,,,,,,,,,,,,,,,,,,,,,,,,,,,,,,,,,,,,,,,,,,,,,,,,
5e2e3d2ef9af8b066b3749c5,0039,"Fri, 10 Jan 2020 19:26:07 GMT","Fri, 10 Jan 2020 21:18:17 GMT","Fri, 10 Jan 2020 21:16:07 GMT",0.977,2_39_123_23_2020-01-10 19:26:06.561288,0002,CA-313,2-39-123-23,America/Los_Angeles,,,,,,,,,,,,,,,,,,,,,,,,,,,,,,,,,,,,,,,,,,,,,,,,,,,,,,,,,,,,,,,,,,,,,,,,,,,,,,,,,,
5e2e3d2ef9af8b066b3749c6,0039,"Fri, 10 Jan 2020 20:08:25 GMT","Fri, 10 Jan 2020 22:17:37 GMT","Fri, 10 Jan 2020 21:34:07 GMT",4.295,2_39_79_380_2020-01-10 20:08:25.317353,0002,CA-489,2-39-79-380,America/Los_Angeles,000001864,400,8,20,126,"Fri, 10 Jan 2020 20:08:28 GMT",true,"Fri, 10 Jan 2020 22:14:25 GMT",1864,,,,,,,,,,,,,,,,,,,,,,,,,,,,,,,,,,,,,,,,,,,,,,,,,,,,,,,,,,,,,,,,,,,,,,,,,
5e2e3d2ef9af8b066b3749c7,0039,"Fri, 10 Jan 2020 20:17:01 GMT","Fri, 10 Jan 2020 23:57:38 GMT","Fri, 10 Jan 2020 21:44:18 GMT",3.387,2_39_91_437_2020-01-10 20:17:01.025315,0002,CA-317,2-39-91-437,America/Los_Angeles,000000560,400,12,30,194,"Fri, 10 Jan 2020 20:17:10 GMT",true,"Fri, 10 Jan 2020 23:31:01 GMT",560,,,,,,,,,,,,,,,,,,,,,,,,,,,,,,,,,,,,,,,,,,,,,,,,,,,,,,,,,,,,,,,,,,,,,,,,,
5e2e3d2ef9af8b066b3749c8,0039,"Fri, 10 Jan 2020 20:22:59 GMT","Sat, 11 Jan 2020 03:06:35 GMT","Fri, 10 Jan 2020 21:45:52 GMT",4.697,2_39_128_18_2020-01-10 20:22:59.504137,0002,CA-308,2-39-128-18,America/Los_Angeles,000000712,400,12,30,166,"Fri, 10 Jan 2020 20:23:11 GMT",true,"Fri, 10 Jan 2020 23:08:59 GMT",712,,,,,,,,,,,,,,,,,,,,,,,,,,,,,,,,,,,,,,,,,,,,,,,,,,,,,,,,,,,,,,,,,,,,,,,,,
5e2e3d2ef9af8b066b3749c9,0039,"Fri, 10 Jan 2020 20:29:21 GMT","Sat, 11 Jan 2020 00:00:30 GMT","Fri, 10 Jan 2020 21:45:55 GMT",0.85,2_39_79_377_2020-01-10 20:29:20.883269,0002,CA-325,2-39-79-377,America/Los_Angeles,,,,,,,,,,,,,,,,,,,,,,,,,,,,,,,,,,,,,,,,,,,,,,,,,,,,,,,,,,,,,,,,,,,,,,,,,,,,,,,,,,
5e2e3d2ef9af8b066b3749ca,0039,"Fri, 10 Jan 2020 20:49:34 GMT","Sat, 11 Jan 2020 04:14:45 GMT","Fri, 10 Jan 2020 21:49:28 GMT",1.933,2_39_126_20_2020-01-10 20:49:34.279646,0002,CA-310,2-39-126-20,America/Los_Angeles,000000324,444,8.88,20,70,"Fri, 10 Jan 2020 20:49:48 GMT",true,"Fri, 10 Jan 2020 21:59:34 GMT",324,,444,8.88,20,152,"Fri, 10 Jan 2020 22:12:48 GMT",true,"Fri, 10 Jan 2020 23:21:34 GMT",324,,,,,,,,,,,,,,,,,,,,,,,,,,,,,,,,,,,,,,,,,,,,,,,,,,,,,,,,,,,,,,,,
5e2e3d2ef9af8b066b3749cb,0039,"Fri, 10 Jan 2020 20:55:16 GMT","Sat, 11 Jan 2020 01:07:48 GMT","Fri, 10 Jan 2020 21:41:00 GMT",1.94,2_39_78_367_2020-01-10 20:55:15.719620,0002,CA-494,2-39-78-367,America/Los_Angeles,000000891,400,8,20,215,"Fri, 10 Jan 2020 20:55:24 GMT",true,"Sat, 11 Jan 2020 00:30:16 GMT",891,,,,,,,,,,,,,,,,,,,,,,,,,,,,,,,,,,,,,,,,,,,,,,,,,,,,,,,,,,,,,,,,,,,,,,,,,
5e2e3d2ef9af8b066b3749cc,0039,"Fri, 10 Jan 2020 22:57:12 GMT","Sat, 11 Jan 2020 01:06:12 GMT","Sat, 11 Jan 2020 00:07:32 GMT",6.545,2_39_123_23_2020-01-10 22:57:12.247786,0002,CA-313,2-39-123-23,America/Los_Angeles,000000431,400,16,40,112,"Fri, 10 Jan 2020 22:57:45 GMT",true,"Sat, 11 Jan 2020 00:49:12 GMT",431,,,,,,,,,,,,,,,,,,,,,,,,,,,,,,,,,,,,,,,,,,,,,,,,,,,,,,,,,,,,,,,,,,,,,,,,,
5e2e3d2ef9af8b066b3749cd,0039,"Fri, 10 Jan 2020 23:12:17 GMT","Sat, 11 Jan 2020 01:18:59 GMT","Sat, 11 Jan 2020 00:26:10 GMT",3.687,2_39_90_440_2020-01-10 23:12:17.309494,0002,CA-500,2-39-90-440,America/Los_Angeles,000003447,375,15,40,219,"Fri, 10 Jan 2020 23:12:52 GMT",true,"Sat, 11 Jan 2020 02:51:17 GMT",3447,,,,,,,,,,,,,,,,,,,,,,,,,,,,,,,,,,,,,,,,,,,,,,,,,,,,,,,,,,,,,,,,,,,,,,,,,
5e2e3d2ef9af8b066b3749ce,0039,"Sat, 11 Jan 2020 01:13:48 GMT","Sat, 11 Jan 2020 01:49:20 GMT","Sat, 11 Jan 2020 01:49:12 GMT",2.056,2_39_139_28_2020-01-11 01:13:48.283333,0002,CA-303,2-39-139-28,America/Los_Angeles,000005368,600,12,20,60,"Sat, 11 Jan 2020 01:15:27 GMT",true,"Sat, 11 Jan 2020 02:13:48 GMT",5368,,,,,,,,,,,,,,,,,,,,,,,,,,,,,,,,,,,,,,,,,,,,,,,,,,,,,,,,,,,,,,,,,,,,,,,,,
5e2f8e9cf9af8b0a558fbd74,0039,"Sat, 11 Jan 2020 14:27:47 GMT","Sat, 11 Jan 2020 18:35:08 GMT",,15.707,2_39_138_29_2020-01-11 14:27:47.009281,0002,CA-304,2-39-138-29,America/Los_Angeles,000000300,400,32,80,629,"Sat, 11 Jan 2020 14:27:56 GMT",true,"Sun, 12 Jan 2020 00:56:47 GMT",300,,400,32,80,60,"Sat, 11 Jan 2020 14:28:39 GMT",true,"Sat, 11 Jan 2020 15:27:47 GMT",300,400,32,80,638,"Sat, 11 Jan 2020 14:31:58 GMT",true,"Sun, 12 Jan 2020 01:05:47 GMT",300,,,,,,,,,,,,,,,,,,,,,,,,,,,,,,,,,,,,,,,,,,,,,,,,,,,,,,,,
5e2f8e9cf9af8b0a558fbd75,0039,"Sat, 11 Jan 2020 16:36:16 GMT","Sat, 11 Jan 2020 22:53:20 GMT",,0.98,2_39_79_380_2020-01-11 16:36:16.186418,0002,CA-489,2-39-79-380,America/Los_Angeles,,,,,,,,,,,,,,,,,,,,,,,,,,,,,,,,,,,,,,,,,,,,,,,,,,,,,,,,,,,,,,,,,,,,,,,,,,,,,,,,,,
5e2f8e9cf9af8b0a558fbd76,0039,"Sat, 11 Jan 2020 17:30:49 GMT","Sat, 11 Jan 2020 22:05:13 GMT",,17.409,2_39_129_17_2020-01-11 17:30:40.238574,0002,CA-307,2-39-129-17,America/Los_Angeles,000000291,250,17.5,70,679,"Sat, 11 Jan 2020 17:30:49 GMT",true,"Sun, 12 Jan 2020 04:49:49 GMT",291,,250,17.5,70,679,"Sat, 11 Jan 2020 17:31:29 GMT",true,"Sun, 12 Jan 2020 04:49:49 GMT",291,250,17.5,70,680,"Sat, 11 Jan 2020 17:32:28 GMT",true,"Sun, 12 Jan 2020 04:50:49 GMT",291,250,17.5,70,682,"Sat, 11 Jan 2020 17:34:20 GMT",true,"Sun, 12 Jan 2020 04:52:49 GMT",291,250,17.5,70,692,"Sat, 11 Jan 2020 17:44:35 GMT",true,"Sun, 12 Jan 2020 05:02:49 GMT",291,,,,,,,,,,,,,,,,,,,,,,,,,,,,,,,,,,,,,,,,
5e2f8e9cf9af8b0a558fbd77,0039,"Sat, 11 Jan 2020 19:08:49 GMT","Sat, 11 Jan 2020 20:17:47 GMT",,2.063,2_39_139_28_2020-01-11 19:08:49.044392,0002,CA-303,2-39-139-28,America/Los_Angeles,000000365,333,9.99,30,104,"Sat, 11 Jan 2020 19:09:22 GMT",true,"Sat, 11 Jan 2020 20:52:49 GMT",365,,,,,,,,,,,,,,,,,,,,,,,,,,,,,,,,,,,,,,,,,,,,,,,,,,,,,,,,,,,,,,,,,,,,,,,,,
5e2f8e9cf9af8b0a558fbd78,0039,"Sat, 11 Jan 2020 22:48:52 GMT","Sun, 12 Jan 2020 01:19:28 GMT",,8.84,2_39_91_437_2020-01-11 22:48:51.888774,0002,CA-317,2-39-91-437,America/Los_Angeles,000001108,400,20,50,174,"Sat, 11 Jan 2020 22:49:02 GMT",true,"Sun, 12 Jan 2020 01:42:52 GMT",1108,,400,20,50,174,"Sat, 11 Jan 2020 22:49:44 GMT",true,"Sun, 12 Jan 2020 01:42:52 GMT",1108,400,20,50,63,"Sat, 11 Jan 2020 22:53:00 GMT",true,"Sat, 11 Jan 2020 23:51:52 GMT",1108,,,,,,,,,,,,,,,,,,,,,,,,,,,,,,,,,,,,,,,,,,,,,,,,,,,,,,,,
5e2f8e9cf9af8b0a558fbd79,0039,"Sat, 11 Jan 2020 22:54:12 GMT","Sun, 12 Jan 2020 03:52:11 GMT",,24.904,2_39_79_377_2020-01-11 22:54:12.409746,0002,CA-325,2-39-79-377,America/Los_Angeles,000000248,250,25,100,355,"Sat, 11 Jan 2020 22:54:44 GMT",true,"Sun, 12 Jan 2020 04:49:12 GMT",248,,,,,,,,,,,,,,,,,,,,,,,,,,,,,,,,,,,,,,,,,,,,,,,,,,,,,,,,,,,,,,,,,,,,,,,,,
5e2f8e9cf9af8b0a558fbd7a,0039,"Sat, 11 Jan 2020 22:59:14 GMT","Sun, 12 Jan 2020 01:10:00 GMT",,5.473,2_39_131_30_2020-01-11 22:59:13.622831,0002,CA-305,2-39-131-30,America/Los_Angeles,000001920,450,13.5,30,154,"Sat, 11 Jan 2020 23:00:15 GMT",true,"Sun, 12 Jan 2020 01:33:14 GMT",1920,,450,13.5,30,154,"Sat, 11 Jan 2020 23:00:22 GMT",true,"Sun, 12 Jan 2020 01:33:14 GMT",1920,450,13.5,30,202,"Sat, 11 Jan 2020 23:01:00 GMT",true,"Sun, 12 Jan 2020 02:21:14 GMT",1920,,,,,,,,,,,,,,,,,,,,,,,,,,,,,,,,,,,,,,,,,,,,,,,,,,,,,,,,
5e30e01ff9af8b0f5cf06993,0039,"Sun, 12 Jan 2020 16:43:29 GMT","Mon, 13 Jan 2020 16:20:06 GMT","Mon, 13 Jan 2020 13:50:40 GMT",33.232,2_39_131_30_2020-01-12 16:43:28.787116,0002,CA-305,2-39-131-30,America/Los_Angeles,000000489,399,87.78,220,485,"Sun, 12 Jan 2020 16:43:53 GMT",true,"Mon, 13 Jan 2020 00:48:29 GMT",489,,399,87.78,220,472,"Sun, 12 Jan 2020 16:44:16 GMT",true,"Mon, 13 Jan 2020 00:35:29 GMT",489,399,87.78,220,503,"Sun, 12 Jan 2020 16:46:24 GMT",true,"Mon, 13 Jan 2020 01:06:29 GMT",489,399,87.78,220,505,"Sun, 12 Jan 2020 18:18:38 GMT",true,"Mon, 13 Jan 2020 01:08:29 GMT",489,,,,,,,,,,,,,,,,,,,,,,,,,,,,,,,,,,,,,,,,,,,,,,,,
5e30e01ff9af8b0f5cf06994,0039,"Sun, 12 Jan 2020 17:05:48 GMT","Sun, 12 Jan 2020 17:28:19 GMT",,0.675,2_39_129_17_2020-01-12 17:05:47.799340,0002,CA-307,2-39-129-17,America/Los_Angeles,,,,,,,,,,,,,,,,,,,,,,,,,,,,,,,,,,,,,,,,,,,,,,,,,,,,,,,,,,,,,,,,,,,,,,,,,,,,,,,,,,
5e30e01ff9af8b0f5cf06995,0039,"Sun, 12 Jan 2020 18:00:07 GMT","Mon, 13 Jan 2020 02:02:27 GMT","Sun, 12 Jan 2020 20:12:27 GMT",7.883,2_39_129_17_2020-01-12 17:59:55.842623,0002,CA-307,2-39-129-17,America/Los_Angeles,000005471,400,8,20,62,"Sun, 12 Jan 2020 18:00:06 GMT",true,"Sun, 12 Jan 2020 19:02:07 GMT",5471,,400,8,20,62,"Mon, 13 Jan 2020 01:53:47 GMT",true,"Sun, 12 Jan 2020 19:02:07 GMT",5471,400,8,20,534,"Mon, 13 Jan 2020 01:54:41 GMT",true,"Mon, 13 Jan 2020 02:54:07 GMT",5471,,,,,,,,,,,,,,,,,,,,,,,,,,,,,,,,,,,,,,,,,,,,,,,,,,,,,,,,
5e30e01ff9af8b0f5cf06996,0039,"Sun, 12 Jan 2020 20:05:23 GMT","Sun, 12 Jan 2020 22:03:44 GMT","Sun, 12 Jan 2020 22:03:40 GMT",6.77,2_39_89_25_2020-01-12 20:05:23.222211,0002,CA-315,2-39-89-25,America/Los_Angeles,000001089,400,8,20,114,"Sun, 12 Jan 2020 20:06:56 GMT",true,"Sun, 12 Jan 2020 21:59:23 GMT",1089,,,,,,,,,,,,,,,,,,,,,,,,,,,,,,,,,,,,,,,,,,,,,,,,,,,,,,,,,,,,,,,,,,,,,,,,,
5e30e01ff9af8b0f5cf06997,0039,"Mon, 13 Jan 2020 01:41:22 GMT","Mon, 13 Jan 2020 02:34:34 GMT","Mon, 13 Jan 2020 02:23:23 GMT",1.791,2_39_139_28_2020-01-13 01:41:21.633908,0002,CA-303,2-39-139-28,America/Los_Angeles,000001366,400,8,20,60,"Mon, 13 Jan 2020 01:41:36 GMT",true,"Mon, 13 Jan 2020 02:41:22 GMT",1366,,,,,,,,,,,,,,,,,,,,,,,,,,,,,,,,,,,,,,,,,,,,,,,,,,,,,,,,,,,,,,,,,,,,,,,,,
5e30e01ff9af8b0f5cf06998,0039,"Mon, 13 Jan 2020 01:41:46 GMT","Mon, 13 Jan 2020 03:44:59 GMT","Mon, 13 Jan 2020 03:33:21 GMT",5.68,2_39_127_19_2020-01-13 01:41:46.087820,0002,CA-309,2-39-127-19,America/Los_Angeles,000004622,300,6,20,127,"Mon, 13 Jan 2020 01:42:09 GMT",true,"Mon, 13 Jan 2020 03:48:46 GMT",4622,,,,,,,,,,,,,,,,,,,,,,,,,,,,,,,,,,,,,,,,,,,,,,,,,,,,,,,,,,,,,,,,,,,,,,,,,
5e30e01ff9af8b0f5cf06999,0039,"Mon, 13 Jan 2020 02:08:54 GMT","Tue, 14 Jan 2020 01:24:02 GMT","Mon, 13 Jan 2020 09:52:50 GMT",51.459,2_39_129_17_2020-01-13 02:08:53.683125,0002,CA-307,2-39-129-17,America/Los_Angeles,000000067,250,60,240,720,"Mon, 13 Jan 2020 02:08:58 GMT",true,"Mon, 13 Jan 2020 14:08:54 GMT",67,,250,60,240,720,"Mon, 13 Jan 2020 02:09:11 GMT",true,"Mon, 13 Jan 2020 14:08:54 GMT",67,,,,,,,,,,,,,,,,,,,,,,,,,,,,,,,,,,,,,,,,,,,,,,,,,,,,,,,,,,,,,,,,
5e30e01ff9af8b0f5cf0699a,0039,"Mon, 13 Jan 2020 02:40:40 GMT","Mon, 13 Jan 2020 06:03:13 GMT","Mon, 13 Jan 2020 05:23:13 GMT",16.661,2_39_139_28_2020-01-13 02:40:40.200795,0002,CA-303,2-39-139-28,America/Los_Angeles,000001099,400,32,80,171,"Mon, 13 Jan 2020 02:41:53 GMT",true,"Mon, 13 Jan 2020 05:31:40 GMT",1099,,,,,,,,,,,,,,,,,,,,,,,,,,,,,,,,,,,,,,,,,,,,,,,,,,,,,,,,,,,,,,,,,,,,,,,,,
5e3231b6f9af8b13f2ff1387,0039,"Mon, 13 Jan 2020 14:10:41 GMT","Mon, 13 Jan 2020 23:55:21 GMT","Mon, 13 Jan 2020 18:13:26 GMT",20.9,2_39_79_379_2020-01-13 14:10:41.235156,0002,CA-327,2-39-79-379,America/Los_Angeles,000001104,250,37.5,150,436,"Mon, 13 Jan 2020 14:10:52 GMT",true,"Mon, 13 Jan 2020 21:26:41 GMT",1104,,,,,,,,,,,,,,,,,,,,,,,,,,,,,,,,,,,,,,,,,,,,,,,,,,,,,,,,,,,,,,,,,,,,,,,,,
5e3231b6f9af8b13f2ff1388,0039,"Mon, 13 Jan 2020 14:47:22 GMT","Mon, 13 Jan 2020 16:19:50 GMT","Mon, 13 Jan 2020 16:19:46 GMT",5.097,2_39_89_25_2020-01-13 14:47:21.928085,0002,CA-315,2-39-89-25,America/Los_Angeles,000000743,400,8,20,50,"Mon, 13 Jan 2020 14:47:53 GMT",true,"Mon, 13 Jan 2020 15:37:22 GMT",743,,,,,,,,,,,,,,,,,,,,,,,,,,,,,,,,,,,,,,,,,,,,,,,,,,,,,,,,,,,,,,,,,,,,,,,,,
5e3231b6f9af8b13f2ff1389,0039,"Mon, 13 Jan 2020 15:08:49 GMT","Tue, 14 Jan 2020 22:12:07 GMT","Mon, 13 Jan 2020 19:50:48 GMT",13.753,2_39_95_27_2020-01-13 15:08:49.156069,0002,CA-319,2-39-95-27,America/Los_Angeles,000004913,400,20,50,720,"Mon, 13 Jan 2020 15:09:31 GMT",true,"Tue, 14 Jan 2020 03:08:49 GMT",4913,,,,,,,,,,,,,,,,,,,,,,,,,,,,,,,,,,,,,,,,,,,,,,,,,,,,,,,,,,,,,,,,,,,,,,,,,
5e3231b6f9af8b13f2ff138a,0039,"Mon, 13 Jan 2020 15:50:09 GMT","Tue, 14 Jan 2020 02:15:09 GMT","Mon, 13 Jan 2020 21:08:37 GMT",7.886,2_39_138_29_2020-01-13 15:49:48.727469,0002,CA-304,2-39-138-29,America/Los_Angeles,000005471,400,8,20,534,"Mon, 13 Jan 2020 15:50:08 GMT",true,"Tue, 14 Jan 2020 00:44:09 GMT",5471,,,,,,,,,,,,,,,,,,,,,,,,,,,,,,,,,,,,,,,,,,,,,,,,,,,,,,,,,,,,,,,,,,,,,,,,,
5e3231b6f9af8b13f2ff138b,0039,"Mon, 13 Jan 2020 16:12:36 GMT","Tue, 14 Jan 2020 01:18:42 GMT","Tue, 14 Jan 2020 00:37:19 GMT",33.701,2_39_79_376_2020-01-13 16:12:35.556842,0002,CA-324,2-39-79-376,America/Los_Angeles,000003853,360,36,100,490,"Mon, 13 Jan 2020 16:13:07 GMT",true,"Tue, 14 Jan 2020 00:22:36 GMT",3853,,,,,,,,,,,,,,,,,,,,,,,,,,,,,,,,,,,,,,,,,,,,,,,,,,,,,,,,,,,,,,,,,,,,,,,,,
5e3231b6f9af8b13f2ff138c,0039,"Mon, 13 Jan 2020 16:21:09 GMT","Tue, 14 Jan 2020 01:26:56 GMT","Tue, 14 Jan 2020 00:59:40 GMT",24.591,2_39_79_381_2020-01-13 16:21:09.500980,0002,CA-490,2-39-79-381,America/Los_Angeles,000001154,400,28,70,466,"Mon, 13 Jan 2020 16:21:55 GMT",true,"Tue, 14 Jan 2020 00:07:09 GMT",1154,,,,,,,,,,,,,,,,,,,,,,,,,,,,,,,,,,,,,,,,,,,,,,,,,,,,,,,,,,,,,,,,,,,,,,,,,
5e3231b6f9af8b13f2ff138d,0039,"Mon, 13 Jan 2020 16:41:22 GMT","Mon, 13 Jan 2020 23:29:41 GMT","Mon, 13 Jan 2020 19:34:45 GMT",5.22,2_39_79_377_2020-01-13 16:41:22.224840,0002,CA-325,2-39-79-377,America/Los_Angeles,000000751,400,8,20,590,"Mon, 13 Jan 2020 16:41:32 GMT",true,"Tue, 14 Jan 2020 02:31:22 GMT",751,,,,,,,,,,,,,,,,,,,,,,,,,,,,,,,,,,,,,,,,,,,,,,,,,,,,,,,,,,,,,,,,,,,,,,,,,
5e3231b6f9af8b13f2ff138e,0039,"Mon, 13 Jan 2020 16:44:19 GMT","Tue, 14 Jan 2020 04:12:38 GMT","Mon, 13 Jan 2020 20:23:06 GMT",8.289,2_39_124_558_2020-01-13 16:44:19.002518,0002,CA-504,2-39-124-558,America/Los_Angeles,000001534,250,10,40,404,"Mon, 13 Jan 2020 16:45:48 GMT",true,"Mon, 13 Jan 2020 23:28:19 GMT",1534,,,,,,,,,,,,,,,,,,,,,,,,,,,,,,,,,,,,,,,,,,,,,,,,,,,,,,,,,,,,,,,,,,,,,,,,,
5e3231b6f9af8b13f2ff138f,0039,"Mon, 13 Jan 2020 16:45:39 GMT","Tue, 14 Jan 2020 01:11:15 GMT","Mon, 13 Jan 2020 23:15:46 GMT",39.885,2_39_90_26_2020-01-13 16:45:39.410359,0002,CA-316,2-39-90-26,America/Los_Angeles,000000273,400,40,100,454,"Mon, 13 Jan 2020 16:46:09 GMT",true,"Tue, 14 Jan 2020 00:19:39 GMT",273,,,,,,,,,,,,,,,,,,,,,,,,,,,,,,,,,,,,,,,,,,,,,,,,,,,,,,,,,,,,,,,,,,,,,,,,,
5e3231b6f9af8b13f2ff1390,0039,"Mon, 13 Jan 2020 16:47:28 GMT","Tue, 14 Jan 2020 01:12:00 GMT","Mon, 13 Jan 2020 20:06:08 GMT",6.119,2_39_79_378_2020-01-13 16:47:28.380862,0002,CA-326,2-39-79-378,America/Los_Angeles,000005368,400,8,20,60,"Mon, 13 Jan 2020 16:56:13 GMT",true,"Mon, 13 Jan 2020 17:47:28 GMT",5368,,,,,,,,,,,,,,,,,,,,,,,,,,,,,,,,,,,,,,,,,,,,,,,,,,,,,,,,,,,,,,,,,,,,,,,,,
5e3231b6f9af8b13f2ff1391,0039,"Mon, 13 Jan 2020 16:47:52 GMT","Tue, 14 Jan 2020 00:26:50 GMT","Tue, 14 Jan 2020 00:27:50 GMT",25.988,2_39_78_362_2020-01-13 16:47:52.309348,0002,CA-496,2-39-78-362,America/Los_Angeles,000001470,292,29.2,100,313,"Mon, 13 Jan 2020 16:48:47 GMT",true,"Mon, 13 Jan 2020 22:00:52 GMT",1470,,,,,,,,,,,,,,,,,,,,,,,,,,,,,,,,,,,,,,,,,,,,,,,,,,,,,,,,,,,,,,,,,,,,,,,,,
5e3231b6f9af8b13f2ff1392,0039,"Mon, 13 Jan 2020 16:49:50 GMT","Mon, 13 Jan 2020 20:57:14 GMT","Mon, 13 Jan 2020 20:54:32 GMT",18.838,2_39_92_436_2020-01-13 16:49:50.299522,0002,CA-318,2-39-92-436,America/Los_Angeles,000001137,400,24,60,226,"Mon, 13 Jan 2020 16:50:14 GMT",true,"Mon, 13 Jan 2020 20:35:50 GMT",1137,,,,,,,,,,,,,,,,,,,,,,,,,,,,,,,,,,,,,,,,,,,,,,,,,,,,,,,,,,,,,,,,,,,,,,,,,
5e3231b6f9af8b13f2ff1393,0039,"Mon, 13 Jan 2020 16:57:09 GMT","Mon, 13 Jan 2020 19:42:04 GMT","Mon, 13 Jan 2020 19:41:59 GMT",3.223,2_39_79_383_2020-01-13 16:57:08.906396,0002,CA-492,2-39-79-383,America/Los_Angeles,,,,,,,,,,,,,,,,,,,,,,,,,,,,,,,,,,,,,,,,,,,,,,,,,,,,,,,,,,,,,,,,,,,,,,,,,,,,,,,,,,
5e3231b6f9af8b13f2ff1394,0039,"Mon, 13 Jan 2020 16:59:45 GMT","Mon, 13 Jan 2020 23:16:02 GMT","Mon, 13 Jan 2020 18:04:34 GMT",2.953,2_39_130_31_2020-01-13 16:59:45.109037,0002,CA-306,2-39-130-31,America/Los_Angeles,000001366,400,8,20,60,"Mon, 13 Jan 2020 17:00:05 GMT",true,"Mon, 13 Jan 2020 17:59:45 GMT",1366,,,,,,,,,,,,,,,,,,,,,,,,,,,,,,,,,,,,,,,,,,,,,,,,,,,,,,,,,,,,,,,,,,,,,,,,,
5e3231b6f9af8b13f2ff1395,0039,"Mon, 13 Jan 2020 17:02:27 GMT","Mon, 13 Jan 2020 18:21:20 GMT","Mon, 13 Jan 2020 18:21:15 GMT",7.215,2_39_127_19_2020-01-13 17:02:27.072412,0002,CA-309,2-39-127-19,America/Los_Angeles,000001938,400,16,40,140,"Mon, 13 Jan 2020 17:02:31 GMT",true,"Mon, 13 Jan 2020 19:22:27 GMT",1938,,400,16,40,140,"Mon, 13 Jan 2020 17:02:55 GMT",true,"Mon, 13 Jan 2020 19:22:27 GMT",1938,400,16,40,140,"Mon, 13 Jan 2020 18:21:17 GMT",true,"Mon, 13 Jan 2020 19:22:27 GMT",1938,,,,,,,,,,,,,,,,,,,,,,,,,,,,,,,,,,,,,,,,,,,,,,,,,,,,,,,,
5e3231b6f9af8b13f2ff1396,0039,"Mon, 13 Jan 2020 17:06:13 GMT","Tue, 14 Jan 2020 00:17:32 GMT","Mon, 13 Jan 2020 22:02:10 GMT",21.277,2_39_92_442_2020-01-13 17:06:13.422989,0002,CA-498,2-39-92-442,America/Los_Angeles,000000564,231,27.72,120,562,"Mon, 13 Jan 2020 17:06:27 GMT",true,"Tue, 14 Jan 2020 02:28:13 GMT",564,,,,,,,,,,,,,,,,,,,,,,,,,,,,,,,,,,,,,,,,,,,,,,,,,,,,,,,,,,,,,,,,,,,,,,,,,
5e3231b6f9af8b13f2ff1397,0039,"Mon, 13 Jan 2020 17:07:39 GMT","Tue, 14 Jan 2020 03:12:45 GMT","Mon, 13 Jan 2020 18:37:02 GMT",4.374,2_39_131_30_2020-01-13 17:07:38.833700,0002,CA-305,2-39-131-30,America/Los_Angeles,000000567,400,8,20,459,"Mon, 13 Jan 2020 17:08:44 GMT",true,"Tue, 14 Jan 2020 00:46:39 GMT",567,,,,,,,,,,,,,,,,,,,,,,,,,,,,,,,,,,,,,,,,,,,,,,,,,,,,,,,,,,,,,,,,,,,,,,,,,
5e3231b6f9af8b13f2ff1398,0039,"Mon, 13 Jan 2020 17:12:27 GMT","Mon, 13 Jan 2020 20:45:57 GMT","Mon, 13 Jan 2020 20:45:53 GMT",22.131,2_39_78_365_2020-01-13 17:12:27.297864,0002,CA-321,2-39-78-365,America/Los_Angeles,000000022,400,84,210,539,"Mon, 13 Jan 2020 17:13:54 GMT",true,"Tue, 14 Jan 2020 02:11:27 GMT",22,,,,,,,,,,,,,,,,,,,,,,,,,,,,,,,,,,,,,,,,,,,,,,,,,,,,,,,,,,,,,,,,,,,,,,,,,
5e3231b6f9af8b13f2ff1399,0039,"Mon, 13 Jan 2020 17:13:33 GMT","Tue, 14 Jan 2020 03:13:03 GMT","Mon, 13 Jan 2020 22:42:39 GMT",11.893,2_39_79_380_2020-01-13 17:13:32.897293,0002,CA-489,2-39-79-380,America/Los_Angeles,000003977,600,12,20,168,"Mon, 13 Jan 2020 17:15:03 GMT",true,"Mon, 13 Jan 2020 20:01:33 GMT",3977,,,,,,,,,,,,,,,,,,,,,,,,,,,,,,,,,,,,,,,,,,,,,,,,,,,,,,,,,,,,,,,,,,,,,,,,,
5e3231b6f9af8b13f2ff139a,0039,"Mon, 13 Jan 2020 17:14:53 GMT","Tue, 14 Jan 2020 02:10:42 GMT","Mon, 13 Jan 2020 18:20:34 GMT",6.915,2_39_91_437_2020-01-13 17:14:53.229403,0002,CA-317,2-39-91-437,America/Los_Angeles,000000714,400,24,60,361,"Mon, 13 Jan 2020 17:15:22 GMT",true,"Mon, 13 Jan 2020 23:15:53 GMT",714,,,,,,,,,,,,,,,,,,,,,,,,,,,,,,,,,,,,,,,,,,,,,,,,,,,,,,,,,,,,,,,,,,,,,,,,,
5e3231b6f9af8b13f2ff139b,0039,"Mon, 13 Jan 2020 17:22:56 GMT","Mon, 13 Jan 2020 20:27:06 GMT","Mon, 13 Jan 2020 19:33:38 GMT",13.246,2_39_125_21_2020-01-13 17:22:55.679806,0002,CA-311,2-39-125-21,America/Los_Angeles,000001912,400,20,50,362,"Mon, 13 Jan 2020 17:23:12 GMT",true,"Mon, 13 Jan 2020 23:24:56 GMT",1912,,,,,,,,,,,,,,,,,,,,,,,,,,,,,,,,,,,,,,,,,,,,,,,,,,,,,,,,,,,,,,,,,,,,,,,,,
5e3231b6f9af8b13f2ff139c,0039,"Mon, 13 Jan 2020 17:24:26 GMT","Tue, 14 Jan 2020 01:28:13 GMT","Tue, 14 Jan 2020 01:11:27 GMT",0.918,2_39_78_364_2020-01-13 17:24:26.198237,0002,CA-495,2-39-78-364,America/Los_Angeles,,,,,,,,,,,,,,,,,,,,,,,,,,,,,,,,,,,,,,,,,,,,,,,,,,,,,,,,,,,,,,,,,,,,,,,,,,,,,,,,,,
5e3231b6f9af8b13f2ff139d,0039,"Mon, 13 Jan 2020 17:30:20 GMT","Mon, 13 Jan 2020 20:38:01 GMT","Mon, 13 Jan 2020 19:04:57 GMT",4.816,2_39_123_23_2020-01-13 17:30:20.307508,0002,CA-313,2-39-123-23,America/Los_Angeles,000000562,325,6.5,20,172,"Mon, 13 Jan 2020 17:31:29 GMT",true,"Mon, 13 Jan 2020 20:22:20 GMT",562,,,,,,,,,,,,,,,,,,,,,,,,,,,,,,,,,,,,,,,,,,,,,,,,,,,,,,,,,,,,,,,,,,,,,,,,,
5e3231b6f9af8b13f2ff139e,0039,"Mon, 13 Jan 2020 17:34:34 GMT","Tue, 14 Jan 2020 01:44:08 GMT","Tue, 14 Jan 2020 01:44:03 GMT",14.973,2_39_79_382_2020-01-13 17:34:34.281043,0002,CA-491,2-39-79-382,America/Los_Angeles,000002149,250,20,80,457,"Mon, 13 Jan 2020 17:38:31 GMT",true,"Tue, 14 Jan 2020 01:11:34 GMT",2149,,,,,,,,,,,,,,,,,,,,,,,,,,,,,,,,,,,,,,,,,,,,,,,,,,,,,,,,,,,,,,,,,,,,,,,,,
5e3231b6f9af8b13f2ff139f,0039,"Mon, 13 Jan 2020 17:47:39 GMT","Mon, 13 Jan 2020 18:16:52 GMT","Mon, 13 Jan 2020 18:16:46 GMT",0.782,2_39_126_20_2020-01-13 17:47:38.593981,0002,CA-310,2-39-126-20,America/Los_Angeles,,,,,,,,,,,,,,,,,,,,,,,,,,,,,,,,,,,,,,,,,,,,,,,,,,,,,,,,,,,,,,,,,,,,,,,,,,,,,,,,,,
5e3231b6f9af8b13f2ff13a0,0039,"Mon, 13 Jan 2020 17:49:41 GMT","Tue, 14 Jan 2020 01:12:37 GMT","Mon, 13 Jan 2020 22:04:58 GMT",13.673,2_39_89_25_2020-01-13 17:49:41.334141,0002,CA-315,2-39-89-25,America/Los_Angeles,000000677,325,19.5,60,366,"Mon, 13 Jan 2020 17:49:51 GMT",true,"Mon, 13 Jan 2020 23:55:41 GMT",677,,,,,,,,,,,,,,,,,,,,,,,,,,,,,,,,,,,,,,,,,,,,,,,,,,,,,,,,,,,,,,,,,,,,,,,,,
5e3231b6f9af8b13f2ff13a1,0039,"Mon, 13 Jan 2020 17:53:53 GMT","Tue, 14 Jan 2020 01:26:40 GMT","Mon, 13 Jan 2020 21:00:55 GMT",4.88,2_39_90_440_2020-01-13 17:53:53.033495,0002,CA-500,2-39-90-440,America/Los_Angeles,000000743,400,8,20,382,"Mon, 13 Jan 2020 17:54:17 GMT",true,"Tue, 14 Jan 2020 00:15:53 GMT",743,,,,,,,,,,,,,,,,,,,,,,,,,,,,,,,,,,,,,,,,,,,,,,,,,,,,,,,,,,,,,,,,,,,,,,,,,
5e3231b6f9af8b13f2ff13a2,0039,"Mon, 13 Jan 2020 17:58:39 GMT","Tue, 14 Jan 2020 03:11:55 GMT","Mon, 13 Jan 2020 20:30:33 GMT",15.546,2_39_88_438_2020-01-13 17:58:38.876197,0002,CA-502,2-39-88-438,America/Los_Angeles,000000558,400,36,90,60,"Mon, 13 Jan 2020 17:58:51 GMT",true,"Mon, 13 Jan 2020 18:58:39 GMT",558,,,,,,,,,,,,,,,,,,,,,,,,,,,,,,,,,,,,,,,,,,,,,,,,,,,,,,,,,,,,,,,,,,,,,,,,,
5e3231b6f9af8b13f2ff13a3,0039,"Mon, 13 Jan 2020 18:11:37 GMT","Tue, 14 Jan 2020 01:54:02 GMT","Mon, 13 Jan 2020 22:00:17 GMT",12.124,2_39_95_444_2020-01-13 18:11:37.109301,0002,CA-497,2-39-95-444,America/Los_Angeles,000001095,400,16,40,444,"Mon, 13 Jan 2020 18:11:42 GMT",true,"Tue, 14 Jan 2020 01:35:37 GMT",1095,,,,,,,,,,,,,,,,,,,,,,,,,,,,,,,,,,,,,,,,,,,,,,,,,,,,,,,,,,,,,,,,,,,,,,,,,
5e3231b6f9af8b13f2ff13a4,0039,"Mon, 13 Jan 2020 18:12:58 GMT","Tue, 14 Jan 2020 02:37:51 GMT","Tue, 14 Jan 2020 01:49:38 GMT",47.727,2_39_91_441_2020-01-13 18:12:50.500061,0002,CA-499,2-39-91-441,America/Los_Angeles,000002743,240,60,250,576,"Mon, 13 Jan 2020 18:12:58 GMT",true,"Tue, 14 Jan 2020 03:48:58 GMT",2743,,,,,,,,,,,,,,,,,,,,,,,,,,,,,,,,,,,,,,,,,,,,,,,,,,,,,,,,,,,,,,,,,,,,,,,,,
5e3231b6f9af8b13f2ff13a5,0039,"Mon, 13 Jan 2020 18:17:49 GMT","Mon, 13 Jan 2020 20:01:50 GMT","Mon, 13 Jan 2020 19:07:42 GMT",0.84,2_39_88_24_2020-01-13 18:17:48.713348,0002,CA-314,2-39-88-24,America/Los_Angeles,,,,,,,,,,,,,,,,,,,,,,,,,,,,,,,,,,,,,,,,,,,,,,,,,,,,,,,,,,,,,,,,,,,,,,,,,,,,,,,,,,
5e3231b6f9af8b13f2ff13a6,0039,"Mon, 13 Jan 2020 18:22:27 GMT","Tue, 14 Jan 2020 01:23:57 GMT","Mon, 13 Jan 2020 22:26:53 GMT",5.956,2_39_124_22_2020-01-13 18:22:26.618933,0002,CA-312,2-39-124-22,America/Los_Angeles,000002170,400,8,20,183,"Mon, 13 Jan 2020 18:22:39 GMT",true,"Mon, 13 Jan 2020 21:25:27 GMT",2170,,,,,,,,,,,,,,,,,,,,,,,,,,,,,,,,,,,,,,,,,,,,,,,,,,,,,,,,,,,,,,,,,,,,,,,,,
5e3231b6f9af8b13f2ff13a7,0039,"Mon, 13 Jan 2020 18:38:09 GMT","Tue, 14 Jan 2020 02:47:33 GMT","Mon, 13 Jan 2020 20:29:12 GMT",11.161,2_39_127_19_2020-01-13 18:38:08.833162,0002,CA-309,2-39-127-19,America/Los_Angeles,000000069,400,40,100,363,"Mon, 13 Jan 2020 18:38:22 GMT",true,"Tue, 14 Jan 2020 00:41:09 GMT",69,,400,40,100,363,"Tue, 14 Jan 2020 02:47:27 GMT",true,"Tue, 14 Jan 2020 00:41:09 GMT",69,,,,,,,,,,,,,,,,,,,,,,,,,,,,,,,,,,,,,,,,,,,,,,,,,,,,,,,,,,,,,,,,
5e3231b6f9af8b13f2ff13a8,0039,"Mon, 13 Jan 2020 19:26:13 GMT","Mon, 13 Jan 2020 22:52:33 GMT","Mon, 13 Jan 2020 22:31:55 GMT",4.429,2_39_78_366_2020-01-13 19:26:13.250677,0002,CA-323,2-39-78-366,America/Los_Angeles,000002291,400,8,20,408,"Mon, 13 Jan 2020 19:32:03 GMT",true,"Tue, 14 Jan 2020 02:14:13 GMT",2291,,,,,,,,,,,,,,,,,,,,,,,,,,,,,,,,,,,,,,,,,,,,,,,,,,,,,,,,,,,,,,,,,,,,,,,,,
5e3231b6f9af8b13f2ff13a9,0039,"Mon, 13 Jan 2020 20:23:14 GMT","Tue, 14 Jan 2020 01:18:44 GMT","Mon, 13 Jan 2020 22:09:50 GMT",4.411,2_39_79_383_2020-01-13 20:23:14.430818,0002,CA-492,2-39-79-383,America/Los_Angeles,000003389,400,8,20,190,"Mon, 13 Jan 2020 20:23:36 GMT",true,"Mon, 13 Jan 2020 23:33:14 GMT",3389,,,,,,,,,,,,,,,,,,,,,,,,,,,,,,,,,,,,,,,,,,,,,,,,,,,,,,,,,,,,,,,,,,,,,,,,,
5e3231b6f9af8b13f2ff13aa,0039,"Mon, 13 Jan 2020 20:42:58 GMT","Tue, 14 Jan 2020 01:50:00 GMT","Mon, 13 Jan 2020 21:34:46 GMT",2.186,2_39_123_23_2020-01-13 20:42:57.625646,0002,CA-313,2-39-123-23,America/Los_Angeles,000000891,400,8,20,215,"Mon, 13 Jan 2020 20:43:01 GMT",true,"Tue, 14 Jan 2020 00:17:58 GMT",891,,,,,,,,,,,,,,,,,,,,,,,,,,,,,,,,,,,,,,,,,,,,,,,,,,,,,,,,,,,,,,,,,,,,,,,,,
5e3231b6f9af8b13f2ff13ab,0039,"Mon, 13 Jan 2020 20:43:00 GMT","Tue, 14 Jan 2020 03:32:47 GMT","Mon, 13 Jan 2020 22:51:24 GMT",6.945,2_39_78_363_2020-01-13 20:43:00.222217,0002,CA-320,2-39-78-363,America/Los_Angeles,000001124,400,8,20,60,"Mon, 13 Jan 2020 20:43:22 GMT",true,"Mon, 13 Jan 2020 21:43:00 GMT",1124,,,,,,,,,,,,,,,,,,,,,,,,,,,,,,,,,,,,,,,,,,,,,,,,,,,,,,,,,,,,,,,,,,,,,,,,,
5e3231b6f9af8b13f2ff13ac,0039,"Mon, 13 Jan 2020 20:51:37 GMT","Tue, 14 Jan 2020 02:02:37 GMT","Tue, 14 Jan 2020 00:39:31 GMT",25.851,2_39_126_20_2020-01-13 20:51:37.164904,0002,CA-310,2-39-126-20,America/Los_Angeles,000000022,400,84,210,556,"Mon, 13 Jan 2020 20:51:46 GMT",true,"Tue, 14 Jan 2020 06:07:37 GMT",22,,,,,,,,,,,,,,,,,,,,,,,,,,,,,,,,,,,,,,,,,,,,,,,,,,,,,,,,,,,,,,,,,,,,,,,,,
5e3231b6f9af8b13f2ff13ad,0039,"Mon, 13 Jan 2020 20:53:57 GMT","Tue, 14 Jan 2020 01:50:10 GMT","Mon, 13 Jan 2020 23:28:21 GMT",8.661,2_39_125_21_2020-01-13 20:53:43.885574,0002,CA-311,2-39-125-21,America/Los_Angeles,000004947,380,11.4,30,281,"Mon, 13 Jan 2020 20:53:57 GMT",true,"Tue, 14 Jan 2020 01:34:57 GMT",4947,,,,,,,,,,,,,,,,,,,,,,,,,,,,,,,,,,,,,,,,,,,,,,,,,,,,,,,,,,,,,,,,,,,,,,,,,
5e3231b6f9af8b13f2ff13ae,0039,"Mon, 13 Jan 2020 20:56:47 GMT","Tue, 14 Jan 2020 02:19:06 GMT","Mon, 13 Jan 2020 22:42:51 GMT",0.912,2_39_78_367_2020-01-13 20:56:46.934073,0002,CA-494,2-39-78-367,America/Los_Angeles,,,,,,,,,,,,,,,,,,,,,,,,,,,,,,,,,,,,,,,,,,,,,,,,,,,,,,,,,,,,,,,,,,,,,,,,,,,,,,,,,,
5e3231b6f9af8b13f2ff13af,0039,"Mon, 13 Jan 2020 21:15:30 GMT","Tue, 14 Jan 2020 02:42:11 GMT","Mon, 13 Jan 2020 21:49:35 GMT",1.007,2_39_92_436_2020-01-13 21:15:30.359462,0002,CA-318,2-39-92-436,America/Los_Angeles,000000562,325,3.25,10,257,"Mon, 13 Jan 2020 21:16:12 GMT",true,"Tue, 14 Jan 2020 01:32:30 GMT",562,,,,,,,,,,,,,,,,,,,,,,,,,,,,,,,,,,,,,,,,,,,,,,,,,,,,,,,,,,,,,,,,,,,,,,,,,
5e3231b6f9af8b13f2ff13b0,0039,"Mon, 13 Jan 2020 23:40:26 GMT","Tue, 14 Jan 2020 00:57:13 GMT","Tue, 14 Jan 2020 00:57:08 GMT",7.668,2_39_128_18_2020-01-13 23:40:25.690185,0002,CA-308,2-39-128-18,America/Los_Angeles,000002290,600,12,20,428,"Mon, 13 Jan 2020 23:42:39 GMT",true,"Tue, 14 Jan 2020 06:48:26 GMT",2290,,,,,,,,,,,,,,,,,,,,,,,,,,,,,,,,,,,,,,,,,,,,,,,,,,,,,,,,,,,,,,,,,,,,,,,,,
5e3231b6f9af8b13f2ff13b1,0039,"Tue, 14 Jan 2020 01:01:13 GMT","Tue, 14 Jan 2020 01:37:21 GMT","Tue, 14 Jan 2020 01:37:16 GMT",0.995,2_39_79_379_2020-01-14 01:01:13.446241,0002,CA-327,2-39-79-379,America/Los_Angeles,,,,,,,,,,,,,,,,,,,,,,,,,,,,,,,,,,,,,,,,,,,,,,,,,,,,,,,,,,,,,,,,,,,,,,,,,,,,,,,,,,
5e3231b6f9af8b13f2ff13b2,0039,"Tue, 14 Jan 2020 02:42:39 GMT","Tue, 14 Jan 2020 03:01:03 GMT","Tue, 14 Jan 2020 03:00:58 GMT",0.571,2_39_129_17_2020-01-14 02:42:39.192967,0002,CA-307,2-39-129-17,America/Los_Angeles,,,,,,,,,,,,,,,,,,,,,,,,,,,,,,,,,,,,,,,,,,,,,,,,,,,,,,,,,,,,,,,,,,,,,,,,,,,,,,,,,,
5e338337f9af8b381fd75ba7,0039,"Tue, 14 Jan 2020 15:18:31 GMT","Wed, 15 Jan 2020 02:03:44 GMT","Tue, 14 Jan 2020 19:23:33 GMT",21.662,2_39_79_379_2020-01-14 15:18:30.984173,0002,CA-327,2-39-79-379,America/Los_Angeles,000001104,250,37.5,150,436,"Tue, 14 Jan 2020 15:18:46 GMT",true,"Tue, 14 Jan 2020 22:34:31 GMT",1104,,,,,,,,,,,,,,,,,,,,,,,,,,,,,,,,,,,,,,,,,,,,,,,,,,,,,,,,,,,,,,,,,,,,,,,,,
5e338337f9af8b381fd75ba8,0039,"Tue, 14 Jan 2020 15:42:29 GMT","Wed, 15 Jan 2020 00:11:33 GMT","Tue, 14 Jan 2020 17:24:24 GMT",4.956,2_39_139_28_2020-01-14 15:42:29.065600,0002,CA-303,2-39-139-28,America/Los_Angeles,000001564,300,12,40,185,"Tue, 14 Jan 2020 15:42:42 GMT",true,"Tue, 14 Jan 2020 18:47:29 GMT",1564,,,,,,,,,,,,,,,,,,,,,,,,,,,,,,,,,,,,,,,,,,,,,,,,,,,,,,,,,,,,,,,,,,,,,,,,,
5e338337f9af8b381fd75ba9,0039,"Tue, 14 Jan 2020 16:04:50 GMT","Tue, 14 Jan 2020 17:18:43 GMT","Tue, 14 Jan 2020 16:35:42 GMT",0.826,2_39_79_380_2020-01-14 16:04:50.198233,0002,CA-489,2-39-79-380,America/Los_Angeles,,,,,,,,,,,,,,,,,,,,,,,,,,,,,,,,,,,,,,,,,,,,,,,,,,,,,,,,,,,,,,,,,,,,,,,,,,,,,,,,,,
5e338337f9af8b381fd75baa,0039,"Tue, 14 Jan 2020 16:12:27 GMT","Tue, 14 Jan 2020 21:30:20 GMT","Tue, 14 Jan 2020 20:31:40 GMT",11.789,2_39_79_377_2020-01-14 16:12:16.937487,0002,CA-325,2-39-79-377,America/Los_Angeles,000002461,400,12,30,273,"Tue, 14 Jan 2020 16:12:26 GMT",true,"Tue, 14 Jan 2020 20:45:27 GMT",2461,,,,,,,,,,,,,,,,,,,,,,,,,,,,,,,,,,,,,,,,,,,,,,,,,,,,,,,,,,,,,,,,,,,,,,,,,
5e338337f9af8b381fd75bab,0039,"Tue, 14 Jan 2020 16:13:43 GMT","Tue, 14 Jan 2020 22:04:17 GMT","Tue, 14 Jan 2020 22:03:47 GMT",0.853,2_39_78_366_2020-01-14 16:13:43.026367,0002,CA-323,2-39-78-366,America/Los_Angeles,,,,,,,,,,,,,,,,,,,,,,,,,,,,,,,,,,,,,,,,,,,,,,,,,,,,,,,,,,,,,,,,,,,,,,,,,,,,,,,,,,
5e338337f9af8b381fd75bac,0039,"Tue, 14 Jan 2020 16:16:15 GMT","Wed, 15 Jan 2020 01:14:15 GMT","Wed, 15 Jan 2020 01:14:03 GMT",5.686,2_39_78_364_2020-01-14 16:16:15.068078,0002,CA-495,2-39-78-364,America/Los_Angeles,000003449,276,38.64,140,261,"Tue, 14 Jan 2020 18:40:54 GMT",true,"Tue, 14 Jan 2020 20:37:15 GMT",3449,,,,,,,,,,,,,,,,,,,,,,,,,,,,,,,,,,,,,,,,,,,,,,,,,,,,,,,,,,,,,,,,,,,,,,,,,
5e338337f9af8b381fd75bad,0039,"Tue, 14 Jan 2020 16:33:14 GMT","Wed, 15 Jan 2020 01:06:43 GMT","Wed, 15 Jan 2020 00:48:49 GMT",7.909,2_39_78_365_2020-01-14 16:33:14.448206,0002,CA-321,2-39-78-365,America/Los_Angeles,000000751,400,8,20,590,"Tue, 14 Jan 2020 16:34:28 GMT",true,"Wed, 15 Jan 2020 02:23:14 GMT",751,,,,,,,,,,,,,,,,,,,,,,,,,,,,,,,,,,,,,,,,,,,,,,,,,,,,,,,,,,,,,,,,,,,,,,,,,
5e338337f9af8b381fd75bae,0039,"Tue, 14 Jan 2020 16:46:15 GMT","Wed, 15 Jan 2020 00:36:07 GMT","Wed, 15 Jan 2020 00:35:41 GMT",10.421,2_39_78_367_2020-01-14 16:46:14.913566,0002,CA-494,2-39-78-367,America/Los_Angeles,000001470,292,11.68,40,313,"Tue, 14 Jan 2020 16:46:24 GMT",true,"Tue, 14 Jan 2020 21:59:15 GMT",1470,,,,,,,,,,,,,,,,,,,,,,,,,,,,,,,,,,,,,,,,,,,,,,,,,,,,,,,,,,,,,,,,,,,,,,,,,
5e338337f9af8b381fd75baf,0039,"Tue, 14 Jan 2020 16:46:57 GMT","Wed, 15 Jan 2020 02:29:59 GMT","Tue, 14 Jan 2020 18:45:10 GMT",6.035,2_39_90_440_2020-01-14 16:46:57.407896,0002,CA-500,2-39-90-440,America/Los_Angeles,000001534,250,10,40,404,"Tue, 14 Jan 2020 16:47:08 GMT",true,"Tue, 14 Jan 2020 23:30:57 GMT",1534,,,,,,,,,,,,,,,,,,,,,,,,,,,,,,,,,,,,,,,,,,,,,,,,,,,,,,,,,,,,,,,,,,,,,,,,,
5e338337f9af8b381fd75bb0,0039,"Tue, 14 Jan 2020 16:48:08 GMT","Wed, 15 Jan 2020 02:51:38 GMT","Wed, 15 Jan 2020 02:52:37 GMT",1.022,2_39_79_381_2020-01-14 16:48:07.932007,0002,CA-490,2-39-79-381,America/Los_Angeles,,,,,,,,,,,,,,,,,,,,,,,,,,,,,,,,,,,,,,,,,,,,,,,,,,,,,,,,,,,,,,,,,,,,,,,,,,,,,,,,,,
5e338337f9af8b381fd75bb1,0039,"Tue, 14 Jan 2020 16:50:47 GMT","Tue, 14 Jan 2020 20:08:12 GMT","Tue, 14 Jan 2020 18:46:53 GMT",5.827,2_39_91_437_2020-01-14 16:50:46.879437,0002,CA-317,2-39-91-437,America/Los_Angeles,000001222,400,8,20,72,"Tue, 14 Jan 2020 16:51:21 GMT",true,"Tue, 14 Jan 2020 18:02:47 GMT",1222,,,,,,,,,,,,,,,,,,,,,,,,,,,,,,,,,,,,,,,,,,,,,,,,,,,,,,,,,,,,,,,,,,,,,,,,,
5e338337f9af8b381fd75bb2,0039,"Tue, 14 Jan 2020 16:52:03 GMT","Wed, 15 Jan 2020 01:42:28 GMT","Tue, 14 Jan 2020 18:51:30 GMT",6.086,2_39_79_376_2020-01-14 16:52:02.702407,0002,CA-324,2-39-79-376,America/Los_Angeles,000005368,400,8,20,60,"Tue, 14 Jan 2020 16:57:07 GMT",true,"Tue, 14 Jan 2020 17:52:03 GMT",5368,,,,,,,,,,,,,,,,,,,,,,,,,,,,,,,,,,,,,,,,,,,,,,,,,,,,,,,,,,,,,,,,,,,,,,,,,
5e338337f9af8b381fd75bb3,0039,"Tue, 14 Jan 2020 17:08:58 GMT","Wed, 15 Jan 2020 02:48:55 GMT","Tue, 14 Jan 2020 18:21:04 GMT",3.912,2_39_127_19_2020-01-14 17:08:57.914964,0002,CA-309,2-39-127-19,America/Los_Angeles,000000567,400,8,20,459,"Tue, 14 Jan 2020 17:09:25 GMT",true,"Wed, 15 Jan 2020 00:47:58 GMT",567,,,,,,,,,,,,,,,,,,,,,,,,,,,,,,,,,,,,,,,,,,,,,,,,,,,,,,,,,,,,,,,,,,,,,,,,,
5e338337f9af8b381fd75bb4,0039,"Tue, 14 Jan 2020 17:11:58 GMT","Wed, 15 Jan 2020 01:52:17 GMT","Tue, 14 Jan 2020 20:52:07 GMT",21.892,2_39_89_25_2020-01-14 17:11:58.288224,0002,CA-315,2-39-89-25,America/Los_Angeles,000000431,400,32,80,112,"Tue, 14 Jan 2020 17:12:25 GMT",true,"Tue, 14 Jan 2020 19:03:58 GMT",431,,,,,,,,,,,,,,,,,,,,,,,,,,,,,,,,,,,,,,,,,,,,,,,,,,,,,,,,,,,,,,,,,,,,,,,,,
5e338337f9af8b381fd75bb5,0039,"Tue, 14 Jan 2020 17:12:54 GMT","Wed, 15 Jan 2020 02:40:30 GMT","Tue, 14 Jan 2020 19:40:24 GMT",14.106,2_39_79_383_2020-01-14 17:12:53.948416,0002,CA-492,2-39-79-383,America/Los_Angeles,000002961,400,40,100,60,"Tue, 14 Jan 2020 17:14:07 GMT",true,"Tue, 14 Jan 2020 18:12:54 GMT",2961,,,,,,,,,,,,,,,,,,,,,,,,,,,,,,,,,,,,,,,,,,,,,,,,,,,,,,,,,,,,,,,,,,,,,,,,,
5e338337f9af8b381fd75bb6,0039,"Tue, 14 Jan 2020 17:13:41 GMT","Wed, 15 Jan 2020 02:15:12 GMT","Tue, 14 Jan 2020 20:15:28 GMT",9.271,2_39_129_17_2020-01-14 17:13:40.832865,0002,CA-307,2-39-129-17,America/Los_Angeles,000000712,400,12,30,351,"Tue, 14 Jan 2020 17:23:21 GMT",true,"Tue, 14 Jan 2020 23:04:41 GMT",712,,,,,,,,,,,,,,,,,,,,,,,,,,,,,,,,,,,,,,,,,,,,,,,,,,,,,,,,,,,,,,,,,,,,,,,,,
5e338337f9af8b381fd75bb7,0039,"Tue, 14 Jan 2020 17:21:18 GMT","Tue, 14 Jan 2020 18:38:30 GMT","Tue, 14 Jan 2020 18:38:26 GMT",7.196,2_39_78_363_2020-01-14 17:21:14.825122,0002,CA-320,2-39-78-363,America/Los_Angeles,000003856,400,40,100,118,"Tue, 14 Jan 2020 17:21:18 GMT",true,"Tue, 14 Jan 2020 19:19:18 GMT",3856,,,,,,,,,,,,,,,,,,,,,,,,,,,,,,,,,,,,,,,,,,,,,,,,,,,,,,,,,,,,,,,,,,,,,,,,,
5e338337f9af8b381fd75bb8,0039,"Tue, 14 Jan 2020 17:25:10 GMT","Wed, 15 Jan 2020 01:01:58 GMT","Tue, 14 Jan 2020 18:52:38 GMT",4.197,2_39_91_441_2020-01-14 17:25:09.751477,0002,CA-499,2-39-91-441,America/Los_Angeles,000000743,400,8,20,382,"Tue, 14 Jan 2020 17:25:21 GMT",true,"Tue, 14 Jan 2020 23:47:10 GMT",743,,,,,,,,,,,,,,,,,,,,,,,,,,,,,,,,,,,,,,,,,,,,,,,,,,,,,,,,,,,,,,,,,,,,,,,,,
5e338337f9af8b381fd75bb9,0039,"Tue, 14 Jan 2020 17:38:56 GMT","Wed, 15 Jan 2020 02:56:08 GMT","Tue, 14 Jan 2020 20:26:38 GMT",16.914,2_39_78_360_2020-01-14 17:38:56.229672,0002,CA-322,2-39-78-360,America/Los_Angeles,000000714,400,24,60,361,"Tue, 14 Jan 2020 17:39:10 GMT",true,"Tue, 14 Jan 2020 23:39:56 GMT",714,,,,,,,,,,,,,,,,,,,,,,,,,,,,,,,,,,,,,,,,,,,,,,,,,,,,,,,,,,,,,,,,,,,,,,,,,
5e338337f9af8b381fd75bba,0039,"Tue, 14 Jan 2020 17:58:04 GMT","Wed, 15 Jan 2020 03:13:15 GMT","Tue, 14 Jan 2020 19:55:41 GMT",11.77,2_39_92_436_2020-01-14 17:58:03.902726,0002,CA-318,2-39-92-436,America/Los_Angeles,000000558,400,28,70,60,"Tue, 14 Jan 2020 17:58:07 GMT",true,"Tue, 14 Jan 2020 18:58:04 GMT",558,,,,,,,,,,,,,,,,,,,,,,,,,,,,,,,,,,,,,,,,,,,,,,,,,,,,,,,,,,,,,,,,,,,,,,,,,
5e338337f9af8b381fd75bbb,0039,"Tue, 14 Jan 2020 18:03:05 GMT","Wed, 15 Jan 2020 01:32:39 GMT","Wed, 15 Jan 2020 01:10:58 GMT",0.808,2_39_90_26_2020-01-14 18:03:05.109638,0002,CA-316,2-39-90-26,America/Los_Angeles,,,,,,,,,,,,,,,,,,,,,,,,,,,,,,,,,,,,,,,,,,,,,,,,,,,,,,,,,,,,,,,,,,,,,,,,,,,,,,,,,,
5e338337f9af8b381fd75bbc,0039,"Tue, 14 Jan 2020 18:03:29 GMT","Tue, 14 Jan 2020 21:47:51 GMT","Tue, 14 Jan 2020 19:51:47 GMT",11.504,2_39_92_442_2020-01-14 18:03:29.304566,0002,CA-498,2-39-92-442,America/Los_Angeles,000001087,400,28,70,252,"Tue, 14 Jan 2020 18:03:40 GMT",true,"Tue, 14 Jan 2020 22:15:29 GMT",1087,,,,,,,,,,,,,,,,,,,,,,,,,,,,,,,,,,,,,,,,,,,,,,,,,,,,,,,,,,,,,,,,,,,,,,,,,
5e338337f9af8b381fd75bbd,0039,"Tue, 14 Jan 2020 18:04:24 GMT","Wed, 15 Jan 2020 01:38:58 GMT","Tue, 14 Jan 2020 22:40:58 GMT",5.78,2_39_123_23_2020-01-14 18:04:24.211925,0002,CA-313,2-39-123-23,America/Los_Angeles,000002170,400,8,20,183,"Tue, 14 Jan 2020 18:04:31 GMT",true,"Tue, 14 Jan 2020 21:07:24 GMT",2170,,400,8,20,183,"Tue, 14 Jan 2020 18:04:44 GMT",true,"Tue, 14 Jan 2020 21:07:24 GMT",2170,,,,,,,,,,,,,,,,,,,,,,,,,,,,,,,,,,,,,,,,,,,,,,,,,,,,,,,,,,,,,,,,
5e338337f9af8b381fd75bbe,0039,"Tue, 14 Jan 2020 18:20:54 GMT","Tue, 14 Jan 2020 20:47:30 GMT","Tue, 14 Jan 2020 20:47:25 GMT",8.355,2_39_128_18_2020-01-14 18:20:54.228524,0002,CA-308,2-39-128-18,America/Los_Angeles,000000668,425,8.5,20,455,"Tue, 14 Jan 2020 18:21:21 GMT",true,"Wed, 15 Jan 2020 01:55:54 GMT",668,,,,,,,,,,,,,,,,,,,,,,,,,,,,,,,,,,,,,,,,,,,,,,,,,,,,,,,,,,,,,,,,,,,,,,,,,
5e338337f9af8b381fd75bbf,0039,"Tue, 14 Jan 2020 18:21:57 GMT","Tue, 14 Jan 2020 20:23:35 GMT","Tue, 14 Jan 2020 19:00:02 GMT",2.095,2_39_88_438_2020-01-14 18:21:57.448874,0002,CA-502,2-39-88-438,America/Los_Angeles,000003447,375,15,40,219,"Tue, 14 Jan 2020 18:23:12 GMT",true,"Tue, 14 Jan 2020 22:00:57 GMT",3447,,,,,,,,,,,,,,,,,,,,,,,,,,,,,,,,,,,,,,,,,,,,,,,,,,,,,,,,,,,,,,,,,,,,,,,,,
5e338337f9af8b381fd75bc0,0039,"Tue, 14 Jan 2020 18:23:07 GMT","Tue, 14 Jan 2020 20:09:46 GMT","Tue, 14 Jan 2020 20:09:42 GMT",5.502,2_39_88_24_2020-01-14 18:22:55.099175,0002,CA-314,2-39-88-24,America/Los_Angeles,000000562,325,6.5,20,205,"Tue, 14 Jan 2020 18:23:06 GMT",true,"Tue, 14 Jan 2020 21:48:07 GMT",562,,325,13,40,408,"Tue, 14 Jan 2020 18:40:10 GMT",true,"Wed, 15 Jan 2020 01:11:07 GMT",562,,,,,,,,,,,,,,,,,,,,,,,,,,,,,,,,,,,,,,,,,,,,,,,,,,,,,,,,,,,,,,,,
5e338337f9af8b381fd75bc1,0039,"Tue, 14 Jan 2020 18:44:31 GMT","Wed, 15 Jan 2020 03:14:31 GMT","Tue, 14 Jan 2020 21:37:03 GMT",12.961,2_39_130_31_2020-01-14 18:44:30.931641,0002,CA-306,2-39-130-31,America/Los_Angeles,000000958,200,20,100,570,"Tue, 14 Jan 2020 18:44:35 GMT",true,"Wed, 15 Jan 2020 04:14:31 GMT",958,,,,,,,,,,,,,,,,,,,,,,,,,,,,,,,,,,,,,,,,,,,,,,,,,,,,,,,,,,,,,,,,,,,,,,,,,
5e338337f9af8b381fd75bc2,0039,"Tue, 14 Jan 2020 18:45:24 GMT","Wed, 15 Jan 2020 01:10:57 GMT","Tue, 14 Jan 2020 19:35:03 GMT",1.649,2_39_126_20_2020-01-14 18:45:24.034510,0002,CA-310,2-39-126-20,America/Los_Angeles,000001366,400,8,20,60,"Tue, 14 Jan 2020 18:46:09 GMT",true,"Tue, 14 Jan 2020 19:45:24 GMT",1366,,,,,,,,,,,,,,,,,,,,,,,,,,,,,,,,,,,,,,,,,,,,,,,,,,,,,,,,,,,,,,,,,,,,,,,,,
5e338337f9af8b381fd75bc3,0039,"Tue, 14 Jan 2020 18:45:29 GMT","Tue, 14 Jan 2020 19:11:44 GMT","Tue, 14 Jan 2020 19:11:39 GMT",1.117,2_39_78_361_2020-01-14 18:45:28.916754,0002,CA-493,2-39-78-361,America/Los_Angeles,000001095,400,16,40,444,"Tue, 14 Jan 2020 18:45:41 GMT",true,"Wed, 15 Jan 2020 02:09:29 GMT",1095,,,,,,,,,,,,,,,,,,,,,,,,,,,,,,,,,,,,,,,,,,,,,,,,,,,,,,,,,,,,,,,,,,,,,,,,,
5e338337f9af8b381fd75bc4,0039,"Tue, 14 Jan 2020 19:26:08 GMT","Wed, 15 Jan 2020 02:53:29 GMT","Wed, 15 Jan 2020 01:21:00 GMT",39.881,2_39_124_22_2020-01-14 19:26:08.205980,0002,CA-312,2-39-124-22,America/Los_Angeles,000003270,200,40,200,466,"Tue, 14 Jan 2020 19:26:20 GMT",true,"Wed, 15 Jan 2020 03:12:08 GMT",3270,,,,,,,,,,,,,,,,,,,,,,,,,,,,,,,,,,,,,,,,,,,,,,,,,,,,,,,,,,,,,,,,,,,,,,,,,
5e338337f9af8b381fd75bc5,0039,"Tue, 14 Jan 2020 19:29:13 GMT","Wed, 15 Jan 2020 02:06:11 GMT","Tue, 14 Jan 2020 22:33:44 GMT",0.928,2_39_78_361_2020-01-14 19:29:12.681273,0002,CA-493,2-39-78-361,America/Los_Angeles,,,,,,,,,,,,,,,,,,,,,,,,,,,,,,,,,,,,,,,,,,,,,,,,,,,,,,,,,,,,,,,,,,,,,,,,,,,,,,,,,,
5e338337f9af8b381fd75bc6,0039,"Tue, 14 Jan 2020 19:40:47 GMT","Wed, 15 Jan 2020 00:39:34 GMT","Tue, 14 Jan 2020 22:31:37 GMT",11.567,2_39_95_444_2020-01-14 19:40:47.313892,0002,CA-497,2-39-95-444,America/Los_Angeles,000001137,400,20,50,299,"Tue, 14 Jan 2020 19:41:05 GMT",true,"Wed, 15 Jan 2020 00:39:47 GMT",1137,,,,,,,,,,,,,,,,,,,,,,,,,,,,,,,,,,,,,,,,,,,,,,,,,,,,,,,,,,,,,,,,,,,,,,,,,
5e338337f9af8b381fd75bc7,0039,"Tue, 14 Jan 2020 20:07:01 GMT","Tue, 14 Jan 2020 23:44:55 GMT","Tue, 14 Jan 2020 22:34:05 GMT",0.82,2_39_78_363_2020-01-14 20:07:00.570283,0002,CA-320,2-39-78-363,America/Los_Angeles,,,,,,,,,,,,,,,,,,,,,,,,,,,,,,,,,,,,,,,,,,,,,,,,,,,,,,,,,,,,,,,,,,,,,,,,,,,,,,,,,,
5e338337f9af8b381fd75bc8,0039,"Tue, 14 Jan 2020 20:45:03 GMT","Tue, 14 Jan 2020 22:06:18 GMT","Tue, 14 Jan 2020 22:06:14 GMT",9.118,2_39_91_437_2020-01-14 20:45:03.090103,0002,CA-317,2-39-91-437,America/Los_Angeles,000001039,400,80,200,327,"Tue, 14 Jan 2020 20:45:39 GMT",true,"Wed, 15 Jan 2020 02:12:03 GMT",1039,,,,,,,,,,,,,,,,,,,,,,,,,,,,,,,,,,,,,,,,,,,,,,,,,,,,,,,,,,,,,,,,,,,,,,,,,
5e338337f9af8b381fd75bc9,0039,"Tue, 14 Jan 2020 20:53:03 GMT","Wed, 15 Jan 2020 02:31:26 GMT","Tue, 14 Jan 2020 22:50:56 GMT",6.412,2_39_88_24_2020-01-14 20:53:03.357260,0002,CA-314,2-39-88-24,America/Los_Angeles,000001124,400,8,20,60,"Tue, 14 Jan 2020 20:54:11 GMT",true,"Tue, 14 Jan 2020 21:53:03 GMT",1124,,,,,,,,,,,,,,,,,,,,,,,,,,,,,,,,,,,,,,,,,,,,,,,,,,,,,,,,,,,,,,,,,,,,,,,,,
5e338337f9af8b381fd75bca,0039,"Tue, 14 Jan 2020 21:01:13 GMT","Wed, 15 Jan 2020 01:14:25 GMT","Tue, 14 Jan 2020 21:49:25 GMT",1.997,2_39_128_18_2020-01-14 21:01:13.394849,0002,CA-308,2-39-128-18,America/Los_Angeles,000000891,400,8,20,215,"Tue, 14 Jan 2020 21:01:57 GMT",true,"Wed, 15 Jan 2020 00:36:13 GMT",891,,,,,,,,,,,,,,,,,,,,,,,,,,,,,,,,,,,,,,,,,,,,,,,,,,,,,,,,,,,,,,,,,,,,,,,,,
5e338337f9af8b381fd75bcb,0039,"Tue, 14 Jan 2020 22:19:31 GMT","Wed, 15 Jan 2020 01:55:48 GMT","Tue, 14 Jan 2020 23:45:11 GMT",5.084,2_39_79_378_2020-01-14 22:19:31.301202,0002,CA-326,2-39-79-378,America/Los_Angeles,000000515,400,12,30,144,"Tue, 14 Jan 2020 22:19:58 GMT",true,"Wed, 15 Jan 2020 00:43:31 GMT",515,,,,,,,,,,,,,,,,,,,,,,,,,,,,,,,,,,,,,,,,,,,,,,,,,,,,,,,,,,,,,,,,,,,,,,,,,
5e338337f9af8b381fd75bcc,0039,"Tue, 14 Jan 2020 22:21:45 GMT","Wed, 15 Jan 2020 03:04:35 GMT","Wed, 15 Jan 2020 01:10:04 GMT",0.912,2_39_78_366_2020-01-14 22:21:44.815614,0002,CA-323,2-39-78-366,America/Los_Angeles,,,,,,,,,,,,,,,,,,,,,,,,,,,,,,,,,,,,,,,,,,,,,,,,,,,,,,,,,,,,,,,,,,,,,,,,,,,,,,,,,,
5e338337f9af8b381fd75bcd,0039,"Tue, 14 Jan 2020 23:19:32 GMT","Wed, 15 Jan 2020 02:44:27 GMT","Wed, 15 Jan 2020 01:36:12 GMT",7.115,2_39_91_437_2020-01-14 23:19:31.909198,0002,CA-317,2-39-91-437,America/Los_Angeles,000000562,325,9.75,30,179,"Tue, 14 Jan 2020 23:20:23 GMT",true,"Wed, 15 Jan 2020 02:18:32 GMT",562,,325,9.75,30,282,"Tue, 14 Jan 2020 23:21:26 GMT",true,"Wed, 15 Jan 2020 04:01:32 GMT",562,,,,,,,,,,,,,,,,,,,,,,,,,,,,,,,,,,,,,,,,,,,,,,,,,,,,,,,,,,,,,,,,
5e338337f9af8b381fd75bce,0039,"Tue, 14 Jan 2020 23:47:03 GMT","Wed, 15 Jan 2020 00:26:36 GMT","Wed, 15 Jan 2020 00:24:30 GMT",0.915,2_39_78_363_2020-01-14 23:47:03.484702,0002,CA-320,2-39-78-363,America/Los_Angeles,,,,,,,,,,,,,,,,,,,,,,,,,,,,,,,,,,,,,,,,,,,,,,,,,,,,,,,,,,,,,,,,,,,,,,,,,,,,,,,,,,
5e338337f9af8b381fd75bcf,0039,"Tue, 14 Jan 2020 23:52:16 GMT","Wed, 15 Jan 2020 01:31:03 GMT","Wed, 15 Jan 2020 01:30:59 GMT",5.394,2_39_95_27_2020-01-14 23:52:16.480587,0002,CA-319,2-39-95-27,America/Los_Angeles,000001920,450,13.5,30,202,"Tue, 14 Jan 2020 23:53:03 GMT",true,"Wed, 15 Jan 2020 03:14:16 GMT",1920,,450,13.5,30,151,"Tue, 14 Jan 2020 23:53:19 GMT",true,"Wed, 15 Jan 2020 02:23:16 GMT",1920,450,13.5,30,137,"Tue, 14 Jan 2020 23:53:36 GMT",true,"Wed, 15 Jan 2020 02:09:16 GMT",1920,,,,,,,,,,,,,,,,,,,,,,,,,,,,,,,,,,,,,,,,,,,,,,,,,,,,,,,,
5e338337f9af8b381fd75bd0,0039,"Wed, 15 Jan 2020 00:12:38 GMT","Wed, 15 Jan 2020 02:27:32 GMT","Wed, 15 Jan 2020 02:13:12 GMT",12.187,2_39_79_382_2020-01-15 00:12:37.942812,0002,CA-491,2-39-79-382,America/Los_Angeles,000000069,400,40,100,363,"Wed, 15 Jan 2020 00:13:00 GMT",true,"Wed, 15 Jan 2020 06:15:38 GMT",69,,,,,,,,,,,,,,,,,,,,,,,,,,,,,,,,,,,,,,,,,,,,,,,,,,,,,,,,,,,,,,,,,,,,,,,,,
5e338337f9af8b381fd75bd1,0039,"Wed, 15 Jan 2020 02:51:42 GMT","Wed, 15 Jan 2020 04:23:11 GMT","Wed, 15 Jan 2020 03:43:22 GMT",0.938,2_39_79_381_2020-01-15 02:51:41.886890,0002,CA-490,2-39-79-381,America/Los_Angeles,,,,,,,,,,,,,,,,,,,,,,,,,,,,,,,,,,,,,,,,,,,,,,,,,,,,,,,,,,,,,,,,,,,,,,,,,,,,,,,,,,
5e338337f9af8b381fd75bd2,0039,"Wed, 15 Jan 2020 02:57:55 GMT","Wed, 15 Jan 2020 03:34:30 GMT","Wed, 15 Jan 2020 03:34:21 GMT",1.327,2_39_139_28_2020-01-15 02:57:54.910302,0002,CA-303,2-39-139-28,America/Los_Angeles,000001539,400,4,10,60,"Wed, 15 Jan 2020 02:58:25 GMT",true,"Wed, 15 Jan 2020 03:57:55 GMT",1539,,,,,,,,,,,,,,,,,,,,,,,,,,,,,,,,,,,,,,,,,,,,,,,,,,,,,,,,,,,,,,,,,,,,,,,,,
5e338337f9af8b381fd75bd3,0039,"Wed, 15 Jan 2020 03:09:17 GMT","Wed, 15 Jan 2020 05:05:28 GMT","Wed, 15 Jan 2020 05:05:16 GMT",13.406,2_39_79_377_2020-01-15 03:09:17.118897,0002,CA-325,2-39-79-377,America/Los_Angeles,000001943,400,20,50,152,"Wed, 15 Jan 2020 03:09:20 GMT",true,"Wed, 15 Jan 2020 05:41:17 GMT",1943,,400,20,50,152,"Wed, 15 Jan 2020 05:05:14 GMT",true,"Wed, 15 Jan 2020 05:41:17 GMT",1943,,,,,,,,,,,,,,,,,,,,,,,,,,,,,,,,,,,,,,,,,,,,,,,,,,,,,,,,,,,,,,,,
5e338337f9af8b381fd75bd4,0039,"Wed, 15 Jan 2020 04:19:13 GMT","Wed, 15 Jan 2020 05:53:09 GMT","Wed, 15 Jan 2020 05:53:04 GMT",10.748,2_39_139_28_2020-01-15 04:19:13.289389,0002,CA-303,2-39-139-28,America/Los_Angeles,000001263,400,12,30,115,"Wed, 15 Jan 2020 04:19:30 GMT",true,"Wed, 15 Jan 2020 06:14:13 GMT",1263,,,,,,,,,,,,,,,,,,,,,,,,,,,,,,,,,,,,,,,,,,,,,,,,,,,,,,,,,,,,,,,,,,,,,,,,,
5e34d4b6f9af8b3c2f4e430b,0039,"Wed, 15 Jan 2020 12:16:22 GMT","Wed, 15 Jan 2020 14:19:47 GMT","Wed, 15 Jan 2020 14:19:42 GMT",12.955,2_39_131_30_2020-01-15 12:16:21.656490,0002,CA-305,2-39-131-30,America/Los_Angeles,000000300,400,32,80,638,"Wed, 15 Jan 2020 12:16:31 GMT",true,"Wed, 15 Jan 2020 22:54:22 GMT",300,,,,,,,,,,,,,,,,,,,,,,,,,,,,,,,,,,,,,,,,,,,,,,,,,,,,,,,,,,,,,,,,,,,,,,,,,
5e34d4b6f9af8b3c2f4e430c,0039,"Wed, 15 Jan 2020 14:29:56 GMT","Thu, 16 Jan 2020 17:18:30 GMT","Wed, 15 Jan 2020 20:06:00 GMT",14.574,2_39_78_365_2020-01-15 14:29:56.013536,0002,CA-321,2-39-78-365,America/Los_Angeles,000004913,400,20,50,720,"Wed, 15 Jan 2020 14:30:24 GMT",true,"Thu, 16 Jan 2020 02:29:56 GMT",4913,,400,20,50,1133,"Wed, 15 Jan 2020 21:24:03 GMT",true,"Thu, 16 Jan 2020 09:22:56 GMT",4913,,,,,,,,,,,,,,,,,,,,,,,,,,,,,,,,,,,,,,,,,,,,,,,,,,,,,,,,,,,,,,,,
5e34d4b6f9af8b3c2f4e430d,0039,"Wed, 15 Jan 2020 15:59:38 GMT","Wed, 15 Jan 2020 21:52:55 GMT","Wed, 15 Jan 2020 17:54:53 GMT",0.845,2_39_79_380_2020-01-15 15:59:38.144201,0002,CA-489,2-39-79-380,America/Los_Angeles,,,,,,,,,,,,,,,,,,,,,,,,,,,,,,,,,,,,,,,,,,,,,,,,,,,,,,,,,,,,,,,,,,,,,,,,,,,,,,,,,,
5e34d4b6f9af8b3c2f4e430e,0039,"Wed, 15 Jan 2020 16:11:33 GMT","Thu, 16 Jan 2020 01:37:32 GMT","Thu, 16 Jan 2020 00:34:38 GMT",17.566,2_39_78_366_2020-01-15 16:11:32.916230,0002,CA-323,2-39-78-366,America/Los_Angeles,000003853,360,39.6,110,490,"Wed, 15 Jan 2020 16:13:12 GMT",true,"Thu, 16 Jan 2020 00:21:33 GMT",3853,,,,,,,,,,,,,,,,,,,,,,,,,,,,,,,,,,,,,,,,,,,,,,,,,,,,,,,,,,,,,,,,,,,,,,,,,
5e34d4b6f9af8b3c2f4e430f,0039,"Wed, 15 Jan 2020 16:14:17 GMT","Thu, 16 Jan 2020 01:17:07 GMT","Wed, 15 Jan 2020 22:53:20 GMT",34.699,2_39_79_382_2020-01-15 16:14:17.222888,0002,CA-491,2-39-79-382,America/Los_Angeles,000003449,276,38.64,140,266,"Wed, 15 Jan 2020 16:14:46 GMT",true,"Wed, 15 Jan 2020 20:40:17 GMT",3449,,,,,,,,,,,,,,,,,,,,,,,,,,,,,,,,,,,,,,,,,,,,,,,,,,,,,,,,,,,,,,,,,,,,,,,,,
5e34d4b6f9af8b3c2f4e4310,0039,"Wed, 15 Jan 2020 16:15:46 GMT","Thu, 16 Jan 2020 01:37:58 GMT","Thu, 16 Jan 2020 01:12:56 GMT",11.289,2_39_139_28_2020-01-15 16:15:38.720531,0002,CA-303,2-39-139-28,America/Los_Angeles,000004947,380,11.4,30,462,"Wed, 15 Jan 2020 16:15:46 GMT",true,"Wed, 15 Jan 2020 23:57:46 GMT",4947,,,,,,,,,,,,,,,,,,,,,,,,,,,,,,,,,,,,,,,,,,,,,,,,,,,,,,,,,,,,,,,,,,,,,,,,,
5e34d4b6f9af8b3c2f4e4311,0039,"Wed, 15 Jan 2020 16:50:26 GMT","Thu, 16 Jan 2020 00:49:22 GMT","Wed, 15 Jan 2020 23:50:17 GMT",13.449,2_39_78_364_2020-01-15 16:50:25.707168,0002,CA-495,2-39-78-364,America/Los_Angeles,000001470,292,20.44,70,62,"Wed, 15 Jan 2020 16:51:23 GMT",true,"Wed, 15 Jan 2020 17:52:26 GMT",1470,,,,,,,,,,,,,,,,,,,,,,,,,,,,,,,,,,,,,,,,,,,,,,,,,,,,,,,,,,,,,,,,,,,,,,,,,
5e34d4b6f9af8b3c2f4e4312,0039,"Wed, 15 Jan 2020 16:58:30 GMT","Thu, 16 Jan 2020 02:08:05 GMT","Thu, 16 Jan 2020 02:08:01 GMT",8.717,2_39_125_21_2020-01-15 16:58:29.766074,0002,CA-311,2-39-125-21,America/Los_Angeles,000001364,400,24,60,182,"Wed, 15 Jan 2020 22:56:29 GMT",true,"Wed, 15 Jan 2020 20:00:30 GMT",1364,,400,24,60,182,"Wed, 15 Jan 2020 22:57:00 GMT",true,"Wed, 15 Jan 2020 20:00:30 GMT",1364,,,,,,,,,,,,,,,,,,,,,,,,,,,,,,,,,,,,,,,,,,,,,,,,,,,,,,,,,,,,,,,,
5e34d4b6f9af8b3c2f4e4313,0039,"Wed, 15 Jan 2020 16:59:43 GMT","Thu, 16 Jan 2020 02:49:37 GMT","Wed, 15 Jan 2020 19:00:52 GMT",6.222,2_39_79_379_2020-01-15 16:59:42.512914,0002,CA-327,2-39-79-379,America/Los_Angeles,000001111,400,12,30,99,"Wed, 15 Jan 2020 17:03:21 GMT",true,"Wed, 15 Jan 2020 18:38:43 GMT",1111,,,,,,,,,,,,,,,,,,,,,,,,,,,,,,,,,,,,,,,,,,,,,,,,,,,,,,,,,,,,,,,,,,,,,,,,,
5e34d4b6f9af8b3c2f4e4314,0039,"Wed, 15 Jan 2020 17:02:40 GMT","Thu, 16 Jan 2020 02:44:23 GMT","Wed, 15 Jan 2020 19:20:47 GMT",5.888,2_39_127_19_2020-01-15 17:02:40.148160,0002,CA-309,2-39-127-19,America/Los_Angeles,000000562,325,6.5,20,181,"Wed, 15 Jan 2020 17:03:01 GMT",true,"Wed, 15 Jan 2020 20:03:40 GMT",562,,,,,,,,,,,,,,,,,,,,,,,,,,,,,,,,,,,,,,,,,,,,,,,,,,,,,,,,,,,,,,,,,,,,,,,,,
5e34d4b6f9af8b3c2f4e4315,0039,"Wed, 15 Jan 2020 17:03:38 GMT","Thu, 16 Jan 2020 00:13:46 GMT","Wed, 15 Jan 2020 17:58:20 GMT",5.682,2_39_129_17_2020-01-15 17:03:38.086308,0002,CA-307,2-39-129-17,America/Los_Angeles,000001912,400,20,50,362,"Wed, 15 Jan 2020 17:03:52 GMT",true,"Wed, 15 Jan 2020 23:05:38 GMT",1912,,,,,,,,,,,,,,,,,,,,,,,,,,,,,,,,,,,,,,,,,,,,,,,,,,,,,,,,,,,,,,,,,,,,,,,,,
5e34d4b6f9af8b3c2f4e4316,0039,"Wed, 15 Jan 2020 17:08:04 GMT","Wed, 15 Jan 2020 19:51:03 GMT","Wed, 15 Jan 2020 19:51:01 GMT",5.955,2_39_78_361_2020-01-15 17:08:03.635883,0002,CA-493,2-39-78-361,America/Los_Angeles,000000564,231,16.17,70,562,"Wed, 15 Jan 2020 17:08:17 GMT",true,"Thu, 16 Jan 2020 02:30:04 GMT",564,,,,,,,,,,,,,,,,,,,,,,,,,,,,,,,,,,,,,,,,,,,,,,,,,,,,,,,,,,,,,,,,,,,,,,,,,
5e34d4b6f9af8b3c2f4e4317,0039,"Wed, 15 Jan 2020 17:14:08 GMT","Thu, 16 Jan 2020 00:18:25 GMT","Wed, 15 Jan 2020 18:50:22 GMT",4.571,2_39_89_25_2020-01-15 17:14:07.905052,0002,CA-315,2-39-89-25,America/Los_Angeles,000000743,400,8,20,382,"Wed, 15 Jan 2020 17:14:21 GMT",true,"Wed, 15 Jan 2020 23:36:08 GMT",743,,,,,,,,,,,,,,,,,,,,,,,,,,,,,,,,,,,,,,,,,,,,,,,,,,,,,,,,,,,,,,,,,,,,,,,,,
5e34d4b6f9af8b3c2f4e4318,0039,"Wed, 15 Jan 2020 17:15:37 GMT","Thu, 16 Jan 2020 03:52:50 GMT","Wed, 15 Jan 2020 22:49:27 GMT",0.9595605555555556,2_39_79_378_2020-01-15 17:15:37.110160,0002,CA-326,2-39-79-378,America/Los_Angeles,,,,,,,,,,,,,,,,,,,,,,,,,,,,,,,,,,,,,,,,,,,,,,,,,,,,,,,,,,,,,,,,,,,,,,,,,,,,,,,,,,
5e34d4b6f9af8b3c2f4e4319,0039,"Wed, 15 Jan 2020 17:24:13 GMT","Thu, 16 Jan 2020 01:37:43 GMT","Wed, 15 Jan 2020 19:21:30 GMT",6.139,2_39_79_376_2020-01-15 17:24:12.849649,0002,CA-324,2-39-79-376,America/Los_Angeles,000005368,400,8,20,60,"Wed, 15 Jan 2020 17:29:07 GMT",true,"Wed, 15 Jan 2020 18:24:13 GMT",5368,,,,,,,,,,,,,,,,,,,,,,,,,,,,,,,,,,,,,,,,,,,,,,,,,,,,,,,,,,,,,,,,,,,,,,,,,
5e34d4b6f9af8b3c2f4e431a,0039,"Wed, 15 Jan 2020 17:30:25 GMT","Thu, 16 Jan 2020 01:11:52 GMT","Wed, 15 Jan 2020 21:28:02 GMT",11.333,2_39_124_22_2020-01-15 17:30:24.798024,0002,CA-312,2-39-124-22,America/Los_Angeles,000000620,400,12,30,445,"Wed, 15 Jan 2020 17:31:12 GMT",true,"Thu, 16 Jan 2020 00:55:25 GMT",620,,,,,,,,,,,,,,,,,,,,,,,,,,,,,,,,,,,,,,,,,,,,,,,,,,,,,,,,,,,,,,,,,,,,,,,,,
5e34d4b6f9af8b3c2f4e431b,0039,"Wed, 15 Jan 2020 17:34:40 GMT","Thu, 16 Jan 2020 01:34:26 GMT","Thu, 16 Jan 2020 00:01:38 GMT",16.926,2_39_79_381_2020-01-15 17:34:40.208591,0002,CA-490,2-39-79-381,America/Los_Angeles,000001154,400,20,50,447,"Wed, 15 Jan 2020 17:35:52 GMT",true,"Thu, 16 Jan 2020 01:01:40 GMT",1154,,,,,,,,,,,,,,,,,,,,,,,,,,,,,,,,,,,,,,,,,,,,,,,,,,,,,,,,,,,,,,,,,,,,,,,,,
5e34d4b6f9af8b3c2f4e431c,0039,"Wed, 15 Jan 2020 17:43:16 GMT","Thu, 16 Jan 2020 02:02:18 GMT","Wed, 15 Jan 2020 18:52:25 GMT",3.624,2_39_123_23_2020-01-15 17:43:15.569289,0002,CA-313,2-39-123-23,America/Los_Angeles,000000567,400,8,20,459,"Wed, 15 Jan 2020 17:43:23 GMT",true,"Thu, 16 Jan 2020 01:22:16 GMT",567,,400,8,20,459,"Wed, 15 Jan 2020 17:43:28 GMT",true,"Thu, 16 Jan 2020 01:22:16 GMT",567,,,,,,,,,,,,,,,,,,,,,,,,,,,,,,,,,,,,,,,,,,,,,,,,,,,,,,,,,,,,,,,,
5e34d4b6f9af8b3c2f4e431d,0039,"Wed, 15 Jan 2020 17:59:55 GMT","Thu, 16 Jan 2020 02:29:42 GMT","Wed, 15 Jan 2020 18:59:12 GMT",6.72,2_39_95_27_2020-01-15 17:59:54.590592,0002,CA-319,2-39-95-27,America/Los_Angeles,000000714,400,24,60,361,"Wed, 15 Jan 2020 18:00:09 GMT",true,"Thu, 16 Jan 2020 00:00:55 GMT",714,,,,,,,,,,,,,,,,,,,,,,,,,,,,,,,,,,,,,,,,,,,,,,,,,,,,,,,,,,,,,,,,,,,,,,,,,
5e34d4b6f9af8b3c2f4e431e,0039,"Wed, 15 Jan 2020 18:05:50 GMT","Thu, 16 Jan 2020 00:15:54 GMT","Wed, 15 Jan 2020 22:49:27 GMT",11.9,2_39_78_363_2020-01-15 18:05:50.228270,0002,CA-320,2-39-78-363,America/Los_Angeles,000001001,600,12,20,129,"Wed, 15 Jan 2020 18:06:16 GMT",true,"Wed, 15 Jan 2020 20:14:50 GMT",1001,,,,,,,,,,,,,,,,,,,,,,,,,,,,,,,,,,,,,,,,,,,,,,,,,,,,,,,,,,,,,,,,,,,,,,,,,
5e34d4b6f9af8b3c2f4e431f,0039,"Wed, 15 Jan 2020 18:09:51 GMT","Thu, 16 Jan 2020 02:09:46 GMT","Wed, 15 Jan 2020 20:24:05 GMT",12.305,2_39_92_442_2020-01-15 18:09:51.086363,0002,CA-498,2-39-92-442,America/Los_Angeles,000001095,400,16,40,444,"Wed, 15 Jan 2020 18:09:59 GMT",true,"Thu, 16 Jan 2020 01:33:51 GMT",1095,,,,,,,,,,,,,,,,,,,,,,,,,,,,,,,,,,,,,,,,,,,,,,,,,,,,,,,,,,,,,,,,,,,,,,,,,
5e34d4b6f9af8b3c2f4e4320,0039,"Wed, 15 Jan 2020 18:11:35 GMT","Thu, 16 Jan 2020 03:15:21 GMT","Wed, 15 Jan 2020 20:05:04 GMT",11.474,2_39_92_436_2020-01-15 18:11:35.451295,0002,CA-318,2-39-92-436,America/Los_Angeles,000000558,400,28,70,60,"Wed, 15 Jan 2020 18:11:38 GMT",true,"Wed, 15 Jan 2020 19:11:35 GMT",558,,,,,,,,,,,,,,,,,,,,,,,,,,,,,,,,,,,,,,,,,,,,,,,,,,,,,,,,,,,,,,,,,,,,,,,,,
5e34d4b6f9af8b3c2f4e4321,0039,"Wed, 15 Jan 2020 18:15:34 GMT","Thu, 16 Jan 2020 01:13:52 GMT","Wed, 15 Jan 2020 23:26:24 GMT",26.044,2_39_79_377_2020-01-15 18:15:33.952776,0002,CA-325,2-39-79-377,America/Los_Angeles,000000832,400,32,80,399,"Wed, 15 Jan 2020 18:16:06 GMT",true,"Thu, 16 Jan 2020 00:54:34 GMT",832,,,,,,,,,,,,,,,,,,,,,,,,,,,,,,,,,,,,,,,,,,,,,,,,,,,,,,,,,,,,,,,,,,,,,,,,,
5e34d4b6f9af8b3c2f4e4322,0039,"Wed, 15 Jan 2020 18:16:25 GMT","Thu, 16 Jan 2020 02:09:02 GMT","Wed, 15 Jan 2020 19:56:47 GMT",4.922,2_39_138_29_2020-01-15 18:16:24.924266,0002,CA-304,2-39-138-29,America/Los_Angeles,000001864,400,12,30,348,"Wed, 15 Jan 2020 18:16:49 GMT",true,"Thu, 16 Jan 2020 00:04:25 GMT",1864,,,,,,,,,,,,,,,,,,,,,,,,,,,,,,,,,,,,,,,,,,,,,,,,,,,,,,,,,,,,,,,,,,,,,,,,,
5e34d4b6f9af8b3c2f4e4323,0039,"Wed, 15 Jan 2020 18:23:12 GMT","Thu, 16 Jan 2020 01:47:50 GMT","Wed, 15 Jan 2020 19:48:18 GMT",4.243,2_39_91_437_2020-01-15 18:23:11.524557,0002,CA-317,2-39-91-437,America/Los_Angeles,000002170,400,8,20,183,"Wed, 15 Jan 2020 18:23:24 GMT",true,"Wed, 15 Jan 2020 21:26:12 GMT",2170,,,,,,,,,,,,,,,,,,,,,,,,,,,,,,,,,,,,,,,,,,,,,,,,,,,,,,,,,,,,,,,,,,,,,,,,,
5e34d4b6f9af8b3c2f4e4324,0039,"Wed, 15 Jan 2020 18:29:33 GMT","Wed, 15 Jan 2020 20:12:44 GMT","Wed, 15 Jan 2020 20:12:39 GMT",6.077,2_39_130_31_2020-01-15 18:29:33.303798,0002,CA-306,2-39-130-31,America/Los_Angeles,000000668,425,8.5,20,455,"Wed, 15 Jan 2020 18:30:02 GMT",true,"Thu, 16 Jan 2020 02:04:33 GMT",668,,,,,,,,,,,,,,,,,,,,,,,,,,,,,,,,,,,,,,,,,,,,,,,,,,,,,,,,,,,,,,,,,,,,,,,,,
5e34d4b6f9af8b3c2f4e4325,0039,"Wed, 15 Jan 2020 18:39:37 GMT","Wed, 15 Jan 2020 22:48:21 GMT","Wed, 15 Jan 2020 20:09:04 GMT",4.109,2_39_128_18_2020-01-15 18:39:37.394234,0002,CA-308,2-39-128-18,America/Los_Angeles,000001366,400,8,20,60,"Wed, 15 Jan 2020 18:41:30 GMT",true,"Wed, 15 Jan 2020 19:39:37 GMT",1366,,,,,,,,,,,,,,,,,,,,,,,,,,,,,,,,,,,,,,,,,,,,,,,,,,,,,,,,,,,,,,,,,,,,,,,,,
5e34d4b6f9af8b3c2f4e4326,0039,"Wed, 15 Jan 2020 18:39:44 GMT","Thu, 16 Jan 2020 01:22:13 GMT","Wed, 15 Jan 2020 19:35:17 GMT",1.794,2_39_90_26_2020-01-15 18:39:43.871578,0002,CA-316,2-39-90-26,America/Los_Angeles,000000891,400,8,20,215,"Wed, 15 Jan 2020 18:39:58 GMT",true,"Wed, 15 Jan 2020 22:14:44 GMT",891,,,,,,,,,,,,,,,,,,,,,,,,,,,,,,,,,,,,,,,,,,,,,,,,,,,,,,,,,,,,,,,,,,,,,,,,,
5e34d4b6f9af8b3c2f4e4327,0039,"Wed, 15 Jan 2020 19:12:29 GMT","Thu, 16 Jan 2020 02:52:10 GMT","Wed, 15 Jan 2020 22:54:08 GMT",25.256,2_39_95_444_2020-01-15 19:12:28.924612,0002,CA-497,2-39-95-444,America/Los_Angeles,000003270,200,40,200,466,"Wed, 15 Jan 2020 19:13:12 GMT",true,"Thu, 16 Jan 2020 02:58:29 GMT",3270,,,,,,,,,,,,,,,,,,,,,,,,,,,,,,,,,,,,,,,,,,,,,,,,,,,,,,,,,,,,,,,,,,,,,,,,,
5e34d4b6f9af8b3c2f4e4328,0039,"Wed, 15 Jan 2020 20:08:28 GMT","Wed, 15 Jan 2020 20:58:01 GMT","Wed, 15 Jan 2020 20:57:36 GMT",0.905,2_39_78_361_2020-01-15 20:08:28.174839,0002,CA-493,2-39-78-361,America/Los_Angeles,,,,,,,,,,,,,,,,,,,,,,,,,,,,,,,,,,,,,,,,,,,,,,,,,,,,,,,,,,,,,,,,,,,,,,,,,,,,,,,,,,
5e34d4b6f9af8b3c2f4e4329,0039,"Wed, 15 Jan 2020 20:30:59 GMT","Thu, 16 Jan 2020 02:11:20 GMT","Thu, 16 Jan 2020 00:36:29 GMT",26.496,2_39_90_440_2020-01-15 20:30:58.930130,0002,CA-500,2-39-90-440,America/Los_Angeles,000001104,250,37.5,150,436,"Wed, 15 Jan 2020 20:31:11 GMT",true,"Thu, 16 Jan 2020 03:46:59 GMT",1104,,,,,,,,,,,,,,,,,,,,,,,,,,,,,,,,,,,,,,,,,,,,,,,,,,,,,,,,,,,,,,,,,,,,,,,,,
5e34d4b6f9af8b3c2f4e432a,0039,"Wed, 15 Jan 2020 20:42:41 GMT","Thu, 16 Jan 2020 00:00:30 GMT","Wed, 15 Jan 2020 21:59:14 GMT",2.537,2_39_88_24_2020-01-15 20:42:40.718691,0002,CA-314,2-39-88-24,America/Los_Angeles,000000560,400,12,30,194,"Wed, 15 Jan 2020 20:42:49 GMT",true,"Wed, 15 Jan 2020 23:56:41 GMT",560,,400,12,30,194,"Wed, 15 Jan 2020 20:44:05 GMT",true,"Wed, 15 Jan 2020 23:56:41 GMT",560,,,,,,,,,,,,,,,,,,,,,,,,,,,,,,,,,,,,,,,,,,,,,,,,,,,,,,,,,,,,,,,,
5e34d4b6f9af8b3c2f4e432b,0039,"Wed, 15 Jan 2020 20:55:23 GMT","Thu, 16 Jan 2020 02:42:45 GMT","Wed, 15 Jan 2020 22:57:08 GMT",6.679,2_39_88_438_2020-01-15 20:55:22.621963,0002,CA-502,2-39-88-438,America/Los_Angeles,000001124,400,8,20,60,"Wed, 15 Jan 2020 20:55:52 GMT",true,"Wed, 15 Jan 2020 21:55:23 GMT",1124,,,,,,,,,,,,,,,,,,,,,,,,,,,,,,,,,,,,,,,,,,,,,,,,,,,,,,,,,,,,,,,,,,,,,,,,,
5e34d4b6f9af8b3c2f4e432c,0039,"Wed, 15 Jan 2020 21:09:25 GMT","Thu, 16 Jan 2020 00:25:24 GMT","Wed, 15 Jan 2020 22:11:52 GMT",3.838,2_39_130_31_2020-01-15 21:09:24.740555,0002,CA-306,2-39-130-31,America/Los_Angeles,000000751,400,40,100,590,"Wed, 15 Jan 2020 21:09:48 GMT",true,"Thu, 16 Jan 2020 06:59:25 GMT",751,,,,,,,,,,,,,,,,,,,,,,,,,,,,,,,,,,,,,,,,,,,,,,,,,,,,,,,,,,,,,,,,,,,,,,,,,
5e34d4b6f9af8b3c2f4e432d,0039,"Wed, 15 Jan 2020 21:15:15 GMT","Thu, 16 Jan 2020 02:19:56 GMT","Wed, 15 Jan 2020 22:48:30 GMT",0.871,2_39_78_361_2020-01-15 21:15:15.267466,0002,CA-493,2-39-78-361,America/Los_Angeles,,,,,,,,,,,,,,,,,,,,,,,,,,,,,,,,,,,,,,,,,,,,,,,,,,,,,,,,,,,,,,,,,,,,,,,,,,,,,,,,,,
5e34d4b6f9af8b3c2f4e432e,0039,"Wed, 15 Jan 2020 21:55:34 GMT","Thu, 16 Jan 2020 03:12:09 GMT","Thu, 16 Jan 2020 03:12:04 GMT",32.829,2_39_79_383_2020-01-15 21:55:34.319417,0002,CA-492,2-39-79-383,America/Los_Angeles,000000667,250,50,200,433,"Wed, 15 Jan 2020 21:56:25 GMT",true,"Thu, 16 Jan 2020 05:08:34 GMT",667,,,,,,,,,,,,,,,,,,,,,,,,,,,,,,,,,,,,,,,,,,,,,,,,,,,,,,,,,,,,,,,,,,,,,,,,,
5e34d4b6f9af8b3c2f4e432f,0039,"Wed, 15 Jan 2020 22:19:59 GMT","Thu, 16 Jan 2020 00:03:26 GMT","Wed, 15 Jan 2020 22:50:19 GMT",0.823,2_39_79_380_2020-01-15 22:19:58.599515,0002,CA-489,2-39-79-380,America/Los_Angeles,,,,,,,,,,,,,,,,,,,,,,,,,,,,,,,,,,,,,,,,,,,,,,,,,,,,,,,,,,,,,,,,,,,,,,,,,,,,,,,,,,
5e34d4b6f9af8b3c2f4e4330,0039,"Wed, 15 Jan 2020 22:59:53 GMT","Thu, 16 Jan 2020 01:20:07 GMT","Thu, 16 Jan 2020 00:10:21 GMT",7.109,2_39_129_563_2020-01-15 22:59:34.447234,0002,CA-509,2-39-129-563,America/Los_Angeles,000002461,400,12,30,273,"Wed, 15 Jan 2020 22:59:53 GMT",true,"Thu, 16 Jan 2020 03:32:53 GMT",2461,,,,,,,,,,,,,,,,,,,,,,,,,,,,,,,,,,,,,,,,,,,,,,,,,,,,,,,,,,,,,,,,,,,,,,,,,
5e34d4b6f9af8b3c2f4e4331,0039,"Thu, 16 Jan 2020 00:55:32 GMT","Thu, 16 Jan 2020 02:13:02 GMT","Thu, 16 Jan 2020 02:09:40 GMT",3.644,2_39_129_17_2020-01-16 00:55:31.913896,0002,CA-307,2-39-129-17,America/Los_Angeles,000001920,450,13.5,30,137,"Thu, 16 Jan 2020 00:56:19 GMT",true,"Thu, 16 Jan 2020 03:12:32 GMT",1920,,450,13.5,30,136,"Thu, 16 Jan 2020 00:56:43 GMT",true,"Thu, 16 Jan 2020 03:11:32 GMT",1920,450,13.5,30,136,"Thu, 16 Jan 2020 00:57:02 GMT",true,"Thu, 16 Jan 2020 03:11:32 GMT",1920,,,,,,,,,,,,,,,,,,,,,,,,,,,,,,,,,,,,,,,,,,,,,,,,,,,,,,,,
5e34d4b6f9af8b3c2f4e4332,0039,"Thu, 16 Jan 2020 02:34:40 GMT","Thu, 16 Jan 2020 04:33:40 GMT","Thu, 16 Jan 2020 04:12:15 GMT",4.953,2_39_138_29_2020-01-16 02:34:39.569534,0002,CA-304,2-39-138-29,America/Los_Angeles,000001564,300,12,40,185,"Thu, 16 Jan 2020 02:35:09 GMT",true,"Thu, 16 Jan 2020 05:39:40 GMT",1564,,,,,,,,,,,,,,,,,,,,,,,,,,,,,,,,,,,,,,,,,,,,,,,,,,,,,,,,,,,,,,,,,,,,,,,,,
5e34d4b6f9af8b3c2f4e4333,0039,"Thu, 16 Jan 2020 03:41:59 GMT","Thu, 16 Jan 2020 05:15:07 GMT","Thu, 16 Jan 2020 05:14:54 GMT",5.312,2_39_130_31_2020-01-16 03:41:58.520469,0002,CA-306,2-39-130-31,America/Los_Angeles,000004622,300,6,20,127,"Thu, 16 Jan 2020 03:42:20 GMT",true,"Thu, 16 Jan 2020 05:48:59 GMT",4622,,,,,,,,,,,,,,,,,,,,,,,,,,,,,,,,,,,,,,,,,,,,,,,,,,,,,,,,,,,,,,,,,,,,,,,,,
5e36264cf9af8b400e599118,0039,"Thu, 16 Jan 2020 15:58:16 GMT","Thu, 16 Jan 2020 17:27:07 GMT","Thu, 16 Jan 2020 16:28:35 GMT",0.822,2_39_79_380_2020-01-16 15:58:16.023063,0002,CA-489,2-39-79-380,America/Los_Angeles,,,,,,,,,,,,,,,,,,,,,,,,,,,,,,,,,,,,,,,,,,,,,,,,,,,,,,,,,,,,,,,,,,,,,,,,,,,,,,,,,,
5e36264cf9af8b400e599119,0039,"Thu, 16 Jan 2020 15:58:18 GMT","Fri, 17 Jan 2020 02:53:37 GMT","Thu, 16 Jan 2020 18:33:03 GMT",6.567,2_39_78_366_2020-01-16 15:58:17.574243,0002,CA-323,2-39-78-366,America/Los_Angeles,000003853,360,25.2,70,490,"Thu, 16 Jan 2020 15:59:05 GMT",true,"Fri, 17 Jan 2020 00:08:18 GMT",3853,,,,,,,,,,,,,,,,,,,,,,,,,,,,,,,,,,,,,,,,,,,,,,,,,,,,,,,,,,,,,,,,,,,,,,,,,
5e36264cf9af8b400e59911a,0039,"Thu, 16 Jan 2020 16:12:28 GMT","Thu, 16 Jan 2020 17:41:19 GMT","Thu, 16 Jan 2020 17:41:12 GMT",8.762,2_39_78_364_2020-01-16 16:12:27.654259,0002,CA-495,2-39-78-364,America/Los_Angeles,000000069,400,40,100,363,"Thu, 16 Jan 2020 16:12:43 GMT",true,"Thu, 16 Jan 2020 22:15:28 GMT",69,,,,,,,,,,,,,,,,,,,,,,,,,,,,,,,,,,,,,,,,,,,,,,,,,,,,,,,,,,,,,,,,,,,,,,,,,
5e36264cf9af8b400e59911b,0039,"Thu, 16 Jan 2020 16:21:28 GMT","Thu, 16 Jan 2020 21:18:12 GMT","Thu, 16 Jan 2020 18:22:22 GMT",6.945,2_39_139_28_2020-01-16 16:21:27.930521,0002,CA-303,2-39-139-28,America/Los_Angeles,000001564,300,15,50,185,"Thu, 16 Jan 2020 16:21:47 GMT",true,"Thu, 16 Jan 2020 19:26:28 GMT",1564,,,,,,,,,,,,,,,,,,,,,,,,,,,,,,,,,,,,,,,,,,,,,,,,,,,,,,,,,,,,,,,,,,,,,,,,,
5e36264cf9af8b400e59911c,0039,"Thu, 16 Jan 2020 16:23:49 GMT","Fri, 17 Jan 2020 01:22:34 GMT","Thu, 16 Jan 2020 19:47:48 GMT",20.306,2_39_89_25_2020-01-16 16:23:48.824002,0002,CA-315,2-39-89-25,America/Los_Angeles,000000431,400,28,70,361,"Thu, 16 Jan 2020 16:24:09 GMT",true,"Thu, 16 Jan 2020 22:24:49 GMT",431,,,,,,,,,,,,,,,,,,,,,,,,,,,,,,,,,,,,,,,,,,,,,,,,,,,,,,,,,,,,,,,,,,,,,,,,,
5e36264cf9af8b400e59911d,0039,"Thu, 16 Jan 2020 16:30:38 GMT","Fri, 17 Jan 2020 00:16:10 GMT","Thu, 16 Jan 2020 23:59:58 GMT",10.552,2_39_78_361_2020-01-16 16:30:37.835364,0002,CA-493,2-39-78-361,America/Los_Angeles,000001470,292,20.44,70,337,"Thu, 16 Jan 2020 16:31:42 GMT",true,"Thu, 16 Jan 2020 22:07:38 GMT",1470,,,,,,,,,,,,,,,,,,,,,,,,,,,,,,,,,,,,,,,,,,,,,,,,,,,,,,,,,,,,,,,,,,,,,,,,,
5e36264cf9af8b400e59911e,0039,"Thu, 16 Jan 2020 16:33:22 GMT","Fri, 17 Jan 2020 01:19:14 GMT","Thu, 16 Jan 2020 22:57:14 GMT",0.85,2_39_79_379_2020-01-16 16:33:22.018688,0002,CA-327,2-39-79-379,America/Los_Angeles,,,,,,,,,,,,,,,,,,,,,,,,,,,,,,,,,,,,,,,,,,,,,,,,,,,,,,,,,,,,,,,,,,,,,,,,,,,,,,,,,,
5e36264cf9af8b400e59911f,0039,"Thu, 16 Jan 2020 16:37:11 GMT","Fri, 17 Jan 2020 02:35:56 GMT","Thu, 16 Jan 2020 18:15:20 GMT",4.985,2_39_78_360_2020-01-16 16:37:11.171079,0002,CA-322,2-39-78-360,America/Los_Angeles,000002244,400,8,20,60,"Thu, 16 Jan 2020 16:37:42 GMT",true,"Thu, 16 Jan 2020 17:37:11 GMT",2244,,,,,,,,,,,,,,,,,,,,,,,,,,,,,,,,,,,,,,,,,,,,,,,,,,,,,,,,,,,,,,,,,,,,,,,,,
5e36264cf9af8b400e599120,0039,"Thu, 16 Jan 2020 16:42:58 GMT","Thu, 16 Jan 2020 17:40:11 GMT","Thu, 16 Jan 2020 17:13:14 GMT",0.832,2_39_124_558_2020-01-16 16:42:58.247242,0002,CA-504,2-39-124-558,America/Los_Angeles,,,,,,,,,,,,,,,,,,,,,,,,,,,,,,,,,,,,,,,,,,,,,,,,,,,,,,,,,,,,,,,,,,,,,,,,,,,,,,,,,,
5e36264cf9af8b400e599121,0039,"Thu, 16 Jan 2020 16:48:22 GMT","Fri, 17 Jan 2020 02:50:31 GMT","Thu, 16 Jan 2020 23:57:10 GMT",5.85,2_39_127_19_2020-01-16 16:48:21.742318,0002,CA-309,2-39-127-19,America/Los_Angeles,000000562,325,6.5,20,181,"Thu, 16 Jan 2020 16:49:40 GMT",true,"Thu, 16 Jan 2020 19:49:22 GMT",562,,,,,,,,,,,,,,,,,,,,,,,,,,,,,,,,,,,,,,,,,,,,,,,,,,,,,,,,,,,,,,,,,,,,,,,,,
5e36264cf9af8b400e599122,0039,"Thu, 16 Jan 2020 16:50:14 GMT","Fri, 17 Jan 2020 03:23:46 GMT","Thu, 16 Jan 2020 18:16:08 GMT",4.812,2_39_129_17_2020-01-16 16:50:13.848926,0002,CA-307,2-39-129-17,America/Los_Angeles,000000712,400,12,30,351,"Thu, 16 Jan 2020 16:50:24 GMT",true,"Thu, 16 Jan 2020 22:41:14 GMT",712,,,,,,,,,,,,,,,,,,,,,,,,,,,,,,,,,,,,,,,,,,,,,,,,,,,,,,,,,,,,,,,,,,,,,,,,,
5e36264cf9af8b400e599123,0039,"Thu, 16 Jan 2020 16:56:45 GMT","Fri, 17 Jan 2020 03:09:16 GMT","Thu, 16 Jan 2020 18:52:51 GMT",11.757,2_39_79_376_2020-01-16 16:56:44.913953,0002,CA-324,2-39-79-376,America/Los_Angeles,000000558,400,28,70,60,"Thu, 16 Jan 2020 16:56:49 GMT",true,"Thu, 16 Jan 2020 17:56:45 GMT",558,,,,,,,,,,,,,,,,,,,,,,,,,,,,,,,,,,,,,,,,,,,,,,,,,,,,,,,,,,,,,,,,,,,,,,,,,
5e36264cf9af8b400e599124,0039,"Thu, 16 Jan 2020 17:07:14 GMT","Thu, 16 Jan 2020 19:38:54 GMT","Thu, 16 Jan 2020 19:38:48 GMT",0.88,2_39_78_367_2020-01-16 17:07:13.770159,0002,CA-494,2-39-78-367,America/Los_Angeles,,,,,,,,,,,,,,,,,,,,,,,,,,,,,,,,,,,,,,,,,,,,,,,,,,,,,,,,,,,,,,,,,,,,,,,,,,,,,,,,,,
5e36264cf9af8b400e599125,0039,"Thu, 16 Jan 2020 17:13:29 GMT","Fri, 17 Jan 2020 02:02:58 GMT","Thu, 16 Jan 2020 18:13:18 GMT",6.65,2_39_95_27_2020-01-16 17:13:28.629160,0002,CA-319,2-39-95-27,America/Los_Angeles,000000714,400,24,60,361,"Thu, 16 Jan 2020 17:13:40 GMT",true,"Thu, 16 Jan 2020 23:14:29 GMT",714,,,,,,,,,,,,,,,,,,,,,,,,,,,,,,,,,,,,,,,,,,,,,,,,,,,,,,,,,,,,,,,,,,,,,,,,,
5e36264cf9af8b400e599126,0039,"Thu, 16 Jan 2020 17:14:41 GMT","Fri, 17 Jan 2020 03:03:29 GMT","Thu, 16 Jan 2020 21:06:47 GMT",25.643,2_39_91_437_2020-01-16 17:14:41.037654,0002,CA-317,2-39-91-437,America/Los_Angeles,000002961,400,40,100,60,"Thu, 16 Jan 2020 17:15:06 GMT",true,"Thu, 16 Jan 2020 18:14:41 GMT",2961,,,,,,,,,,,,,,,,,,,,,,,,,,,,,,,,,,,,,,,,,,,,,,,,,,,,,,,,,,,,,,,,,,,,,,,,,
5e36264cf9af8b400e599127,0039,"Thu, 16 Jan 2020 17:19:19 GMT","Thu, 16 Jan 2020 19:06:03 GMT","Thu, 16 Jan 2020 17:49:59 GMT",0.785,2_39_79_377_2020-01-16 17:19:19.230336,0002,CA-325,2-39-79-377,America/Los_Angeles,,,,,,,,,,,,,,,,,,,,,,,,,,,,,,,,,,,,,,,,,,,,,,,,,,,,,,,,,,,,,,,,,,,,,,,,,,,,,,,,,,
5e36264cf9af8b400e599128,0039,"Thu, 16 Jan 2020 17:21:01 GMT","Fri, 17 Jan 2020 01:22:10 GMT","Thu, 16 Jan 2020 18:48:01 GMT",4.124,2_39_89_439_2020-01-16 17:21:00.936109,0002,CA-501,2-39-89-439,America/Los_Angeles,000000743,400,8,20,478,"Thu, 16 Jan 2020 17:21:52 GMT",true,"Fri, 17 Jan 2020 01:19:01 GMT",743,,,,,,,,,,,,,,,,,,,,,,,,,,,,,,,,,,,,,,,,,,,,,,,,,,,,,,,,,,,,,,,,,,,,,,,,,
5e36264cf9af8b400e599129,0039,"Thu, 16 Jan 2020 17:27:29 GMT","Thu, 16 Jan 2020 22:28:41 GMT","Thu, 16 Jan 2020 22:16:12 GMT",18.314,2_39_79_378_2020-01-16 17:27:29.291137,0002,CA-326,2-39-79-378,America/Los_Angeles,000001137,400,20,50,299,"Thu, 16 Jan 2020 17:32:14 GMT",true,"Thu, 16 Jan 2020 22:26:29 GMT",1137,,,,,,,,,,,,,,,,,,,,,,,,,,,,,,,,,,,,,,,,,,,,,,,,,,,,,,,,,,,,,,,,,,,,,,,,,
5e36264cf9af8b400e59912a,0039,"Thu, 16 Jan 2020 17:28:10 GMT","Thu, 16 Jan 2020 19:48:05 GMT","Thu, 16 Jan 2020 19:47:15 GMT",3.55,2_39_130_31_2020-01-16 17:28:09.948114,0002,CA-306,2-39-130-31,America/Los_Angeles,000001912,400,20,50,362,"Thu, 16 Jan 2020 17:28:10 GMT",true,"Thu, 16 Jan 2020 23:30:10 GMT",1912,,400,20,50,493,"Thu, 16 Jan 2020 19:39:29 GMT",true,"Fri, 17 Jan 2020 01:41:10 GMT",1912,400,20,50,493,"Thu, 16 Jan 2020 19:39:41 GMT",true,"Fri, 17 Jan 2020 01:41:10 GMT",1912,400,20,50,493,"Thu, 16 Jan 2020 19:47:19 GMT",true,"Fri, 17 Jan 2020 01:41:10 GMT",1912,,,,,,,,,,,,,,,,,,,,,,,,,,,,,,,,,,,,,,,,,,,,,,,,
5e36264cf9af8b400e59912b,0039,"Thu, 16 Jan 2020 17:30:31 GMT","Fri, 17 Jan 2020 01:12:29 GMT","Fri, 17 Jan 2020 01:12:24 GMT",13.149,2_39_79_381_2020-01-16 17:30:30.810717,0002,CA-490,2-39-79-381,America/Los_Angeles,000002149,250,17.5,70,409,"Thu, 16 Jan 2020 17:30:59 GMT",true,"Fri, 17 Jan 2020 00:19:31 GMT",2149,,,,,,,,,,,,,,,,,,,,,,,,,,,,,,,,,,,,,,,,,,,,,,,,,,,,,,,,,,,,,,,,,,,,,,,,,
5e36264cf9af8b400e59912c,0039,"Thu, 16 Jan 2020 17:52:28 GMT","Thu, 16 Jan 2020 20:03:49 GMT","Thu, 16 Jan 2020 19:38:59 GMT",0.862,2_39_79_380_2020-01-16 17:52:27.675398,0002,CA-489,2-39-79-380,America/Los_Angeles,,,,,,,,,,,,,,,,,,,,,,,,,,,,,,,,,,,,,,,,,,,,,,,,,,,,,,,,,,,,,,,,,,,,,,,,,,,,,,,,,,
5e36264cf9af8b400e59912d,0039,"Thu, 16 Jan 2020 17:53:58 GMT","Fri, 17 Jan 2020 01:35:12 GMT","Thu, 16 Jan 2020 18:43:08 GMT",2.018,2_39_78_363_2020-01-16 17:53:58.295756,0002,CA-320,2-39-78-363,America/Los_Angeles,000000891,400,8,20,215,"Thu, 16 Jan 2020 17:54:02 GMT",true,"Thu, 16 Jan 2020 21:28:58 GMT",891,,,,,,,,,,,,,,,,,,,,,,,,,,,,,,,,,,,,,,,,,,,,,,,,,,,,,,,,,,,,,,,,,,,,,,,,,
5e36264cf9af8b400e59912e,0039,"Thu, 16 Jan 2020 18:08:23 GMT","Thu, 16 Jan 2020 21:58:40 GMT","Thu, 16 Jan 2020 21:05:59 GMT",15.06,2_39_91_441_2020-01-16 18:08:23.375290,0002,CA-499,2-39-91-441,America/Los_Angeles,000000362,400,24,60,236,"Thu, 16 Jan 2020 18:08:55 GMT",true,"Thu, 16 Jan 2020 22:04:23 GMT",362,,,,,,,,,,,,,,,,,,,,,,,,,,,,,,,,,,,,,,,,,,,,,,,,,,,,,,,,,,,,,,,,,,,,,,,,,
5e36264cf9af8b400e59912f,0039,"Thu, 16 Jan 2020 18:09:28 GMT","Fri, 17 Jan 2020 02:23:22 GMT","Thu, 16 Jan 2020 21:58:44 GMT",12.203,2_39_123_23_2020-01-16 18:09:28.048109,0002,CA-313,2-39-123-23,America/Los_Angeles,000002170,400,16,40,183,"Thu, 16 Jan 2020 18:09:40 GMT",true,"Thu, 16 Jan 2020 21:12:28 GMT",2170,,,,,,,,,,,,,,,,,,,,,,,,,,,,,,,,,,,,,,,,,,,,,,,,,,,,,,,,,,,,,,,,,,,,,,,,,
5e36264cf9af8b400e599130,0039,"Thu, 16 Jan 2020 18:11:37 GMT","Thu, 16 Jan 2020 22:09:15 GMT","Thu, 16 Jan 2020 19:26:09 GMT",6.941,2_39_90_26_2020-01-16 18:11:22.059798,0002,CA-316,2-39-90-26,America/Los_Angeles,000002461,400,8,20,273,"Thu, 16 Jan 2020 18:11:37 GMT",true,"Thu, 16 Jan 2020 22:44:37 GMT",2461,,,,,,,,,,,,,,,,,,,,,,,,,,,,,,,,,,,,,,,,,,,,,,,,,,,,,,,,,,,,,,,,,,,,,,,,,
5e36264cf9af8b400e599131,0039,"Thu, 16 Jan 2020 18:31:58 GMT","Fri, 17 Jan 2020 00:40:13 GMT","Thu, 16 Jan 2020 20:27:37 GMT",5.11,2_39_79_383_2020-01-16 18:31:58.271901,0002,CA-492,2-39-79-383,America/Los_Angeles,000003389,400,8,20,190,"Thu, 16 Jan 2020 18:32:30 GMT",true,"Thu, 16 Jan 2020 21:41:58 GMT",3389,,,,,,,,,,,,,,,,,,,,,,,,,,,,,,,,,,,,,,,,,,,,,,,,,,,,,,,,,,,,,,,,,,,,,,,,,
5e36264cf9af8b400e599132,0039,"Thu, 16 Jan 2020 18:37:57 GMT","Thu, 16 Jan 2020 20:15:08 GMT","Thu, 16 Jan 2020 19:08:28 GMT",0.854,2_39_78_364_2020-01-16 18:37:56.987575,0002,CA-495,2-39-78-364,America/Los_Angeles,,,,,,,,,,,,,,,,,,,,,,,,,,,,,,,,,,,,,,,,,,,,,,,,,,,,,,,,,,,,,,,,,,,,,,,,,,,,,,,,,,
5e36264cf9af8b400e599133,0039,"Thu, 16 Jan 2020 18:41:26 GMT","Thu, 16 Jan 2020 20:15:29 GMT","Thu, 16 Jan 2020 19:39:49 GMT",0.861,2_39_90_440_2020-01-16 18:41:25.982140,0002,CA-500,2-39-90-440,America/Los_Angeles,,,,,,,,,,,,,,,,,,,,,,,,,,,,,,,,,,,,,,,,,,,,,,,,,,,,,,,,,,,,,,,,,,,,,,,,,,,,,,,,,,
5e36264cf9af8b400e599134,0039,"Thu, 16 Jan 2020 18:41:57 GMT","Thu, 16 Jan 2020 22:16:31 GMT","Thu, 16 Jan 2020 20:35:53 GMT",8.389,2_39_88_24_2020-01-16 18:41:56.858985,0002,CA-314,2-39-88-24,America/Los_Angeles,000000668,425,8.5,20,455,"Thu, 16 Jan 2020 19:09:44 GMT",true,"Fri, 17 Jan 2020 02:16:57 GMT",668,,,,,,,,,,,,,,,,,,,,,,,,,,,,,,,,,,,,,,,,,,,,,,,,,,,,,,,,,,,,,,,,,,,,,,,,,
5e36264cf9af8b400e599135,0039,"Thu, 16 Jan 2020 18:43:27 GMT","Thu, 16 Jan 2020 19:30:21 GMT","Thu, 16 Jan 2020 19:30:16 GMT",4.881,2_39_124_22_2020-01-16 18:43:26.832538,0002,CA-312,2-39-124-22,America/Los_Angeles,000000300,400,32,80,638,"Thu, 16 Jan 2020 18:44:35 GMT",true,"Fri, 17 Jan 2020 05:21:27 GMT",300,,,,,,,,,,,,,,,,,,,,,,,,,,,,,,,,,,,,,,,,,,,,,,,,,,,,,,,,,,,,,,,,,,,,,,,,,
5e36264cf9af8b400e599136,0039,"Thu, 16 Jan 2020 18:50:17 GMT","Fri, 17 Jan 2020 21:00:49 GMT","Fri, 17 Jan 2020 21:01:47 GMT",2.558,2_39_78_362_2020-01-16 18:50:16.594097,0002,CA-496,2-39-78-362,America/Los_Angeles,000004913,400,20,50,720,"Thu, 16 Jan 2020 18:50:43 GMT",true,"Fri, 17 Jan 2020 06:50:17 GMT",4913,,,,,,,,,,,,,,,,,,,,,,,,,,,,,,,,,,,,,,,,,,,,,,,,,,,,,,,,,,,,,,,,,,,,,,,,,
5e36264cf9af8b400e599137,0039,"Thu, 16 Jan 2020 18:52:06 GMT","Fri, 17 Jan 2020 01:24:20 GMT","Thu, 16 Jan 2020 22:39:21 GMT",11.885,2_39_92_436_2020-01-16 18:52:06.508068,0002,CA-318,2-39-92-436,America/Los_Angeles,000001001,600,12,20,129,"Thu, 16 Jan 2020 18:52:09 GMT",true,"Thu, 16 Jan 2020 21:01:06 GMT",1001,,,,,,,,,,,,,,,,,,,,,,,,,,,,,,,,,,,,,,,,,,,,,,,,,,,,,,,,,,,,,,,,,,,,,,,,,
5e36264cf9af8b400e599138,0039,"Thu, 16 Jan 2020 19:07:54 GMT","Thu, 16 Jan 2020 23:19:07 GMT","Thu, 16 Jan 2020 23:19:02 GMT",4.158,2_39_92_442_2020-01-16 19:07:53.964496,0002,CA-498,2-39-92-442,America/Los_Angeles,000000069,400,40,100,363,"Thu, 16 Jan 2020 19:08:04 GMT",true,"Fri, 17 Jan 2020 01:10:54 GMT",69,,,,,,,,,,,,,,,,,,,,,,,,,,,,,,,,,,,,,,,,,,,,,,,,,,,,,,,,,,,,,,,,,,,,,,,,,
5e36264cf9af8b400e599139,0039,"Thu, 16 Jan 2020 19:56:20 GMT","Fri, 17 Jan 2020 02:27:49 GMT","Thu, 16 Jan 2020 23:27:55 GMT",18.674,2_39_78_367_2020-01-16 19:56:19.957336,0002,CA-494,2-39-78-367,America/Los_Angeles,000000564,231,27.72,120,562,"Thu, 16 Jan 2020 20:30:32 GMT",true,"Fri, 17 Jan 2020 05:18:20 GMT",564,,,,,,,,,,,,,,,,,,,,,,,,,,,,,,,,,,,,,,,,,,,,,,,,,,,,,,,,,,,,,,,,,,,,,,,,,
5e36264cf9af8b400e59913a,0039,"Thu, 16 Jan 2020 20:06:08 GMT","Thu, 16 Jan 2020 20:44:37 GMT","Thu, 16 Jan 2020 20:37:07 GMT",0.912,2_39_128_18_2020-01-16 20:06:08.183510,0002,CA-308,2-39-128-18,America/Los_Angeles,,,,,,,,,,,,,,,,,,,,,,,,,,,,,,,,,,,,,,,,,,,,,,,,,,,,,,,,,,,,,,,,,,,,,,,,,,,,,,,,,,
5e36264cf9af8b400e59913b,0039,"Thu, 16 Jan 2020 20:31:26 GMT","Fri, 17 Jan 2020 01:03:30 GMT","Fri, 17 Jan 2020 01:03:23 GMT",1.191,2_39_79_377_2020-01-16 20:31:25.729574,0002,CA-325,2-39-79-377,America/Los_Angeles,,,,,,,,,,,,,,,,,,,,,,,,,,,,,,,,,,,,,,,,,,,,,,,,,,,,,,,,,,,,,,,,,,,,,,,,,,,,,,,,,,
5e36264cf9af8b400e59913c,0039,"Thu, 16 Jan 2020 20:56:58 GMT","Fri, 17 Jan 2020 06:12:52 GMT","Fri, 17 Jan 2020 06:12:48 GMT",18.235,2_39_128_18_2020-01-16 20:56:57.767455,0002,CA-308,2-39-128-18,America/Los_Angeles,000000560,400,28,70,258,"Thu, 16 Jan 2020 20:57:05 GMT",true,"Fri, 17 Jan 2020 01:14:58 GMT",560,,400,32,80,258,"Thu, 16 Jan 2020 20:57:16 GMT",true,"Fri, 17 Jan 2020 01:14:58 GMT",560,,,,,,,,,,,,,,,,,,,,,,,,,,,,,,,,,,,,,,,,,,,,,,,,,,,,,,,,,,,,,,,,
5e36264cf9af8b400e59913d,0039,"Thu, 16 Jan 2020 21:04:23 GMT","Fri, 17 Jan 2020 01:06:20 GMT","Thu, 16 Jan 2020 22:56:52 GMT",0.863,2_39_79_380_2020-01-16 21:04:22.726192,0002,CA-489,2-39-79-380,America/Los_Angeles,,,,,,,,,,,,,,,,,,,,,,,,,,,,,,,,,,,,,,,,,,,,,,,,,,,,,,,,,,,,,,,,,,,,,,,,,,,,,,,,,,
5e36264cf9af8b400e59913e,0039,"Thu, 16 Jan 2020 21:12:10 GMT","Fri, 17 Jan 2020 00:21:47 GMT","Thu, 16 Jan 2020 22:37:09 GMT",4.862,2_39_90_440_2020-01-16 21:12:09.767097,0002,CA-500,2-39-90-440,America/Los_Angeles,000001091,300,9,30,139,"Thu, 16 Jan 2020 21:13:20 GMT",true,"Thu, 16 Jan 2020 23:31:10 GMT",1091,,,,,,,,,,,,,,,,,,,,,,,,,,,,,,,,,,,,,,,,,,,,,,,,,,,,,,,,,,,,,,,,,,,,,,,,,
5e36264cf9af8b400e59913f,0039,"Thu, 16 Jan 2020 21:21:29 GMT","Fri, 17 Jan 2020 00:49:14 GMT","Fri, 17 Jan 2020 00:48:26 GMT",21.544,2_39_139_28_2020-01-16 21:21:20.683421,0002,CA-303,2-39-139-28,America/Los_Angeles,000001316,400,44,110,210,"Thu, 16 Jan 2020 21:21:29 GMT",true,"Fri, 17 Jan 2020 00:51:29 GMT",1316,,,,,,,,,,,,,,,,,,,,,,,,,,,,,,,,,,,,,,,,,,,,,,,,,,,,,,,,,,,,,,,,,,,,,,,,,
5e36264cf9af8b400e599140,0039,"Thu, 16 Jan 2020 21:48:46 GMT","Fri, 17 Jan 2020 01:55:31 GMT","Thu, 16 Jan 2020 23:16:02 GMT",4.837,2_39_138_29_2020-01-16 21:48:45.862202,0002,CA-304,2-39-138-29,America/Los_Angeles,000003556,500,40,80,599,"Thu, 16 Jan 2020 21:49:10 GMT",true,"Fri, 17 Jan 2020 07:47:46 GMT",3556,,,,,,,,,,,,,,,,,,,,,,,,,,,,,,,,,,,,,,,,,,,,,,,,,,,,,,,,,,,,,,,,,,,,,,,,,
5e36264cf9af8b400e599141,0039,"Thu, 16 Jan 2020 22:15:01 GMT","Fri, 17 Jan 2020 00:30:42 GMT","Thu, 16 Jan 2020 22:56:59 GMT",0.932,2_39_91_441_2020-01-16 22:15:00.958045,0002,CA-499,2-39-91-441,America/Los_Angeles,,,,,,,,,,,,,,,,,,,,,,,,,,,,,,,,,,,,,,,,,,,,,,,,,,,,,,,,,,,,,,,,,,,,,,,,,,,,,,,,,,
5e36264cf9af8b400e599142,0039,"Thu, 16 Jan 2020 22:24:03 GMT","Fri, 17 Jan 2020 00:07:03 GMT","Thu, 16 Jan 2020 23:42:32 GMT",8.183,2_39_124_22_2020-01-16 22:24:03.432790,0002,CA-312,2-39-124-22,America/Los_Angeles,000001912,400,20,50,493,"Thu, 16 Jan 2020 22:24:05 GMT",true,"Fri, 17 Jan 2020 06:37:03 GMT",1912,,400,20,50,145,"Thu, 16 Jan 2020 22:24:35 GMT",true,"Fri, 17 Jan 2020 00:49:03 GMT",1912,,,,,,,,,,,,,,,,,,,,,,,,,,,,,,,,,,,,,,,,,,,,,,,,,,,,,,,,,,,,,,,,
5e36264cf9af8b400e599143,0039,"Thu, 16 Jan 2020 22:35:18 GMT","Fri, 17 Jan 2020 01:45:34 GMT","Thu, 16 Jan 2020 23:57:55 GMT",4.021,2_39_88_24_2020-01-16 22:35:18.438334,0002,CA-314,2-39-88-24,America/Los_Angeles,000001366,400,8,20,60,"Thu, 16 Jan 2020 22:35:35 GMT",true,"Thu, 16 Jan 2020 23:35:18 GMT",1366,,,,,,,,,,,,,,,,,,,,,,,,,,,,,,,,,,,,,,,,,,,,,,,,,,,,,,,,,,,,,,,,,,,,,,,,,
5e36264cf9af8b400e599144,0039,"Thu, 16 Jan 2020 23:56:18 GMT","Fri, 17 Jan 2020 04:10:21 GMT","Fri, 17 Jan 2020 01:11:18 GMT",3.739,2_39_90_26_2020-01-16 23:56:17.704534,0002,CA-316,2-39-90-26,America/Los_Angeles,000001920,450,13.5,30,136,"Thu, 16 Jan 2020 23:56:49 GMT",true,"Fri, 17 Jan 2020 02:12:18 GMT",1920,,450,13.5,30,136,"Thu, 16 Jan 2020 23:57:04 GMT",true,"Fri, 17 Jan 2020 02:12:18 GMT",1920,450,13.5,30,155,"Thu, 16 Jan 2020 23:57:13 GMT",true,"Fri, 17 Jan 2020 02:31:18 GMT",1920,,,,,,,,,,,,,,,,,,,,,,,,,,,,,,,,,,,,,,,,,,,,,,,,,,,,,,,,
5e36264cf9af8b400e599145,0039,"Fri, 17 Jan 2020 00:40:35 GMT","Fri, 17 Jan 2020 01:51:11 GMT","Fri, 17 Jan 2020 01:51:03 GMT",7.716,2_39_130_31_2020-01-17 00:40:34.588954,0002,CA-306,2-39-130-31,America/Los_Angeles,000004011,375,15,40,151,"Fri, 17 Jan 2020 00:41:47 GMT",true,"Fri, 17 Jan 2020 03:11:35 GMT",4011,,375,15,40,151,"Fri, 17 Jan 2020 01:50:50 GMT",true,"Fri, 17 Jan 2020 03:11:35 GMT",4011,,,,,,,,,,,,,,,,,,,,,,,,,,,,,,,,,,,,,,,,,,,,,,,,,,,,,,,,,,,,,,,,
5e36264cf9af8b400e599146,0039,"Fri, 17 Jan 2020 01:22:32 GMT","Fri, 17 Jan 2020 04:29:31 GMT","Fri, 17 Jan 2020 02:39:21 GMT",4.128,2_39_139_28_2020-01-17 01:22:31.740797,0002,CA-303,2-39-139-28,America/Los_Angeles,000000567,400,8,20,459,"Fri, 17 Jan 2020 01:22:32 GMT",true,"Fri, 17 Jan 2020 09:01:32 GMT",567,,400,8,20,100,"Fri, 17 Jan 2020 01:22:49 GMT",true,"Fri, 17 Jan 2020 03:02:32 GMT",567,,,,,,,,,,,,,,,,,,,,,,,,,,,,,,,,,,,,,,,,,,,,,,,,,,,,,,,,,,,,,,,,
5e36264cf9af8b400e599147,0039,"Fri, 17 Jan 2020 01:46:17 GMT","Fri, 17 Jan 2020 03:01:49 GMT","Fri, 17 Jan 2020 02:31:32 GMT",3.883,2_39_125_21_2020-01-17 01:46:17.215199,0002,CA-311,2-39-125-21,America/Los_Angeles,000003123,400,4,10,154,"Fri, 17 Jan 2020 01:46:21 GMT",true,"Fri, 17 Jan 2020 04:20:17 GMT",3123,,,,,,,,,,,,,,,,,,,,,,,,,,,,,,,,,,,,,,,,,,,,,,,,,,,,,,,,,,,,,,,,,,,,,,,,,
5e36264cf9af8b400e599148,0039,"Fri, 17 Jan 2020 02:13:46 GMT","Fri, 17 Jan 2020 06:09:09 GMT","Fri, 17 Jan 2020 06:09:04 GMT",13.85,2_39_131_30_2020-01-17 02:13:45.606637,0002,CA-305,2-39-131-30,America/Los_Angeles,000001108,400,20,50,258,"Fri, 17 Jan 2020 02:13:53 GMT",true,"Fri, 17 Jan 2020 06:31:46 GMT",1108,,,,,,,,,,,,,,,,,,,,,,,,,,,,,,,,,,,,,,,,,,,,,,,,,,,,,,,,,,,,,,,,,,,,,,,,,
5e36264cf9af8b400e599149,0039,"Fri, 17 Jan 2020 04:21:19 GMT","Fri, 17 Jan 2020 05:44:44 GMT","Fri, 17 Jan 2020 05:44:39 GMT",9.503,2_39_138_29_2020-01-17 04:21:19.496669,0002,CA-304,2-39-138-29,America/Los_Angeles,000001263,400,12,30,115,"Fri, 17 Jan 2020 04:22:04 GMT",true,"Fri, 17 Jan 2020 06:16:19 GMT",1263,,,,,,,,,,,,,,,,,,,,,,,,,,,,,,,,,,,,,,,,,,,,,,,,,,,,,,,,,,,,,,,,,,,,,,,,,
5e36264cf9af8b400e59914a,0039,"Fri, 17 Jan 2020 06:20:54 GMT","Fri, 17 Jan 2020 23:49:27 GMT","Fri, 17 Jan 2020 13:50:00 GMT",48.767,2_39_139_28_2020-01-17 06:20:54.028270,0002,CA-303,2-39-139-28,America/Los_Angeles,000000067,250,60,240,720,"Fri, 17 Jan 2020 06:21:12 GMT",true,"Fri, 17 Jan 2020 18:20:54 GMT",67,,,,,,,,,,,,,,,,,,,,,,,,,,,,,,,,,,,,,,,,,,,,,,,,,,,,,,,,,,,,,,,,,,,,,,,,,
5e3777b1f9af8b44146ccf73,0039,"Fri, 17 Jan 2020 14:57:46 GMT","Sat, 18 Jan 2020 01:00:53 GMT","Fri, 17 Jan 2020 16:12:37 GMT",3.628,2_39_89_25_2020-01-17 14:57:45.725587,0002,CA-315,2-39-89-25,America/Los_Angeles,000000743,400,8,20,478,"Fri, 17 Jan 2020 14:57:58 GMT",true,"Fri, 17 Jan 2020 22:55:46 GMT",743,,400,8,20,201,"Fri, 17 Jan 2020 17:20:03 GMT",true,"Fri, 17 Jan 2020 18:18:46 GMT",743,,,,,,,,,,,,,,,,,,,,,,,,,,,,,,,,,,,,,,,,,,,,,,,,,,,,,,,,,,,,,,,,
5e3777b1f9af8b44146ccf74,0039,"Fri, 17 Jan 2020 16:12:49 GMT","Fri, 17 Jan 2020 20:37:18 GMT","Fri, 17 Jan 2020 20:38:17 GMT",0.969,2_39_79_380_2020-01-17 16:12:49.454778,0002,CA-489,2-39-79-380,America/Los_Angeles,,,,,,,,,,,,,,,,,,,,,,,,,,,,,,,,,,,,,,,,,,,,,,,,,,,,,,,,,,,,,,,,,,,,,,,,,,,,,,,,,,
5e3777b1f9af8b44146ccf75,0039,"Fri, 17 Jan 2020 16:13:58 GMT","Sat, 18 Jan 2020 00:58:37 GMT","Fri, 17 Jan 2020 19:58:28 GMT",12.938,2_39_129_17_2020-01-17 16:13:50.917644,0002,CA-307,2-39-129-17,America/Los_Angeles,000004947,380,15.2,40,462,"Fri, 17 Jan 2020 16:13:58 GMT",true,"Fri, 17 Jan 2020 23:55:58 GMT",4947,,,,,,,,,,,,,,,,,,,,,,,,,,,,,,,,,,,,,,,,,,,,,,,,,,,,,,,,,,,,,,,,,,,,,,,,,
5e3777b1f9af8b44146ccf76,0039,"Fri, 17 Jan 2020 16:16:46 GMT","Sat, 18 Jan 2020 01:40:29 GMT","Sat, 18 Jan 2020 00:29:20 GMT",24.862,2_39_78_366_2020-01-17 16:16:45.851191,0002,CA-323,2-39-78-366,America/Los_Angeles,000003853,360,36,100,490,"Fri, 17 Jan 2020 16:17:00 GMT",true,"Sat, 18 Jan 2020 00:26:46 GMT",3853,,,,,,,,,,,,,,,,,,,,,,,,,,,,,,,,,,,,,,,,,,,,,,,,,,,,,,,,,,,,,,,,,,,,,,,,,
5e3777b1f9af8b44146ccf77,0039,"Fri, 17 Jan 2020 16:25:53 GMT","Fri, 17 Jan 2020 19:59:17 GMT","Fri, 17 Jan 2020 17:56:31 GMT",8.446,2_39_91_437_2020-01-17 16:25:52.871874,0002,CA-317,2-39-91-437,America/Los_Angeles,000000431,400,28,70,361,"Fri, 17 Jan 2020 16:26:11 GMT",true,"Fri, 17 Jan 2020 22:26:53 GMT",431,,,,,,,,,,,,,,,,,,,,,,,,,,,,,,,,,,,,,,,,,,,,,,,,,,,,,,,,,,,,,,,,,,,,,,,,,
5e3777b1f9af8b44146ccf78,0039,"Fri, 17 Jan 2020 16:31:38 GMT","Sat, 18 Jan 2020 00:45:18 GMT","Sat, 18 Jan 2020 00:15:43 GMT",5.695,2_39_78_365_2020-01-17 16:31:38.214991,0002,CA-321,2-39-78-365,America/Los_Angeles,000000634,300,6,20,454,"Fri, 17 Jan 2020 16:32:06 GMT",true,"Sat, 18 Jan 2020 00:05:38 GMT",634,,,,,,,,,,,,,,,,,,,,,,,,,,,,,,,,,,,,,,,,,,,,,,,,,,,,,,,,,,,,,,,,,,,,,,,,,
5e3777b1f9af8b44146ccf79,0039,"Fri, 17 Jan 2020 16:32:09 GMT","Sat, 18 Jan 2020 01:19:09 GMT","Fri, 17 Jan 2020 16:58:53 GMT",1.632,2_39_79_379_2020-01-17 16:32:09.250848,0002,CA-327,2-39-79-379,America/Los_Angeles,000000751,400,40,100,590,"Fri, 17 Jan 2020 16:33:02 GMT",true,"Sat, 18 Jan 2020 02:22:09 GMT",751,,,,,,,,,,,,,,,,,,,,,,,,,,,,,,,,,,,,,,,,,,,,,,,,,,,,,,,,,,,,,,,,,,,,,,,,,
5e3777b1f9af8b44146ccf7a,0039,"Fri, 17 Jan 2020 16:34:12 GMT","Fri, 17 Jan 2020 16:47:24 GMT","Fri, 17 Jan 2020 16:47:23 GMT",1.33,2_39_78_361_2020-01-17 16:34:11.787807,0002,CA-493,2-39-78-361,America/Los_Angeles,000001470,292,23.36,80,418,"Fri, 17 Jan 2020 16:34:18 GMT",true,"Fri, 17 Jan 2020 23:32:12 GMT",1470,,,,,,,,,,,,,,,,,,,,,,,,,,,,,,,,,,,,,,,,,,,,,,,,,,,,,,,,,,,,,,,,,,,,,,,,,
5e3777b1f9af8b44146ccf7b,0039,"Fri, 17 Jan 2020 16:35:25 GMT","Sat, 18 Jan 2020 02:25:08 GMT","Fri, 17 Jan 2020 17:17:30 GMT",1.782,2_39_138_29_2020-01-17 16:35:24.696274,0002,CA-304,2-39-138-29,America/Los_Angeles,000001366,400,8,20,60,"Fri, 17 Jan 2020 16:35:47 GMT",true,"Fri, 17 Jan 2020 17:35:25 GMT",1366,,,,,,,,,,,,,,,,,,,,,,,,,,,,,,,,,,,,,,,,,,,,,,,,,,,,,,,,,,,,,,,,,,,,,,,,,
5e3777b1f9af8b44146ccf7c,0039,"Fri, 17 Jan 2020 16:46:04 GMT","Fri, 17 Jan 2020 20:13:37 GMT","Fri, 17 Jan 2020 18:28:51 GMT",5.236,2_39_127_19_2020-01-17 16:46:04.378536,0002,CA-309,2-39-127-19,America/Los_Angeles,000000562,325,6.5,20,181,"Fri, 17 Jan 2020 16:46:45 GMT",true,"Fri, 17 Jan 2020 19:47:04 GMT",562,,,,,,,,,,,,,,,,,,,,,,,,,,,,,,,,,,,,,,,,,,,,,,,,,,,,,,,,,,,,,,,,,,,,,,,,,
5e3777b1f9af8b44146ccf7d,0039,"Fri, 17 Jan 2020 17:04:51 GMT","Fri, 17 Jan 2020 22:27:38 GMT","Fri, 17 Jan 2020 22:28:35 GMT",0.905,2_39_78_361_2020-01-17 17:04:51.215510,0002,CA-493,2-39-78-361,America/Los_Angeles,000001470,292,23.36,80,259,"Fri, 17 Jan 2020 22:27:20 GMT",true,"Fri, 17 Jan 2020 21:23:51 GMT",1470,,,,,,,,,,,,,,,,,,,,,,,,,,,,,,,,,,,,,,,,,,,,,,,,,,,,,,,,,,,,,,,,,,,,,,,,,
5e3777b1f9af8b44146ccf7e,0039,"Fri, 17 Jan 2020 17:05:09 GMT","Sat, 18 Jan 2020 02:23:25 GMT","Fri, 17 Jan 2020 22:22:53 GMT",20.449,2_39_79_378_2020-01-17 17:05:08.685531,0002,CA-326,2-39-79-378,America/Los_Angeles,000000564,231,20.79,90,562,"Fri, 17 Jan 2020 17:05:40 GMT",true,"Sat, 18 Jan 2020 02:27:09 GMT",564,,231,27.72,120,568,"Fri, 17 Jan 2020 17:14:00 GMT",true,"Sat, 18 Jan 2020 02:33:09 GMT",564,,,,,,,,,,,,,,,,,,,,,,,,,,,,,,,,,,,,,,,,,,,,,,,,,,,,,,,,,,,,,,,,
5e3777b1f9af8b44146ccf7f,0039,"Fri, 17 Jan 2020 17:08:12 GMT","Sat, 18 Jan 2020 01:10:25 GMT","Fri, 17 Jan 2020 19:38:08 GMT",7.747,2_39_126_20_2020-01-17 17:08:12.035271,0002,CA-310,2-39-126-20,America/Los_Angeles,000000620,400,12,30,445,"Fri, 17 Jan 2020 17:08:44 GMT",true,"Sat, 18 Jan 2020 00:33:12 GMT",620,,,,,,,,,,,,,,,,,,,,,,,,,,,,,,,,,,,,,,,,,,,,,,,,,,,,,,,,,,,,,,,,,,,,,,,,,
5e3777b1f9af8b44146ccf80,0039,"Fri, 17 Jan 2020 17:14:19 GMT","Sat, 18 Jan 2020 02:07:06 GMT","Fri, 17 Jan 2020 22:33:47 GMT",15.179,2_39_78_363_2020-01-17 17:14:19.446690,0002,CA-320,2-39-78-363,America/Los_Angeles,000000714,400,24,60,361,"Fri, 17 Jan 2020 17:14:58 GMT",true,"Fri, 17 Jan 2020 23:15:19 GMT",714,,,,,,,,,,,,,,,,,,,,,,,,,,,,,,,,,,,,,,,,,,,,,,,,,,,,,,,,,,,,,,,,,,,,,,,,,
5e3777b1f9af8b44146ccf81,0039,"Fri, 17 Jan 2020 17:25:24 GMT","Sat, 18 Jan 2020 01:31:10 GMT","Fri, 17 Jan 2020 22:29:33 GMT",17.764,2_39_92_436_2020-01-17 17:25:08.610068,0002,CA-318,2-39-92-436,America/Los_Angeles,000002961,400,40,100,60,"Fri, 17 Jan 2020 17:25:24 GMT",true,"Fri, 17 Jan 2020 18:25:24 GMT",2961,,,,,,,,,,,,,,,,,,,,,,,,,,,,,,,,,,,,,,,,,,,,,,,,,,,,,,,,,,,,,,,,,,,,,,,,,
5e3777b1f9af8b44146ccf82,0039,"Fri, 17 Jan 2020 17:34:47 GMT","Sat, 18 Jan 2020 01:17:45 GMT","Sat, 18 Jan 2020 01:17:40 GMT",11.171,2_39_79_382_2020-01-17 17:34:47.009518,0002,CA-491,2-39-79-382,America/Los_Angeles,000002149,250,15,60,435,"Fri, 17 Jan 2020 17:35:13 GMT",true,"Sat, 18 Jan 2020 00:49:47 GMT",2149,,,,,,,,,,,,,,,,,,,,,,,,,,,,,,,,,,,,,,,,,,,,,,,,,,,,,,,,,,,,,,,,,,,,,,,,,
5e3777b1f9af8b44146ccf83,0039,"Fri, 17 Jan 2020 17:44:40 GMT","Sat, 18 Jan 2020 01:53:34 GMT","Fri, 17 Jan 2020 19:01:14 GMT",3.69,2_39_128_18_2020-01-17 17:44:39.824714,0002,CA-308,2-39-128-18,America/Los_Angeles,000000567,400,8,20,100,"Fri, 17 Jan 2020 17:44:59 GMT",true,"Fri, 17 Jan 2020 19:24:40 GMT",567,,,,,,,,,,,,,,,,,,,,,,,,,,,,,,,,,,,,,,,,,,,,,,,,,,,,,,,,,,,,,,,,,,,,,,,,,
5e3777b1f9af8b44146ccf84,0039,"Fri, 17 Jan 2020 17:46:50 GMT","Fri, 17 Jan 2020 20:47:51 GMT","Fri, 17 Jan 2020 19:55:41 GMT",6.289,2_39_125_21_2020-01-17 17:46:28.873086,0002,CA-311,2-39-125-21,America/Los_Angeles,000005594,360,9,25,235,"Fri, 17 Jan 2020 17:46:49 GMT",true,"Fri, 17 Jan 2020 21:41:50 GMT",5594,,360,9,25,235,"Fri, 17 Jan 2020 17:47:44 GMT",true,"Fri, 17 Jan 2020 21:41:50 GMT",5594,360,9,25,254,"Fri, 17 Jan 2020 18:08:38 GMT",true,"Fri, 17 Jan 2020 22:00:50 GMT",5594,360,9,25,266,"Fri, 17 Jan 2020 18:17:39 GMT",true,"Fri, 17 Jan 2020 22:12:50 GMT",5594,360,9,25,277,"Fri, 17 Jan 2020 18:29:32 GMT",true,"Fri, 17 Jan 2020 22:23:50 GMT",5594,360,9,25,132,"Fri, 17 Jan 2020 18:59:00 GMT",true,"Fri, 17 Jan 2020 19:58:50 GMT",5594,360,9,25,149,"Fri, 17 Jan 2020 19:16:20 GMT",true,"Fri, 17 Jan 2020 20:15:50 GMT",5594,360,9,25,156,"Fri, 17 Jan 2020 19:53:08 GMT",true,"Fri, 17 Jan 2020 20:22:50 GMT",5594,360,9,25,208,"Fri, 17 Jan 2020 20:15:07 GMT",true,"Fri, 17 Jan 2020 21:14:50 GMT",5594,360,9,25,209,"Fri, 17 Jan 2020 20:15:43 GMT",true,"Fri, 17 Jan 2020 21:15:50 GMT",5594
5e3777b1f9af8b44146ccf85,0039,"Fri, 17 Jan 2020 17:48:14 GMT","Sat, 18 Jan 2020 01:20:28 GMT","Fri, 17 Jan 2020 22:24:38 GMT",12.955,2_39_78_364_2020-01-17 17:48:13.929312,0002,CA-495,2-39-78-364,America/Los_Angeles,000000069,400,40,100,363,"Fri, 17 Jan 2020 17:48:32 GMT",true,"Fri, 17 Jan 2020 23:51:14 GMT",69,,,,,,,,,,,,,,,,,,,,,,,,,,,,,,,,,,,,,,,,,,,,,,,,,,,,,,,,,,,,,,,,,,,,,,,,,
5e3777b1f9af8b44146ccf86,0039,"Fri, 17 Jan 2020 17:48:19 GMT","Sat, 18 Jan 2020 03:13:45 GMT","Fri, 17 Jan 2020 20:11:13 GMT",11.834,2_39_78_360_2020-01-17 17:48:18.972821,0002,CA-322,2-39-78-360,America/Los_Angeles,000000558,400,28,70,60,"Fri, 17 Jan 2020 17:48:24 GMT",true,"Fri, 17 Jan 2020 18:48:19 GMT",558,,,,,,,,,,,,,,,,,,,,,,,,,,,,,,,,,,,,,,,,,,,,,,,,,,,,,,,,,,,,,,,,,,,,,,,,,
5e3777b1f9af8b44146ccf87,0039,"Fri, 17 Jan 2020 17:50:24 GMT","Fri, 17 Jan 2020 23:50:30 GMT","Fri, 17 Jan 2020 22:37:03 GMT",20.497,2_39_79_376_2020-01-17 17:50:23.780926,0002,CA-324,2-39-79-376,America/Los_Angeles,000000515,400,32,80,144,"Fri, 17 Jan 2020 17:52:14 GMT",true,"Fri, 17 Jan 2020 20:14:24 GMT",515,,400,32,80,144,"Fri, 17 Jan 2020 17:52:33 GMT",true,"Fri, 17 Jan 2020 20:14:24 GMT",515,400,32,80,338,"Fri, 17 Jan 2020 17:53:35 GMT",true,"Fri, 17 Jan 2020 23:28:24 GMT",515,400,32,80,339,"Fri, 17 Jan 2020 17:53:59 GMT",true,"Fri, 17 Jan 2020 23:29:24 GMT",515,,,,,,,,,,,,,,,,,,,,,,,,,,,,,,,,,,,,,,,,,,,,,,,,
5e3777b1f9af8b44146ccf88,0039,"Fri, 17 Jan 2020 17:50:57 GMT","Sat, 18 Jan 2020 01:28:47 GMT","Fri, 17 Jan 2020 19:46:16 GMT",11.761,2_39_79_377_2020-01-17 17:50:56.957473,0002,CA-325,2-39-79-377,America/Los_Angeles,000001274,400,16,40,171,"Fri, 17 Jan 2020 17:52:06 GMT",true,"Fri, 17 Jan 2020 20:41:57 GMT",1274,,,,,,,,,,,,,,,,,,,,,,,,,,,,,,,,,,,,,,,,,,,,,,,,,,,,,,,,,,,,,,,,,,,,,,,,,
5e3777b1f9af8b44146ccf89,0039,"Fri, 17 Jan 2020 18:08:23 GMT","Sat, 18 Jan 2020 01:54:11 GMT","Fri, 17 Jan 2020 20:41:05 GMT",8.062,2_39_95_27_2020-01-17 18:08:23.376343,0002,CA-319,2-39-95-27,America/Los_Angeles,000002170,400,20,50,183,"Fri, 17 Jan 2020 18:08:39 GMT",true,"Fri, 17 Jan 2020 21:11:23 GMT",2170,,,,,,,,,,,,,,,,,,,,,,,,,,,,,,,,,,,,,,,,,,,,,,,,,,,,,,,,,,,,,,,,,,,,,,,,,
5e3777b1f9af8b44146ccf8a,0039,"Fri, 17 Jan 2020 18:12:48 GMT","Sat, 18 Jan 2020 01:58:07 GMT","Fri, 17 Jan 2020 20:17:34 GMT",11.874,2_39_92_442_2020-01-17 18:12:47.553393,0002,CA-498,2-39-92-442,America/Los_Angeles,000001095,400,16,40,444,"Fri, 17 Jan 2020 18:13:03 GMT",true,"Sat, 18 Jan 2020 01:36:48 GMT",1095,,,,,,,,,,,,,,,,,,,,,,,,,,,,,,,,,,,,,,,,,,,,,,,,,,,,,,,,,,,,,,,,,,,,,,,,,
5e3777b1f9af8b44146ccf8b,0039,"Fri, 17 Jan 2020 18:29:05 GMT","Fri, 17 Jan 2020 21:53:26 GMT","Fri, 17 Jan 2020 21:36:23 GMT",19.884,2_39_91_441_2020-01-17 18:29:05.043699,0002,CA-499,2-39-91-441,America/Los_Angeles,000000832,400,20,50,199,"Fri, 17 Jan 2020 18:30:00 GMT",true,"Fri, 17 Jan 2020 21:48:05 GMT",832,,,,,,,,,,,,,,,,,,,,,,,,,,,,,,,,,,,,,,,,,,,,,,,,,,,,,,,,,,,,,,,,,,,,,,,,,
5e3777b1f9af8b44146ccf8c,0039,"Fri, 17 Jan 2020 20:37:37 GMT","Fri, 17 Jan 2020 21:15:51 GMT","Fri, 17 Jan 2020 21:07:58 GMT",0.808,2_39_79_380_2020-01-17 20:37:37.509183,0002,CA-489,2-39-79-380,America/Los_Angeles,,,,,,,,,,,,,,,,,,,,,,,,,,,,,,,,,,,,,,,,,,,,,,,,,,,,,,,,,,,,,,,,,,,,,,,,,,,,,,,,,,
5e3777b1f9af8b44146ccf8d,0039,"Fri, 17 Jan 2020 21:07:47 GMT","Fri, 17 Jan 2020 23:57:38 GMT","Fri, 17 Jan 2020 22:16:56 GMT",1.798,2_39_91_437_2020-01-17 21:07:46.515869,0002,CA-317,2-39-91-437,America/Los_Angeles,000000560,400,12,30,258,"Fri, 17 Jan 2020 21:08:01 GMT",true,"Sat, 18 Jan 2020 01:25:47 GMT",560,,,,,,,,,,,,,,,,,,,,,,,,,,,,,,,,,,,,,,,,,,,,,,,,,,,,,,,,,,,,,,,,,,,,,,,,,
5e3777b1f9af8b44146ccf8e,0039,"Fri, 17 Jan 2020 21:10:12 GMT","Sat, 18 Jan 2020 02:41:21 GMT","Fri, 17 Jan 2020 23:06:46 GMT",6.345,2_39_90_26_2020-01-17 21:10:11.605341,0002,CA-316,2-39-90-26,America/Los_Angeles,000001124,400,8,20,60,"Fri, 17 Jan 2020 21:10:25 GMT",true,"Fri, 17 Jan 2020 22:10:12 GMT",1124,,,,,,,,,,,,,,,,,,,,,,,,,,,,,,,,,,,,,,,,,,,,,,,,,,,,,,,,,,,,,,,,,,,,,,,,,
5e3777b1f9af8b44146ccf8f,0039,"Fri, 17 Jan 2020 22:27:43 GMT","Sat, 18 Jan 2020 00:47:03 GMT","Sat, 18 Jan 2020 00:30:17 GMT",10.541,2_39_78_361_2020-01-17 22:27:42.863588,0002,CA-493,2-39-78-361,America/Los_Angeles,000001470,292,23.36,80,224,"Fri, 17 Jan 2020 22:28:23 GMT",true,"Sat, 18 Jan 2020 02:11:43 GMT",1470,,,,,,,,,,,,,,,,,,,,,,,,,,,,,,,,,,,,,,,,,,,,,,,,,,,,,,,,,,,,,,,,,,,,,,,,,
5e3777b1f9af8b44146ccf90,0039,"Sat, 18 Jan 2020 00:41:20 GMT","Sat, 18 Jan 2020 02:32:20 GMT","Sat, 18 Jan 2020 01:12:00 GMT",0.896,2_39_139_28_2020-01-18 00:41:20.198903,0002,CA-303,2-39-139-28,America/Los_Angeles,,,,,,,,,,,,,,,,,,,,,,,,,,,,,,,,,,,,,,,,,,,,,,,,,,,,,,,,,,,,,,,,,,,,,,,,,,,,,,,,,,
5e3777b1f9af8b44146ccf91,0039,"Sat, 18 Jan 2020 01:16:25 GMT","Sat, 18 Jan 2020 01:40:43 GMT","Sat, 18 Jan 2020 01:40:35 GMT",1.39,2_39_129_17_2020-01-18 01:16:25.109731,0002,CA-307,2-39-129-17,America/Los_Angeles,000005368,400,8,20,60,"Sat, 18 Jan 2020 01:18:20 GMT",true,"Sat, 18 Jan 2020 02:16:25 GMT",5368,,,,,,,,,,,,,,,,,,,,,,,,,,,,,,,,,,,,,,,,,,,,,,,,,,,,,,,,,,,,,,,,,,,,,,,,,
5e3777b1f9af8b44146ccf92,0039,"Sat, 18 Jan 2020 01:22:55 GMT","Sat, 18 Jan 2020 03:09:34 GMT","Sat, 18 Jan 2020 02:00:48 GMT",1.779,2_39_127_19_2020-01-18 01:22:54.568745,0002,CA-309,2-39-127-19,America/Los_Angeles,000000562,325,3.25,10,105,"Sat, 18 Jan 2020 01:23:32 GMT",true,"Sat, 18 Jan 2020 03:07:55 GMT",562,,,,,,,,,,,,,,,,,,,,,,,,,,,,,,,,,,,,,,,,,,,,,,,,,,,,,,,,,,,,,,,,,,,,,,,,,
5e3777b1f9af8b44146ccf93,0039,"Sat, 18 Jan 2020 03:25:06 GMT","Sat, 18 Jan 2020 19:28:47 GMT","Sat, 18 Jan 2020 14:37:10 GMT",39.954,2_39_79_377_2020-01-18 03:25:06.143177,0002,CA-325,2-39-79-377,America/Los_Angeles,000001509,400,40,100,658,"Sat, 18 Jan 2020 03:27:46 GMT",true,"Sat, 18 Jan 2020 14:23:06 GMT",1509,,,,,,,,,,,,,,,,,,,,,,,,,,,,,,,,,,,,,,,,,,,,,,,,,,,,,,,,,,,,,,,,,,,,,,,,,
5e38c91bf9af8b483237e296,0039,"Sat, 18 Jan 2020 18:34:03 GMT","Sat, 18 Jan 2020 18:59:12 GMT","Sat, 18 Jan 2020 18:58:56 GMT",0.64,2_39_128_18_2020-01-18 18:34:02.793274,0002,CA-308,2-39-128-18,America/Los_Angeles,,,,,,,,,,,,,,,,,,,,,,,,,,,,,,,,,,,,,,,,,,,,,,,,,,,,,,,,,,,,,,,,,,,,,,,,,,,,,,,,,,
5e38c91bf9af8b483237e297,0039,"Sat, 18 Jan 2020 18:48:29 GMT","Sat, 18 Jan 2020 21:06:04 GMT","Sat, 18 Jan 2020 20:09:58 GMT",3.959,2_39_89_25_2020-01-18 18:48:29.195003,0002,CA-315,2-39-89-25,America/Los_Angeles,000000743,400,8,20,86,"Sat, 18 Jan 2020 18:48:44 GMT",true,"Sat, 18 Jan 2020 20:14:29 GMT",743,,,,,,,,,,,,,,,,,,,,,,,,,,,,,,,,,,,,,,,,,,,,,,,,,,,,,,,,,,,,,,,,,,,,,,,,,
5e38c91bf9af8b483237e298,0039,"Sat, 18 Jan 2020 20:19:49 GMT","Sat, 18 Jan 2020 22:17:14 GMT","Sat, 18 Jan 2020 22:14:24 GMT",5.862,2_39_127_19_2020-01-18 20:19:48.669500,0002,CA-309,2-39-127-19,America/Los_Angeles,000004622,300,6,20,129,"Sat, 18 Jan 2020 20:19:58 GMT",true,"Sat, 18 Jan 2020 22:28:49 GMT",4622,,300,6,20,129,"Sat, 18 Jan 2020 20:20:10 GMT",true,"Sat, 18 Jan 2020 22:28:49 GMT",4622,,,,,,,,,,,,,,,,,,,,,,,,,,,,,,,,,,,,,,,,,,,,,,,,,,,,,,,,,,,,,,,,
5e38c91bf9af8b483237e299,0039,"Sat, 18 Jan 2020 22:43:59 GMT","Sat, 18 Jan 2020 23:17:36 GMT","Sat, 18 Jan 2020 23:14:22 GMT",0.903,2_39_127_19_2020-01-18 22:43:58.512562,0002,CA-309,2-39-127-19,America/Los_Angeles,,,,,,,,,,,,,,,,,,,,,,,,,,,,,,,,,,,,,,,,,,,,,,,,,,,,,,,,,,,,,,,,,,,,,,,,,,,,,,,,,,
5e38c91bf9af8b483237e29a,0039,"Sat, 18 Jan 2020 23:31:24 GMT","Sun, 19 Jan 2020 01:41:42 GMT","Sun, 19 Jan 2020 01:09:58 GMT",5.122,2_39_129_17_2020-01-18 23:31:23.843017,0002,CA-307,2-39-129-17,America/Los_Angeles,000001920,450,13.5,30,155,"Sat, 18 Jan 2020 23:31:57 GMT",true,"Sun, 19 Jan 2020 02:06:24 GMT",1920,,450,13.5,30,155,"Sat, 18 Jan 2020 23:32:12 GMT",true,"Sun, 19 Jan 2020 02:06:24 GMT",1920,,,,,,,,,,,,,,,,,,,,,,,,,,,,,,,,,,,,,,,,,,,,,,,,,,,,,,,,,,,,,,,,
5e3a1a9ef9af8b4c0698288e,0039,"Sun, 19 Jan 2020 10:00:05 GMT","Sun, 19 Jan 2020 17:03:51 GMT","Sun, 19 Jan 2020 11:51:32 GMT",5.761,2_39_138_29_2020-01-19 10:00:05.502046,0002,CA-304,2-39-138-29,America/Los_Angeles,000001366,400,8,20,60,"Sun, 19 Jan 2020 10:00:20 GMT",true,"Sun, 19 Jan 2020 11:00:05 GMT",1366,,,,,,,,,,,,,,,,,,,,,,,,,,,,,,,,,,,,,,,,,,,,,,,,,,,,,,,,,,,,,,,,,,,,,,,,,
5e3a1a9ef9af8b4c0698288f,0039,"Sun, 19 Jan 2020 18:22:12 GMT","Sun, 19 Jan 2020 20:06:18 GMT","Sun, 19 Jan 2020 20:00:07 GMT",4.848,2_39_89_25_2020-01-19 18:22:11.650855,0002,CA-315,2-39-89-25,America/Los_Angeles,000000743,400,8,20,48,"Sun, 19 Jan 2020 18:22:55 GMT",true,"Sun, 19 Jan 2020 19:10:12 GMT",743,,,,,,,,,,,,,,,,,,,,,,,,,,,,,,,,,,,,,,,,,,,,,,,,,,,,,,,,,,,,,,,,,,,,,,,,,
5e3a1a9ef9af8b4c06982890,0039,"Sun, 19 Jan 2020 20:48:12 GMT","Sun, 19 Jan 2020 23:33:23 GMT","Sun, 19 Jan 2020 23:33:18 GMT",9.755,2_39_89_25_2020-01-19 20:48:11.876833,0002,CA-315,2-39-89-25,America/Los_Angeles,000001108,400,20,50,174,"Sun, 19 Jan 2020 20:48:16 GMT",true,"Sun, 19 Jan 2020 23:42:12 GMT",1108,,400,20,50,204,"Sun, 19 Jan 2020 23:26:32 GMT",true,"Mon, 20 Jan 2020 00:12:12 GMT",1108,,,,,,,,,,,,,,,,,,,,,,,,,,,,,,,,,,,,,,,,,,,,,,,,,,,,,,,,,,,,,,,,
5e3a1a9ef9af8b4c06982891,0039,"Sun, 19 Jan 2020 21:48:01 GMT","Mon, 20 Jan 2020 01:52:56 GMT","Sun, 19 Jan 2020 23:53:54 GMT",6.491,2_39_95_27_2020-01-19 21:47:19.093548,0002,CA-319,2-39-95-27,America/Los_Angeles,000005594,360,7.2,20,210,"Sun, 19 Jan 2020 21:48:01 GMT",true,"Mon, 20 Jan 2020 01:18:01 GMT",5594,,360,7.2,20,65,"Sun, 19 Jan 2020 23:19:59 GMT",true,"Sun, 19 Jan 2020 22:53:01 GMT",5594,,,,,,,,,,,,,,,,,,,,,,,,,,,,,,,,,,,,,,,,,,,,,,,,,,,,,,,,,,,,,,,,
5e3a1a9ef9af8b4c06982892,0039,"Mon, 20 Jan 2020 01:12:18 GMT","Mon, 20 Jan 2020 02:57:32 GMT","Mon, 20 Jan 2020 02:57:27 GMT",10.846,2_39_126_20_2020-01-20 01:11:58.680907,0002,CA-310,2-39-126-20,America/Los_Angeles,000001099,400,28,70,138,"Mon, 20 Jan 2020 01:12:18 GMT",true,"Mon, 20 Jan 2020 03:30:18 GMT",1099,,,,,,,,,,,,,,,,,,,,,,,,,,,,,,,,,,,,,,,,,,,,,,,,,,,,,,,,,,,,,,,,,,,,,,,,,
5e3a1a9ef9af8b4c06982893,0039,"Mon, 20 Jan 2020 02:07:23 GMT","Mon, 20 Jan 2020 02:38:55 GMT","Mon, 20 Jan 2020 02:39:53 GMT",0.884,2_39_131_30_2020-01-20 02:07:23.012435,0002,CA-305,2-39-131-30,America/Los_Angeles,,,,,,,,,,,,,,,,,,,,,,,,,,,,,,,,,,,,,,,,,,,,,,,,,,,,,,,,,,,,,,,,,,,,,,,,,,,,,,,,,,
5e3a1a9ef9af8b4c06982894,0039,"Mon, 20 Jan 2020 04:24:19 GMT","Tue, 21 Jan 2020 01:24:06 GMT","Mon, 20 Jan 2020 14:53:01 GMT",0.989,2_39_131_30_2020-01-20 04:24:19.359783,0002,CA-305,2-39-131-30,America/Los_Angeles,,,,,,,,,,,,,,,,,,,,,,,,,,,,,,,,,,,,,,,,,,,,,,,,,,,,,,,,,,,,,,,,,,,,,,,,,,,,,,,,,,
5e3b6c1ef9af8b51c8775738,0039,"Mon, 20 Jan 2020 17:11:24 GMT","Mon, 20 Jan 2020 18:33:18 GMT","Mon, 20 Jan 2020 18:27:58 GMT",7.868,2_39_139_28_2020-01-20 17:11:24.084193,0002,CA-303,2-39-139-28,America/Los_Angeles,000000818,400,8,20,97,"Mon, 20 Jan 2020 17:12:43 GMT",true,"Mon, 20 Jan 2020 18:48:24 GMT",818,,,,,,,,,,,,,,,,,,,,,,,,,,,,,,,,,,,,,,,,,,,,,,,,,,,,,,,,,,,,,,,,,,,,,,,,,
5e3b6c1ef9af8b51c8775739,0039,"Mon, 20 Jan 2020 17:12:54 GMT","Mon, 20 Jan 2020 21:03:37 GMT","Mon, 20 Jan 2020 17:43:21 GMT",0.837,2_39_79_379_2020-01-20 17:12:53.559105,0002,CA-327,2-39-79-379,America/Los_Angeles,,,,,,,,,,,,,,,,,,,,,,,,,,,,,,,,,,,,,,,,,,,,,,,,,,,,,,,,,,,,,,,,,,,,,,,,,,,,,,,,,,
5e3b6c1ef9af8b51c877573a,0039,"Mon, 20 Jan 2020 17:29:13 GMT","Tue, 21 Jan 2020 00:31:47 GMT","Tue, 21 Jan 2020 00:31:43 GMT",47.603,2_39_138_29_2020-01-20 17:29:12.542096,0002,CA-304,2-39-138-29,America/Los_Angeles,000003424,295,59,200,484,"Mon, 20 Jan 2020 17:29:35 GMT",true,"Tue, 21 Jan 2020 01:33:13 GMT",3424,,,,,,,,,,,,,,,,,,,,,,,,,,,,,,,,,,,,,,,,,,,,,,,,,,,,,,,,,,,,,,,,,,,,,,,,,
5e3b6c1ef9af8b51c877573b,0039,"Mon, 20 Jan 2020 17:49:24 GMT","Tue, 21 Jan 2020 01:21:24 GMT","Mon, 20 Jan 2020 18:19:32 GMT",0.823,2_39_83_386_2020-01-20 17:49:23.897339,0002,CA-212,2-39-83-386,America/Los_Angeles,,,,,,,,,,,,,,,,,,,,,,,,,,,,,,,,,,,,,,,,,,,,,,,,,,,,,,,,,,,,,,,,,,,,,,,,,,,,,,,,,,
5e3b6c1ef9af8b51c877573c,0039,"Mon, 20 Jan 2020 18:01:49 GMT","Mon, 20 Jan 2020 19:15:58 GMT","Mon, 20 Jan 2020 18:51:24 GMT",4.279,2_39_129_17_2020-01-20 18:01:49.236574,0002,CA-307,2-39-129-17,America/Los_Angeles,000000798,400,8,20,78,"Mon, 20 Jan 2020 18:02:24 GMT",true,"Mon, 20 Jan 2020 19:19:49 GMT",798,,,,,,,,,,,,,,,,,,,,,,,,,,,,,,,,,,,,,,,,,,,,,,,,,,,,,,,,,,,,,,,,,,,,,,,,,
5e3b6c1ef9af8b51c877573d,0039,"Mon, 20 Jan 2020 18:37:18 GMT","Tue, 21 Jan 2020 00:48:00 GMT","Mon, 20 Jan 2020 19:07:58 GMT",0.846,2_39_127_19_2020-01-20 18:37:18.119888,0002,CA-309,2-39-127-19,America/Los_Angeles,,,,,,,,,,,,,,,,,,,,,,,,,,,,,,,,,,,,,,,,,,,,,,,,,,,,,,,,,,,,,,,,,,,,,,,,,,,,,,,,,,
5e3b6c1ef9af8b51c877573e,0039,"Mon, 20 Jan 2020 18:48:48 GMT","Mon, 20 Jan 2020 20:45:11 GMT","Mon, 20 Jan 2020 19:19:16 GMT",0.892,2_39_139_28_2020-01-20 18:48:48.090790,0002,CA-303,2-39-139-28,America/Los_Angeles,,,,,,,,,,,,,,,,,,,,,,,,,,,,,,,,,,,,,,,,,,,,,,,,,,,,,,,,,,,,,,,,,,,,,,,,,,,,,,,,,,
5e3b6c1ef9af8b51c877573f,0039,"Tue, 21 Jan 2020 00:31:02 GMT","Tue, 21 Jan 2020 02:18:29 GMT","Tue, 21 Jan 2020 01:37:57 GMT",3.287,2_39_129_17_2020-01-21 00:31:02.350701,0002,CA-307,2-39-129-17,America/Los_Angeles,000001920,450,13.5,30,155,"Tue, 21 Jan 2020 00:31:18 GMT",true,"Tue, 21 Jan 2020 03:06:02 GMT",1920,,450,13.5,30,155,"Tue, 21 Jan 2020 00:31:26 GMT",true,"Tue, 21 Jan 2020 03:06:02 GMT",1920,450,13.5,30,130,"Tue, 21 Jan 2020 00:31:35 GMT",true,"Tue, 21 Jan 2020 02:41:02 GMT",1920,,,,,,,,,,,,,,,,,,,,,,,,,,,,,,,,,,,,,,,,,,,,,,,,,,,,,,,,
5e3b6c1ef9af8b51c8775740,0039,"Tue, 21 Jan 2020 01:14:58 GMT","Tue, 21 Jan 2020 03:42:12 GMT","Tue, 21 Jan 2020 02:28:42 GMT",7.32,2_39_125_21_2020-01-21 01:14:57.605548,0002,CA-311,2-39-125-21,America/Los_Angeles,000001099,400,20,50,138,"Tue, 21 Jan 2020 01:16:02 GMT",true,"Tue, 21 Jan 2020 03:32:58 GMT",1099,,,,,,,,,,,,,,,,,,,,,,,,,,,,,,,,,,,,,,,,,,,,,,,,,,,,,,,,,,,,,,,,,,,,,,,,,
5e3b6c1ef9af8b51c8775741,0039,"Tue, 21 Jan 2020 01:30:05 GMT","Tue, 21 Jan 2020 02:39:03 GMT","Tue, 21 Jan 2020 02:39:50 GMT",0.848,2_39_139_28_2020-01-21 01:30:05.377986,0002,CA-303,2-39-139-28,America/Los_Angeles,,,,,,,,,,,,,,,,,,,,,,,,,,,,,,,,,,,,,,,,,,,,,,,,,,,,,,,,,,,,,,,,,,,,,,,,,,,,,,,,,,
5e3b6c1ef9af8b51c8775742,0039,"Tue, 21 Jan 2020 02:47:04 GMT","Tue, 21 Jan 2020 04:32:52 GMT","Tue, 21 Jan 2020 04:32:48 GMT",12.002,2_39_139_28_2020-01-21 02:47:03.823870,0002,CA-303,2-39-139-28,America/Los_Angeles,000000675,400,24,60,248,"Tue, 21 Jan 2020 02:47:29 GMT",true,"Tue, 21 Jan 2020 06:55:04 GMT",675,,,,,,,,,,,,,,,,,,,,,,,,,,,,,,,,,,,,,,,,,,,,,,,,,,,,,,,,,,,,,,,,,,,,,,,,,
5e3cbdbdf9af8b0661a412f8,0039,"Tue, 21 Jan 2020 14:51:31 GMT","Tue, 21 Jan 2020 22:44:56 GMT","Tue, 21 Jan 2020 16:27:20 GMT",10.289,2_39_79_383_2020-01-21 14:51:31.184574,0002,CA-492,2-39-79-383,America/Los_Angeles,000001470,292,23.36,80,224,"Tue, 21 Jan 2020 14:51:53 GMT",true,"Tue, 21 Jan 2020 18:35:31 GMT",1470,,,,,,,,,,,,,,,,,,,,,,,,,,,,,,,,,,,,,,,,,,,,,,,,,,,,,,,,,,,,,,,,,,,,,,,,,
5e3cbdbdf9af8b0661a412f9,0039,"Tue, 21 Jan 2020 14:59:38 GMT","Fri, 24 Jan 2020 19:55:28 GMT","Fri, 24 Jan 2020 19:56:26 GMT",14.72,2_39_78_362_2020-01-21 14:59:38.176149,0002,CA-496,2-39-78-362,America/Los_Angeles,000004913,400,20,50,720,"Tue, 21 Jan 2020 15:00:14 GMT",true,"Wed, 22 Jan 2020 02:59:38 GMT",4913,,,,,,,,,,,,,,,,,,,,,,,,,,,,,,,,,,,,,,,,,,,,,,,,,,,,,,,,,,,,,,,,,,,,,,,,,
5e3cbdbdf9af8b0661a412fa,0039,"Tue, 21 Jan 2020 15:00:37 GMT","Tue, 21 Jan 2020 22:03:42 GMT","Tue, 21 Jan 2020 17:57:40 GMT",17.616,2_39_95_27_2020-01-21 15:00:36.512280,0002,CA-319,2-39-95-27,America/Los_Angeles,000000431,400,28,70,361,"Tue, 21 Jan 2020 15:01:15 GMT",true,"Tue, 21 Jan 2020 21:01:37 GMT",431,,,,,,,,,,,,,,,,,,,,,,,,,,,,,,,,,,,,,,,,,,,,,,,,,,,,,,,,,,,,,,,,,,,,,,,,,
5e3cbdbdf9af8b0661a412fb,0039,"Tue, 21 Jan 2020 15:56:21 GMT","Wed, 22 Jan 2020 01:39:38 GMT","Tue, 21 Jan 2020 17:49:14 GMT",4.775,2_39_79_382_2020-01-21 15:56:20.563765,0002,CA-491,2-39-79-382,America/Los_Angeles,000004701,300,12,40,400,"Tue, 21 Jan 2020 15:56:21 GMT",true,"Tue, 21 Jan 2020 22:36:21 GMT",4701,,,,,,,,,,,,,,,,,,,,,,,,,,,,,,,,,,,,,,,,,,,,,,,,,,,,,,,,,,,,,,,,,,,,,,,,,
5e3cbdbdf9af8b0661a412fc,0039,"Tue, 21 Jan 2020 16:01:21 GMT","Tue, 21 Jan 2020 16:26:50 GMT","Tue, 21 Jan 2020 16:26:45 GMT",0.671,2_39_79_380_2020-01-21 16:01:20.776546,0002,CA-489,2-39-79-380,America/Los_Angeles,,,,,,,,,,,,,,,,,,,,,,,,,,,,,,,,,,,,,,,,,,,,,,,,,,,,,,,,,,,,,,,,,,,,,,,,,,,,,,,,,,
5e3cbdbdf9af8b0661a412fd,0039,"Tue, 21 Jan 2020 16:16:30 GMT","Tue, 21 Jan 2020 16:25:59 GMT","Tue, 21 Jan 2020 16:25:57 GMT",1.013,2_39_78_366_2020-01-21 16:16:29.614528,0002,CA-323,2-39-78-366,America/Los_Angeles,000003853,360,54,150,523,"Tue, 21 Jan 2020 16:16:48 GMT",true,"Wed, 22 Jan 2020 00:59:30 GMT",3853,,,,,,,,,,,,,,,,,,,,,,,,,,,,,,,,,,,,,,,,,,,,,,,,,,,,,,,,,,,,,,,,,,,,,,,,,
5e3cbdbdf9af8b0661a412fe,0039,"Tue, 21 Jan 2020 16:19:59 GMT","Wed, 22 Jan 2020 01:26:17 GMT","Tue, 21 Jan 2020 20:25:22 GMT",13.565,2_39_79_378_2020-01-21 16:19:41.392970,0002,CA-326,2-39-79-378,America/Los_Angeles,000002461,400,20,50,273,"Tue, 21 Jan 2020 16:19:58 GMT",true,"Tue, 21 Jan 2020 20:52:59 GMT",2461,,,,,,,,,,,,,,,,,,,,,,,,,,,,,,,,,,,,,,,,,,,,,,,,,,,,,,,,,,,,,,,,,,,,,,,,,
5e3cbdbdf9af8b0661a412ff,0039,"Tue, 21 Jan 2020 16:33:48 GMT","Wed, 22 Jan 2020 01:15:21 GMT","Tue, 21 Jan 2020 17:00:55 GMT",1.604,2_39_79_379_2020-01-21 16:33:47.733761,0002,CA-327,2-39-79-379,America/Los_Angeles,000000751,400,40,100,590,"Tue, 21 Jan 2020 16:35:46 GMT",true,"Wed, 22 Jan 2020 02:23:48 GMT",751,,,,,,,,,,,,,,,,,,,,,,,,,,,,,,,,,,,,,,,,,,,,,,,,,,,,,,,,,,,,,,,,,,,,,,,,,
5e3cbdbdf9af8b0661a41300,0039,"Tue, 21 Jan 2020 16:43:44 GMT","Wed, 22 Jan 2020 01:50:23 GMT","Tue, 21 Jan 2020 23:06:42 GMT",0.858,2_39_78_366_2020-01-21 16:43:43.676674,0002,CA-323,2-39-78-366,America/Los_Angeles,,,,,,,,,,,,,,,,,,,,,,,,,,,,,,,,,,,,,,,,,,,,,,,,,,,,,,,,,,,,,,,,,,,,,,,,,,,,,,,,,,
5e3cbdbdf9af8b0661a41301,0039,"Tue, 21 Jan 2020 16:48:52 GMT","Tue, 21 Jan 2020 17:13:50 GMT","Tue, 21 Jan 2020 17:13:45 GMT",2.572,2_39_78_360_2020-01-21 16:48:52.073627,0002,CA-322,2-39-78-360,America/Los_Angeles,000000171,400,20,50,435,"Tue, 21 Jan 2020 16:49:15 GMT",true,"Wed, 22 Jan 2020 00:03:52 GMT",171,,400,20,50,436,"Tue, 21 Jan 2020 16:51:12 GMT",true,"Wed, 22 Jan 2020 00:04:52 GMT",171,,,,,,,,,,,,,,,,,,,,,,,,,,,,,,,,,,,,,,,,,,,,,,,,,,,,,,,,,,,,,,,,
5e3cbdbdf9af8b0661a41302,0039,"Tue, 21 Jan 2020 16:53:23 GMT","Wed, 22 Jan 2020 04:24:43 GMT","Tue, 21 Jan 2020 21:36:19 GMT",15.858,2_39_131_30_2020-01-21 16:53:22.868241,0002,CA-305,2-39-131-30,America/Los_Angeles,000000712,400,20,50,419,"Tue, 21 Jan 2020 16:53:39 GMT",true,"Tue, 21 Jan 2020 23:52:23 GMT",712,,,,,,,,,,,,,,,,,,,,,,,,,,,,,,,,,,,,,,,,,,,,,,,,,,,,,,,,,,,,,,,,,,,,,,,,,
5e3cbdbdf9af8b0661a41303,0039,"Tue, 21 Jan 2020 16:57:14 GMT","Wed, 22 Jan 2020 04:46:52 GMT","Tue, 21 Jan 2020 18:54:38 GMT",5.837,2_39_91_437_2020-01-21 16:57:13.789163,0002,CA-317,2-39-91-437,America/Los_Angeles,000001222,400,8,20,72,"Tue, 21 Jan 2020 16:57:31 GMT",true,"Tue, 21 Jan 2020 18:09:14 GMT",1222,,,,,,,,,,,,,,,,,,,,,,,,,,,,,,,,,,,,,,,,,,,,,,,,,,,,,,,,,,,,,,,,,,,,,,,,,
5e3cbdbdf9af8b0661a41304,0039,"Tue, 21 Jan 2020 17:07:47 GMT","Wed, 22 Jan 2020 00:20:20 GMT","Tue, 21 Jan 2020 21:30:49 GMT",11.175,2_39_79_376_2020-01-21 17:07:46.935795,0002,CA-324,2-39-79-376,America/Los_Angeles,000001137,400,24,60,417,"Tue, 21 Jan 2020 17:08:04 GMT",true,"Wed, 22 Jan 2020 00:04:47 GMT",1137,,,,,,,,,,,,,,,,,,,,,,,,,,,,,,,,,,,,,,,,,,,,,,,,,,,,,,,,,,,,,,,,,,,,,,,,,
5e3cbdbdf9af8b0661a41305,0039,"Tue, 21 Jan 2020 17:08:25 GMT","Tue, 21 Jan 2020 20:05:17 GMT","Tue, 21 Jan 2020 19:09:43 GMT",5.942,2_39_79_377_2020-01-21 17:08:25.097903,0002,CA-325,2-39-79-377,America/Los_Angeles,000005368,400,8,20,60,"Tue, 21 Jan 2020 17:15:23 GMT",true,"Tue, 21 Jan 2020 18:08:25 GMT",5368,,,,,,,,,,,,,,,,,,,,,,,,,,,,,,,,,,,,,,,,,,,,,,,,,,,,,,,,,,,,,,,,,,,,,,,,,
5e3cbdbdf9af8b0661a41306,0039,"Tue, 21 Jan 2020 17:14:16 GMT","Wed, 22 Jan 2020 01:27:06 GMT","Tue, 21 Jan 2020 18:35:53 GMT",3.887,2_39_89_25_2020-01-21 17:14:15.655273,0002,CA-315,2-39-89-25,America/Los_Angeles,000000743,400,8,20,466,"Tue, 21 Jan 2020 17:14:56 GMT",true,"Wed, 22 Jan 2020 01:00:16 GMT",743,,,,,,,,,,,,,,,,,,,,,,,,,,,,,,,,,,,,,,,,,,,,,,,,,,,,,,,,,,,,,,,,,,,,,,,,,
5e3cbdbdf9af8b0661a41307,0039,"Tue, 21 Jan 2020 17:15:00 GMT","Wed, 22 Jan 2020 03:15:02 GMT","Tue, 21 Jan 2020 18:33:00 GMT",4.252,2_39_129_17_2020-01-21 17:14:59.518234,0002,CA-307,2-39-129-17,America/Los_Angeles,000000567,400,8,20,100,"Tue, 21 Jan 2020 17:15:13 GMT",true,"Tue, 21 Jan 2020 18:55:00 GMT",567,,,,,,,,,,,,,,,,,,,,,,,,,,,,,,,,,,,,,,,,,,,,,,,,,,,,,,,,,,,,,,,,,,,,,,,,,
5e3cbdbdf9af8b0661a41308,0039,"Tue, 21 Jan 2020 17:31:16 GMT","Wed, 22 Jan 2020 00:52:01 GMT","Wed, 22 Jan 2020 00:02:30 GMT",7.761,2_39_78_360_2020-01-21 17:31:15.714989,0002,CA-322,2-39-78-360,America/Los_Angeles,000000171,400,20,50,292,"Tue, 21 Jan 2020 19:49:39 GMT",true,"Tue, 21 Jan 2020 22:23:16 GMT",171,,,,,,,,,,,,,,,,,,,,,,,,,,,,,,,,,,,,,,,,,,,,,,,,,,,,,,,,,,,,,,,,,,,,,,,,,
5e3cbdbdf9af8b0661a41309,0039,"Tue, 21 Jan 2020 17:34:08 GMT","Wed, 22 Jan 2020 01:15:35 GMT","Tue, 21 Jan 2020 20:38:37 GMT",19.377,2_39_92_442_2020-01-21 17:34:07.936609,0002,CA-498,2-39-92-442,America/Los_Angeles,000001104,250,37.5,150,436,"Tue, 21 Jan 2020 17:34:24 GMT",true,"Wed, 22 Jan 2020 00:50:08 GMT",1104,,,,,,,,,,,,,,,,,,,,,,,,,,,,,,,,,,,,,,,,,,,,,,,,,,,,,,,,,,,,,,,,,,,,,,,,,
5e3cbdbdf9af8b0661a4130a,0039,"Tue, 21 Jan 2020 17:34:24 GMT","Tue, 21 Jan 2020 19:46:09 GMT","Tue, 21 Jan 2020 19:46:04 GMT",5.933,2_39_79_381_2020-01-21 17:34:15.502746,0002,CA-490,2-39-79-381,America/Los_Angeles,000003176,400,20,50,260,"Tue, 21 Jan 2020 17:34:23 GMT",true,"Tue, 21 Jan 2020 21:54:24 GMT",3176,,,,,,,,,,,,,,,,,,,,,,,,,,,,,,,,,,,,,,,,,,,,,,,,,,,,,,,,,,,,,,,,,,,,,,,,,
5e3cbdbdf9af8b0661a4130b,0039,"Tue, 21 Jan 2020 17:36:24 GMT","Tue, 21 Jan 2020 23:45:29 GMT","Tue, 21 Jan 2020 19:57:02 GMT",1.171,2_39_78_361_2020-01-21 17:36:23.783670,0002,CA-493,2-39-78-361,America/Los_Angeles,,,,,,,,,,,,,,,,,,,,,,,,,,,,,,,,,,,,,,,,,,,,,,,,,,,,,,,,,,,,,,,,,,,,,,,,,,,,,,,,,,
5e3cbdbdf9af8b0661a4130c,0039,"Tue, 21 Jan 2020 17:39:35 GMT","Wed, 22 Jan 2020 01:41:20 GMT","Tue, 21 Jan 2020 18:46:53 GMT",3.37,2_39_123_23_2020-01-21 17:39:34.856196,0002,CA-313,2-39-123-23,America/Los_Angeles,000002170,400,20,50,183,"Tue, 21 Jan 2020 17:39:43 GMT",true,"Tue, 21 Jan 2020 20:42:35 GMT",2170,,,,,,,,,,,,,,,,,,,,,,,,,,,,,,,,,,,,,,,,,,,,,,,,,,,,,,,,,,,,,,,,,,,,,,,,,
5e3cbdbdf9af8b0661a4130d,0039,"Tue, 21 Jan 2020 17:45:36 GMT","Wed, 22 Jan 2020 02:42:36 GMT","Wed, 22 Jan 2020 02:42:31 GMT",8.272,2_39_90_440_2020-01-21 17:45:36.179450,0002,CA-500,2-39-90-440,America/Los_Angeles,000001534,250,10,40,404,"Tue, 21 Jan 2020 17:47:04 GMT",true,"Wed, 22 Jan 2020 00:29:36 GMT",1534,,,,,,,,,,,,,,,,,,,,,,,,,,,,,,,,,,,,,,,,,,,,,,,,,,,,,,,,,,,,,,,,,,,,,,,,,
5e3cbdbdf9af8b0661a4130e,0039,"Tue, 21 Jan 2020 17:58:46 GMT","Wed, 22 Jan 2020 01:16:14 GMT","Wed, 22 Jan 2020 00:50:24 GMT",0.825,2_39_78_365_2020-01-21 17:58:45.934271,0002,CA-321,2-39-78-365,America/Los_Angeles,,,,,,,,,,,,,,,,,,,,,,,,,,,,,,,,,,,,,,,,,,,,,,,,,,,,,,,,,,,,,,,,,,,,,,,,,,,,,,,,,,
5e3cbdbdf9af8b0661a4130f,0039,"Tue, 21 Jan 2020 18:00:22 GMT","Wed, 22 Jan 2020 02:12:41 GMT","Tue, 21 Jan 2020 20:12:30 GMT",11.958,2_39_125_21_2020-01-21 18:00:21.666276,0002,CA-311,2-39-125-21,America/Los_Angeles,000001095,400,16,40,444,"Tue, 21 Jan 2020 18:00:27 GMT",true,"Wed, 22 Jan 2020 01:24:22 GMT",1095,,,,,,,,,,,,,,,,,,,,,,,,,,,,,,,,,,,,,,,,,,,,,,,,,,,,,,,,,,,,,,,,,,,,,,,,,
5e3cbdbdf9af8b0661a41310,0039,"Tue, 21 Jan 2020 18:06:50 GMT","Wed, 22 Jan 2020 03:12:13 GMT","Tue, 21 Jan 2020 20:37:45 GMT",15.123,2_39_92_436_2020-01-21 18:06:49.788292,0002,CA-318,2-39-92-436,America/Los_Angeles,000000558,400,32,80,60,"Tue, 21 Jan 2020 18:06:52 GMT",true,"Tue, 21 Jan 2020 19:06:50 GMT",558,,,,,,,,,,,,,,,,,,,,,,,,,,,,,,,,,,,,,,,,,,,,,,,,,,,,,,,,,,,,,,,,,,,,,,,,,
5e3cbdbdf9af8b0661a41311,0039,"Tue, 21 Jan 2020 18:08:11 GMT","Wed, 22 Jan 2020 02:00:41 GMT","Wed, 22 Jan 2020 01:43:44 GMT",50.717,2_39_95_444_2020-01-21 18:08:00.744200,0002,CA-497,2-39-95-444,America/Los_Angeles,000002743,240,60,250,576,"Tue, 21 Jan 2020 18:08:11 GMT",true,"Wed, 22 Jan 2020 03:44:11 GMT",2743,,,,,,,,,,,,,,,,,,,,,,,,,,,,,,,,,,,,,,,,,,,,,,,,,,,,,,,,,,,,,,,,,,,,,,,,,
5e3cbdbdf9af8b0661a41312,0039,"Tue, 21 Jan 2020 18:09:14 GMT","Tue, 21 Jan 2020 20:33:47 GMT","Tue, 21 Jan 2020 20:33:43 GMT",6.763,2_39_88_438_2020-01-21 18:09:14.007267,0002,CA-502,2-39-88-438,America/Los_Angeles,000000562,325,13,40,105,"Tue, 21 Jan 2020 18:24:54 GMT",true,"Tue, 21 Jan 2020 19:54:14 GMT",562,,325,13,40,163,"Tue, 21 Jan 2020 18:25:26 GMT",true,"Tue, 21 Jan 2020 20:52:14 GMT",562,325,13,40,342,"Tue, 21 Jan 2020 18:25:51 GMT",true,"Tue, 21 Jan 2020 23:51:14 GMT",562,,,,,,,,,,,,,,,,,,,,,,,,,,,,,,,,,,,,,,,,,,,,,,,,,,,,,,,,
5e3cbdbdf9af8b0661a41313,0039,"Tue, 21 Jan 2020 18:09:52 GMT","Wed, 22 Jan 2020 00:52:41 GMT","Tue, 21 Jan 2020 20:33:22 GMT",3.878,2_39_79_380_2020-01-21 18:09:52.112528,0002,CA-489,2-39-79-380,America/Los_Angeles,000003389,400,4,10,190,"Tue, 21 Jan 2020 18:13:21 GMT",true,"Tue, 21 Jan 2020 21:19:52 GMT",3389,,,,,,,,,,,,,,,,,,,,,,,,,,,,,,,,,,,,,,,,,,,,,,,,,,,,,,,,,,,,,,,,,,,,,,,,,
5e3cbdbdf9af8b0661a41314,0039,"Tue, 21 Jan 2020 18:18:08 GMT","Wed, 22 Jan 2020 01:55:08 GMT","Tue, 21 Jan 2020 20:03:16 GMT",10.486,2_39_91_441_2020-01-21 18:18:08.127744,0002,CA-499,2-39-91-441,America/Los_Angeles,000000069,400,40,100,363,"Tue, 21 Jan 2020 18:18:19 GMT",true,"Wed, 22 Jan 2020 00:21:08 GMT",69,,,,,,,,,,,,,,,,,,,,,,,,,,,,,,,,,,,,,,,,,,,,,,,,,,,,,,,,,,,,,,,,,,,,,,,,,
5e3cbdbdf9af8b0661a41315,0039,"Tue, 21 Jan 2020 18:25:45 GMT","Tue, 21 Jan 2020 19:41:25 GMT","Tue, 21 Jan 2020 19:41:20 GMT",8.213,2_39_127_19_2020-01-21 18:25:45.032371,0002,CA-309,2-39-127-19,America/Los_Angeles,000001912,400,20,50,209,"Tue, 21 Jan 2020 18:25:52 GMT",true,"Tue, 21 Jan 2020 21:54:45 GMT",1912,,,,,,,,,,,,,,,,,,,,,,,,,,,,,,,,,,,,,,,,,,,,,,,,,,,,,,,,,,,,,,,,,,,,,,,,,
5e3cbdbdf9af8b0661a41316,0039,"Tue, 21 Jan 2020 18:48:19 GMT","Tue, 21 Jan 2020 23:04:28 GMT","Tue, 21 Jan 2020 22:55:04 GMT",26.408,2_39_90_26_2020-01-21 18:48:18.969365,0002,CA-316,2-39-90-26,America/Los_Angeles,000002961,400,40,100,60,"Tue, 21 Jan 2020 18:48:20 GMT",true,"Tue, 21 Jan 2020 19:48:19 GMT",2961,,,,,,,,,,,,,,,,,,,,,,,,,,,,,,,,,,,,,,,,,,,,,,,,,,,,,,,,,,,,,,,,,,,,,,,,,
5e3cbdbdf9af8b0661a41317,0039,"Tue, 21 Jan 2020 19:19:37 GMT","Wed, 22 Jan 2020 01:23:44 GMT","Wed, 22 Jan 2020 00:34:05 GMT",0.877,2_39_88_24_2020-01-21 19:19:37.142260,0002,CA-314,2-39-88-24,America/Los_Angeles,,,,,,,,,,,,,,,,,,,,,,,,,,,,,,,,,,,,,,,,,,,,,,,,,,,,,,,,,,,,,,,,,,,,,,,,,,,,,,,,,,
5e3cbdbdf9af8b0661a41318,0039,"Tue, 21 Jan 2020 19:28:42 GMT","Wed, 22 Jan 2020 03:21:16 GMT","Tue, 21 Jan 2020 22:34:22 GMT",12.666,2_39_128_18_2020-01-21 19:28:42.010713,0002,CA-308,2-39-128-18,America/Los_Angeles,000000958,200,20,100,570,"Tue, 21 Jan 2020 19:28:54 GMT",true,"Wed, 22 Jan 2020 04:58:42 GMT",958,,,,,,,,,,,,,,,,,,,,,,,,,,,,,,,,,,,,,,,,,,,,,,,,,,,,,,,,,,,,,,,,,,,,,,,,,
5e3cbdbdf9af8b0661a41319,0039,"Tue, 21 Jan 2020 19:36:20 GMT","Wed, 22 Jan 2020 02:12:39 GMT","Tue, 21 Jan 2020 21:56:57 GMT",5.853,2_39_126_20_2020-01-21 19:36:20.146207,0002,CA-310,2-39-126-20,America/Los_Angeles,000000891,400,8,20,215,"Tue, 21 Jan 2020 19:36:21 GMT",true,"Tue, 21 Jan 2020 23:11:20 GMT",891,,,,,,,,,,,,,,,,,,,,,,,,,,,,,,,,,,,,,,,,,,,,,,,,,,,,,,,,,,,,,,,,,,,,,,,,,
5e3cbdbdf9af8b0661a4131a,0039,"Tue, 21 Jan 2020 19:58:24 GMT","Wed, 22 Jan 2020 00:48:42 GMT","Tue, 21 Jan 2020 22:37:28 GMT",17.918,2_39_130_31_2020-01-21 19:58:23.851492,0002,CA-306,2-39-130-31,America/Los_Angeles,000003270,200,40,200,466,"Tue, 21 Jan 2020 19:58:31 GMT",true,"Wed, 22 Jan 2020 03:44:24 GMT",3270,,,,,,,,,,,,,,,,,,,,,,,,,,,,,,,,,,,,,,,,,,,,,,,,,,,,,,,,,,,,,,,,,,,,,,,,,
5e3cbdbdf9af8b0661a4131b,0039,"Tue, 21 Jan 2020 20:32:40 GMT","Tue, 21 Jan 2020 21:48:04 GMT","Tue, 21 Jan 2020 21:03:23 GMT",0.916,2_39_124_22_2020-01-21 20:32:39.646315,0002,CA-312,2-39-124-22,America/Los_Angeles,,,,,,,,,,,,,,,,,,,,,,,,,,,,,,,,,,,,,,,,,,,,,,,,,,,,,,,,,,,,,,,,,,,,,,,,,,,,,,,,,,
5e3cbdbdf9af8b0661a4131c,0039,"Tue, 21 Jan 2020 20:47:57 GMT","Wed, 22 Jan 2020 02:41:21 GMT","Tue, 21 Jan 2020 22:49:47 GMT",6.592,2_39_79_381_2020-01-21 20:47:57.066683,0002,CA-490,2-39-79-381,America/Los_Angeles,000001124,400,8,20,60,"Tue, 21 Jan 2020 20:48:26 GMT",true,"Tue, 21 Jan 2020 21:47:57 GMT",1124,,,,,,,,,,,,,,,,,,,,,,,,,,,,,,,,,,,,,,,,,,,,,,,,,,,,,,,,,,,,,,,,,,,,,,,,,
5e3cbdbdf9af8b0661a4131d,0039,"Tue, 21 Jan 2020 20:51:55 GMT","Tue, 21 Jan 2020 22:09:45 GMT","Tue, 21 Jan 2020 21:35:11 GMT",1.713,2_39_88_438_2020-01-21 20:51:55.138569,0002,CA-502,2-39-88-438,America/Los_Angeles,000001093,333,6.66,20,140,"Tue, 21 Jan 2020 20:52:33 GMT",true,"Tue, 21 Jan 2020 23:11:55 GMT",1093,,,,,,,,,,,,,,,,,,,,,,,,,,,,,,,,,,,,,,,,,,,,,,,,,,,,,,,,,,,,,,,,,,,,,,,,,
5e3cbdbdf9af8b0661a4131e,0039,"Tue, 21 Jan 2020 21:10:52 GMT","Wed, 22 Jan 2020 03:42:15 GMT","Tue, 21 Jan 2020 23:16:19 GMT",7.017,2_39_138_29_2020-01-21 21:10:52.341455,0002,CA-304,2-39-138-29,America/Los_Angeles,000000515,400,12,30,182,"Tue, 21 Jan 2020 21:11:32 GMT",true,"Wed, 22 Jan 2020 00:12:52 GMT",515,,,,,,,,,,,,,,,,,,,,,,,,,,,,,,,,,,,,,,,,,,,,,,,,,,,,,,,,,,,,,,,,,,,,,,,,,
5e3cbdbdf9af8b0661a4131f,0039,"Tue, 21 Jan 2020 22:03:02 GMT","Tue, 21 Jan 2020 23:22:54 GMT","Tue, 21 Jan 2020 23:22:49 GMT",4.221,2_39_124_22_2020-01-21 22:03:01.910574,0002,CA-312,2-39-124-22,America/Los_Angeles,000001236,400,8,20,60,"Tue, 21 Jan 2020 22:06:49 GMT",true,"Tue, 21 Jan 2020 23:03:02 GMT",1236,,,,,,,,,,,,,,,,,,,,,,,,,,,,,,,,,,,,,,,,,,,,,,,,,,,,,,,,,,,,,,,,,,,,,,,,,
5e3cbdbdf9af8b0661a41320,0039,"Tue, 21 Jan 2020 22:54:57 GMT","Wed, 22 Jan 2020 01:12:08 GMT","Tue, 21 Jan 2020 23:58:46 GMT",3.116,2_39_95_27_2020-01-21 22:54:56.662405,0002,CA-319,2-39-95-27,America/Los_Angeles,000001920,450,13.5,30,130,"Tue, 21 Jan 2020 22:55:59 GMT",true,"Wed, 22 Jan 2020 01:04:57 GMT",1920,,450,13.5,30,155,"Tue, 21 Jan 2020 22:56:25 GMT",true,"Wed, 22 Jan 2020 01:29:57 GMT",1920,,,,,,,,,,,,,,,,,,,,,,,,,,,,,,,,,,,,,,,,,,,,,,,,,,,,,,,,,,,,,,,,
5e3cbdbdf9af8b0661a41321,0039,"Tue, 21 Jan 2020 23:08:32 GMT","Wed, 22 Jan 2020 00:43:51 GMT","Wed, 22 Jan 2020 00:34:03 GMT",0.892,2_39_90_26_2020-01-21 23:08:32.371220,0002,CA-316,2-39-90-26,America/Los_Angeles,,,,,,,,,,,,,,,,,,,,,,,,,,,,,,,,,,,,,,,,,,,,,,,,,,,,,,,,,,,,,,,,,,,,,,,,,,,,,,,,,,
5e3cbdbdf9af8b0661a41322,0039,"Wed, 22 Jan 2020 01:25:01 GMT","Wed, 22 Jan 2020 16:52:24 GMT","Wed, 22 Jan 2020 07:57:11 GMT",42.768,2_39_130_31_2020-01-22 01:25:01.330305,0002,CA-306,2-39-130-31,America/Los_Angeles,000000489,428,102.72,240,720,"Wed, 22 Jan 2020 01:26:48 GMT",true,"Wed, 22 Jan 2020 13:25:01 GMT",489,,428,102.72,240,697,"Wed, 22 Jan 2020 01:27:09 GMT",true,"Wed, 22 Jan 2020 13:02:01 GMT",489,428,102.72,240,753,"Wed, 22 Jan 2020 02:23:10 GMT",true,"Wed, 22 Jan 2020 13:58:01 GMT",489,,,,,,,,,,,,,,,,,,,,,,,,,,,,,,,,,,,,,,,,,,,,,,,,,,,,,,,,
5e3cbdbdf9af8b0661a41323,0039,"Wed, 22 Jan 2020 03:36:58 GMT","Wed, 22 Jan 2020 04:33:47 GMT","Wed, 22 Jan 2020 04:33:42 GMT",3.295,2_39_139_28_2020-01-22 03:36:58.330948,0002,CA-303,2-39-139-28,America/Los_Angeles,000000315,600,18,30,199,"Wed, 22 Jan 2020 03:37:22 GMT",true,"Wed, 22 Jan 2020 06:55:58 GMT",315,,,,,,,,,,,,,,,,,,,,,,,,,,,,,,,,,,,,,,,,,,,,,,,,,,,,,,,,,,,,,,,,,,,,,,,,,
5e3cbdbdf9af8b0661a41324,0039,"Wed, 22 Jan 2020 03:43:29 GMT","Wed, 22 Jan 2020 05:55:22 GMT","Wed, 22 Jan 2020 05:55:18 GMT",11.702,2_39_126_20_2020-01-22 03:43:29.135992,0002,CA-310,2-39-126-20,America/Los_Angeles,000001099,400,28,70,123,"Wed, 22 Jan 2020 03:44:24 GMT",true,"Wed, 22 Jan 2020 05:46:29 GMT",1099,,,,,,,,,,,,,,,,,,,,,,,,,,,,,,,,,,,,,,,,,,,,,,,,,,,,,,,,,,,,,,,,,,,,,,,,,
5e3cbdbdf9af8b0661a41325,0039,"Wed, 22 Jan 2020 04:23:22 GMT","Wed, 22 Jan 2020 05:45:24 GMT","Wed, 22 Jan 2020 05:45:20 GMT",9.14,2_39_138_29_2020-01-22 04:23:22.427083,0002,CA-304,2-39-138-29,America/Los_Angeles,000001263,400,12,30,115,"Wed, 22 Jan 2020 04:23:47 GMT",true,"Wed, 22 Jan 2020 06:18:22 GMT",1263,,,,,,,,,,,,,,,,,,,,,,,,,,,,,,,,,,,,,,,,,,,,,,,,,,,,,,,,,,,,,,,,,,,,,,,,,
5e3e0f32f9af8b0d07eefa40,0039,"Wed, 22 Jan 2020 16:09:56 GMT","Wed, 22 Jan 2020 21:10:40 GMT","Wed, 22 Jan 2020 21:11:38 GMT",0.838,2_39_79_380_2020-01-22 16:09:56.027630,0002,CA-489,2-39-79-380,America/Los_Angeles,,,,,,,,,,,,,,,,,,,,,,,,,,,,,,,,,,,,,,,,,,,,,,,,,,,,,,,,,,,,,,,,,,,,,,,,,,,,,,,,,,
5e3e0f32f9af8b0d07eefa41,0039,"Wed, 22 Jan 2020 16:40:06 GMT","Wed, 22 Jan 2020 19:31:22 GMT","Wed, 22 Jan 2020 17:11:36 GMT",1.933,2_39_79_377_2020-01-22 16:40:05.904375,0002,CA-325,2-39-79-377,America/Los_Angeles,000000751,400,40,100,590,"Wed, 22 Jan 2020 16:40:16 GMT",true,"Thu, 23 Jan 2020 02:30:06 GMT",751,,,,,,,,,,,,,,,,,,,,,,,,,,,,,,,,,,,,,,,,,,,,,,,,,,,,,,,,,,,,,,,,,,,,,,,,,
5e3e0f32f9af8b0d07eefa42,0039,"Wed, 22 Jan 2020 16:54:08 GMT","Thu, 23 Jan 2020 00:33:44 GMT","Wed, 22 Jan 2020 22:50:42 GMT",13.735,2_39_78_364_2020-01-22 16:54:08.409370,0002,CA-495,2-39-78-364,America/Los_Angeles,000001470,292,23.36,80,316,"Wed, 22 Jan 2020 16:54:25 GMT",true,"Wed, 22 Jan 2020 22:10:08 GMT",1470,,,,,,,,,,,,,,,,,,,,,,,,,,,,,,,,,,,,,,,,,,,,,,,,,,,,,,,,,,,,,,,,,,,,,,,,,
5e3e0f32f9af8b0d07eefa43,0039,"Wed, 22 Jan 2020 16:58:07 GMT","Thu, 23 Jan 2020 01:00:07 GMT","Wed, 22 Jan 2020 18:25:07 GMT",2.862,2_39_139_28_2020-01-22 16:58:06.790079,0002,CA-303,2-39-139-28,America/Los_Angeles,000000620,400,12,30,488,"Wed, 22 Jan 2020 16:59:25 GMT",true,"Thu, 23 Jan 2020 01:06:07 GMT",620,,,,,,,,,,,,,,,,,,,,,,,,,,,,,,,,,,,,,,,,,,,,,,,,,,,,,,,,,,,,,,,,,,,,,,,,,
5e3e0f32f9af8b0d07eefa44,0039,"Wed, 22 Jan 2020 16:58:44 GMT","Thu, 23 Jan 2020 02:02:21 GMT","Wed, 22 Jan 2020 20:07:13 GMT",20.302,2_39_79_383_2020-01-22 16:58:44.023576,0002,CA-492,2-39-79-383,America/Los_Angeles,000001104,250,37.5,150,436,"Wed, 22 Jan 2020 16:58:57 GMT",true,"Thu, 23 Jan 2020 00:14:44 GMT",1104,,,,,,,,,,,,,,,,,,,,,,,,,,,,,,,,,,,,,,,,,,,,,,,,,,,,,,,,,,,,,,,,,,,,,,,,,
5e3e0f32f9af8b0d07eefa45,0039,"Wed, 22 Jan 2020 17:00:48 GMT","Thu, 23 Jan 2020 01:29:29 GMT","Wed, 22 Jan 2020 17:56:22 GMT",2.765,2_39_95_444_2020-01-22 17:00:48.355362,0002,CA-497,2-39-95-444,America/Los_Angeles,000000858,400,8,20,254,"Wed, 22 Jan 2020 17:01:08 GMT",true,"Wed, 22 Jan 2020 21:14:48 GMT",858,,,,,,,,,,,,,,,,,,,,,,,,,,,,,,,,,,,,,,,,,,,,,,,,,,,,,,,,,,,,,,,,,,,,,,,,,
5e3e0f32f9af8b0d07eefa46,0039,"Wed, 22 Jan 2020 17:04:31 GMT","Wed, 22 Jan 2020 17:40:23 GMT","Wed, 22 Jan 2020 17:34:55 GMT",0.744,2_39_127_19_2020-01-22 17:04:31.123186,0002,CA-309,2-39-127-19,America/Los_Angeles,,,,,,,,,,,,,,,,,,,,,,,,,,,,,,,,,,,,,,,,,,,,,,,,,,,,,,,,,,,,,,,,,,,,,,,,,,,,,,,,,,
5e3e0f32f9af8b0d07eefa47,0039,"Wed, 22 Jan 2020 17:10:11 GMT","Thu, 23 Jan 2020 01:35:11 GMT","Wed, 22 Jan 2020 18:28:39 GMT",3.775,2_39_89_25_2020-01-22 17:10:10.830239,0002,CA-315,2-39-89-25,America/Los_Angeles,000000743,400,8,20,466,"Wed, 22 Jan 2020 17:10:25 GMT",true,"Thu, 23 Jan 2020 00:56:11 GMT",743,,,,,,,,,,,,,,,,,,,,,,,,,,,,,,,,,,,,,,,,,,,,,,,,,,,,,,,,,,,,,,,,,,,,,,,,,
5e3e0f32f9af8b0d07eefa48,0039,"Wed, 22 Jan 2020 17:12:50 GMT","Wed, 22 Jan 2020 18:20:41 GMT","Wed, 22 Jan 2020 18:20:26 GMT",0.932,2_39_78_366_2020-01-22 17:12:50.271834,0002,CA-323,2-39-78-366,America/Los_Angeles,,,,,,,,,,,,,,,,,,,,,,,,,,,,,,,,,,,,,,,,,,,,,,,,,,,,,,,,,,,,,,,,,,,,,,,,,,,,,,,,,,
5e3e0f32f9af8b0d07eefa49,0039,"Wed, 22 Jan 2020 17:12:57 GMT","Thu, 23 Jan 2020 05:42:25 GMT","Wed, 22 Jan 2020 18:22:54 GMT",3.74,2_39_131_30_2020-01-22 17:12:57.447877,0002,CA-305,2-39-131-30,America/Los_Angeles,000000567,400,8,20,100,"Wed, 22 Jan 2020 17:13:10 GMT",true,"Wed, 22 Jan 2020 18:52:57 GMT",567,,,,,,,,,,,,,,,,,,,,,,,,,,,,,,,,,,,,,,,,,,,,,,,,,,,,,,,,,,,,,,,,,,,,,,,,,
5e3e0f32f9af8b0d07eefa4a,0039,"Wed, 22 Jan 2020 17:23:43 GMT","Thu, 23 Jan 2020 03:31:50 GMT","Wed, 22 Jan 2020 19:16:05 GMT",5.705,2_39_125_21_2020-01-22 17:23:42.838337,0002,CA-311,2-39-125-21,America/Los_Angeles,000000562,325,6.5,20,156,"Wed, 22 Jan 2020 17:24:33 GMT",true,"Wed, 22 Jan 2020 19:59:43 GMT",562,,,,,,,,,,,,,,,,,,,,,,,,,,,,,,,,,,,,,,,,,,,,,,,,,,,,,,,,,,,,,,,,,,,,,,,,,
5e3e0f32f9af8b0d07eefa4b,0039,"Wed, 22 Jan 2020 17:26:42 GMT","Thu, 23 Jan 2020 02:17:15 GMT","Wed, 22 Jan 2020 20:58:57 GMT",12.166,2_39_91_437_2020-01-22 17:26:41.764919,0002,CA-317,2-39-91-437,America/Los_Angeles,000001364,400,28,70,182,"Wed, 22 Jan 2020 17:43:00 GMT",true,"Wed, 22 Jan 2020 20:28:42 GMT",1364,,,,,,,,,,,,,,,,,,,,,,,,,,,,,,,,,,,,,,,,,,,,,,,,,,,,,,,,,,,,,,,,,,,,,,,,,
5e3e0f32f9af8b0d07eefa4c,0039,"Wed, 22 Jan 2020 17:34:49 GMT","Wed, 22 Jan 2020 21:25:42 GMT","Wed, 22 Jan 2020 21:04:31 GMT",9.064,2_39_78_367_2020-01-22 17:34:48.953353,0002,CA-494,2-39-78-367,America/Los_Angeles,000004701,300,12,40,400,"Wed, 22 Jan 2020 17:34:59 GMT",true,"Thu, 23 Jan 2020 00:14:49 GMT",4701,,,,,,,,,,,,,,,,,,,,,,,,,,,,,,,,,,,,,,,,,,,,,,,,,,,,,,,,,,,,,,,,,,,,,,,,,
5e3e0f32f9af8b0d07eefa4d,0039,"Wed, 22 Jan 2020 17:39:13 GMT","Thu, 23 Jan 2020 01:41:14 GMT","Wed, 22 Jan 2020 19:29:25 GMT",6.063,2_39_95_27_2020-01-22 17:39:13.119025,0002,CA-319,2-39-95-27,America/Los_Angeles,000005368,400,8,20,60,"Wed, 22 Jan 2020 17:39:16 GMT",true,"Wed, 22 Jan 2020 18:39:13 GMT",5368,,,,,,,,,,,,,,,,,,,,,,,,,,,,,,,,,,,,,,,,,,,,,,,,,,,,,,,,,,,,,,,,,,,,,,,,,
5e3e0f32f9af8b0d07eefa4e,0039,"Wed, 22 Jan 2020 17:40:00 GMT","Thu, 23 Jan 2020 02:40:13 GMT","Wed, 22 Jan 2020 18:44:30 GMT",6.804,2_39_78_365_2020-01-22 17:39:59.979700,0002,CA-321,2-39-78-365,America/Los_Angeles,000000714,400,24,60,361,"Wed, 22 Jan 2020 17:40:07 GMT",true,"Wed, 22 Jan 2020 23:41:00 GMT",714,,,,,,,,,,,,,,,,,,,,,,,,,,,,,,,,,,,,,,,,,,,,,,,,,,,,,,,,,,,,,,,,,,,,,,,,,
5e3e0f32f9af8b0d07eefa4f,0039,"Wed, 22 Jan 2020 17:44:49 GMT","Wed, 22 Jan 2020 22:44:22 GMT","Wed, 22 Jan 2020 19:49:35 GMT",13.34,2_39_129_17_2020-01-22 17:44:49.239833,0002,CA-307,2-39-129-17,America/Los_Angeles,000001912,400,20,50,209,"Wed, 22 Jan 2020 17:45:02 GMT",true,"Wed, 22 Jan 2020 21:13:49 GMT",1912,,,,,,,,,,,,,,,,,,,,,,,,,,,,,,,,,,,,,,,,,,,,,,,,,,,,,,,,,,,,,,,,,,,,,,,,,
5e3e0f32f9af8b0d07eefa50,0039,"Wed, 22 Jan 2020 17:47:30 GMT","Thu, 23 Jan 2020 04:40:36 GMT","Wed, 22 Jan 2020 18:39:47 GMT",1.6,2_39_90_26_2020-01-22 17:47:29.930240,0002,CA-316,2-39-90-26,America/Los_Angeles,000000324,444,8.88,20,45,"Wed, 22 Jan 2020 17:47:42 GMT",true,"Wed, 22 Jan 2020 18:32:30 GMT",324,,,,,,,,,,,,,,,,,,,,,,,,,,,,,,,,,,,,,,,,,,,,,,,,,,,,,,,,,,,,,,,,,,,,,,,,,
5e3e0f32f9af8b0d07eefa51,0039,"Wed, 22 Jan 2020 17:50:08 GMT","Thu, 23 Jan 2020 00:59:24 GMT","Wed, 22 Jan 2020 18:21:07 GMT",0.885,2_39_79_376_2020-01-22 17:50:07.906112,0002,CA-324,2-39-79-376,America/Los_Angeles,,,,,,,,,,,,,,,,,,,,,,,,,,,,,,,,,,,,,,,,,,,,,,,,,,,,,,,,,,,,,,,,,,,,,,,,,,,,,,,,,,
5e3e0f32f9af8b0d07eefa52,0039,"Wed, 22 Jan 2020 17:50:50 GMT","Thu, 23 Jan 2020 00:20:54 GMT","Wed, 22 Jan 2020 19:18:30 GMT",4.282,2_39_138_29_2020-01-22 17:50:49.860198,0002,CA-304,2-39-138-29,America/Los_Angeles,000001366,400,8,20,60,"Wed, 22 Jan 2020 17:51:21 GMT",true,"Wed, 22 Jan 2020 18:50:50 GMT",1366,,,,,,,,,,,,,,,,,,,,,,,,,,,,,,,,,,,,,,,,,,,,,,,,,,,,,,,,,,,,,,,,,,,,,,,,,
5e3e0f32f9af8b0d07eefa53,0039,"Wed, 22 Jan 2020 17:51:14 GMT","Wed, 22 Jan 2020 18:25:12 GMT","Wed, 22 Jan 2020 18:21:45 GMT",0.913,2_39_127_19_2020-01-22 17:51:14.143775,0002,CA-309,2-39-127-19,America/Los_Angeles,,,,,,,,,,,,,,,,,,,,,,,,,,,,,,,,,,,,,,,,,,,,,,,,,,,,,,,,,,,,,,,,,,,,,,,,,,,,,,,,,,
5e3e0f32f9af8b0d07eefa54,0039,"Wed, 22 Jan 2020 18:07:14 GMT","Thu, 23 Jan 2020 02:13:46 GMT","Wed, 22 Jan 2020 20:13:23 GMT",12.393,2_39_92_442_2020-01-22 18:07:13.676253,0002,CA-498,2-39-92-442,America/Los_Angeles,000001095,400,16,40,444,"Wed, 22 Jan 2020 18:07:20 GMT",true,"Thu, 23 Jan 2020 01:31:14 GMT",1095,,,,,,,,,,,,,,,,,,,,,,,,,,,,,,,,,,,,,,,,,,,,,,,,,,,,,,,,,,,,,,,,,,,,,,,,,
5e3e0f32f9af8b0d07eefa55,0039,"Wed, 22 Jan 2020 18:07:47 GMT","Thu, 23 Jan 2020 01:31:58 GMT","Thu, 23 Jan 2020 00:37:14 GMT",6.256,2_39_78_363_2020-01-22 18:07:47.307558,0002,CA-320,2-39-78-363,America/Los_Angeles,000002461,400,8,20,273,"Wed, 22 Jan 2020 18:08:10 GMT",true,"Wed, 22 Jan 2020 22:40:47 GMT",2461,,,,,,,,,,,,,,,,,,,,,,,,,,,,,,,,,,,,,,,,,,,,,,,,,,,,,,,,,,,,,,,,,,,,,,,,,
5e3e0f32f9af8b0d07eefa56,0039,"Wed, 22 Jan 2020 18:11:49 GMT","Thu, 23 Jan 2020 03:11:10 GMT","Wed, 22 Jan 2020 20:05:06 GMT",11.319,2_39_92_436_2020-01-22 18:11:49.082619,0002,CA-318,2-39-92-436,America/Los_Angeles,000000558,400,28,70,60,"Wed, 22 Jan 2020 18:11:50 GMT",true,"Wed, 22 Jan 2020 19:11:49 GMT",558,,,,,,,,,,,,,,,,,,,,,,,,,,,,,,,,,,,,,,,,,,,,,,,,,,,,,,,,,,,,,,,,,,,,,,,,,
5e3e0f32f9af8b0d07eefa57,0039,"Wed, 22 Jan 2020 18:17:39 GMT","Wed, 22 Jan 2020 19:49:01 GMT","Wed, 22 Jan 2020 19:48:53 GMT",9.938,2_39_90_440_2020-01-22 18:17:39.322570,0002,CA-500,2-39-90-440,America/Los_Angeles,000001087,400,28,70,252,"Wed, 22 Jan 2020 18:17:45 GMT",true,"Wed, 22 Jan 2020 22:29:39 GMT",1087,,,,,,,,,,,,,,,,,,,,,,,,,,,,,,,,,,,,,,,,,,,,,,,,,,,,,,,,,,,,,,,,,,,,,,,,,
5e3e0f32f9af8b0d07eefa58,0039,"Wed, 22 Jan 2020 18:18:28 GMT","Thu, 23 Jan 2020 00:25:17 GMT","Thu, 23 Jan 2020 00:26:15 GMT",3.77,2_39_123_23_2020-01-22 18:18:28.160277,0002,CA-313,2-39-123-23,America/Los_Angeles,000002170,400,20,50,183,"Wed, 22 Jan 2020 18:18:35 GMT",true,"Wed, 22 Jan 2020 21:21:28 GMT",2170,,400,28,70,426,"Thu, 23 Jan 2020 00:25:03 GMT",true,"Thu, 23 Jan 2020 01:24:28 GMT",2170,,,,,,,,,,,,,,,,,,,,,,,,,,,,,,,,,,,,,,,,,,,,,,,,,,,,,,,,,,,,,,,,
5e3e0f32f9af8b0d07eefa59,0039,"Wed, 22 Jan 2020 18:38:06 GMT","Wed, 22 Jan 2020 20:44:55 GMT","Wed, 22 Jan 2020 19:08:25 GMT",0.914,2_39_78_366_2020-01-22 18:38:06.456723,0002,CA-323,2-39-78-366,America/Los_Angeles,,,,,,,,,,,,,,,,,,,,,,,,,,,,,,,,,,,,,,,,,,,,,,,,,,,,,,,,,,,,,,,,,,,,,,,,,,,,,,,,,,
5e3e0f32f9af8b0d07eefa5a,0039,"Wed, 22 Jan 2020 18:44:20 GMT","Wed, 22 Jan 2020 20:35:19 GMT","Wed, 22 Jan 2020 20:33:40 GMT",5.615,2_39_130_31_2020-01-22 18:44:18.909405,0002,CA-306,2-39-130-31,America/Los_Angeles,000001864,400,12,30,348,"Wed, 22 Jan 2020 18:44:19 GMT",true,"Thu, 23 Jan 2020 00:32:20 GMT",1864,,,,,,,,,,,,,,,,,,,,,,,,,,,,,,,,,,,,,,,,,,,,,,,,,,,,,,,,,,,,,,,,,,,,,,,,,
5e3e0f32f9af8b0d07eefa5b,0039,"Wed, 22 Jan 2020 19:22:46 GMT","Thu, 23 Jan 2020 00:34:01 GMT","Wed, 22 Jan 2020 22:41:54 GMT",21.269,2_39_91_441_2020-01-22 19:22:46.128862,0002,CA-499,2-39-91-441,America/Los_Angeles,000000832,400,28,70,311,"Wed, 22 Jan 2020 19:23:19 GMT",true,"Thu, 23 Jan 2020 00:33:46 GMT",832,,,,,,,,,,,,,,,,,,,,,,,,,,,,,,,,,,,,,,,,,,,,,,,,,,,,,,,,,,,,,,,,,,,,,,,,,
5e3e0f32f9af8b0d07eefa5c,0039,"Wed, 22 Jan 2020 19:40:10 GMT","Thu, 23 Jan 2020 04:12:55 GMT","Wed, 22 Jan 2020 21:27:29 GMT",5.594,2_39_79_377_2020-01-22 19:40:01.746619,0002,CA-325,2-39-79-377,America/Los_Angeles,000001111,400,12,30,99,"Wed, 22 Jan 2020 19:40:10 GMT",true,"Wed, 22 Jan 2020 21:19:10 GMT",1111,,400,12,30,99,"Wed, 22 Jan 2020 19:40:48 GMT",true,"Wed, 22 Jan 2020 21:19:10 GMT",1111,,,,,,,,,,,,,,,,,,,,,,,,,,,,,,,,,,,,,,,,,,,,,,,,,,,,,,,,,,,,,,,,
5e3e0f32f9af8b0d07eefa5d,0039,"Wed, 22 Jan 2020 19:49:26 GMT","Thu, 23 Jan 2020 00:21:21 GMT","Wed, 22 Jan 2020 20:33:02 GMT",1.83,2_39_127_19_2020-01-22 19:49:26.375438,0002,CA-309,2-39-127-19,America/Los_Angeles,000000891,400,8,20,215,"Wed, 22 Jan 2020 19:49:43 GMT",true,"Wed, 22 Jan 2020 23:24:26 GMT",891,,,,,,,,,,,,,,,,,,,,,,,,,,,,,,,,,,,,,,,,,,,,,,,,,,,,,,,,,,,,,,,,,,,,,,,,,
5e3e0f32f9af8b0d07eefa5e,0039,"Wed, 22 Jan 2020 21:10:44 GMT","Wed, 22 Jan 2020 22:55:57 GMT","Wed, 22 Jan 2020 21:41:20 GMT",0.723,2_39_79_380_2020-01-22 21:10:43.862292,0002,CA-489,2-39-79-380,America/Los_Angeles,,,,,,,,,,,,,,,,,,,,,,,,,,,,,,,,,,,,,,,,,,,,,,,,,,,,,,,,,,,,,,,,,,,,,,,,,,,,,,,,,,
5e3e0f32f9af8b0d07eefa5f,0039,"Wed, 22 Jan 2020 21:15:01 GMT","Thu, 23 Jan 2020 02:11:53 GMT","Wed, 22 Jan 2020 21:49:29 GMT",1.309,2_39_126_20_2020-01-22 21:14:42.217932,0002,CA-310,2-39-126-20,America/Los_Angeles,000003577,400,8,20,334,"Wed, 22 Jan 2020 21:15:00 GMT",true,"Thu, 23 Jan 2020 02:49:01 GMT",3577,,,,,,,,,,,,,,,,,,,,,,,,,,,,,,,,,,,,,,,,,,,,,,,,,,,,,,,,,,,,,,,,,,,,,,,,,
5e3e0f32f9af8b0d07eefa60,0039,"Wed, 22 Jan 2020 21:16:22 GMT","Wed, 22 Jan 2020 21:37:22 GMT","Wed, 22 Jan 2020 21:37:19 GMT",0.639,2_39_78_366_2020-01-22 21:16:21.853857,0002,CA-323,2-39-78-366,America/Los_Angeles,,,,,,,,,,,,,,,,,,,,,,,,,,,,,,,,,,,,,,,,,,,,,,,,,,,,,,,,,,,,,,,,,,,,,,,,,,,,,,,,,,
5e3e0f32f9af8b0d07eefa61,0039,"Wed, 22 Jan 2020 22:50:13 GMT","Thu, 23 Jan 2020 00:10:52 GMT","Wed, 22 Jan 2020 23:41:18 GMT",0.894,2_39_129_17_2020-01-22 22:50:12.839224,0002,CA-307,2-39-129-17,America/Los_Angeles,,,,,,,,,,,,,,,,,,,,,,,,,,,,,,,,,,,,,,,,,,,,,,,,,,,,,,,,,,,,,,,,,,,,,,,,,,,,,,,,,,
5e3e0f32f9af8b0d07eefa62,0039,"Wed, 22 Jan 2020 23:28:54 GMT","Thu, 23 Jan 2020 09:11:21 GMT","Thu, 23 Jan 2020 04:02:14 GMT",15.474,2_39_78_366_2020-01-22 23:28:54.174032,0002,CA-323,2-39-78-366,America/Los_Angeles,000005768,400,16,40,60,"Wed, 22 Jan 2020 23:47:20 GMT",true,"Thu, 23 Jan 2020 00:28:54 GMT",5768,,400,20,50,303,"Thu, 23 Jan 2020 03:51:13 GMT",true,"Thu, 23 Jan 2020 04:31:54 GMT",5768,400,20,50,318,"Thu, 23 Jan 2020 04:26:49 GMT",true,"Thu, 23 Jan 2020 04:46:54 GMT",5768,400,20,50,339,"Thu, 23 Jan 2020 04:58:18 GMT",true,"Thu, 23 Jan 2020 05:07:54 GMT",5768,,,,,,,,,,,,,,,,,,,,,,,,,,,,,,,,,,,,,,,,,,,,,,,,
5e3e0f32f9af8b0d07eefa63,0039,"Wed, 22 Jan 2020 23:36:18 GMT","Thu, 23 Jan 2020 02:06:58 GMT","Thu, 23 Jan 2020 00:20:49 GMT",4.122,2_39_124_22_2020-01-22 23:36:17.849111,0002,CA-312,2-39-124-22,America/Los_Angeles,000000668,425,4.25,10,455,"Wed, 22 Jan 2020 23:36:32 GMT",true,"Thu, 23 Jan 2020 07:11:18 GMT",668,,425,4.25,10,184,"Wed, 22 Jan 2020 23:37:00 GMT",true,"Thu, 23 Jan 2020 02:40:18 GMT",668,425,4.25,10,61,"Wed, 22 Jan 2020 23:38:18 GMT",true,"Thu, 23 Jan 2020 00:37:18 GMT",668,,,,,,,,,,,,,,,,,,,,,,,,,,,,,,,,,,,,,,,,,,,,,,,,,,,,,,,,
5e3e0f32f9af8b0d07eefa64,0039,"Thu, 23 Jan 2020 01:17:38 GMT","Thu, 23 Jan 2020 03:05:37 GMT","Thu, 23 Jan 2020 02:06:50 GMT",2.232,2_39_127_19_2020-01-23 01:17:38.345597,0002,CA-309,2-39-127-19,America/Los_Angeles,000001920,450,13.5,30,155,"Thu, 23 Jan 2020 01:17:51 GMT",true,"Thu, 23 Jan 2020 03:52:38 GMT",1920,,450,13.5,30,155,"Thu, 23 Jan 2020 01:17:56 GMT",true,"Thu, 23 Jan 2020 03:52:38 GMT",1920,450,13.5,30,123,"Thu, 23 Jan 2020 01:18:14 GMT",true,"Thu, 23 Jan 2020 03:20:38 GMT",1920,,,,,,,,,,,,,,,,,,,,,,,,,,,,,,,,,,,,,,,,,,,,,,,,,,,,,,,,
5e3f60b3f9af8b10c08235d2,0039,"Thu, 23 Jan 2020 15:01:08 GMT","Fri, 24 Jan 2020 01:43:19 GMT","Thu, 23 Jan 2020 18:12:50 GMT",8.397,2_39_79_381_2020-01-23 15:01:04.022791,0002,CA-490,2-39-79-381,America/Los_Angeles,000001797,400,8,20,249,"Thu, 23 Jan 2020 15:01:07 GMT",true,"Thu, 23 Jan 2020 19:10:08 GMT",1797,,,,,,,,,,,,,,,,,,,,,,,,,,,,,,,,,,,,,,,,,,,,,,,,,,,,,,,,,,,,,,,,,,,,,,,,,
5e3f60b3f9af8b10c08235d3,0039,"Thu, 23 Jan 2020 15:39:08 GMT","Fri, 24 Jan 2020 01:00:10 GMT","Thu, 23 Jan 2020 17:48:04 GMT",5.968,2_39_79_383_2020-01-23 15:39:07.702915,0002,CA-492,2-39-79-383,America/Los_Angeles,000004701,300,12,40,400,"Thu, 23 Jan 2020 15:39:18 GMT",true,"Thu, 23 Jan 2020 22:19:08 GMT",4701,,,,,,,,,,,,,,,,,,,,,,,,,,,,,,,,,,,,,,,,,,,,,,,,,,,,,,,,,,,,,,,,,,,,,,,,,
5e3f60b3f9af8b10c08235d4,0039,"Thu, 23 Jan 2020 15:53:02 GMT","Fri, 24 Jan 2020 01:49:44 GMT","Fri, 24 Jan 2020 00:57:42 GMT",4.649,2_39_79_379_2020-01-23 15:53:02.522354,0002,CA-327,2-39-79-379,America/Los_Angeles,000001302,400,12,30,506,"Thu, 23 Jan 2020 15:53:57 GMT",true,"Fri, 24 Jan 2020 00:19:02 GMT",1302,,,,,,,,,,,,,,,,,,,,,,,,,,,,,,,,,,,,,,,,,,,,,,,,,,,,,,,,,,,,,,,,,,,,,,,,,
5e3f60b3f9af8b10c08235d5,0039,"Thu, 23 Jan 2020 16:02:37 GMT","Fri, 24 Jan 2020 00:35:50 GMT","Thu, 23 Jan 2020 23:51:26 GMT",0.868,2_39_79_380_2020-01-23 16:02:37.506831,0002,CA-489,2-39-79-380,America/Los_Angeles,,,,,,,,,,,,,,,,,,,,,,,,,,,,,,,,,,,,,,,,,,,,,,,,,,,,,,,,,,,,,,,,,,,,,,,,,,,,,,,,,,
5e3f60b3f9af8b10c08235d6,0039,"Thu, 23 Jan 2020 16:04:34 GMT","Fri, 24 Jan 2020 00:59:40 GMT","Fri, 24 Jan 2020 00:56:20 GMT",42.475,2_39_78_366_2020-01-23 16:04:33.931167,0002,CA-323,2-39-78-366,America/Los_Angeles,000003853,360,46.8,130,523,"Thu, 23 Jan 2020 16:05:01 GMT",true,"Fri, 24 Jan 2020 00:47:34 GMT",3853,,,,,,,,,,,,,,,,,,,,,,,,,,,,,,,,,,,,,,,,,,,,,,,,,,,,,,,,,,,,,,,,,,,,,,,,,
5e3f60b3f9af8b10c08235d7,0039,"Thu, 23 Jan 2020 16:14:48 GMT","Thu, 23 Jan 2020 18:10:48 GMT","Thu, 23 Jan 2020 18:10:46 GMT",5.695,2_39_78_363_2020-01-23 16:14:28.430731,0002,CA-320,2-39-78-363,America/Los_Angeles,000002461,400,8,20,273,"Thu, 23 Jan 2020 16:14:47 GMT",true,"Thu, 23 Jan 2020 20:47:48 GMT",2461,,,,,,,,,,,,,,,,,,,,,,,,,,,,,,,,,,,,,,,,,,,,,,,,,,,,,,,,,,,,,,,,,,,,,,,,,
5e3f60b3f9af8b10c08235d8,0039,"Thu, 23 Jan 2020 16:31:01 GMT","Thu, 23 Jan 2020 23:34:24 GMT","Thu, 23 Jan 2020 23:29:57 GMT",10.316,2_39_78_364_2020-01-23 16:31:01.477308,0002,CA-495,2-39-78-364,America/Los_Angeles,000001470,292,11.68,40,316,"Thu, 23 Jan 2020 16:31:16 GMT",true,"Thu, 23 Jan 2020 21:47:01 GMT",1470,,,,,,,,,,,,,,,,,,,,,,,,,,,,,,,,,,,,,,,,,,,,,,,,,,,,,,,,,,,,,,,,,,,,,,,,,
5e3f60b3f9af8b10c08235d9,0039,"Thu, 23 Jan 2020 16:32:20 GMT","Fri, 24 Jan 2020 04:17:48 GMT","Thu, 23 Jan 2020 19:12:31 GMT",8.779,2_39_124_558_2020-01-23 16:32:20.291655,0002,CA-504,2-39-124-558,America/Los_Angeles,000001534,250,10,40,404,"Thu, 23 Jan 2020 16:33:19 GMT",true,"Thu, 23 Jan 2020 23:16:20 GMT",1534,,,,,,,,,,,,,,,,,,,,,,,,,,,,,,,,,,,,,,,,,,,,,,,,,,,,,,,,,,,,,,,,,,,,,,,,,
5e3f60b3f9af8b10c08235da,0039,"Thu, 23 Jan 2020 16:33:02 GMT","Fri, 24 Jan 2020 00:27:25 GMT","Thu, 23 Jan 2020 19:47:18 GMT",14.071,2_39_79_377_2020-01-23 16:33:02.290203,0002,CA-325,2-39-79-377,America/Los_Angeles,000001137,400,40,100,445,"Thu, 23 Jan 2020 16:33:24 GMT",true,"Thu, 23 Jan 2020 23:58:02 GMT",1137,,,,,,,,,,,,,,,,,,,,,,,,,,,,,,,,,,,,,,,,,,,,,,,,,,,,,,,,,,,,,,,,,,,,,,,,,
5e3f60b3f9af8b10c08235db,0039,"Thu, 23 Jan 2020 16:34:16 GMT","Fri, 24 Jan 2020 01:21:08 GMT","Fri, 24 Jan 2020 00:06:39 GMT",0.844,2_39_79_378_2020-01-23 16:34:15.600722,0002,CA-326,2-39-79-378,America/Los_Angeles,,,,,,,,,,,,,,,,,,,,,,,,,,,,,,,,,,,,,,,,,,,,,,,,,,,,,,,,,,,,,,,,,,,,,,,,,,,,,,,,,,
5e3f60b3f9af8b10c08235dc,0039,"Thu, 23 Jan 2020 16:37:39 GMT","Thu, 23 Jan 2020 22:47:52 GMT","Thu, 23 Jan 2020 22:20:25 GMT",0.949,2_39_88_24_2020-01-23 16:37:39.091218,0002,CA-314,2-39-88-24,America/Los_Angeles,,,,,,,,,,,,,,,,,,,,,,,,,,,,,,,,,,,,,,,,,,,,,,,,,,,,,,,,,,,,,,,,,,,,,,,,,,,,,,,,,,
5e3f60b3f9af8b10c08235dd,0039,"Thu, 23 Jan 2020 16:43:07 GMT","Thu, 23 Jan 2020 22:30:05 GMT","Thu, 23 Jan 2020 18:47:18 GMT",13.339,2_39_89_25_2020-01-23 16:43:06.951834,0002,CA-315,2-39-89-25,America/Los_Angeles,000000171,400,20,50,292,"Thu, 23 Jan 2020 16:43:36 GMT",true,"Thu, 23 Jan 2020 21:35:07 GMT",171,,,,,,,,,,,,,,,,,,,,,,,,,,,,,,,,,,,,,,,,,,,,,,,,,,,,,,,,,,,,,,,,,,,,,,,,,
5e3f60b3f9af8b10c08235de,0039,"Thu, 23 Jan 2020 16:50:44 GMT","Fri, 24 Jan 2020 04:46:38 GMT","Thu, 23 Jan 2020 18:42:07 GMT",5.671,2_39_127_19_2020-01-23 16:50:44.390577,0002,CA-309,2-39-127-19,America/Los_Angeles,000000562,325,6.5,20,156,"Thu, 23 Jan 2020 16:51:30 GMT",true,"Thu, 23 Jan 2020 19:26:44 GMT",562,,325,6.5,20,191,"Thu, 23 Jan 2020 16:51:43 GMT",true,"Thu, 23 Jan 2020 20:01:44 GMT",562,,,,,,,,,,,,,,,,,,,,,,,,,,,,,,,,,,,,,,,,,,,,,,,,,,,,,,,,,,,,,,,,
5e3f60b3f9af8b10c08235df,0039,"Thu, 23 Jan 2020 16:53:20 GMT","Fri, 24 Jan 2020 03:17:16 GMT","Thu, 23 Jan 2020 18:26:22 GMT",5.303,2_39_129_17_2020-01-23 16:53:19.554105,0002,CA-307,2-39-129-17,America/Los_Angeles,000000712,400,8,20,268,"Thu, 23 Jan 2020 16:53:27 GMT",true,"Thu, 23 Jan 2020 21:21:20 GMT",712,,,,,,,,,,,,,,,,,,,,,,,,,,,,,,,,,,,,,,,,,,,,,,,,,,,,,,,,,,,,,,,,,,,,,,,,,
5e3f60b3f9af8b10c08235e0,0039,"Thu, 23 Jan 2020 17:04:25 GMT","Fri, 24 Jan 2020 01:59:07 GMT","Thu, 23 Jan 2020 18:33:24 GMT",4.119,2_39_89_439_2020-01-23 17:04:24.877759,0002,CA-501,2-39-89-439,America/Los_Angeles,000000743,400,8,20,466,"Thu, 23 Jan 2020 17:04:34 GMT",true,"Fri, 24 Jan 2020 00:50:25 GMT",743,,,,,,,,,,,,,,,,,,,,,,,,,,,,,,,,,,,,,,,,,,,,,,,,,,,,,,,,,,,,,,,,,,,,,,,,,
5e3f60b3f9af8b10c08235e1,0039,"Thu, 23 Jan 2020 17:12:31 GMT","Thu, 23 Jan 2020 21:44:37 GMT","Thu, 23 Jan 2020 17:43:46 GMT",0.866,2_39_130_31_2020-01-23 17:12:30.738064,0002,CA-306,2-39-130-31,America/Los_Angeles,,,,,,,,,,,,,,,,,,,,,,,,,,,,,,,,,,,,,,,,,,,,,,,,,,,,,,,,,,,,,,,,,,,,,,,,,,,,,,,,,,
5e3f60b3f9af8b10c08235e2,0039,"Thu, 23 Jan 2020 17:14:00 GMT","Fri, 24 Jan 2020 01:53:25 GMT","Thu, 23 Jan 2020 21:04:18 GMT",0.919,2_39_78_365_2020-01-23 17:14:00.353595,0002,CA-321,2-39-78-365,America/Los_Angeles,,,,,,,,,,,,,,,,,,,,,,,,,,,,,,,,,,,,,,,,,,,,,,,,,,,,,,,,,,,,,,,,,,,,,,,,,,,,,,,,,,
5e3f60b3f9af8b10c08235e3,0039,"Thu, 23 Jan 2020 17:52:07 GMT","Fri, 24 Jan 2020 03:10:54 GMT","Thu, 23 Jan 2020 19:39:41 GMT",11.216,2_39_92_436_2020-01-23 17:52:06.691116,0002,CA-318,2-39-92-436,America/Los_Angeles,000000558,400,28,70,60,"Thu, 23 Jan 2020 17:52:10 GMT",true,"Thu, 23 Jan 2020 18:52:07 GMT",558,,,,,,,,,,,,,,,,,,,,,,,,,,,,,,,,,,,,,,,,,,,,,,,,,,,,,,,,,,,,,,,,,,,,,,,,,
5e3f60b3f9af8b10c08235e4,0039,"Thu, 23 Jan 2020 17:52:14 GMT","Fri, 24 Jan 2020 02:14:01 GMT","Thu, 23 Jan 2020 19:46:41 GMT",11.569,2_39_90_26_2020-01-23 17:52:13.670969,0002,CA-316,2-39-90-26,America/Los_Angeles,000001095,400,16,40,444,"Thu, 23 Jan 2020 17:52:23 GMT",true,"Fri, 24 Jan 2020 01:16:14 GMT",1095,,,,,,,,,,,,,,,,,,,,,,,,,,,,,,,,,,,,,,,,,,,,,,,,,,,,,,,,,,,,,,,,,,,,,,,,,
5e3f60b3f9af8b10c08235e5,0039,"Thu, 23 Jan 2020 17:54:23 GMT","Fri, 24 Jan 2020 01:21:44 GMT","Thu, 23 Jan 2020 19:59:10 GMT",6.28,2_39_125_21_2020-01-23 17:54:00.687530,0002,CA-311,2-39-125-21,America/Los_Angeles,000005594,360,9,25,65,"Thu, 23 Jan 2020 17:54:23 GMT",true,"Thu, 23 Jan 2020 18:59:23 GMT",5594,,360,9,25,210,"Thu, 23 Jan 2020 20:20:09 GMT",true,"Thu, 23 Jan 2020 21:24:23 GMT",5594,,,,,,,,,,,,,,,,,,,,,,,,,,,,,,,,,,,,,,,,,,,,,,,,,,,,,,,,,,,,,,,,
5e3f60b3f9af8b10c08235e6,0039,"Thu, 23 Jan 2020 18:25:34 GMT","Thu, 23 Jan 2020 20:06:15 GMT","Thu, 23 Jan 2020 20:06:07 GMT",9.742,2_39_91_441_2020-01-23 18:25:34.123335,0002,CA-499,2-39-91-441,America/Los_Angeles,000001087,400,28,70,252,"Thu, 23 Jan 2020 18:25:50 GMT",true,"Thu, 23 Jan 2020 22:37:34 GMT",1087,,,,,,,,,,,,,,,,,,,,,,,,,,,,,,,,,,,,,,,,,,,,,,,,,,,,,,,,,,,,,,,,,,,,,,,,,
5e3f60b3f9af8b10c08235e7,0039,"Thu, 23 Jan 2020 18:30:52 GMT","Fri, 24 Jan 2020 01:52:33 GMT","Thu, 23 Jan 2020 19:18:00 GMT",1.975,2_39_91_437_2020-01-23 18:30:51.747983,0002,CA-317,2-39-91-437,America/Los_Angeles,000000891,400,8,20,215,"Thu, 23 Jan 2020 18:31:44 GMT",true,"Thu, 23 Jan 2020 22:05:52 GMT",891,,,,,,,,,,,,,,,,,,,,,,,,,,,,,,,,,,,,,,,,,,,,,,,,,,,,,,,,,,,,,,,,,,,,,,,,,
5e3f60b3f9af8b10c08235e8,0039,"Thu, 23 Jan 2020 18:38:41 GMT","Fri, 24 Jan 2020 00:47:20 GMT","Thu, 23 Jan 2020 23:51:10 GMT",1,2_39_79_382_2020-01-23 18:38:40.519102,0002,CA-491,2-39-79-382,America/Los_Angeles,,,,,,,,,,,,,,,,,,,,,,,,,,,,,,,,,,,,,,,,,,,,,,,,,,,,,,,,,,,,,,,,,,,,,,,,,,,,,,,,,,
5e3f60b3f9af8b10c08235e9,0039,"Thu, 23 Jan 2020 18:43:54 GMT","Fri, 24 Jan 2020 04:20:25 GMT","Thu, 23 Jan 2020 19:55:28 GMT",3.901,2_39_124_22_2020-01-23 18:43:53.631837,0002,CA-312,2-39-124-22,America/Los_Angeles,000000567,400,8,20,100,"Thu, 23 Jan 2020 18:44:10 GMT",true,"Thu, 23 Jan 2020 20:23:54 GMT",567,,,,,,,,,,,,,,,,,,,,,,,,,,,,,,,,,,,,,,,,,,,,,,,,,,,,,,,,,,,,,,,,,,,,,,,,,
5e3f60b3f9af8b10c08235ea,0039,"Thu, 23 Jan 2020 18:44:36 GMT","Fri, 24 Jan 2020 02:23:10 GMT","Thu, 23 Jan 2020 22:21:44 GMT",11.715,2_39_123_23_2020-01-23 18:44:36.105287,0002,CA-313,2-39-123-23,America/Los_Angeles,000002170,400,28,70,426,"Thu, 23 Jan 2020 18:44:41 GMT",true,"Fri, 24 Jan 2020 01:50:36 GMT",2170,,,,,,,,,,,,,,,,,,,,,,,,,,,,,,,,,,,,,,,,,,,,,,,,,,,,,,,,,,,,,,,,,,,,,,,,,
5e3f60b3f9af8b10c08235eb,0039,"Thu, 23 Jan 2020 19:02:37 GMT","Thu, 23 Jan 2020 20:52:06 GMT","Thu, 23 Jan 2020 19:33:16 GMT",0.915,2_39_138_29_2020-01-23 19:02:36.733889,0002,CA-304,2-39-138-29,America/Los_Angeles,,,,,,,,,,,,,,,,,,,,,,,,,,,,,,,,,,,,,,,,,,,,,,,,,,,,,,,,,,,,,,,,,,,,,,,,,,,,,,,,,,
5e3f60b3f9af8b10c08235ec,0039,"Thu, 23 Jan 2020 19:08:17 GMT","Fri, 24 Jan 2020 00:32:44 GMT","Thu, 23 Jan 2020 21:06:44 GMT",12.206,2_39_88_438_2020-01-23 19:08:16.670097,0002,CA-502,2-39-88-438,America/Los_Angeles,000000069,400,40,100,363,"Thu, 23 Jan 2020 19:08:30 GMT",true,"Fri, 24 Jan 2020 01:11:17 GMT",69,,,,,,,,,,,,,,,,,,,,,,,,,,,,,,,,,,,,,,,,,,,,,,,,,,,,,,,,,,,,,,,,,,,,,,,,,
5e3f60b3f9af8b10c08235ed,0039,"Thu, 23 Jan 2020 20:07:48 GMT","Fri, 24 Jan 2020 00:07:39 GMT","Thu, 23 Jan 2020 23:48:28 GMT",4.778,2_39_78_367_2020-01-23 20:07:47.538867,0002,CA-494,2-39-78-367,America/Los_Angeles,000001912,400,20,50,250,"Thu, 23 Jan 2020 20:08:33 GMT",true,"Fri, 24 Jan 2020 00:17:48 GMT",1912,,,,,,,,,,,,,,,,,,,,,,,,,,,,,,,,,,,,,,,,,,,,,,,,,,,,,,,,,,,,,,,,,,,,,,,,,
5e3f60b3f9af8b10c08235ee,0039,"Thu, 23 Jan 2020 20:19:44 GMT","Fri, 24 Jan 2020 01:13:06 GMT","Fri, 24 Jan 2020 00:45:19 GMT",1.495,2_39_91_441_2020-01-23 20:19:43.848351,0002,CA-499,2-39-91-441,America/Los_Angeles,,,,,,,,,,,,,,,,,,,,,,,,,,,,,,,,,,,,,,,,,,,,,,,,,,,,,,,,,,,,,,,,,,,,,,,,,,,,,,,,,,
5e3f60b3f9af8b10c08235ef,0039,"Thu, 23 Jan 2020 20:57:43 GMT","Fri, 24 Jan 2020 04:01:52 GMT","Thu, 23 Jan 2020 22:56:54 GMT",6.469,2_39_128_562_2020-01-23 20:57:42.986128,0002,CA-508,2-39-128-562,America/Los_Angeles,000001124,400,8,20,60,"Thu, 23 Jan 2020 20:57:59 GMT",true,"Thu, 23 Jan 2020 21:57:43 GMT",1124,,,,,,,,,,,,,,,,,,,,,,,,,,,,,,,,,,,,,,,,,,,,,,,,,,,,,,,,,,,,,,,,,,,,,,,,,
5e3f60b3f9af8b10c08235f0,0039,"Thu, 23 Jan 2020 21:17:59 GMT","Thu, 23 Jan 2020 22:30:50 GMT","Thu, 23 Jan 2020 22:20:10 GMT",0.752,2_39_139_28_2020-01-23 21:17:59.157744,0002,CA-303,2-39-139-28,America/Los_Angeles,,,,,,,,,,,,,,,,,,,,,,,,,,,,,,,,,,,,,,,,,,,,,,,,,,,,,,,,,,,,,,,,,,,,,,,,,,,,,,,,,,
5e3f60b3f9af8b10c08235f1,0039,"Thu, 23 Jan 2020 23:16:12 GMT","Fri, 24 Jan 2020 01:03:07 GMT","Fri, 24 Jan 2020 00:06:34 GMT",0.928,2_39_89_25_2020-01-23 23:16:11.556172,0002,CA-315,2-39-89-25,America/Los_Angeles,,,,,,,,,,,,,,,,,,,,,,,,,,,,,,,,,,,,,,,,,,,,,,,,,,,,,,,,,,,,,,,,,,,,,,,,,,,,,,,,,,
5e3f60b3f9af8b10c08235f2,0039,"Thu, 23 Jan 2020 23:47:19 GMT","Fri, 24 Jan 2020 01:16:15 GMT","Fri, 24 Jan 2020 01:16:10 GMT",10.047,2_39_88_24_2020-01-23 23:47:19.095459,0002,CA-314,2-39-88-24,America/Los_Angeles,000000710,261,41.76,160,458,"Thu, 23 Jan 2020 23:47:23 GMT",true,"Fri, 24 Jan 2020 07:25:19 GMT",710,,,,,,,,,,,,,,,,,,,,,,,,,,,,,,,,,,,,,,,,,,,,,,,,,,,,,,,,,,,,,,,,,,,,,,,,,
5e3f60b3f9af8b10c08235f3,0039,"Fri, 24 Jan 2020 00:01:32 GMT","Fri, 24 Jan 2020 04:14:33 GMT","Fri, 24 Jan 2020 02:27:24 GMT",1.946,2_39_78_364_2020-01-24 00:01:31.738586,0002,CA-495,2-39-78-364,America/Los_Angeles,000001920,450,13.5,30,123,"Fri, 24 Jan 2020 00:01:46 GMT",true,"Fri, 24 Jan 2020 02:04:32 GMT",1920,,,,,,,,,,,,,,,,,,,,,,,,,,,,,,,,,,,,,,,,,,,,,,,,,,,,,,,,,,,,,,,,,,,,,,,,,
5e3f60b3f9af8b10c08235f4,0039,"Fri, 24 Jan 2020 01:41:50 GMT","Fri, 24 Jan 2020 03:06:57 GMT","Fri, 24 Jan 2020 02:24:34 GMT",3.87,2_39_126_20_2020-01-24 01:41:35.884179,0002,CA-310,2-39-126-20,America/Los_Angeles,000003123,400,4,10,154,"Fri, 24 Jan 2020 01:41:49 GMT",true,"Fri, 24 Jan 2020 04:15:50 GMT",3123,,,,,,,,,,,,,,,,,,,,,,,,,,,,,,,,,,,,,,,,,,,,,,,,,,,,,,,,,,,,,,,,,,,,,,,,,
5e3f60b3f9af8b10c08235f5,0039,"Fri, 24 Jan 2020 02:16:45 GMT","Fri, 24 Jan 2020 06:06:05 GMT","Fri, 24 Jan 2020 06:06:01 GMT",13.588,2_39_89_25_2020-01-24 02:16:44.871497,0002,CA-315,2-39-89-25,America/Los_Angeles,000001108,400,20,50,254,"Fri, 24 Jan 2020 02:16:46 GMT",true,"Fri, 24 Jan 2020 06:30:45 GMT",1108,,,,,,,,,,,,,,,,,,,,,,,,,,,,,,,,,,,,,,,,,,,,,,,,,,,,,,,,,,,,,,,,,,,,,,,,,
5e3f60b3f9af8b10c08235f6,0039,"Fri, 24 Jan 2020 02:18:50 GMT","Fri, 24 Jan 2020 02:40:42 GMT","Fri, 24 Jan 2020 02:40:39 GMT",0.628,2_39_78_365_2020-01-24 02:18:49.689971,0002,CA-321,2-39-78-365,America/Los_Angeles,,,,,,,,,,,,,,,,,,,,,,,,,,,,,,,,,,,,,,,,,,,,,,,,,,,,,,,,,,,,,,,,,,,,,,,,,,,,,,,,,,
5e3f60b3f9af8b10c08235f7,0039,"Fri, 24 Jan 2020 03:14:58 GMT","Fri, 24 Jan 2020 05:24:56 GMT","Fri, 24 Jan 2020 04:27:43 GMT",3.578,2_39_131_30_2020-01-24 03:14:57.712125,0002,CA-305,2-39-131-30,America/Los_Angeles,000003818,400,8,20,60,"Fri, 24 Jan 2020 03:15:09 GMT",true,"Fri, 24 Jan 2020 04:14:58 GMT",3818,,,,,,,,,,,,,,,,,,,,,,,,,,,,,,,,,,,,,,,,,,,,,,,,,,,,,,,,,,,,,,,,,,,,,,,,,
5e3f60b3f9af8b10c08235f8,0039,"Fri, 24 Jan 2020 03:41:13 GMT","Fri, 24 Jan 2020 05:08:30 GMT","Fri, 24 Jan 2020 04:33:41 GMT",2.826,2_39_139_28_2020-01-24 03:41:12.781185,0002,CA-303,2-39-139-28,America/Los_Angeles,000000315,600,18,30,199,"Fri, 24 Jan 2020 03:41:32 GMT",true,"Fri, 24 Jan 2020 07:00:13 GMT",315,,,,,,,,,,,,,,,,,,,,,,,,,,,,,,,,,,,,,,,,,,,,,,,,,,,,,,,,,,,,,,,,,,,,,,,,,
5e3f60b3f9af8b10c08235f9,0039,"Fri, 24 Jan 2020 04:31:59 GMT","Fri, 24 Jan 2020 05:46:08 GMT","Fri, 24 Jan 2020 05:46:03 GMT",8.499,2_39_138_29_2020-01-24 04:31:58.627508,0002,CA-304,2-39-138-29,America/Los_Angeles,000001263,400,12,30,115,"Fri, 24 Jan 2020 04:32:27 GMT",true,"Fri, 24 Jan 2020 06:26:59 GMT",1263,,,,,,,,,,,,,,,,,,,,,,,,,,,,,,,,,,,,,,,,,,,,,,,,,,,,,,,,,,,,,,,,,,,,,,,,,
5e40b3a2f9af8b14e4237194,0039,"Fri, 24 Jan 2020 15:31:47 GMT","Fri, 24 Jan 2020 19:50:13 GMT",,3.979,2_39_89_25_2020-01-24 15:31:46.690437,0002,CA-315,2-39-89-25,America/Los_Angeles,000000743,400,8,20,405,"Fri, 24 Jan 2020 15:31:58 GMT",true,"Fri, 24 Jan 2020 22:16:47 GMT",743,,,,,,,,,,,,,,,,,,,,,,,,,,,,,,,,,,,,,,,,,,,,,,,,,,,,,,,,,,,,,,,,,,,,,,,,,
5e40b3a2f9af8b14e4237195,0039,"Fri, 24 Jan 2020 15:36:50 GMT","Fri, 24 Jan 2020 19:57:35 GMT",,24.23,2_39_139_28_2020-01-24 15:36:50.416133,0002,CA-303,2-39-139-28,America/Los_Angeles,000000710,261,41.76,160,458,"Fri, 24 Jan 2020 15:37:07 GMT",true,"Fri, 24 Jan 2020 23:14:50 GMT",710,,,,,,,,,,,,,,,,,,,,,,,,,,,,,,,,,,,,,,,,,,,,,,,,,,,,,,,,,,,,,,,,,,,,,,,,,
5e40b3a2f9af8b14e4237196,0039,"Fri, 24 Jan 2020 15:48:26 GMT","Sat, 25 Jan 2020 00:33:39 GMT",,2.458,2_39_79_382_2020-01-24 15:48:25.568004,0002,CA-491,2-39-79-382,America/Los_Angeles,000004701,300,12,40,400,"Fri, 24 Jan 2020 15:49:09 GMT",true,"Fri, 24 Jan 2020 22:28:26 GMT",4701,,,,,,,,,,,,,,,,,,,,,,,,,,,,,,,,,,,,,,,,,,,,,,,,,,,,,,,,,,,,,,,,,,,,,,,,,
5e40b3a2f9af8b14e4237197,0039,"Fri, 24 Jan 2020 15:54:54 GMT","Fri, 24 Jan 2020 20:05:28 GMT",,7.026,2_39_138_29_2020-01-24 15:54:54.359603,0002,CA-304,2-39-138-29,America/Los_Angeles,000001564,300,12,40,335,"Fri, 24 Jan 2020 15:55:05 GMT",true,"Fri, 24 Jan 2020 21:29:54 GMT",1564,,,,,,,,,,,,,,,,,,,,,,,,,,,,,,,,,,,,,,,,,,,,,,,,,,,,,,,,,,,,,,,,,,,,,,,,,
5e40b3a2f9af8b14e4237198,0039,"Fri, 24 Jan 2020 16:01:14 GMT","Fri, 24 Jan 2020 18:15:33 GMT",,0.848,2_39_79_380_2020-01-24 16:01:14.203948,0002,CA-489,2-39-79-380,America/Los_Angeles,,,,,,,,,,,,,,,,,,,,,,,,,,,,,,,,,,,,,,,,,,,,,,,,,,,,,,,,,,,,,,,,,,,,,,,,,,,,,,,,,,
5e40b3a2f9af8b14e4237199,0039,"Fri, 24 Jan 2020 16:06:33 GMT","Fri, 24 Jan 2020 23:26:21 GMT",,15.378,2_39_129_17_2020-01-24 16:06:18.580438,0002,CA-307,2-39-129-17,America/Los_Angeles,000004947,380,19,50,462,"Fri, 24 Jan 2020 16:06:33 GMT",true,"Fri, 24 Jan 2020 23:48:33 GMT",4947,,,,,,,,,,,,,,,,,,,,,,,,,,,,,,,,,,,,,,,,,,,,,,,,,,,,,,,,,,,,,,,,,,,,,,,,,
5e40b3a2f9af8b14e423719a,0039,"Fri, 24 Jan 2020 16:23:49 GMT","Sat, 25 Jan 2020 01:00:53 GMT",,26.381,2_39_78_364_2020-01-24 16:23:49.031182,0002,CA-495,2-39-78-364,America/Los_Angeles,000003449,276,38.64,140,266,"Fri, 24 Jan 2020 16:24:09 GMT",true,"Fri, 24 Jan 2020 20:49:49 GMT",3449,,,,,,,,,,,,,,,,,,,,,,,,,,,,,,,,,,,,,,,,,,,,,,,,,,,,,,,,,,,,,,,,,,,,,,,,,
5e40b3a2f9af8b14e423719b,0039,"Fri, 24 Jan 2020 17:03:37 GMT","Sat, 25 Jan 2020 02:02:44 GMT",,4.906,2_39_127_19_2020-01-24 17:03:37.361063,0002,CA-309,2-39-127-19,America/Los_Angeles,000000712,400,12,30,349,"Fri, 24 Jan 2020 17:03:46 GMT",true,"Fri, 24 Jan 2020 22:52:37 GMT",712,,,,,,,,,,,,,,,,,,,,,,,,,,,,,,,,,,,,,,,,,,,,,,,,,,,,,,,,,,,,,,,,,,,,,,,,,
5e40b3a2f9af8b14e423719c,0039,"Fri, 24 Jan 2020 17:09:23 GMT","Sat, 25 Jan 2020 01:26:14 GMT",,14.64,2_39_79_376_2020-01-24 17:09:23.379640,0002,CA-324,2-39-79-376,America/Los_Angeles,000000364,400,52,130,464,"Fri, 24 Jan 2020 17:10:56 GMT",true,"Sat, 25 Jan 2020 00:53:23 GMT",364,,,,,,,,,,,,,,,,,,,,,,,,,,,,,,,,,,,,,,,,,,,,,,,,,,,,,,,,,,,,,,,,,,,,,,,,,
5e40b3a2f9af8b14e423719d,0039,"Fri, 24 Jan 2020 17:12:09 GMT","Sat, 25 Jan 2020 03:14:06 GMT",,3.704,2_39_125_21_2020-01-24 17:12:09.321183,0002,CA-311,2-39-125-21,America/Los_Angeles,000000567,400,8,20,100,"Fri, 24 Jan 2020 17:12:18 GMT",true,"Fri, 24 Jan 2020 18:52:09 GMT",567,,,,,,,,,,,,,,,,,,,,,,,,,,,,,,,,,,,,,,,,,,,,,,,,,,,,,,,,,,,,,,,,,,,,,,,,,
5e40b3a2f9af8b14e423719e,0039,"Fri, 24 Jan 2020 17:27:07 GMT","Sat, 25 Jan 2020 01:13:02 GMT",,7.538,2_39_124_22_2020-01-24 17:27:07.025835,0002,CA-312,2-39-124-22,America/Los_Angeles,000000620,400,12,30,450,"Fri, 24 Jan 2020 17:27:22 GMT",true,"Sat, 25 Jan 2020 00:57:07 GMT",620,,,,,,,,,,,,,,,,,,,,,,,,,,,,,,,,,,,,,,,,,,,,,,,,,,,,,,,,,,,,,,,,,,,,,,,,,
5e40b3a2f9af8b14e423719f,0039,"Fri, 24 Jan 2020 17:32:07 GMT","Sat, 25 Jan 2020 01:58:02 GMT",,10.007,2_39_79_377_2020-01-24 17:32:07.081582,0002,CA-325,2-39-79-377,America/Los_Angeles,000000515,400,20,50,482,"Fri, 24 Jan 2020 17:32:24 GMT",true,"Sat, 25 Jan 2020 01:34:07 GMT",515,,400,20,50,482,"Fri, 24 Jan 2020 17:32:59 GMT",true,"Sat, 25 Jan 2020 01:34:07 GMT",515,,,,,,,,,,,,,,,,,,,,,,,,,,,,,,,,,,,,,,,,,,,,,,,,,,,,,,,,,,,,,,,,
5e40b3a2f9af8b14e42371a0,0039,"Fri, 24 Jan 2020 17:36:48 GMT","Sat, 25 Jan 2020 01:06:15 GMT",,11.817,2_39_92_442_2020-01-24 17:36:48.264557,0002,CA-498,2-39-92-442,America/Los_Angeles,000000069,400,40,100,363,"Fri, 24 Jan 2020 17:37:09 GMT",true,"Fri, 24 Jan 2020 23:39:48 GMT",69,,,,,,,,,,,,,,,,,,,,,,,,,,,,,,,,,,,,,,,,,,,,,,,,,,,,,,,,,,,,,,,,,,,,,,,,,
5e40b3a2f9af8b14e42371a1,0039,"Fri, 24 Jan 2020 17:38:38 GMT","Fri, 24 Jan 2020 20:34:33 GMT",,5.176,2_39_123_23_2020-01-24 17:38:37.825355,0002,CA-313,2-39-123-23,America/Los_Angeles,000000562,325,6.5,20,161,"Fri, 24 Jan 2020 17:39:15 GMT",true,"Fri, 24 Jan 2020 20:19:38 GMT",562,,,,,,,,,,,,,,,,,,,,,,,,,,,,,,,,,,,,,,,,,,,,,,,,,,,,,,,,,,,,,,,,,,,,,,,,,
5e40b3a2f9af8b14e42371a2,0039,"Fri, 24 Jan 2020 17:39:54 GMT","Sat, 25 Jan 2020 01:45:52 GMT",,2.188,2_39_78_363_2020-01-24 17:39:53.949731,0002,CA-320,2-39-78-363,America/Los_Angeles,000000891,400,8,20,215,"Fri, 24 Jan 2020 17:40:09 GMT",true,"Fri, 24 Jan 2020 21:14:54 GMT",891,,,,,,,,,,,,,,,,,,,,,,,,,,,,,,,,,,,,,,,,,,,,,,,,,,,,,,,,,,,,,,,,,,,,,,,,,
5e40b3a2f9af8b14e42371a3,0039,"Fri, 24 Jan 2020 17:47:26 GMT","Fri, 24 Jan 2020 23:47:05 GMT",,13.307,2_39_90_26_2020-01-24 17:47:25.343091,0002,CA-316,2-39-90-26,America/Los_Angeles,000001912,400,20,50,333,"Fri, 24 Jan 2020 17:47:25 GMT",true,"Fri, 24 Jan 2020 23:20:26 GMT",1912,,,,,,,,,,,,,,,,,,,,,,,,,,,,,,,,,,,,,,,,,,,,,,,,,,,,,,,,,,,,,,,,,,,,,,,,,
5e40b3a2f9af8b14e42371a4,0039,"Fri, 24 Jan 2020 17:50:56 GMT","Sat, 25 Jan 2020 04:14:52 GMT",,2.117,2_39_91_437_2020-01-24 17:50:55.841591,0002,CA-317,2-39-91-437,America/Los_Angeles,000000324,444,8.88,20,132,"Fri, 24 Jan 2020 17:51:40 GMT",true,"Fri, 24 Jan 2020 20:02:56 GMT",324,,,,,,,,,,,,,,,,,,,,,,,,,,,,,,,,,,,,,,,,,,,,,,,,,,,,,,,,,,,,,,,,,,,,,,,,,
5e40b3a2f9af8b14e42371a5,0039,"Fri, 24 Jan 2020 17:52:10 GMT","Sat, 25 Jan 2020 02:23:48 GMT",,11.127,2_39_95_27_2020-01-24 17:52:09.868787,0002,CA-319,2-39-95-27,America/Los_Angeles,000002170,400,28,70,426,"Fri, 24 Jan 2020 17:52:17 GMT",true,"Sat, 25 Jan 2020 00:58:10 GMT",2170,,,,,,,,,,,,,,,,,,,,,,,,,,,,,,,,,,,,,,,,,,,,,,,,,,,,,,,,,,,,,,,,,,,,,,,,,
5e40b3a2f9af8b14e42371a6,0039,"Fri, 24 Jan 2020 17:53:38 GMT","Sat, 25 Jan 2020 03:16:19 GMT",,11.238,2_39_78_365_2020-01-24 17:53:38.008036,0002,CA-321,2-39-78-365,America/Los_Angeles,000000558,400,28,70,60,"Fri, 24 Jan 2020 17:53:41 GMT",true,"Fri, 24 Jan 2020 18:53:38 GMT",558,,,,,,,,,,,,,,,,,,,,,,,,,,,,,,,,,,,,,,,,,,,,,,,,,,,,,,,,,,,,,,,,,,,,,,,,,
5e40b3a2f9af8b14e42371a7,0039,"Fri, 24 Jan 2020 18:14:57 GMT","Sat, 25 Jan 2020 02:12:31 GMT",,12.474,2_39_78_360_2020-01-24 18:14:57.109529,0002,CA-322,2-39-78-360,America/Los_Angeles,000001095,400,16,40,444,"Fri, 24 Jan 2020 18:15:02 GMT",true,"Sat, 25 Jan 2020 01:38:57 GMT",1095,,,,,,,,,,,,,,,,,,,,,,,,,,,,,,,,,,,,,,,,,,,,,,,,,,,,,,,,,,,,,,,,,,,,,,,,,
5e40b3a2f9af8b14e42371a8,0039,"Fri, 24 Jan 2020 18:51:25 GMT","Fri, 24 Jan 2020 20:54:14 GMT",,0.838,2_39_90_440_2020-01-24 18:51:25.047588,0002,CA-500,2-39-90-440,America/Los_Angeles,,,,,,,,,,,,,,,,,,,,,,,,,,,,,,,,,,,,,,,,,,,,,,,,,,,,,,,,,,,,,,,,,,,,,,,,,,,,,,,,,,
5e40b3a2f9af8b14e42371a9,0039,"Fri, 24 Jan 2020 18:52:48 GMT","Sat, 25 Jan 2020 00:42:45 GMT",,16.864,2_39_88_24_2020-01-24 18:52:48.375118,0002,CA-314,2-39-88-24,America/Los_Angeles,000000832,400,28,70,350,"Fri, 24 Jan 2020 18:54:28 GMT",true,"Sat, 25 Jan 2020 00:42:48 GMT",832,,,,,,,,,,,,,,,,,,,,,,,,,,,,,,,,,,,,,,,,,,,,,,,,,,,,,,,,,,,,,,,,,,,,,,,,,
5e40b3a2f9af8b14e42371aa,0039,"Fri, 24 Jan 2020 19:15:24 GMT","Fri, 24 Jan 2020 22:55:22 GMT",,0.916,2_39_79_383_2020-01-24 19:15:23.889114,0002,CA-492,2-39-79-383,America/Los_Angeles,,,,,,,,,,,,,,,,,,,,,,,,,,,,,,,,,,,,,,,,,,,,,,,,,,,,,,,,,,,,,,,,,,,,,,,,,,,,,,,,,,
5e40b3a2f9af8b14e42371ab,0039,"Fri, 24 Jan 2020 19:25:21 GMT","Sat, 25 Jan 2020 01:27:57 GMT",,34.211,2_39_91_441_2020-01-24 19:25:20.518727,0002,CA-499,2-39-91-441,America/Los_Angeles,000003270,200,40,200,466,"Fri, 24 Jan 2020 20:08:57 GMT",true,"Sat, 25 Jan 2020 03:11:21 GMT",3270,,200,40,200,466,"Fri, 24 Jan 2020 20:09:12 GMT",true,"Sat, 25 Jan 2020 03:11:21 GMT",3270,200,40,200,470,"Fri, 24 Jan 2020 20:14:01 GMT",true,"Sat, 25 Jan 2020 03:15:21 GMT",3270,,,,,,,,,,,,,,,,,,,,,,,,,,,,,,,,,,,,,,,,,,,,,,,,,,,,,,,,
5e40b3a2f9af8b14e42371ac,0039,"Fri, 24 Jan 2020 19:38:07 GMT","Sat, 25 Jan 2020 01:02:21 GMT",,14.37,2_39_78_367_2020-01-24 19:38:06.627576,0002,CA-494,2-39-78-367,America/Los_Angeles,000001470,292,17.52,60,316,"Fri, 24 Jan 2020 19:38:21 GMT",true,"Sat, 25 Jan 2020 00:54:07 GMT",1470,,,,,,,,,,,,,,,,,,,,,,,,,,,,,,,,,,,,,,,,,,,,,,,,,,,,,,,,,,,,,,,,,,,,,,,,,
5e40b3a2f9af8b14e42371ad,0039,"Fri, 24 Jan 2020 20:22:34 GMT","Sat, 25 Jan 2020 06:46:15 GMT",,6.586,2_39_79_379_2020-01-24 20:22:20.360154,0002,CA-327,2-39-79-379,America/Los_Angeles,000001111,400,12,30,99,"Fri, 24 Jan 2020 20:22:34 GMT",true,"Fri, 24 Jan 2020 22:01:34 GMT",1111,,,,,,,,,,,,,,,,,,,,,,,,,,,,,,,,,,,,,,,,,,,,,,,,,,,,,,,,,,,,,,,,,,,,,,,,,
5e40b3a2f9af8b14e42371ae,0039,"Fri, 24 Jan 2020 20:47:13 GMT","Sat, 25 Jan 2020 02:37:16 GMT",,6.572,2_39_78_362_2020-01-24 20:47:13.058417,0002,CA-496,2-39-78-362,America/Los_Angeles,000001124,400,8,20,60,"Fri, 24 Jan 2020 20:47:27 GMT",true,"Fri, 24 Jan 2020 21:47:13 GMT",1124,,,,,,,,,,,,,,,,,,,,,,,,,,,,,,,,,,,,,,,,,,,,,,,,,,,,,,,,,,,,,,,,,,,,,,,,,
5e40b3a2f9af8b14e42371af,0039,"Fri, 24 Jan 2020 21:19:11 GMT","Fri, 24 Jan 2020 23:42:13 GMT",,0.772,2_39_78_366_2020-01-24 21:19:10.794043,0002,CA-323,2-39-78-366,America/Los_Angeles,,,,,,,,,,,,,,,,,,,,,,,,,,,,,,,,,,,,,,,,,,,,,,,,,,,,,,,,,,,,,,,,,,,,,,,,,,,,,,,,,,
5e40b3a2f9af8b14e42371b0,0039,"Fri, 24 Jan 2020 21:20:42 GMT","Sat, 25 Jan 2020 01:36:46 GMT",,0.873,2_39_95_444_2020-01-24 21:20:41.799243,0002,CA-497,2-39-95-444,America/Los_Angeles,,,,,,,,,,,,,,,,,,,,,,,,,,,,,,,,,,,,,,,,,,,,,,,,,,,,,,,,,,,,,,,,,,,,,,,,,,,,,,,,,,
5e40b3a2f9af8b14e42371b1,0039,"Fri, 24 Jan 2020 21:23:00 GMT","Sat, 25 Jan 2020 01:29:26 GMT",,0.802,2_39_92_436_2020-01-24 21:22:59.928333,0002,CA-318,2-39-92-436,America/Los_Angeles,,,,,,,,,,,,,,,,,,,,,,,,,,,,,,,,,,,,,,,,,,,,,,,,,,,,,,,,,,,,,,,,,,,,,,,,,,,,,,,,,,
5e40b3a2f9af8b14e42371b2,0039,"Fri, 24 Jan 2020 21:50:08 GMT","Fri, 24 Jan 2020 23:00:13 GMT",,7.945,2_39_90_440_2020-01-24 21:50:00.149630,0002,CA-500,2-39-90-440,America/Los_Angeles,000003111,250,10,40,93,"Fri, 24 Jan 2020 21:50:07 GMT",true,"Fri, 24 Jan 2020 23:23:08 GMT",3111,,,,,,,,,,,,,,,,,,,,,,,,,,,,,,,,,,,,,,,,,,,,,,,,,,,,,,,,,,,,,,,,,,,,,,,,,
5e40b3a2f9af8b14e42371b3,0039,"Fri, 24 Jan 2020 21:53:02 GMT","Sat, 25 Jan 2020 03:26:28 GMT",,1.644,2_39_131_30_2020-01-24 21:53:01.792307,0002,CA-305,2-39-131-30,America/Los_Angeles,000000562,325,3.25,10,220,"Fri, 24 Jan 2020 21:53:23 GMT",true,"Sat, 25 Jan 2020 01:33:02 GMT",562,,,,,,,,,,,,,,,,,,,,,,,,,,,,,,,,,,,,,,,,,,,,,,,,,,,,,,,,,,,,,,,,,,,,,,,,,
5e40b3a2f9af8b14e42371b4,0039,"Fri, 24 Jan 2020 22:26:31 GMT","Sat, 25 Jan 2020 01:08:23 GMT",,2.034,2_39_78_361_2020-01-24 22:26:30.683646,0002,CA-493,2-39-78-361,America/Los_Angeles,000000751,400,40,100,717,"Fri, 24 Jan 2020 22:26:43 GMT",true,"Sat, 25 Jan 2020 10:23:31 GMT",751,,,,,,,,,,,,,,,,,,,,,,,,,,,,,,,,,,,,,,,,,,,,,,,,,,,,,,,,,,,,,,,,,,,,,,,,,
5e40b3a2f9af8b14e42371b5,0039,"Fri, 24 Jan 2020 23:18:01 GMT","Sat, 25 Jan 2020 02:17:46 GMT",,5.24,2_39_79_383_2020-01-24 23:18:01.053013,0002,CA-492,2-39-79-383,America/Los_Angeles,000001864,400,12,30,121,"Fri, 24 Jan 2020 23:18:16 GMT",true,"Sat, 25 Jan 2020 01:19:01 GMT",1864,,,,,,,,,,,,,,,,,,,,,,,,,,,,,,,,,,,,,,,,,,,,,,,,,,,,,,,,,,,,,,,,,,,,,,,,,
5e40b3a2f9af8b14e42371b6,0039,"Sat, 25 Jan 2020 00:49:27 GMT","Sat, 25 Jan 2020 02:29:37 GMT",,1.998,2_39_89_25_2020-01-25 00:49:26.773768,0002,CA-315,2-39-89-25,America/Los_Angeles,000001920,450,9,20,123,"Sat, 25 Jan 2020 00:49:54 GMT",true,"Sat, 25 Jan 2020 02:52:27 GMT",1920,,450,13.5,30,123,"Sat, 25 Jan 2020 00:50:09 GMT",true,"Sat, 25 Jan 2020 02:52:27 GMT",1920,450,13.5,30,95,"Sat, 25 Jan 2020 00:50:20 GMT",true,"Sat, 25 Jan 2020 02:24:27 GMT",1920,450,13.5,30,151,"Sat, 25 Jan 2020 00:50:42 GMT",true,"Sat, 25 Jan 2020 03:20:27 GMT",1920,,,,,,,,,,,,,,,,,,,,,,,,,,,,,,,,,,,,,,,,,,,,,,,,
5e40b3a2f9af8b14e42371b7,0039,"Sat, 25 Jan 2020 01:18:51 GMT","Sat, 25 Jan 2020 02:34:27 GMT",,4.377,2_39_129_17_2020-01-25 01:18:50.803877,0002,CA-307,2-39-129-17,America/Los_Angeles,000000365,333,9.99,30,104,"Sat, 25 Jan 2020 01:19:06 GMT",true,"Sat, 25 Jan 2020 03:02:51 GMT",365,,,,,,,,,,,,,,,,,,,,,,,,,,,,,,,,,,,,,,,,,,,,,,,,,,,,,,,,,,,,,,,,,,,,,,,,,
5e40b3a2f9af8b14e42371b8,0039,"Sat, 25 Jan 2020 04:45:23 GMT","Sat, 25 Jan 2020 17:06:48 GMT",,27.916,2_39_79_377_2020-01-25 04:45:22.511208,0002,CA-325,2-39-79-377,America/Los_Angeles,000001509,400,28,70,658,"Sat, 25 Jan 2020 04:47:46 GMT",true,"Sat, 25 Jan 2020 15:43:23 GMT",1509,,,,,,,,,,,,,,,,,,,,,,,,,,,,,,,,,,,,,,,,,,,,,,,,,,,,,,,,,,,,,,,,,,,,,,,,,
5e42039cf9af8b18da1b5afa,0039,"Sat, 25 Jan 2020 16:36:03 GMT","Sat, 25 Jan 2020 20:20:45 GMT","Sat, 25 Jan 2020 20:20:40 GMT",13.199,2_39_91_437_2020-01-25 16:36:03.069820,0002,CA-317,2-39-91-437,America/Los_Angeles,000001108,400,20,50,254,"Sat, 25 Jan 2020 16:36:04 GMT",true,"Sat, 25 Jan 2020 20:50:03 GMT",1108,,,,,,,,,,,,,,,,,,,,,,,,,,,,,,,,,,,,,,,,,,,,,,,,,,,,,,,,,,,,,,,,,,,,,,,,,
5e42039cf9af8b18da1b5afb,0039,"Sat, 25 Jan 2020 17:21:29 GMT","Sat, 25 Jan 2020 19:42:10 GMT",,7.923,2_39_131_30_2020-01-25 17:21:29.279766,0002,CA-305,2-39-131-30,America/Los_Angeles,000002087,400,8,20,315,"Sat, 25 Jan 2020 17:22:16 GMT",true,"Sat, 25 Jan 2020 22:36:29 GMT",2087,,400,8,20,316,"Sat, 25 Jan 2020 17:23:29 GMT",true,"Sat, 25 Jan 2020 22:37:29 GMT",2087,400,8,20,316,"Sat, 25 Jan 2020 17:24:24 GMT",true,"Sat, 25 Jan 2020 22:37:29 GMT",2087,400,8,20,63,"Sat, 25 Jan 2020 18:47:54 GMT",true,"Sat, 25 Jan 2020 18:24:29 GMT",2087,400,8,20,145,"Sat, 25 Jan 2020 18:49:00 GMT",true,"Sat, 25 Jan 2020 19:46:29 GMT",2087,400,8,20,146,"Sat, 25 Jan 2020 19:02:57 GMT",true,"Sat, 25 Jan 2020 19:47:29 GMT",2087,,,,,,,,,,,,,,,,,,,,,,,,,,,,,,,,
5e42039cf9af8b18da1b5afc,0039,"Sat, 25 Jan 2020 18:59:12 GMT","Sat, 25 Jan 2020 19:18:38 GMT",,0.571,2_39_123_23_2020-01-25 18:59:11.648204,0002,CA-313,2-39-123-23,America/Los_Angeles,,,,,,,,,,,,,,,,,,,,,,,,,,,,,,,,,,,,,,,,,,,,,,,,,,,,,,,,,,,,,,,,,,,,,,,,,,,,,,,,,,
5e42039cf9af8b18da1b5afd,0039,"Sat, 25 Jan 2020 19:44:08 GMT","Sat, 25 Jan 2020 20:07:24 GMT","Sat, 25 Jan 2020 20:07:19 GMT",0.716,2_39_131_30_2020-01-25 19:44:08.471149,0002,CA-305,2-39-131-30,America/Los_Angeles,,,,,,,,,,,,,,,,,,,,,,,,,,,,,,,,,,,,,,,,,,,,,,,,,,,,,,,,,,,,,,,,,,,,,,,,,,,,,,,,,,
5e42039cf9af8b18da1b5afe,0039,"Sat, 25 Jan 2020 23:52:25 GMT","Sun, 26 Jan 2020 01:11:35 GMT","Sun, 26 Jan 2020 00:22:49 GMT",0.837,2_39_127_19_2020-01-25 23:52:25.340492,0002,CA-309,2-39-127-19,America/Los_Angeles,,,,,,,,,,,,,,,,,,,,,,,,,,,,,,,,,,,,,,,,,,,,,,,,,,,,,,,,,,,,,,,,,,,,,,,,,,,,,,,,,,
5e42039cf9af8b18da1b5aff,0039,"Sun, 26 Jan 2020 00:54:52 GMT","Sun, 26 Jan 2020 02:23:36 GMT","Sun, 26 Jan 2020 01:38:48 GMT",2.064,2_39_125_21_2020-01-26 00:54:51.738909,0002,CA-311,2-39-125-21,America/Los_Angeles,000001920,450,13.5,30,151,"Sun, 26 Jan 2020 00:55:21 GMT",true,"Sun, 26 Jan 2020 03:25:52 GMT",1920,,450,13.5,30,145,"Sun, 26 Jan 2020 00:55:31 GMT",true,"Sun, 26 Jan 2020 03:19:52 GMT",1920,450,13.5,30,145,"Sun, 26 Jan 2020 00:55:37 GMT",true,"Sun, 26 Jan 2020 03:19:52 GMT",1920,,,,,,,,,,,,,,,,,,,,,,,,,,,,,,,,,,,,,,,,,,,,,,,,,,,,,,,,
5e42039cf9af8b18da1b5b00,0039,"Sun, 26 Jan 2020 02:59:57 GMT","Sun, 26 Jan 2020 04:00:14 GMT","Sun, 26 Jan 2020 04:00:10 GMT",3.532,2_39_139_28_2020-01-26 02:59:56.692879,0002,CA-303,2-39-139-28,America/Los_Angeles,000000315,600,18,30,199,"Sun, 26 Jan 2020 03:00:16 GMT",true,"Sun, 26 Jan 2020 06:18:57 GMT",315,,,,,,,,,,,,,,,,,,,,,,,,,,,,,,,,,,,,,,,,,,,,,,,,,,,,,,,,,,,,,,,,,,,,,,,,,
5e43551cf9af8b1cc37614a9,0039,"Sun, 26 Jan 2020 17:11:38 GMT","Mon, 27 Jan 2020 01:03:52 GMT","Sun, 26 Jan 2020 22:27:20 GMT",34.89,2_39_79_377_2020-01-26 17:11:38.352273,0002,CA-325,2-39-79-377,America/Los_Angeles,000000248,250,35,140,410,"Sun, 26 Jan 2020 17:12:12 GMT",true,"Mon, 27 Jan 2020 00:01:38 GMT",248,,,,,,,,,,,,,,,,,,,,,,,,,,,,,,,,,,,,,,,,,,,,,,,,,,,,,,,,,,,,,,,,,,,,,,,,,
5e43551cf9af8b1cc37614aa,0039,"Sun, 26 Jan 2020 17:37:04 GMT","Sun, 26 Jan 2020 18:59:10 GMT","Sun, 26 Jan 2020 18:59:06 GMT",4.387,2_39_139_28_2020-01-26 17:37:04.262165,0002,CA-303,2-39-139-28,America/Los_Angeles,000001236,400,8,20,60,"Sun, 26 Jan 2020 17:40:52 GMT",true,"Sun, 26 Jan 2020 18:37:04 GMT",1236,,,,,,,,,,,,,,,,,,,,,,,,,,,,,,,,,,,,,,,,,,,,,,,,,,,,,,,,,,,,,,,,,,,,,,,,,
5e43551cf9af8b1cc37614ab,0039,"Sun, 26 Jan 2020 20:48:42 GMT","Sun, 26 Jan 2020 22:17:38 GMT","Sun, 26 Jan 2020 21:19:26 GMT",0.829,2_39_131_30_2020-01-26 20:48:42.379894,0002,CA-305,2-39-131-30,America/Los_Angeles,,,,,,,,,,,,,,,,,,,,,,,,,,,,,,,,,,,,,,,,,,,,,,,,,,,,,,,,,,,,,,,,,,,,,,,,,,,,,,,,,,
5e43551cf9af8b1cc37614ac,0039,"Sun, 26 Jan 2020 21:40:24 GMT","Sun, 26 Jan 2020 23:42:14 GMT","Sun, 26 Jan 2020 23:29:49 GMT",5.494,2_39_128_18_2020-01-26 21:40:24.091561,0002,CA-308,2-39-128-18,America/Los_Angeles,000004622,300,6,20,129,"Sun, 26 Jan 2020 21:40:41 GMT",true,"Sun, 26 Jan 2020 23:49:24 GMT",4622,,,,,,,,,,,,,,,,,,,,,,,,,,,,,,,,,,,,,,,,,,,,,,,,,,,,,,,,,,,,,,,,,,,,,,,,,
5e43551cf9af8b1cc37614ad,0039,"Mon, 27 Jan 2020 01:01:39 GMT","Mon, 27 Jan 2020 05:26:59 GMT","Mon, 27 Jan 2020 05:26:55 GMT",27.419,2_39_91_437_2020-01-27 01:01:39.151278,0002,CA-317,2-39-91-437,America/Los_Angeles,000000292,200,60,300,644,"Mon, 27 Jan 2020 01:02:24 GMT",true,"Mon, 27 Jan 2020 11:45:39 GMT",292,,,,,,,,,,,,,,,,,,,,,,,,,,,,,,,,,,,,,,,,,,,,,,,,,,,,,,,,,,,,,,,,,,,,,,,,,
5e43551cf9af8b1cc37614ae,0039,"Mon, 27 Jan 2020 01:57:42 GMT","Mon, 27 Jan 2020 04:22:40 GMT","Mon, 27 Jan 2020 02:57:39 GMT",0.866,2_39_130_31_2020-01-27 01:57:42.422917,0002,CA-306,2-39-130-31,America/Los_Angeles,,,,,,,,,,,,,,,,,,,,,,,,,,,,,,,,,,,,,,,,,,,,,,,,,,,,,,,,,,,,,,,,,,,,,,,,,,,,,,,,,,
5e44a6aef9af8b20e525034b,0039,"Mon, 27 Jan 2020 14:49:30 GMT","Tue, 28 Jan 2020 22:14:23 GMT","Mon, 27 Jan 2020 20:42:10 GMT",15.137,2_39_78_367_2020-01-27 14:49:30.200031,0002,CA-494,2-39-78-367,America/Los_Angeles,000004913,400,20,50,720,"Mon, 27 Jan 2020 14:50:25 GMT",true,"Tue, 28 Jan 2020 02:49:30 GMT",4913,,,,,,,,,,,,,,,,,,,,,,,,,,,,,,,,,,,,,,,,,,,,,,,,,,,,,,,,,,,,,,,,,,,,,,,,,
5e44a6aef9af8b20e525034c,0039,"Mon, 27 Jan 2020 15:54:26 GMT","Mon, 27 Jan 2020 16:25:22 GMT","Mon, 27 Jan 2020 16:24:58 GMT",0.878,2_39_79_382_2020-01-27 15:54:25.943707,0002,CA-491,2-39-79-382,America/Los_Angeles,,,,,,,,,,,,,,,,,,,,,,,,,,,,,,,,,,,,,,,,,,,,,,,,,,,,,,,,,,,,,,,,,,,,,,,,,,,,,,,,,,
5e44a6aef9af8b20e525034d,0039,"Mon, 27 Jan 2020 15:56:07 GMT","Tue, 28 Jan 2020 02:23:48 GMT","Mon, 27 Jan 2020 21:42:57 GMT",29.363,2_39_139_28_2020-01-27 15:56:06.764738,0002,CA-303,2-39-139-28,America/Los_Angeles,000000710,400,56,140,273,"Mon, 27 Jan 2020 16:32:12 GMT",true,"Mon, 27 Jan 2020 20:29:07 GMT",710,,,,,,,,,,,,,,,,,,,,,,,,,,,,,,,,,,,,,,,,,,,,,,,,,,,,,,,,,,,,,,,,,,,,,,,,,
5e44a6aef9af8b20e525034e,0039,"Mon, 27 Jan 2020 16:09:07 GMT","Tue, 28 Jan 2020 01:48:40 GMT","Mon, 27 Jan 2020 20:20:23 GMT",14.528,2_39_131_30_2020-01-27 16:09:06.638144,0002,CA-305,2-39-131-30,America/Los_Angeles,000004947,380,19,50,462,"Mon, 27 Jan 2020 16:09:34 GMT",true,"Mon, 27 Jan 2020 23:51:07 GMT",4947,,,,,,,,,,,,,,,,,,,,,,,,,,,,,,,,,,,,,,,,,,,,,,,,,,,,,,,,,,,,,,,,,,,,,,,,,
5e44a6aef9af8b20e525034f,0039,"Mon, 27 Jan 2020 16:10:36 GMT","Tue, 28 Jan 2020 04:51:08 GMT","Mon, 27 Jan 2020 18:58:59 GMT",6.391,2_39_79_377_2020-01-27 16:10:12.051840,0002,CA-325,2-39-79-377,America/Los_Angeles,000005594,360,9,25,210,"Mon, 27 Jan 2020 16:10:36 GMT",true,"Mon, 27 Jan 2020 19:40:36 GMT",5594,,360,9,25,245,"Mon, 27 Jan 2020 16:45:26 GMT",true,"Mon, 27 Jan 2020 20:15:36 GMT",5594,360,9,25,357,"Mon, 27 Jan 2020 18:38:15 GMT",true,"Mon, 27 Jan 2020 22:07:36 GMT",5594,360,9,25,394,"Mon, 27 Jan 2020 19:14:31 GMT",true,"Mon, 27 Jan 2020 22:44:36 GMT",5594,360,9,25,465,"Mon, 27 Jan 2020 20:25:46 GMT",true,"Mon, 27 Jan 2020 23:55:36 GMT",5594,360,9,25,465,"Mon, 27 Jan 2020 20:26:39 GMT",true,"Mon, 27 Jan 2020 23:55:36 GMT",5594,,,,,,,,,,,,,,,,,,,,,,,,,,,,,,,,
5e44a6aef9af8b20e5250350,0039,"Mon, 27 Jan 2020 16:22:44 GMT","Tue, 28 Jan 2020 01:33:11 GMT","Mon, 27 Jan 2020 17:50:31 GMT",7.725,2_39_79_383_2020-01-27 16:22:43.525977,0002,CA-492,2-39-79-383,America/Los_Angeles,000001470,292,29.2,100,424,"Mon, 27 Jan 2020 16:22:58 GMT",true,"Mon, 27 Jan 2020 23:26:44 GMT",1470,,292,29.2,100,314,"Mon, 27 Jan 2020 20:37:39 GMT",true,"Mon, 27 Jan 2020 21:36:44 GMT",1470,,,,,,,,,,,,,,,,,,,,,,,,,,,,,,,,,,,,,,,,,,,,,,,,,,,,,,,,,,,,,,,,
5e44a6aef9af8b20e5250351,0039,"Mon, 27 Jan 2020 16:30:06 GMT","Mon, 27 Jan 2020 22:26:53 GMT","Mon, 27 Jan 2020 21:28:17 GMT",12.735,2_39_78_366_2020-01-27 16:30:06.487680,0002,CA-323,2-39-78-366,America/Los_Angeles,000000068,214,12.84,60,263,"Mon, 27 Jan 2020 16:30:22 GMT",true,"Mon, 27 Jan 2020 20:53:06 GMT",68,,214,12.84,60,263,"Mon, 27 Jan 2020 22:26:42 GMT",true,"Mon, 27 Jan 2020 20:53:06 GMT",68,,,,,,,,,,,,,,,,,,,,,,,,,,,,,,,,,,,,,,,,,,,,,,,,,,,,,,,,,,,,,,,,
5e44a6aef9af8b20e5250352,0039,"Mon, 27 Jan 2020 16:30:26 GMT","Mon, 27 Jan 2020 19:54:30 GMT","Mon, 27 Jan 2020 19:54:17 GMT",12.848,2_39_79_380_2020-01-27 16:30:25.599299,0002,CA-489,2-39-79-380,America/Los_Angeles,000003449,276,38.64,140,463,"Mon, 27 Jan 2020 17:48:17 GMT",true,"Tue, 28 Jan 2020 00:13:26 GMT",3449,,,,,,,,,,,,,,,,,,,,,,,,,,,,,,,,,,,,,,,,,,,,,,,,,,,,,,,,,,,,,,,,,,,,,,,,,
5e44a6aef9af8b20e5250353,0039,"Mon, 27 Jan 2020 16:31:43 GMT","Tue, 28 Jan 2020 01:15:57 GMT","Mon, 27 Jan 2020 16:53:14 GMT",1.314,2_39_79_378_2020-01-27 16:31:42.682560,0002,CA-326,2-39-79-378,America/Los_Angeles,000000751,400,40,100,717,"Mon, 27 Jan 2020 16:31:53 GMT",true,"Tue, 28 Jan 2020 04:28:43 GMT",751,,,,,,,,,,,,,,,,,,,,,,,,,,,,,,,,,,,,,,,,,,,,,,,,,,,,,,,,,,,,,,,,,,,,,,,,,
5e44a6aef9af8b20e5250354,0039,"Mon, 27 Jan 2020 16:37:05 GMT","Tue, 28 Jan 2020 02:11:34 GMT","Tue, 28 Jan 2020 01:13:26 GMT",9.964,2_39_126_560_2020-01-27 16:37:04.852939,0002,CA-506,2-39-126-560,America/Los_Angeles,000001534,250,10,40,404,"Mon, 27 Jan 2020 16:37:48 GMT",true,"Mon, 27 Jan 2020 23:21:05 GMT",1534,,,,,,,,,,,,,,,,,,,,,,,,,,,,,,,,,,,,,,,,,,,,,,,,,,,,,,,,,,,,,,,,,,,,,,,,,
5e44a6aef9af8b20e5250355,0039,"Mon, 27 Jan 2020 16:37:46 GMT","Tue, 28 Jan 2020 01:25:06 GMT","Mon, 27 Jan 2020 19:27:36 GMT",13.158,2_39_88_24_2020-01-27 16:37:45.715489,0002,CA-314,2-39-88-24,America/Los_Angeles,000001153,600,18,30,434,"Mon, 27 Jan 2020 16:39:33 GMT",true,"Mon, 27 Jan 2020 23:51:46 GMT",1153,,,,,,,,,,,,,,,,,,,,,,,,,,,,,,,,,,,,,,,,,,,,,,,,,,,,,,,,,,,,,,,,,,,,,,,,,
5e44a6aef9af8b20e5250356,0039,"Mon, 27 Jan 2020 16:38:53 GMT","Tue, 28 Jan 2020 01:40:59 GMT","Mon, 27 Jan 2020 23:51:09 GMT",6.301,2_39_79_376_2020-01-27 16:38:52.668164,0002,CA-324,2-39-79-376,America/Los_Angeles,000005368,400,8,20,60,"Tue, 28 Jan 2020 00:16:07 GMT",true,"Mon, 27 Jan 2020 17:38:53 GMT",5368,,400,8,20,60,"Tue, 28 Jan 2020 00:16:40 GMT",true,"Mon, 27 Jan 2020 17:38:53 GMT",5368,,,,,,,,,,,,,,,,,,,,,,,,,,,,,,,,,,,,,,,,,,,,,,,,,,,,,,,,,,,,,,,,
5e44a6aef9af8b20e5250357,0039,"Mon, 27 Jan 2020 16:40:05 GMT","Tue, 28 Jan 2020 02:07:56 GMT","Mon, 27 Jan 2020 21:06:44 GMT",15.267,2_39_127_19_2020-01-27 16:40:04.636232,0002,CA-309,2-39-127-19,America/Los_Angeles,000000712,400,24,60,349,"Mon, 27 Jan 2020 16:40:10 GMT",true,"Mon, 27 Jan 2020 22:29:05 GMT",712,,,,,,,,,,,,,,,,,,,,,,,,,,,,,,,,,,,,,,,,,,,,,,,,,,,,,,,,,,,,,,,,,,,,,,,,,
5e44a6aef9af8b20e5250358,0039,"Mon, 27 Jan 2020 16:45:18 GMT","Mon, 27 Jan 2020 22:33:15 GMT","Mon, 27 Jan 2020 21:57:56 GMT",37.6,2_39_89_439_2020-01-27 16:45:17.888023,0002,CA-501,2-39-89-439,America/Los_Angeles,000000273,400,40,100,460,"Mon, 27 Jan 2020 16:48:23 GMT",true,"Tue, 28 Jan 2020 00:25:18 GMT",273,,400,40,100,460,"Mon, 27 Jan 2020 22:33:04 GMT",true,"Tue, 28 Jan 2020 00:25:18 GMT",273,,,,,,,,,,,,,,,,,,,,,,,,,,,,,,,,,,,,,,,,,,,,,,,,,,,,,,,,,,,,,,,,
5e44a6aef9af8b20e5250359,0039,"Mon, 27 Jan 2020 16:58:56 GMT","Tue, 28 Jan 2020 00:46:53 GMT","Mon, 27 Jan 2020 20:20:26 GMT",19.15,2_39_79_382_2020-01-27 16:58:55.786901,0002,CA-491,2-39-79-382,America/Los_Angeles,000001104,250,37.5,150,436,"Mon, 27 Jan 2020 16:59:53 GMT",true,"Tue, 28 Jan 2020 00:14:56 GMT",1104,,,,,,,,,,,,,,,,,,,,,,,,,,,,,,,,,,,,,,,,,,,,,,,,,,,,,,,,,,,,,,,,,,,,,,,,,
5e44a6aef9af8b20e525035a,0039,"Mon, 27 Jan 2020 17:01:02 GMT","Tue, 28 Jan 2020 00:29:55 GMT","Mon, 27 Jan 2020 21:06:44 GMT",8.604,2_39_78_361_2020-01-27 17:01:01.929572,0002,CA-493,2-39-78-361,America/Los_Angeles,000001137,400,24,60,421,"Mon, 27 Jan 2020 17:01:31 GMT",true,"Tue, 28 Jan 2020 00:02:02 GMT",1137,,,,,,,,,,,,,,,,,,,,,,,,,,,,,,,,,,,,,,,,,,,,,,,,,,,,,,,,,,,,,,,,,,,,,,,,,
5e44a6aef9af8b20e525035b,0039,"Mon, 27 Jan 2020 17:06:46 GMT","Tue, 28 Jan 2020 02:37:39 GMT","Mon, 27 Jan 2020 18:35:14 GMT",4.544,2_39_125_21_2020-01-27 17:06:46.315720,0002,CA-311,2-39-125-21,America/Los_Angeles,000000567,400,8,20,100,"Mon, 27 Jan 2020 17:06:56 GMT",true,"Mon, 27 Jan 2020 18:46:46 GMT",567,,400,8,20,100,"Mon, 27 Jan 2020 17:07:01 GMT",true,"Mon, 27 Jan 2020 18:46:46 GMT",567,400,8,20,411,"Mon, 27 Jan 2020 17:23:21 GMT",true,"Mon, 27 Jan 2020 23:57:46 GMT",567,,,,,,,,,,,,,,,,,,,,,,,,,,,,,,,,,,,,,,,,,,,,,,,,,,,,,,,,
5e44a6aef9af8b20e525035c,0039,"Mon, 27 Jan 2020 17:07:15 GMT","Tue, 28 Jan 2020 00:23:33 GMT","Tue, 28 Jan 2020 00:23:29 GMT",40.82,2_39_78_363_2020-01-27 17:07:14.979655,0002,CA-320,2-39-78-363,America/Los_Angeles,000000564,231,46.2,200,549,"Mon, 27 Jan 2020 17:07:44 GMT",true,"Tue, 28 Jan 2020 02:16:15 GMT",564,,231,46.2,200,584,"Mon, 27 Jan 2020 19:26:25 GMT",true,"Tue, 28 Jan 2020 02:51:15 GMT",564,,,,,,,,,,,,,,,,,,,,,,,,,,,,,,,,,,,,,,,,,,,,,,,,,,,,,,,,,,,,,,,,
5e44a6aef9af8b20e525035d,0039,"Mon, 27 Jan 2020 17:34:55 GMT","Mon, 27 Jan 2020 20:32:45 GMT","Mon, 27 Jan 2020 19:34:59 GMT",4.866,2_39_126_20_2020-01-27 17:34:54.818166,0002,CA-310,2-39-126-20,America/Los_Angeles,000000562,325,6.5,20,160,"Mon, 27 Jan 2020 17:35:19 GMT",true,"Mon, 27 Jan 2020 20:14:55 GMT",562,,325,6.5,20,160,"Mon, 27 Jan 2020 20:32:34 GMT",true,"Mon, 27 Jan 2020 20:14:55 GMT",562,,,,,,,,,,,,,,,,,,,,,,,,,,,,,,,,,,,,,,,,,,,,,,,,,,,,,,,,,,,,,,,,
5e44a6aef9af8b20e525035e,0039,"Mon, 27 Jan 2020 17:46:09 GMT","Tue, 28 Jan 2020 02:13:40 GMT","Tue, 28 Jan 2020 01:28:41 GMT",1.077,2_39_78_365_2020-01-27 17:46:09.443503,0002,CA-321,2-39-78-365,America/Los_Angeles,,,,,,,,,,,,,,,,,,,,,,,,,,,,,,,,,,,,,,,,,,,,,,,,,,,,,,,,,,,,,,,,,,,,,,,,,,,,,,,,,,
5e44a6aef9af8b20e525035f,0039,"Mon, 27 Jan 2020 17:53:10 GMT","Tue, 28 Jan 2020 06:22:54 GMT","Mon, 27 Jan 2020 18:46:29 GMT",1.6860005555555557,2_39_91_437_2020-01-27 17:53:09.598312,0002,CA-317,2-39-91-437,America/Los_Angeles,000000324,444,8.88,20,44,"Mon, 27 Jan 2020 17:53:33 GMT",true,"Mon, 27 Jan 2020 18:37:10 GMT",324,,444,8.88,20,44,"Tue, 28 Jan 2020 06:22:53 GMT",true,"Mon, 27 Jan 2020 18:37:10 GMT",324,,,,,,,,,,,,,,,,,,,,,,,,,,,,,,,,,,,,,,,,,,,,,,,,,,,,,,,,,,,,,,,,
5e44a6aef9af8b20e5250360,0039,"Mon, 27 Jan 2020 18:03:11 GMT","Tue, 28 Jan 2020 03:14:33 GMT","Mon, 27 Jan 2020 20:57:32 GMT",13.071,2_39_78_364_2020-01-27 18:03:10.700769,0002,CA-495,2-39-78-364,America/Los_Angeles,000000558,400,28,70,60,"Mon, 27 Jan 2020 18:03:13 GMT",true,"Mon, 27 Jan 2020 19:03:11 GMT",558,,,,,,,,,,,,,,,,,,,,,,,,,,,,,,,,,,,,,,,,,,,,,,,,,,,,,,,,,,,,,,,,,,,,,,,,,
5e44a6aef9af8b20e5250361,0039,"Mon, 27 Jan 2020 18:32:34 GMT","Tue, 28 Jan 2020 02:24:42 GMT","Mon, 27 Jan 2020 20:42:11 GMT",6.026,2_39_92_442_2020-01-27 18:32:34.467122,0002,CA-498,2-39-92-442,America/Los_Angeles,000001222,400,8,20,72,"Mon, 27 Jan 2020 18:32:53 GMT",true,"Mon, 27 Jan 2020 19:44:34 GMT",1222,,,,,,,,,,,,,,,,,,,,,,,,,,,,,,,,,,,,,,,,,,,,,,,,,,,,,,,,,,,,,,,,,,,,,,,,,
5e44a6aef9af8b20e5250362,0039,"Mon, 27 Jan 2020 18:38:33 GMT","Tue, 28 Jan 2020 00:52:28 GMT","Mon, 27 Jan 2020 19:27:29 GMT",2.108,2_39_90_440_2020-01-27 18:38:33.331232,0002,CA-500,2-39-90-440,America/Los_Angeles,000003447,375,15,40,219,"Mon, 27 Jan 2020 18:39:15 GMT",true,"Mon, 27 Jan 2020 22:17:33 GMT",3447,,,,,,,,,,,,,,,,,,,,,,,,,,,,,,,,,,,,,,,,,,,,,,,,,,,,,,,,,,,,,,,,,,,,,,,,,
5e44a6aef9af8b20e5250363,0039,"Mon, 27 Jan 2020 18:39:27 GMT","Tue, 28 Jan 2020 01:51:41 GMT","Mon, 27 Jan 2020 19:40:16 GMT",2.928,2_39_89_25_2020-01-27 18:39:26.995604,0002,CA-315,2-39-89-25,America/Los_Angeles,000002170,400,28,70,426,"Mon, 27 Jan 2020 18:39:34 GMT",true,"Tue, 28 Jan 2020 01:45:27 GMT",2170,,,,,,,,,,,,,,,,,,,,,,,,,,,,,,,,,,,,,,,,,,,,,,,,,,,,,,,,,,,,,,,,,,,,,,,,,
5e44a6aef9af8b20e5250364,0039,"Mon, 27 Jan 2020 18:39:53 GMT","Mon, 27 Jan 2020 19:43:32 GMT","Mon, 27 Jan 2020 19:40:34 GMT",4.125,2_39_124_22_2020-01-27 18:39:53.082643,0002,CA-312,2-39-124-22,America/Los_Angeles,000000668,425,4.25,10,61,"Mon, 27 Jan 2020 18:40:14 GMT",true,"Mon, 27 Jan 2020 19:40:53 GMT",668,,,,,,,,,,,,,,,,,,,,,,,,,,,,,,,,,,,,,,,,,,,,,,,,,,,,,,,,,,,,,,,,,,,,,,,,,
5e44a6aef9af8b20e5250365,0039,"Mon, 27 Jan 2020 18:54:45 GMT","Tue, 28 Jan 2020 03:01:58 GMT","Tue, 28 Jan 2020 01:57:39 GMT",43.915,2_39_91_441_2020-01-27 18:54:35.894682,0002,CA-499,2-39-91-441,America/Los_Angeles,000002743,240,60,250,576,"Mon, 27 Jan 2020 18:54:45 GMT",true,"Tue, 28 Jan 2020 04:30:45 GMT",2743,,,,,,,,,,,,,,,,,,,,,,,,,,,,,,,,,,,,,,,,,,,,,,,,,,,,,,,,,,,,,,,,,,,,,,,,,
5e44a6aef9af8b20e5250366,0039,"Mon, 27 Jan 2020 19:22:27 GMT","Tue, 28 Jan 2020 02:03:01 GMT","Mon, 27 Jan 2020 20:40:12 GMT",8.199,2_39_123_23_2020-01-27 19:22:26.528040,0002,CA-313,2-39-123-23,America/Los_Angeles,000000714,400,24,60,361,"Mon, 27 Jan 2020 19:22:46 GMT",true,"Tue, 28 Jan 2020 01:23:27 GMT",714,,,,,,,,,,,,,,,,,,,,,,,,,,,,,,,,,,,,,,,,,,,,,,,,,,,,,,,,,,,,,,,,,,,,,,,,,
5e44a6aef9af8b20e5250367,0039,"Mon, 27 Jan 2020 19:47:05 GMT","Tue, 28 Jan 2020 01:13:31 GMT","Mon, 27 Jan 2020 23:29:27 GMT",0.861,2_39_124_22_2020-01-27 19:47:05.254217,0002,CA-312,2-39-124-22,America/Los_Angeles,,,,,,,,,,,,,,,,,,,,,,,,,,,,,,,,,,,,,,,,,,,,,,,,,,,,,,,,,,,,,,,,,,,,,,,,,,,,,,,,,,
5e44a6aef9af8b20e5250368,0039,"Mon, 27 Jan 2020 21:12:39 GMT","Tue, 28 Jan 2020 01:23:13 GMT","Tue, 28 Jan 2020 00:47:20 GMT",0.929,2_39_126_20_2020-01-27 21:12:38.882213,0002,CA-310,2-39-126-20,America/Los_Angeles,,,,,,,,,,,,,,,,,,,,,,,,,,,,,,,,,,,,,,,,,,,,,,,,,,,,,,,,,,,,,,,,,,,,,,,,,,,,,,,,,,
5e44a6aef9af8b20e5250369,0039,"Mon, 27 Jan 2020 21:34:04 GMT","Tue, 28 Jan 2020 05:27:52 GMT","Mon, 27 Jan 2020 21:57:54 GMT",1.13,2_39_79_380_2020-01-27 21:34:03.601464,0002,CA-489,2-39-79-380,America/Los_Angeles,000000562,325,6.5,20,256,"Mon, 27 Jan 2020 21:35:04 GMT",true,"Tue, 28 Jan 2020 01:50:04 GMT",562,,,,,,,,,,,,,,,,,,,,,,,,,,,,,,,,,,,,,,,,,,,,,,,,,,,,,,,,,,,,,,,,,,,,,,,,,
5e44a6aef9af8b20e525036a,0039,"Mon, 27 Jan 2020 21:38:15 GMT","Tue, 28 Jan 2020 01:29:08 GMT","Tue, 28 Jan 2020 01:30:08 GMT",7.028,2_39_78_362_2020-01-27 21:38:15.457116,0002,CA-496,2-39-78-362,America/Los_Angeles,000001124,400,8,20,60,"Mon, 27 Jan 2020 21:38:52 GMT",true,"Mon, 27 Jan 2020 22:38:15 GMT",1124,,,,,,,,,,,,,,,,,,,,,,,,,,,,,,,,,,,,,,,,,,,,,,,,,,,,,,,,,,,,,,,,,,,,,,,,,
5e44a6aef9af8b20e525036b,0039,"Tue, 28 Jan 2020 00:48:21 GMT","Tue, 28 Jan 2020 01:50:21 GMT","Tue, 28 Jan 2020 01:18:31 GMT",0.828,2_39_138_29_2020-01-28 00:48:21.332798,0002,CA-304,2-39-138-29,America/Los_Angeles,,,,,,,,,,,,,,,,,,,,,,,,,,,,,,,,,,,,,,,,,,,,,,,,,,,,,,,,,,,,,,,,,,,,,,,,,,,,,,,,,,
5e44a6aef9af8b20e525036c,0039,"Tue, 28 Jan 2020 05:23:34 GMT","Tue, 28 Jan 2020 06:23:47 GMT","Tue, 28 Jan 2020 06:23:43 GMT",3.408,2_39_139_28_2020-01-28 05:23:33.521187,0002,CA-303,2-39-139-28,America/Los_Angeles,000000315,600,18,30,199,"Tue, 28 Jan 2020 05:23:53 GMT",true,"Tue, 28 Jan 2020 08:42:34 GMT",315,,,,,,,,,,,,,,,,,,,,,,,,,,,,,,,,,,,,,,,,,,,,,,,,,,,,,,,,,,,,,,,,,,,,,,,,,
5e44a6aef9af8b20e525036d,0039,"Tue, 28 Jan 2020 06:34:10 GMT","Tue, 28 Jan 2020 16:25:32 GMT","Tue, 28 Jan 2020 08:32:14 GMT",5.973,2_39_139_28_2020-01-28 06:34:09.710920,0002,CA-303,2-39-139-28,America/Los_Angeles,000001366,400,8,20,60,"Tue, 28 Jan 2020 06:34:11 GMT",true,"Tue, 28 Jan 2020 07:34:10 GMT",1366,,,,,,,,,,,,,,,,,,,,,,,,,,,,,,,,,,,,,,,,,,,,,,,,,,,,,,,,,,,,,,,,,,,,,,,,,
5e45f835f9af8b24b31daa48,0039,"Tue, 28 Jan 2020 16:05:10 GMT","Wed, 29 Jan 2020 00:14:36 GMT","Tue, 28 Jan 2020 17:36:27 GMT",4.305,2_39_138_29_2020-01-28 16:05:09.626591,0002,CA-304,2-39-138-29,America/Los_Angeles,000001564,300,15,50,302,"Tue, 28 Jan 2020 16:05:26 GMT",true,"Tue, 28 Jan 2020 21:07:10 GMT",1564,,,,,,,,,,,,,,,,,,,,,,,,,,,,,,,,,,,,,,,,,,,,,,,,,,,,,,,,,,,,,,,,,,,,,,,,,
5e45f835f9af8b24b31daa49,0039,"Tue, 28 Jan 2020 16:14:02 GMT","Tue, 28 Jan 2020 18:45:19 GMT","Tue, 28 Jan 2020 18:45:24 GMT",16.513,2_39_78_361_2020-01-28 16:14:01.614329,0002,CA-493,2-39-78-361,America/Los_Angeles,000003449,276,38.64,140,463,"Tue, 28 Jan 2020 16:14:29 GMT",true,"Tue, 28 Jan 2020 23:57:02 GMT",3449,,,,,,,,,,,,,,,,,,,,,,,,,,,,,,,,,,,,,,,,,,,,,,,,,,,,,,,,,,,,,,,,,,,,,,,,,
5e45f835f9af8b24b31daa4a,0039,"Tue, 28 Jan 2020 16:21:36 GMT","Wed, 29 Jan 2020 03:12:25 GMT","Tue, 28 Jan 2020 23:28:30 GMT",45.222,2_39_129_17_2020-01-28 16:21:35.943774,0002,CA-307,2-39-129-17,America/Los_Angeles,000003424,295,59,200,609,"Tue, 28 Jan 2020 16:21:58 GMT",true,"Wed, 29 Jan 2020 02:30:36 GMT",3424,,,,,,,,,,,,,,,,,,,,,,,,,,,,,,,,,,,,,,,,,,,,,,,,,,,,,,,,,,,,,,,,,,,,,,,,,
5e45f835f9af8b24b31daa4b,0039,"Tue, 28 Jan 2020 16:32:18 GMT","Wed, 29 Jan 2020 01:46:49 GMT","Tue, 28 Jan 2020 16:57:58 GMT",0.698,2_39_79_379_2020-01-28 16:32:18.123493,0002,CA-327,2-39-79-379,America/Los_Angeles,,,,,,,,,,,,,,,,,,,,,,,,,,,,,,,,,,,,,,,,,,,,,,,,,,,,,,,,,,,,,,,,,,,,,,,,,,,,,,,,,,
5e45f835f9af8b24b31daa4c,0039,"Tue, 28 Jan 2020 16:35:39 GMT","Wed, 29 Jan 2020 00:26:18 GMT","Wed, 29 Jan 2020 00:26:14 GMT",12.864,2_39_79_383_2020-01-28 16:35:39.514074,0002,CA-492,2-39-79-383,America/Los_Angeles,000001470,292,29.2,100,314,"Tue, 28 Jan 2020 16:36:05 GMT",true,"Tue, 28 Jan 2020 21:49:39 GMT",1470,,292,29.2,100,438,"Tue, 28 Jan 2020 22:54:28 GMT",true,"Tue, 28 Jan 2020 23:53:39 GMT",1470,,,,,,,,,,,,,,,,,,,,,,,,,,,,,,,,,,,,,,,,,,,,,,,,,,,,,,,,,,,,,,,,
5e45f835f9af8b24b31daa4d,0039,"Tue, 28 Jan 2020 16:37:58 GMT","Tue, 28 Jan 2020 22:41:46 GMT","Tue, 28 Jan 2020 20:00:22 GMT",19.452,2_39_91_437_2020-01-28 16:37:57.729335,0002,CA-317,2-39-91-437,America/Los_Angeles,000000431,300,24,80,219,"Tue, 28 Jan 2020 16:38:23 GMT",true,"Tue, 28 Jan 2020 20:16:58 GMT",431,,,,,,,,,,,,,,,,,,,,,,,,,,,,,,,,,,,,,,,,,,,,,,,,,,,,,,,,,,,,,,,,,,,,,,,,,
5e45f835f9af8b24b31daa4e,0039,"Tue, 28 Jan 2020 16:57:46 GMT","Tue, 28 Jan 2020 20:39:06 GMT","Tue, 28 Jan 2020 18:41:59 GMT",5.131,2_39_127_19_2020-01-28 16:57:45.580830,0002,CA-309,2-39-127-19,America/Los_Angeles,000000562,325,6.5,20,186,"Tue, 28 Jan 2020 16:58:06 GMT",true,"Tue, 28 Jan 2020 20:03:46 GMT",562,,,,,,,,,,,,,,,,,,,,,,,,,,,,,,,,,,,,,,,,,,,,,,,,,,,,,,,,,,,,,,,,,,,,,,,,,
5e45f835f9af8b24b31daa4f,0039,"Tue, 28 Jan 2020 16:58:42 GMT","Wed, 29 Jan 2020 01:36:57 GMT","Tue, 28 Jan 2020 20:00:33 GMT",6.212,2_39_79_378_2020-01-28 16:58:41.576319,0002,CA-326,2-39-79-378,America/Los_Angeles,000005368,400,8,20,60,"Tue, 28 Jan 2020 17:02:46 GMT",true,"Tue, 28 Jan 2020 17:58:42 GMT",5368,,,,,,,,,,,,,,,,,,,,,,,,,,,,,,,,,,,,,,,,,,,,,,,,,,,,,,,,,,,,,,,,,,,,,,,,,
5e45f835f9af8b24b31daa50,0039,"Tue, 28 Jan 2020 17:05:08 GMT","Wed, 29 Jan 2020 03:17:35 GMT","Tue, 28 Jan 2020 18:29:19 GMT",4.552,2_39_125_21_2020-01-28 17:05:08.180201,0002,CA-311,2-39-125-21,America/Los_Angeles,000000712,400,12,30,349,"Tue, 28 Jan 2020 17:05:14 GMT",true,"Tue, 28 Jan 2020 22:54:08 GMT",712,,,,,,,,,,,,,,,,,,,,,,,,,,,,,,,,,,,,,,,,,,,,,,,,,,,,,,,,,,,,,,,,,,,,,,,,,
5e45f835f9af8b24b31daa51,0039,"Tue, 28 Jan 2020 17:05:48 GMT","Wed, 29 Jan 2020 00:23:48 GMT","Tue, 28 Jan 2020 22:43:49 GMT",9.31,2_39_79_376_2020-01-28 17:05:47.743075,0002,CA-324,2-39-79-376,America/Los_Angeles,000001137,400,24,60,421,"Tue, 28 Jan 2020 17:06:08 GMT",true,"Wed, 29 Jan 2020 00:06:48 GMT",1137,,,,,,,,,,,,,,,,,,,,,,,,,,,,,,,,,,,,,,,,,,,,,,,,,,,,,,,,,,,,,,,,,,,,,,,,,
5e45f835f9af8b24b31daa52,0039,"Tue, 28 Jan 2020 17:07:39 GMT","Wed, 29 Jan 2020 00:32:57 GMT","Tue, 28 Jan 2020 21:45:51 GMT",22.223,2_39_79_382_2020-01-28 17:07:39.422347,0002,CA-491,2-39-79-382,America/Los_Angeles,000001104,250,37.5,150,436,"Tue, 28 Jan 2020 17:08:16 GMT",true,"Wed, 29 Jan 2020 00:23:39 GMT",1104,,,,,,,,,,,,,,,,,,,,,,,,,,,,,,,,,,,,,,,,,,,,,,,,,,,,,,,,,,,,,,,,,,,,,,,,,
5e45f835f9af8b24b31daa53,0039,"Tue, 28 Jan 2020 17:09:43 GMT","Wed, 29 Jan 2020 01:18:06 GMT","Tue, 28 Jan 2020 18:27:25 GMT",3.657,2_39_89_25_2020-01-28 17:09:43.481401,0002,CA-315,2-39-89-25,America/Los_Angeles,000000891,400,8,20,215,"Tue, 28 Jan 2020 17:09:45 GMT",true,"Tue, 28 Jan 2020 20:44:43 GMT",891,,,,,,,,,,,,,,,,,,,,,,,,,,,,,,,,,,,,,,,,,,,,,,,,,,,,,,,,,,,,,,,,,,,,,,,,,
5e45f835f9af8b24b31daa54,0039,"Tue, 28 Jan 2020 17:10:49 GMT","Wed, 29 Jan 2020 02:43:24 GMT","Wed, 29 Jan 2020 00:25:52 GMT",18.379,2_39_78_360_2020-01-28 17:10:49.441588,0002,CA-322,2-39-78-360,America/Los_Angeles,000000564,231,18.48,80,584,"Tue, 28 Jan 2020 17:11:09 GMT",true,"Wed, 29 Jan 2020 02:54:49 GMT",564,,231,18.48,80,550,"Tue, 28 Jan 2020 17:26:09 GMT",true,"Wed, 29 Jan 2020 02:20:49 GMT",564,,,,,,,,,,,,,,,,,,,,,,,,,,,,,,,,,,,,,,,,,,,,,,,,,,,,,,,,,,,,,,,,
5e45f835f9af8b24b31daa55,0039,"Tue, 28 Jan 2020 17:16:28 GMT","Wed, 29 Jan 2020 02:24:53 GMT","Tue, 28 Jan 2020 18:29:06 GMT",3.768,2_39_123_23_2020-01-28 17:16:28.136291,0002,CA-313,2-39-123-23,America/Los_Angeles,000000567,400,8,20,411,"Tue, 28 Jan 2020 17:16:35 GMT",true,"Wed, 29 Jan 2020 00:07:28 GMT",567,,400,8,20,411,"Tue, 28 Jan 2020 17:16:41 GMT",true,"Wed, 29 Jan 2020 00:07:28 GMT",567,,,,,,,,,,,,,,,,,,,,,,,,,,,,,,,,,,,,,,,,,,,,,,,,,,,,,,,,,,,,,,,,
5e45f835f9af8b24b31daa56,0039,"Tue, 28 Jan 2020 17:17:08 GMT","Wed, 29 Jan 2020 02:10:52 GMT","Tue, 28 Jan 2020 18:47:56 GMT",6.636,2_39_78_365_2020-01-28 17:17:08.413206,0002,CA-321,2-39-78-365,America/Los_Angeles,000000714,400,24,60,361,"Tue, 28 Jan 2020 17:17:27 GMT",true,"Tue, 28 Jan 2020 23:18:08 GMT",714,,,,,,,,,,,,,,,,,,,,,,,,,,,,,,,,,,,,,,,,,,,,,,,,,,,,,,,,,,,,,,,,,,,,,,,,,
5e45f835f9af8b24b31daa57,0039,"Tue, 28 Jan 2020 17:18:07 GMT","Wed, 29 Jan 2020 01:03:39 GMT","Tue, 28 Jan 2020 19:17:11 GMT",4.69,2_39_124_22_2020-01-28 17:18:06.961681,0002,CA-312,2-39-124-22,America/Los_Angeles,000000620,400,12,30,450,"Tue, 28 Jan 2020 17:19:11 GMT",true,"Wed, 29 Jan 2020 00:48:07 GMT",620,,,,,,,,,,,,,,,,,,,,,,,,,,,,,,,,,,,,,,,,,,,,,,,,,,,,,,,,,,,,,,,,,,,,,,,,,
5e45f835f9af8b24b31daa58,0039,"Tue, 28 Jan 2020 17:27:48 GMT","Tue, 28 Jan 2020 23:06:55 GMT","Tue, 28 Jan 2020 20:51:01 GMT",0.908,2_39_88_24_2020-01-28 17:27:48.078287,0002,CA-314,2-39-88-24,America/Los_Angeles,,,,,,,,,,,,,,,,,,,,,,,,,,,,,,,,,,,,,,,,,,,,,,,,,,,,,,,,,,,,,,,,,,,,,,,,,,,,,,,,,,
5e45f835f9af8b24b31daa59,0039,"Tue, 28 Jan 2020 17:28:35 GMT","Tue, 28 Jan 2020 18:17:11 GMT","Tue, 28 Jan 2020 17:59:19 GMT",0.86,2_39_95_27_2020-01-28 17:28:35.414928,0002,CA-319,2-39-95-27,America/Los_Angeles,,,,,,,,,,,,,,,,,,,,,,,,,,,,,,,,,,,,,,,,,,,,,,,,,,,,,,,,,,,,,,,,,,,,,,,,,,,,,,,,,,
5e45f835f9af8b24b31daa5a,0039,"Tue, 28 Jan 2020 17:31:20 GMT","Wed, 29 Jan 2020 03:03:29 GMT","Tue, 28 Jan 2020 22:12:30 GMT",15.666,2_39_92_436_2020-01-28 17:31:19.985861,0002,CA-318,2-39-92-436,America/Los_Angeles,000001272,600,12,20,293,"Tue, 28 Jan 2020 17:31:20 GMT",true,"Tue, 28 Jan 2020 22:24:20 GMT",1272,,600,12,20,120,"Tue, 28 Jan 2020 17:31:36 GMT",true,"Tue, 28 Jan 2020 19:31:20 GMT",1272,600,18,30,120,"Tue, 28 Jan 2020 17:32:02 GMT",true,"Tue, 28 Jan 2020 19:31:20 GMT",1272,,,,,,,,,,,,,,,,,,,,,,,,,,,,,,,,,,,,,,,,,,,,,,,,,,,,,,,,
5e45f835f9af8b24b31daa5b,0039,"Tue, 28 Jan 2020 17:35:08 GMT","Wed, 29 Jan 2020 00:05:24 GMT","Tue, 28 Jan 2020 18:23:08 GMT",4.45,2_39_126_20_2020-01-28 17:35:07.958200,0002,CA-310,2-39-126-20,America/Los_Angeles,000001912,400,20,50,333,"Tue, 28 Jan 2020 17:37:26 GMT",true,"Tue, 28 Jan 2020 23:08:08 GMT",1912,,,,,,,,,,,,,,,,,,,,,,,,,,,,,,,,,,,,,,,,,,,,,,,,,,,,,,,,,,,,,,,,,,,,,,,,,
5e45f835f9af8b24b31daa5c,0039,"Tue, 28 Jan 2020 18:09:55 GMT","Wed, 29 Jan 2020 03:13:40 GMT","Tue, 28 Jan 2020 20:13:31 GMT",11.224,2_39_79_380_2020-01-28 18:09:55.240807,0002,CA-489,2-39-79-380,America/Los_Angeles,000000558,400,28,70,60,"Tue, 28 Jan 2020 18:09:58 GMT",true,"Tue, 28 Jan 2020 19:09:55 GMT",558,,,,,,,,,,,,,,,,,,,,,,,,,,,,,,,,,,,,,,,,,,,,,,,,,,,,,,,,,,,,,,,,,,,,,,,,,
5e45f835f9af8b24b31daa5d,0039,"Tue, 28 Jan 2020 18:11:25 GMT","Wed, 29 Jan 2020 00:41:45 GMT","Tue, 28 Jan 2020 23:51:29 GMT",0.753,2_39_79_377_2020-01-28 18:11:25.234182,0002,CA-325,2-39-79-377,America/Los_Angeles,,,,,,,,,,,,,,,,,,,,,,,,,,,,,,,,,,,,,,,,,,,,,,,,,,,,,,,,,,,,,,,,,,,,,,,,,,,,,,,,,,
5e45f835f9af8b24b31daa5e,0039,"Tue, 28 Jan 2020 18:12:29 GMT","Wed, 29 Jan 2020 01:29:49 GMT","Tue, 28 Jan 2020 20:17:32 GMT",11.932,2_39_91_441_2020-01-28 18:12:29.288074,0002,CA-499,2-39-91-441,America/Los_Angeles,000001095,400,16,40,444,"Tue, 28 Jan 2020 18:12:30 GMT",true,"Wed, 29 Jan 2020 01:36:29 GMT",1095,,400,16,40,444,"Tue, 28 Jan 2020 18:12:48 GMT",true,"Wed, 29 Jan 2020 01:36:29 GMT",1095,,,,,,,,,,,,,,,,,,,,,,,,,,,,,,,,,,,,,,,,,,,,,,,,,,,,,,,,,,,,,,,,
5e45f835f9af8b24b31daa5f,0039,"Tue, 28 Jan 2020 18:17:22 GMT","Tue, 28 Jan 2020 19:47:48 GMT","Tue, 28 Jan 2020 19:39:56 GMT",0.935,2_39_78_363_2020-01-28 18:17:21.850797,0002,CA-320,2-39-78-363,America/Los_Angeles,,,,,,,,,,,,,,,,,,,,,,,,,,,,,,,,,,,,,,,,,,,,,,,,,,,,,,,,,,,,,,,,,,,,,,,,,,,,,,,,,,
5e45f835f9af8b24b31daa60,0039,"Tue, 28 Jan 2020 18:24:41 GMT","Tue, 28 Jan 2020 23:58:24 GMT","Tue, 28 Jan 2020 19:55:46 GMT",9.465,2_39_95_444_2020-01-28 18:24:41.234105,0002,CA-497,2-39-95-444,America/Los_Angeles,000001001,600,12,20,129,"Tue, 28 Jan 2020 18:24:44 GMT",true,"Tue, 28 Jan 2020 20:33:41 GMT",1001,,,,,,,,,,,,,,,,,,,,,,,,,,,,,,,,,,,,,,,,,,,,,,,,,,,,,,,,,,,,,,,,,,,,,,,,,
5e45f835f9af8b24b31daa61,0039,"Tue, 28 Jan 2020 18:31:37 GMT","Tue, 28 Jan 2020 20:48:30 GMT","Tue, 28 Jan 2020 20:49:28 GMT",0.85,2_39_90_26_2020-01-28 18:31:37.185142,0002,CA-316,2-39-90-26,America/Los_Angeles,,,,,,,,,,,,,,,,,,,,,,,,,,,,,,,,,,,,,,,,,,,,,,,,,,,,,,,,,,,,,,,,,,,,,,,,,,,,,,,,,,
5e45f835f9af8b24b31daa62,0039,"Tue, 28 Jan 2020 18:35:24 GMT","Wed, 29 Jan 2020 02:13:47 GMT","Tue, 28 Jan 2020 23:51:22 GMT",0.875,2_39_90_440_2020-01-28 18:35:23.840221,0002,CA-500,2-39-90-440,America/Los_Angeles,,,,,,,,,,,,,,,,,,,,,,,,,,,,,,,,,,,,,,,,,,,,,,,,,,,,,,,,,,,,,,,,,,,,,,,,,,,,,,,,,,
5e45f835f9af8b24b31daa63,0039,"Tue, 28 Jan 2020 18:48:52 GMT","Wed, 29 Jan 2020 01:45:12 GMT","Tue, 28 Jan 2020 20:20:33 GMT",4.606,2_39_88_438_2020-01-28 18:48:52.445659,0002,CA-502,2-39-88-438,America/Los_Angeles,000002170,400,28,70,426,"Tue, 28 Jan 2020 18:49:04 GMT",true,"Wed, 29 Jan 2020 01:54:52 GMT",2170,,,,,,,,,,,,,,,,,,,,,,,,,,,,,,,,,,,,,,,,,,,,,,,,,,,,,,,,,,,,,,,,,,,,,,,,,
5e45f835f9af8b24b31daa64,0039,"Tue, 28 Jan 2020 19:02:46 GMT","Tue, 28 Jan 2020 19:56:29 GMT","Tue, 28 Jan 2020 19:56:27 GMT",1.318,2_39_78_361_2020-01-28 19:02:46.436130,0002,CA-493,2-39-78-361,America/Los_Angeles,000003449,276,40.02,145,463,"Tue, 28 Jan 2020 19:51:39 GMT",true,"Wed, 29 Jan 2020 02:45:46 GMT",3449,,,,,,,,,,,,,,,,,,,,,,,,,,,,,,,,,,,,,,,,,,,,,,,,,,,,,,,,,,,,,,,,,,,,,,,,,
5e45f835f9af8b24b31daa65,0039,"Tue, 28 Jan 2020 19:52:01 GMT","Tue, 28 Jan 2020 23:17:07 GMT","Tue, 28 Jan 2020 21:16:18 GMT",2.833,2_39_78_363_2020-01-28 19:52:01.362206,0002,CA-320,2-39-78-363,America/Los_Angeles,000001082,400,8,20,64,"Tue, 28 Jan 2020 19:52:56 GMT",true,"Tue, 28 Jan 2020 20:56:01 GMT",1082,,,,,,,,,,,,,,,,,,,,,,,,,,,,,,,,,,,,,,,,,,,,,,,,,,,,,,,,,,,,,,,,,,,,,,,,,
5e45f835f9af8b24b31daa66,0039,"Tue, 28 Jan 2020 19:57:19 GMT","Tue, 28 Jan 2020 20:51:22 GMT","Tue, 28 Jan 2020 20:50:13 GMT",0.844,2_39_128_18_2020-01-28 19:57:18.587859,0002,CA-308,2-39-128-18,America/Los_Angeles,,,,,,,,,,,,,,,,,,,,,,,,,,,,,,,,,,,,,,,,,,,,,,,,,,,,,,,,,,,,,,,,,,,,,,,,,,,,,,,,,,
5e45f835f9af8b24b31daa67,0039,"Tue, 28 Jan 2020 20:37:59 GMT","Tue, 28 Jan 2020 21:46:05 GMT","Tue, 28 Jan 2020 21:45:49 GMT",7.22,2_39_126_560_2020-01-28 20:37:58.674748,0002,CA-506,2-39-126-560,America/Los_Angeles,000000311,250,5,20,76,"Tue, 28 Jan 2020 20:39:13 GMT",true,"Tue, 28 Jan 2020 21:53:59 GMT",311,,250,5,20,76,"Tue, 28 Jan 2020 20:40:17 GMT",true,"Tue, 28 Jan 2020 21:53:59 GMT",311,250,12.5,50,100,"Tue, 28 Jan 2020 21:06:03 GMT",true,"Tue, 28 Jan 2020 22:17:59 GMT",311,,,,,,,,,,,,,,,,,,,,,,,,,,,,,,,,,,,,,,,,,,,,,,,,,,,,,,,,
5e45f835f9af8b24b31daa68,0039,"Tue, 28 Jan 2020 20:48:34 GMT","Tue, 28 Jan 2020 23:06:54 GMT","Tue, 28 Jan 2020 21:19:25 GMT",0.824,2_39_90_26_2020-01-28 20:48:33.650714,0002,CA-316,2-39-90-26,America/Los_Angeles,,,,,,,,,,,,,,,,,,,,,,,,,,,,,,,,,,,,,,,,,,,,,,,,,,,,,,,,,,,,,,,,,,,,,,,,,,,,,,,,,,
5e45f835f9af8b24b31daa69,0039,"Tue, 28 Jan 2020 20:48:45 GMT","Tue, 28 Jan 2020 22:29:30 GMT","Tue, 28 Jan 2020 21:34:01 GMT",1.855,2_39_127_19_2020-01-28 20:48:45.082348,0002,CA-309,2-39-127-19,America/Los_Angeles,000001093,333,6.66,20,140,"Tue, 28 Jan 2020 20:49:02 GMT",true,"Tue, 28 Jan 2020 23:08:45 GMT",1093,,,,,,,,,,,,,,,,,,,,,,,,,,,,,,,,,,,,,,,,,,,,,,,,,,,,,,,,,,,,,,,,,,,,,,,,,
5e45f835f9af8b24b31daa6a,0039,"Tue, 28 Jan 2020 21:43:05 GMT","Wed, 29 Jan 2020 01:25:21 GMT","Tue, 28 Jan 2020 22:17:33 GMT",1.666,2_39_130_31_2020-01-28 21:43:05.181592,0002,CA-306,2-39-130-31,America/Los_Angeles,000000562,325,3.25,10,186,"Tue, 28 Jan 2020 21:43:28 GMT",true,"Wed, 29 Jan 2020 00:49:05 GMT",562,,,,,,,,,,,,,,,,,,,,,,,,,,,,,,,,,,,,,,,,,,,,,,,,,,,,,,,,,,,,,,,,,,,,,,,,,
5e45f835f9af8b24b31daa6b,0039,"Tue, 28 Jan 2020 22:03:41 GMT","Wed, 29 Jan 2020 03:06:36 GMT","Wed, 29 Jan 2020 00:57:40 GMT",12.658,2_39_126_560_2020-01-28 22:03:41.291694,0002,CA-506,2-39-126-560,America/Los_Angeles,000000958,200,20,100,570,"Tue, 28 Jan 2020 22:03:46 GMT",true,"Wed, 29 Jan 2020 07:33:41 GMT",958,,,,,,,,,,,,,,,,,,,,,,,,,,,,,,,,,,,,,,,,,,,,,,,,,,,,,,,,,,,,,,,,,,,,,,,,,
5e45f835f9af8b24b31daa6c,0039,"Tue, 28 Jan 2020 22:25:10 GMT","Wed, 29 Jan 2020 00:21:27 GMT","Wed, 29 Jan 2020 00:17:40 GMT",0.914,2_39_78_367_2020-01-28 22:25:10.242983,0002,CA-494,2-39-78-367,America/Los_Angeles,,,,,,,,,,,,,,,,,,,,,,,,,,,,,,,,,,,,,,,,,,,,,,,,,,,,,,,,,,,,,,,,,,,,,,,,,,,,,,,,,,
5e45f835f9af8b24b31daa6d,0039,"Tue, 28 Jan 2020 22:44:43 GMT","Wed, 29 Jan 2020 00:17:46 GMT","Wed, 29 Jan 2020 00:17:24 GMT",4.132,2_39_78_361_2020-01-28 22:44:43.047942,0002,CA-493,2-39-78-361,America/Los_Angeles,000000668,425,4.25,10,61,"Tue, 28 Jan 2020 22:46:35 GMT",true,"Tue, 28 Jan 2020 23:45:43 GMT",668,,,,,,,,,,,,,,,,,,,,,,,,,,,,,,,,,,,,,,,,,,,,,,,,,,,,,,,,,,,,,,,,,,,,,,,,,
5e45f835f9af8b24b31daa6e,0039,"Tue, 28 Jan 2020 23:06:17 GMT","Thu, 30 Jan 2020 02:18:29 GMT","Wed, 29 Jan 2020 02:39:25 GMT",11.847,2_39_127_19_2020-01-28 23:06:07.723855,0002,CA-309,2-39-127-19,America/Los_Angeles,000005768,400,24,60,339,"Tue, 28 Jan 2020 23:06:16 GMT",true,"Wed, 29 Jan 2020 04:45:17 GMT",5768,,400,24,60,758,"Wed, 29 Jan 2020 06:19:43 GMT",true,"Wed, 29 Jan 2020 11:44:17 GMT",5768,,,,,,,,,,,,,,,,,,,,,,,,,,,,,,,,,,,,,,,,,,,,,,,,,,,,,,,,,,,,,,,,
5e45f835f9af8b24b31daa6f,0039,"Wed, 29 Jan 2020 00:08:15 GMT","Wed, 29 Jan 2020 03:27:39 GMT","Wed, 29 Jan 2020 03:27:31 GMT",21.29,2_39_91_437_2020-01-29 00:08:14.803618,0002,CA-317,2-39-91-437,America/Los_Angeles,000003270,200,40,200,470,"Wed, 29 Jan 2020 00:08:27 GMT",true,"Wed, 29 Jan 2020 07:58:15 GMT",3270,,,,,,,,,,,,,,,,,,,,,,,,,,,,,,,,,,,,,,,,,,,,,,,,,,,,,,,,,,,,,,,,,,,,,,,,,
5e45f835f9af8b24b31daa70,0039,"Wed, 29 Jan 2020 01:22:31 GMT","Wed, 29 Jan 2020 02:40:09 GMT","Wed, 29 Jan 2020 01:55:37 GMT",1.176,2_39_138_29_2020-01-29 01:22:31.060489,0002,CA-304,2-39-138-29,America/Los_Angeles,000000365,333,3.33,10,104,"Wed, 29 Jan 2020 01:22:51 GMT",true,"Wed, 29 Jan 2020 03:06:31 GMT",365,,,,,,,,,,,,,,,,,,,,,,,,,,,,,,,,,,,,,,,,,,,,,,,,,,,,,,,,,,,,,,,,,,,,,,,,,
5e45f835f9af8b24b31daa71,0039,"Wed, 29 Jan 2020 02:49:55 GMT","Wed, 29 Jan 2020 04:45:00 GMT","Wed, 29 Jan 2020 04:44:56 GMT",12.695,2_39_139_28_2020-01-29 02:49:55.457015,0002,CA-303,2-39-139-28,America/Los_Angeles,000000675,400,24,60,248,"Wed, 29 Jan 2020 02:50:09 GMT",true,"Wed, 29 Jan 2020 06:57:55 GMT",675,,,,,,,,,,,,,,,,,,,,,,,,,,,,,,,,,,,,,,,,,,,,,,,,,,,,,,,,,,,,,,,,,,,,,,,,,
5e45f835f9af8b24b31daa72,0039,"Wed, 29 Jan 2020 03:27:45 GMT","Wed, 29 Jan 2020 05:56:03 GMT","Wed, 29 Jan 2020 05:19:00 GMT",5.578,2_39_83_386_2020-01-29 03:27:44.940298,0002,CA-212,2-39-83-386,America/Los_Angeles,000001864,400,12,30,121,"Wed, 29 Jan 2020 03:27:48 GMT",true,"Wed, 29 Jan 2020 05:28:45 GMT",1864,,,,,,,,,,,,,,,,,,,,,,,,,,,,,,,,,,,,,,,,,,,,,,,,,,,,,,,,,,,,,,,,,,,,,,,,,
5e4749aef9af8b28856f12f8,0039,"Wed, 29 Jan 2020 14:57:27 GMT","Thu, 30 Jan 2020 16:54:09 GMT","Wed, 29 Jan 2020 21:18:05 GMT",14.054,2_39_79_383_2020-01-29 14:57:27.460060,0002,CA-492,2-39-79-383,America/Los_Angeles,000004913,400,20,50,720,"Wed, 29 Jan 2020 15:04:19 GMT",true,"Thu, 30 Jan 2020 02:57:27 GMT",4913,,,,,,,,,,,,,,,,,,,,,,,,,,,,,,,,,,,,,,,,,,,,,,,,,,,,,,,,,,,,,,,,,,,,,,,,,
5e4749aef9af8b28856f12f9,0039,"Wed, 29 Jan 2020 15:45:33 GMT","Wed, 29 Jan 2020 21:42:38 GMT","Wed, 29 Jan 2020 20:00:33 GMT",16.594,2_39_79_382_2020-01-29 15:45:32.883371,0002,CA-491,2-39-79-382,America/Los_Angeles,000004701,300,30,100,348,"Wed, 29 Jan 2020 15:57:35 GMT",true,"Wed, 29 Jan 2020 21:33:33 GMT",4701,,,,,,,,,,,,,,,,,,,,,,,,,,,,,,,,,,,,,,,,,,,,,,,,,,,,,,,,,,,,,,,,,,,,,,,,,
5e4749aef9af8b28856f12fa,0039,"Wed, 29 Jan 2020 16:01:03 GMT","Wed, 29 Jan 2020 22:26:43 GMT","Wed, 29 Jan 2020 16:31:23 GMT",0.789,2_39_79_380_2020-01-29 16:01:02.913296,0002,CA-489,2-39-79-380,America/Los_Angeles,,,,,,,,,,,,,,,,,,,,,,,,,,,,,,,,,,,,,,,,,,,,,,,,,,,,,,,,,,,,,,,,,,,,,,,,,,,,,,,,,,
5e4749aef9af8b28856f12fb,0039,"Wed, 29 Jan 2020 16:08:38 GMT","Wed, 29 Jan 2020 20:27:56 GMT","Wed, 29 Jan 2020 20:03:41 GMT",0.835,2_39_79_378_2020-01-29 16:08:38.042637,0002,CA-326,2-39-79-378,America/Los_Angeles,,,,,,,,,,,,,,,,,,,,,,,,,,,,,,,,,,,,,,,,,,,,,,,,,,,,,,,,,,,,,,,,,,,,,,,,,,,,,,,,,,
5e4749aef9af8b28856f12fc,0039,"Wed, 29 Jan 2020 16:15:22 GMT","Wed, 29 Jan 2020 19:36:40 GMT","Wed, 29 Jan 2020 19:35:25 GMT",21.833,2_39_95_444_2020-01-29 16:15:21.866589,0002,CA-497,2-39-95-444,America/Los_Angeles,000003449,276,40.02,145,463,"Wed, 29 Jan 2020 16:15:28 GMT",true,"Wed, 29 Jan 2020 23:58:22 GMT",3449,,276,40.02,145,494,"Wed, 29 Jan 2020 16:26:58 GMT",true,"Thu, 30 Jan 2020 00:29:22 GMT",3449,,,,,,,,,,,,,,,,,,,,,,,,,,,,,,,,,,,,,,,,,,,,,,,,,,,,,,,,,,,,,,,,
5e4749aef9af8b28856f12fd,0039,"Wed, 29 Jan 2020 16:36:52 GMT","Wed, 29 Jan 2020 17:24:46 GMT","Wed, 29 Jan 2020 17:25:45 GMT",4.815,2_39_78_362_2020-01-29 16:36:51.511178,0002,CA-496,2-39-78-362,America/Los_Angeles,000001470,292,26.28,90,438,"Wed, 29 Jan 2020 16:37:08 GMT",true,"Wed, 29 Jan 2020 23:54:52 GMT",1470,,,,,,,,,,,,,,,,,,,,,,,,,,,,,,,,,,,,,,,,,,,,,,,,,,,,,,,,,,,,,,,,,,,,,,,,,
5e4749aef9af8b28856f12fe,0039,"Wed, 29 Jan 2020 16:43:42 GMT","Wed, 29 Jan 2020 20:46:11 GMT","Wed, 29 Jan 2020 18:16:10 GMT",5.005,2_39_123_23_2020-01-29 16:43:41.810373,0002,CA-313,2-39-123-23,America/Los_Angeles,000000712,400,12,30,166,"Wed, 29 Jan 2020 16:43:46 GMT",true,"Wed, 29 Jan 2020 19:29:42 GMT",712,,,,,,,,,,,,,,,,,,,,,,,,,,,,,,,,,,,,,,,,,,,,,,,,,,,,,,,,,,,,,,,,,,,,,,,,,
5e4749aef9af8b28856f12ff,0039,"Wed, 29 Jan 2020 16:45:48 GMT","Thu, 30 Jan 2020 01:50:09 GMT","Wed, 29 Jan 2020 18:12:37 GMT",4.705,2_39_124_558_2020-01-29 16:45:48.456526,0002,CA-504,2-39-124-558,America/Los_Angeles,000001534,250,7.5,30,404,"Wed, 29 Jan 2020 16:46:23 GMT",true,"Wed, 29 Jan 2020 23:29:48 GMT",1534,,,,,,,,,,,,,,,,,,,,,,,,,,,,,,,,,,,,,,,,,,,,,,,,,,,,,,,,,,,,,,,,,,,,,,,,,
5e4749aef9af8b28856f1300,0039,"Wed, 29 Jan 2020 16:59:52 GMT","Thu, 30 Jan 2020 01:43:47 GMT","Wed, 29 Jan 2020 19:16:40 GMT",6.015,2_39_79_376_2020-01-29 16:59:52.033198,0002,CA-324,2-39-79-376,America/Los_Angeles,000005368,400,8,20,60,"Wed, 29 Jan 2020 17:04:32 GMT",true,"Wed, 29 Jan 2020 17:59:52 GMT",5368,,,,,,,,,,,,,,,,,,,,,,,,,,,,,,,,,,,,,,,,,,,,,,,,,,,,,,,,,,,,,,,,,,,,,,,,,
5e4749aef9af8b28856f1301,0039,"Wed, 29 Jan 2020 17:04:53 GMT","Wed, 29 Jan 2020 20:21:31 GMT","Wed, 29 Jan 2020 19:09:35 GMT",6.276,2_39_88_24_2020-01-29 17:04:37.696728,0002,CA-314,2-39-88-24,America/Los_Angeles,000003577,400,8,20,171,"Wed, 29 Jan 2020 17:04:52 GMT",true,"Wed, 29 Jan 2020 19:55:53 GMT",3577,,,,,,,,,,,,,,,,,,,,,,,,,,,,,,,,,,,,,,,,,,,,,,,,,,,,,,,,,,,,,,,,,,,,,,,,,
5e4749aef9af8b28856f1302,0039,"Wed, 29 Jan 2020 17:08:13 GMT","Thu, 30 Jan 2020 00:24:33 GMT","Wed, 29 Jan 2020 20:38:12 GMT",9.93,2_39_78_365_2020-01-29 17:08:13.137387,0002,CA-321,2-39-78-365,America/Los_Angeles,000001095,400,16,40,444,"Wed, 29 Jan 2020 17:08:19 GMT",true,"Thu, 30 Jan 2020 00:32:13 GMT",1095,,400,16,40,444,"Wed, 29 Jan 2020 17:08:28 GMT",true,"Thu, 30 Jan 2020 00:32:13 GMT",1095,,,,,,,,,,,,,,,,,,,,,,,,,,,,,,,,,,,,,,,,,,,,,,,,,,,,,,,,,,,,,,,,
5e4749aef9af8b28856f1303,0039,"Wed, 29 Jan 2020 17:09:08 GMT","Thu, 30 Jan 2020 02:23:19 GMT","Wed, 29 Jan 2020 22:31:20 GMT",0.817,2_39_79_381_2020-01-29 17:09:07.987000,0002,CA-490,2-39-79-381,America/Los_Angeles,,,,,,,,,,,,,,,,,,,,,,,,,,,,,,,,,,,,,,,,,,,,,,,,,,,,,,,,,,,,,,,,,,,,,,,,,,,,,,,,,,
5e4749aef9af8b28856f1304,0039,"Wed, 29 Jan 2020 17:16:50 GMT","Wed, 29 Jan 2020 22:36:02 GMT","Wed, 29 Jan 2020 20:03:27 GMT",8.498,2_39_91_437_2020-01-29 17:16:50.183298,0002,CA-317,2-39-91-437,America/Los_Angeles,000001364,400,28,70,182,"Wed, 29 Jan 2020 17:16:58 GMT",true,"Wed, 29 Jan 2020 20:18:50 GMT",1364,,,,,,,,,,,,,,,,,,,,,,,,,,,,,,,,,,,,,,,,,,,,,,,,,,,,,,,,,,,,,,,,,,,,,,,,,
5e4749aef9af8b28856f1305,0039,"Wed, 29 Jan 2020 17:20:50 GMT","Thu, 30 Jan 2020 00:22:33 GMT","Wed, 29 Jan 2020 21:38:32 GMT",14.393,2_39_125_21_2020-01-29 17:20:42.797289,0002,CA-311,2-39-125-21,America/Los_Angeles,000004947,380,19,50,410,"Wed, 29 Jan 2020 17:20:49 GMT",true,"Thu, 30 Jan 2020 00:10:50 GMT",4947,,,,,,,,,,,,,,,,,,,,,,,,,,,,,,,,,,,,,,,,,,,,,,,,,,,,,,,,,,,,,,,,,,,,,,,,,
5e4749aef9af8b28856f1306,0039,"Wed, 29 Jan 2020 17:25:53 GMT","Thu, 30 Jan 2020 02:13:44 GMT","Wed, 29 Jan 2020 18:35:06 GMT",6.254,2_39_79_377_2020-01-29 17:25:53.251538,0002,CA-325,2-39-79-377,America/Los_Angeles,000000714,400,24,60,361,"Wed, 29 Jan 2020 17:26:09 GMT",true,"Wed, 29 Jan 2020 23:26:53 GMT",714,,,,,,,,,,,,,,,,,,,,,,,,,,,,,,,,,,,,,,,,,,,,,,,,,,,,,,,,,,,,,,,,,,,,,,,,,
5e4749aef9af8b28856f1307,0039,"Wed, 29 Jan 2020 17:31:37 GMT","Wed, 29 Jan 2020 23:59:43 GMT","Wed, 29 Jan 2020 19:27:47 GMT",11.838,2_39_126_20_2020-01-29 17:31:36.592346,0002,CA-310,2-39-126-20,America/Los_Angeles,000001912,400,20,50,333,"Wed, 29 Jan 2020 17:33:07 GMT",true,"Wed, 29 Jan 2020 23:04:37 GMT",1912,,,,,,,,,,,,,,,,,,,,,,,,,,,,,,,,,,,,,,,,,,,,,,,,,,,,,,,,,,,,,,,,,,,,,,,,,
5e4749aef9af8b28856f1308,0039,"Wed, 29 Jan 2020 17:32:20 GMT","Thu, 30 Jan 2020 04:41:56 GMT","Wed, 29 Jan 2020 21:40:47 GMT",13.948,2_39_95_27_2020-01-29 17:32:19.825066,0002,CA-319,2-39-95-27,America/Los_Angeles,000000676,400,24,60,720,"Wed, 29 Jan 2020 17:32:22 GMT",true,"Thu, 30 Jan 2020 05:32:20 GMT",676,,,,,,,,,,,,,,,,,,,,,,,,,,,,,,,,,,,,,,,,,,,,,,,,,,,,,,,,,,,,,,,,,,,,,,,,,
5e4749aef9af8b28856f1309,0039,"Wed, 29 Jan 2020 17:46:41 GMT","Thu, 30 Jan 2020 03:18:29 GMT","Wed, 29 Jan 2020 18:58:56 GMT",3.765,2_39_89_25_2020-01-29 17:46:41.493785,0002,CA-315,2-39-89-25,America/Los_Angeles,000000567,400,8,20,411,"Wed, 29 Jan 2020 17:46:54 GMT",true,"Thu, 30 Jan 2020 00:37:41 GMT",567,,,,,,,,,,,,,,,,,,,,,,,,,,,,,,,,,,,,,,,,,,,,,,,,,,,,,,,,,,,,,,,,,,,,,,,,,
5e4749aef9af8b28856f130a,0039,"Wed, 29 Jan 2020 18:15:37 GMT","Thu, 30 Jan 2020 03:14:51 GMT","Wed, 29 Jan 2020 20:08:47 GMT",11.501,2_39_91_441_2020-01-29 18:15:37.359926,0002,CA-499,2-39-91-441,America/Los_Angeles,000000558,400,28,70,60,"Wed, 29 Jan 2020 18:15:41 GMT",true,"Wed, 29 Jan 2020 19:15:37 GMT",558,,,,,,,,,,,,,,,,,,,,,,,,,,,,,,,,,,,,,,,,,,,,,,,,,,,,,,,,,,,,,,,,,,,,,,,,,
5e4749aef9af8b28856f130b,0039,"Wed, 29 Jan 2020 18:23:32 GMT","Thu, 30 Jan 2020 01:56:40 GMT","Wed, 29 Jan 2020 19:10:49 GMT",1.941,2_39_90_26_2020-01-29 18:23:32.419836,0002,CA-316,2-39-90-26,America/Los_Angeles,000000891,400,8,20,215,"Wed, 29 Jan 2020 18:23:38 GMT",true,"Wed, 29 Jan 2020 21:58:32 GMT",891,,,,,,,,,,,,,,,,,,,,,,,,,,,,,,,,,,,,,,,,,,,,,,,,,,,,,,,,,,,,,,,,,,,,,,,,,
5e4749aef9af8b28856f130c,0039,"Wed, 29 Jan 2020 18:48:38 GMT","Wed, 29 Jan 2020 20:35:47 GMT","Wed, 29 Jan 2020 20:36:47 GMT",0.564,2_39_78_362_2020-01-29 18:48:38.340487,0002,CA-496,2-39-78-362,America/Los_Angeles,000003447,375,15,40,219,"Wed, 29 Jan 2020 18:50:09 GMT",true,"Wed, 29 Jan 2020 22:27:38 GMT",3447,,,,,,,,,,,,,,,,,,,,,,,,,,,,,,,,,,,,,,,,,,,,,,,,,,,,,,,,,,,,,,,,,,,,,,,,,
5e4749aef9af8b28856f130d,0039,"Wed, 29 Jan 2020 19:07:03 GMT","Wed, 29 Jan 2020 22:41:59 GMT","Wed, 29 Jan 2020 20:57:47 GMT",5.664,2_39_90_440_2020-01-29 19:07:03.299416,0002,CA-500,2-39-90-440,America/Los_Angeles,000002170,400,28,70,426,"Wed, 29 Jan 2020 19:07:12 GMT",true,"Thu, 30 Jan 2020 02:13:03 GMT",2170,,,,,,,,,,,,,,,,,,,,,,,,,,,,,,,,,,,,,,,,,,,,,,,,,,,,,,,,,,,,,,,,,,,,,,,,,
5e4749aef9af8b28856f130e,0039,"Wed, 29 Jan 2020 19:14:17 GMT","Thu, 30 Jan 2020 02:13:31 GMT","Thu, 30 Jan 2020 00:25:04 GMT",12.527,2_39_78_360_2020-01-29 19:14:16.855996,0002,CA-322,2-39-78-360,America/Los_Angeles,000003853,360,36,100,523,"Wed, 29 Jan 2020 19:14:37 GMT",true,"Thu, 30 Jan 2020 03:57:17 GMT",3853,,,,,,,,,,,,,,,,,,,,,,,,,,,,,,,,,,,,,,,,,,,,,,,,,,,,,,,,,,,,,,,,,,,,,,,,,
5e4749aef9af8b28856f130f,0039,"Wed, 29 Jan 2020 20:10:40 GMT","Thu, 30 Jan 2020 02:01:59 GMT","Thu, 30 Jan 2020 00:41:10 GMT",23.11,2_39_78_366_2020-01-29 20:10:40.178920,0002,CA-323,2-39-78-366,America/Los_Angeles,000001104,250,37.5,150,436,"Wed, 29 Jan 2020 20:10:47 GMT",true,"Thu, 30 Jan 2020 03:26:40 GMT",1104,,,,,,,,,,,,,,,,,,,,,,,,,,,,,,,,,,,,,,,,,,,,,,,,,,,,,,,,,,,,,,,,,,,,,,,,,
5e4749aef9af8b28856f1310,0039,"Wed, 29 Jan 2020 20:20:30 GMT","Thu, 30 Jan 2020 01:09:10 GMT","Wed, 29 Jan 2020 23:38:39 GMT",21.717,2_39_124_22_2020-01-29 20:20:30.232601,0002,CA-312,2-39-124-22,America/Los_Angeles,000001470,292,32.12,110,328,"Wed, 29 Jan 2020 20:21:00 GMT",true,"Thu, 30 Jan 2020 01:48:30 GMT",1470,,,,,,,,,,,,,,,,,,,,,,,,,,,,,,,,,,,,,,,,,,,,,,,,,,,,,,,,,,,,,,,,,,,,,,,,,
5e4749aef9af8b28856f1311,0039,"Wed, 29 Jan 2020 20:21:07 GMT","Thu, 30 Jan 2020 00:49:49 GMT","Thu, 30 Jan 2020 00:49:41 GMT",27.163,2_39_78_364_2020-01-29 20:21:07.268096,0002,CA-495,2-39-78-364,America/Los_Angeles,000003270,200,40,200,470,"Wed, 29 Jan 2020 20:21:31 GMT",true,"Thu, 30 Jan 2020 04:11:07 GMT",3270,,,,,,,,,,,,,,,,,,,,,,,,,,,,,,,,,,,,,,,,,,,,,,,,,,,,,,,,,,,,,,,,,,,,,,,,,
5e4749aef9af8b28856f1312,0039,"Wed, 29 Jan 2020 20:41:57 GMT","Wed, 29 Jan 2020 23:56:57 GMT","Wed, 29 Jan 2020 22:07:31 GMT",3.124,2_39_88_24_2020-01-29 20:41:56.778657,0002,CA-314,2-39-88-24,America/Los_Angeles,000000560,400,8,20,258,"Wed, 29 Jan 2020 20:42:04 GMT",true,"Thu, 30 Jan 2020 00:59:57 GMT",560,,,,,,,,,,,,,,,,,,,,,,,,,,,,,,,,,,,,,,,,,,,,,,,,,,,,,,,,,,,,,,,,,,,,,,,,,
5e4749aef9af8b28856f1313,0039,"Wed, 29 Jan 2020 21:36:02 GMT","Thu, 30 Jan 2020 02:56:36 GMT","Wed, 29 Jan 2020 23:37:48 GMT",6.545,2_39_79_378_2020-01-29 21:36:02.344185,0002,CA-326,2-39-79-378,America/Los_Angeles,000001124,400,8,20,60,"Wed, 29 Jan 2020 21:36:26 GMT",true,"Wed, 29 Jan 2020 22:36:02 GMT",1124,,,,,,,,,,,,,,,,,,,,,,,,,,,,,,,,,,,,,,,,,,,,,,,,,,,,,,,,,,,,,,,,,,,,,,,,,
5e4749aef9af8b28856f1314,0039,"Wed, 29 Jan 2020 21:48:57 GMT","Thu, 30 Jan 2020 00:30:11 GMT","Wed, 29 Jan 2020 22:31:23 GMT",0.819,2_39_79_382_2020-01-29 21:48:56.769998,0002,CA-491,2-39-79-382,America/Los_Angeles,,,,,,,,,,,,,,,,,,,,,,,,,,,,,,,,,,,,,,,,,,,,,,,,,,,,,,,,,,,,,,,,,,,,,,,,,,,,,,,,,,
5e4749aef9af8b28856f1315,0039,"Wed, 29 Jan 2020 22:10:46 GMT","Thu, 30 Jan 2020 01:00:39 GMT","Thu, 30 Jan 2020 00:21:54 GMT",6.529,2_39_78_363_2020-01-29 22:10:29.010384,0002,CA-320,2-39-78-363,America/Los_Angeles,000001093,333,6.66,20,140,"Wed, 29 Jan 2020 22:10:45 GMT",true,"Thu, 30 Jan 2020 00:30:46 GMT",1093,,333,6.66,20,62,"Wed, 29 Jan 2020 22:12:57 GMT",true,"Wed, 29 Jan 2020 23:12:46 GMT",1093,,,,,,,,,,,,,,,,,,,,,,,,,,,,,,,,,,,,,,,,,,,,,,,,,,,,,,,,,,,,,,,,
5e4749aef9af8b28856f1316,0039,"Wed, 29 Jan 2020 22:37:50 GMT","Thu, 30 Jan 2020 00:33:52 GMT","Wed, 29 Jan 2020 23:10:46 GMT",2.002,2_39_91_437_2020-01-29 22:37:50.070439,0002,CA-317,2-39-91-437,America/Los_Angeles,000000751,400,40,100,717,"Wed, 29 Jan 2020 22:37:58 GMT",true,"Thu, 30 Jan 2020 10:34:50 GMT",751,,,,,,,,,,,,,,,,,,,,,,,,,,,,,,,,,,,,,,,,,,,,,,,,,,,,,,,,,,,,,,,,,,,,,,,,,
5e4749aef9af8b28856f1317,0039,"Wed, 29 Jan 2020 23:00:57 GMT","Thu, 30 Jan 2020 00:49:30 GMT","Wed, 29 Jan 2020 23:31:40 GMT",0.842,2_39_90_440_2020-01-29 23:00:57.172689,0002,CA-500,2-39-90-440,America/Los_Angeles,,,,,,,,,,,,,,,,,,,,,,,,,,,,,,,,,,,,,,,,,,,,,,,,,,,,,,,,,,,,,,,,,,,,,,,,,,,,,,,,,,
5e4749aef9af8b28856f1318,0039,"Thu, 30 Jan 2020 01:05:00 GMT","Thu, 30 Jan 2020 02:55:05 GMT","Thu, 30 Jan 2020 02:45:09 GMT",0.892,2_39_126_20_2020-01-30 01:04:59.910192,0002,CA-310,2-39-126-20,America/Los_Angeles,,,,,,,,,,,,,,,,,,,,,,,,,,,,,,,,,,,,,,,,,,,,,,,,,,,,,,,,,,,,,,,,,,,,,,,,,,,,,,,,,,
5e4749aef9af8b28856f1319,0039,"Thu, 30 Jan 2020 02:35:21 GMT","Thu, 30 Jan 2020 04:41:09 GMT","Thu, 30 Jan 2020 04:29:33 GMT",6.368,2_39_138_29_2020-01-30 02:35:20.959302,0002,CA-304,2-39-138-29,America/Los_Angeles,000001564,300,12,40,130,"Thu, 30 Jan 2020 02:35:45 GMT",true,"Thu, 30 Jan 2020 04:45:21 GMT",1564,,,,,,,,,,,,,,,,,,,,,,,,,,,,,,,,,,,,,,,,,,,,,,,,,,,,,,,,,,,,,,,,,,,,,,,,,
5e4749aef9af8b28856f131a,0039,"Thu, 30 Jan 2020 03:19:33 GMT","Thu, 30 Jan 2020 04:07:18 GMT","Thu, 30 Jan 2020 03:49:37 GMT",0.833,2_39_131_30_2020-01-30 03:19:33.146344,0002,CA-305,2-39-131-30,America/Los_Angeles,,,,,,,,,,,,,,,,,,,,,,,,,,,,,,,,,,,,,,,,,,,,,,,,,,,,,,,,,,,,,,,,,,,,,,,,,,,,,,,,,,
5e489b29f9af8b2c14967b73,0039,"Thu, 30 Jan 2020 15:41:19 GMT","Thu, 30 Jan 2020 22:10:21 GMT","Thu, 30 Jan 2020 20:50:54 GMT",23.601,2_39_79_379_2020-01-30 15:41:18.551665,0002,CA-327,2-39-79-379,America/Los_Angeles,000001104,250,37.5,150,436,"Thu, 30 Jan 2020 15:41:32 GMT",true,"Thu, 30 Jan 2020 22:57:19 GMT",1104,,250,37.5,150,436,"Thu, 30 Jan 2020 22:10:11 GMT",true,"Thu, 30 Jan 2020 22:57:19 GMT",1104,,,,,,,,,,,,,,,,,,,,,,,,,,,,,,,,,,,,,,,,,,,,,,,,,,,,,,,,,,,,,,,,
5e489b29f9af8b2c14967b74,0039,"Thu, 30 Jan 2020 15:49:43 GMT","Fri, 31 Jan 2020 04:35:38 GMT","Thu, 30 Jan 2020 22:46:17 GMT",40.337,2_39_79_381_2020-01-30 15:49:43.167580,0002,CA-490,2-39-79-381,America/Los_Angeles,000000818,400,60,150,572,"Thu, 30 Jan 2020 15:50:26 GMT",true,"Fri, 31 Jan 2020 01:21:43 GMT",818,,,,,,,,,,,,,,,,,,,,,,,,,,,,,,,,,,,,,,,,,,,,,,,,,,,,,,,,,,,,,,,,,,,,,,,,,
5e489b29f9af8b2c14967b75,0039,"Thu, 30 Jan 2020 15:50:51 GMT","Thu, 30 Jan 2020 21:57:05 GMT","Thu, 30 Jan 2020 19:57:08 GMT",0.804,2_39_79_380_2020-01-30 15:50:51.459741,0002,CA-489,2-39-79-380,America/Los_Angeles,,,,,,,,,,,,,,,,,,,,,,,,,,,,,,,,,,,,,,,,,,,,,,,,,,,,,,,,,,,,,,,,,,,,,,,,,,,,,,,,,,
5e489b29f9af8b2c14967b76,0039,"Thu, 30 Jan 2020 16:15:37 GMT","Fri, 31 Jan 2020 01:50:48 GMT","Fri, 31 Jan 2020 00:35:38 GMT",0.904,2_39_78_366_2020-01-30 16:15:36.958733,0002,CA-323,2-39-78-366,America/Los_Angeles,,,,,,,,,,,,,,,,,,,,,,,,,,,,,,,,,,,,,,,,,,,,,,,,,,,,,,,,,,,,,,,,,,,,,,,,,,,,,,,,,,
5e489b29f9af8b2c14967b77,0039,"Thu, 30 Jan 2020 16:22:06 GMT","Thu, 30 Jan 2020 22:36:59 GMT","Thu, 30 Jan 2020 17:55:18 GMT",2.982,2_39_79_382_2020-01-30 16:22:06.470948,0002,CA-491,2-39-79-382,America/Los_Angeles,000004701,300,30,100,348,"Thu, 30 Jan 2020 16:22:36 GMT",true,"Thu, 30 Jan 2020 22:10:06 GMT",4701,,300,12,40,392,"Thu, 30 Jan 2020 17:07:57 GMT",true,"Thu, 30 Jan 2020 22:54:06 GMT",4701,300,12,40,392,"Thu, 30 Jan 2020 22:36:48 GMT",true,"Thu, 30 Jan 2020 22:54:06 GMT",4701,,,,,,,,,,,,,,,,,,,,,,,,,,,,,,,,,,,,,,,,,,,,,,,,,,,,,,,,
5e489b29f9af8b2c14967b78,0039,"Thu, 30 Jan 2020 16:24:10 GMT","Thu, 30 Jan 2020 19:42:38 GMT","Thu, 30 Jan 2020 19:33:14 GMT",9.389,2_39_78_364_2020-01-30 16:24:09.878931,0002,CA-495,2-39-78-364,America/Los_Angeles,000001470,292,11.68,40,328,"Thu, 30 Jan 2020 16:24:47 GMT",true,"Thu, 30 Jan 2020 21:52:10 GMT",1470,,,,,,,,,,,,,,,,,,,,,,,,,,,,,,,,,,,,,,,,,,,,,,,,,,,,,,,,,,,,,,,,,,,,,,,,,
5e489b29f9af8b2c14967b79,0039,"Thu, 30 Jan 2020 16:27:35 GMT","Fri, 31 Jan 2020 00:29:00 GMT","Thu, 30 Jan 2020 18:45:49 GMT",12.883,2_39_91_437_2020-01-30 16:27:34.559100,0002,CA-317,2-39-91-437,America/Los_Angeles,000000431,300,24,80,219,"Thu, 30 Jan 2020 16:27:53 GMT",true,"Thu, 30 Jan 2020 20:06:35 GMT",431,,,,,,,,,,,,,,,,,,,,,,,,,,,,,,,,,,,,,,,,,,,,,,,,,,,,,,,,,,,,,,,,,,,,,,,,,
5e489b29f9af8b2c14967b7a,0039,"Thu, 30 Jan 2020 16:33:02 GMT","Thu, 30 Jan 2020 17:42:04 GMT","Thu, 30 Jan 2020 16:58:54 GMT",0.886,2_39_130_31_2020-01-30 16:33:01.952677,0002,CA-306,2-39-130-31,America/Los_Angeles,000001366,400,8,20,60,"Thu, 30 Jan 2020 16:33:39 GMT",true,"Thu, 30 Jan 2020 17:33:02 GMT",1366,,,,,,,,,,,,,,,,,,,,,,,,,,,,,,,,,,,,,,,,,,,,,,,,,,,,,,,,,,,,,,,,,,,,,,,,,
5e489b29f9af8b2c14967b7b,0039,"Thu, 30 Jan 2020 16:35:29 GMT","Thu, 30 Jan 2020 22:55:48 GMT","Thu, 30 Jan 2020 20:51:29 GMT",12.773,2_39_79_377_2020-01-30 16:35:29.023034,0002,CA-325,2-39-79-377,America/Los_Angeles,000000068,214,12.84,60,263,"Thu, 30 Jan 2020 16:35:31 GMT",true,"Thu, 30 Jan 2020 20:58:29 GMT",68,,214,12.84,60,263,"Thu, 30 Jan 2020 22:55:37 GMT",true,"Thu, 30 Jan 2020 20:58:29 GMT",68,,,,,,,,,,,,,,,,,,,,,,,,,,,,,,,,,,,,,,,,,,,,,,,,,,,,,,,,,,,,,,,,
5e489b29f9af8b2c14967b7c,0039,"Thu, 30 Jan 2020 16:37:23 GMT","Fri, 31 Jan 2020 02:51:22 GMT","Thu, 30 Jan 2020 18:15:31 GMT",5.017,2_39_78_363_2020-01-30 16:37:22.968582,0002,CA-320,2-39-78-363,America/Los_Angeles,000002244,400,8,20,60,"Thu, 30 Jan 2020 16:37:45 GMT",true,"Thu, 30 Jan 2020 17:37:23 GMT",2244,,,,,,,,,,,,,,,,,,,,,,,,,,,,,,,,,,,,,,,,,,,,,,,,,,,,,,,,,,,,,,,,,,,,,,,,,
5e489b29f9af8b2c14967b7d,0039,"Thu, 30 Jan 2020 16:39:49 GMT","Fri, 31 Jan 2020 01:03:03 GMT","Fri, 31 Jan 2020 00:45:58 GMT",0.878,2_39_79_376_2020-01-30 16:39:49.291553,0002,CA-324,2-39-79-376,America/Los_Angeles,,,,,,,,,,,,,,,,,,,,,,,,,,,,,,,,,,,,,,,,,,,,,,,,,,,,,,,,,,,,,,,,,,,,,,,,,,,,,,,,,,
5e489b29f9af8b2c14967b7e,0039,"Thu, 30 Jan 2020 16:40:05 GMT","Fri, 31 Jan 2020 00:58:46 GMT","Thu, 30 Jan 2020 17:44:14 GMT",1.908,2_39_79_378_2020-01-30 16:40:04.840087,0002,CA-326,2-39-79-378,America/Los_Angeles,000000751,400,40,100,717,"Thu, 30 Jan 2020 16:40:12 GMT",true,"Fri, 31 Jan 2020 04:37:05 GMT",751,,,,,,,,,,,,,,,,,,,,,,,,,,,,,,,,,,,,,,,,,,,,,,,,,,,,,,,,,,,,,,,,,,,,,,,,,
5e489b29f9af8b2c14967b7f,0039,"Thu, 30 Jan 2020 16:43:52 GMT","Thu, 30 Jan 2020 20:35:40 GMT","Thu, 30 Jan 2020 20:36:38 GMT",0.944,2_39_78_362_2020-01-30 16:43:52.401896,0002,CA-496,2-39-78-362,America/Los_Angeles,,,,,,,,,,,,,,,,,,,,,,,,,,,,,,,,,,,,,,,,,,,,,,,,,,,,,,,,,,,,,,,,,,,,,,,,,,,,,,,,,,
5e489b29f9af8b2c14967b80,0039,"Thu, 30 Jan 2020 16:49:50 GMT","Fri, 31 Jan 2020 01:44:23 GMT","Thu, 30 Jan 2020 19:02:53 GMT",12.52,2_39_125_21_2020-01-30 16:49:49.805666,0002,CA-311,2-39-125-21,America/Los_Angeles,000001153,600,18,30,434,"Thu, 30 Jan 2020 16:50:08 GMT",true,"Fri, 31 Jan 2020 00:03:50 GMT",1153,,,,,,,,,,,,,,,,,,,,,,,,,,,,,,,,,,,,,,,,,,,,,,,,,,,,,,,,,,,,,,,,,,,,,,,,,
5e489b29f9af8b2c14967b81,0039,"Thu, 30 Jan 2020 16:53:39 GMT","Fri, 31 Jan 2020 03:52:09 GMT","Thu, 30 Jan 2020 18:50:37 GMT",5.839,2_39_95_27_2020-01-30 16:53:38.835606,0002,CA-319,2-39-95-27,America/Los_Angeles,000001222,400,8,20,72,"Thu, 30 Jan 2020 16:53:54 GMT",true,"Thu, 30 Jan 2020 18:05:39 GMT",1222,,,,,,,,,,,,,,,,,,,,,,,,,,,,,,,,,,,,,,,,,,,,,,,,,,,,,,,,,,,,,,,,,,,,,,,,,
5e489b29f9af8b2c14967b82,0039,"Thu, 30 Jan 2020 16:55:04 GMT","Fri, 31 Jan 2020 01:06:48 GMT","Thu, 30 Jan 2020 19:34:31 GMT",7.771,2_39_123_23_2020-01-30 16:55:03.821103,0002,CA-313,2-39-123-23,America/Los_Angeles,000000620,400,12,30,196,"Thu, 30 Jan 2020 16:56:02 GMT",true,"Thu, 30 Jan 2020 20:11:04 GMT",620,,,,,,,,,,,,,,,,,,,,,,,,,,,,,,,,,,,,,,,,,,,,,,,,,,,,,,,,,,,,,,,,,,,,,,,,,
5e489b29f9af8b2c14967b83,0039,"Thu, 30 Jan 2020 16:56:40 GMT","Thu, 30 Jan 2020 20:41:24 GMT","Thu, 30 Jan 2020 18:32:57 GMT",5.069,2_39_127_19_2020-01-30 16:56:40.267594,0002,CA-309,2-39-127-19,America/Los_Angeles,000000562,325,6.5,20,186,"Thu, 30 Jan 2020 16:56:56 GMT",true,"Thu, 30 Jan 2020 20:02:40 GMT",562,,325,6.5,20,186,"Thu, 30 Jan 2020 20:41:13 GMT",true,"Thu, 30 Jan 2020 20:02:40 GMT",562,,,,,,,,,,,,,,,,,,,,,,,,,,,,,,,,,,,,,,,,,,,,,,,,,,,,,,,,,,,,,,,,
5e489b29f9af8b2c14967b84,0039,"Thu, 30 Jan 2020 17:06:16 GMT","Fri, 31 Jan 2020 03:09:56 GMT","Thu, 30 Jan 2020 19:09:32 GMT",11.071,2_39_78_365_2020-01-30 17:06:16.226431,0002,CA-321,2-39-78-365,America/Los_Angeles,000000558,400,28,70,60,"Thu, 30 Jan 2020 17:06:19 GMT",true,"Thu, 30 Jan 2020 18:06:16 GMT",558,,,,,,,,,,,,,,,,,,,,,,,,,,,,,,,,,,,,,,,,,,,,,,,,,,,,,,,,,,,,,,,,,,,,,,,,,
5e489b29f9af8b2c14967b85,0039,"Thu, 30 Jan 2020 17:08:28 GMT","Fri, 31 Jan 2020 00:32:47 GMT","Thu, 30 Jan 2020 19:46:56 GMT",11.108,2_39_92_436_2020-01-30 17:08:27.934445,0002,CA-318,2-39-92-436,America/Los_Angeles,000001137,400,24,60,421,"Thu, 30 Jan 2020 17:08:37 GMT",true,"Fri, 31 Jan 2020 00:09:28 GMT",1137,,,,,,,,,,,,,,,,,,,,,,,,,,,,,,,,,,,,,,,,,,,,,,,,,,,,,,,,,,,,,,,,,,,,,,,,,
5e489b29f9af8b2c14967b86,0039,"Thu, 30 Jan 2020 17:31:52 GMT","Fri, 31 Jan 2020 00:37:24 GMT","Thu, 30 Jan 2020 18:20:27 GMT",2.057,2_39_88_24_2020-01-30 17:31:39.532159,0002,CA-314,2-39-88-24,America/Los_Angeles,000003577,400,8,20,488,"Thu, 30 Jan 2020 17:31:51 GMT",true,"Fri, 31 Jan 2020 01:39:52 GMT",3577,,,,,,,,,,,,,,,,,,,,,,,,,,,,,,,,,,,,,,,,,,,,,,,,,,,,,,,,,,,,,,,,,,,,,,,,,
5e489b29f9af8b2c14967b87,0039,"Thu, 30 Jan 2020 17:49:37 GMT","Thu, 30 Jan 2020 23:41:47 GMT","Thu, 30 Jan 2020 19:47:26 GMT",12.061,2_39_130_31_2020-01-30 17:49:37.075676,0002,CA-306,2-39-130-31,America/Los_Angeles,000001912,400,20,50,333,"Thu, 30 Jan 2020 17:49:55 GMT",true,"Thu, 30 Jan 2020 23:22:37 GMT",1912,,,,,,,,,,,,,,,,,,,,,,,,,,,,,,,,,,,,,,,,,,,,,,,,,,,,,,,,,,,,,,,,,,,,,,,,,
5e489b29f9af8b2c14967b88,0039,"Thu, 30 Jan 2020 18:16:30 GMT","Fri, 31 Jan 2020 02:05:07 GMT","Thu, 30 Jan 2020 20:05:27 GMT",10.554,2_39_89_25_2020-01-30 18:16:30.400015,0002,CA-315,2-39-89-25,America/Los_Angeles,000001095,400,12,30,444,"Thu, 30 Jan 2020 18:16:40 GMT",true,"Fri, 31 Jan 2020 01:40:30 GMT",1095,,,,,,,,,,,,,,,,,,,,,,,,,,,,,,,,,,,,,,,,,,,,,,,,,,,,,,,,,,,,,,,,,,,,,,,,,
5e489b29f9af8b2c14967b89,0039,"Thu, 30 Jan 2020 18:31:46 GMT","Fri, 31 Jan 2020 01:36:54 GMT","Fri, 31 Jan 2020 01:36:45 GMT",2.316,2_39_79_383_2020-01-30 18:31:46.211414,0002,CA-492,2-39-79-383,America/Los_Angeles,000005368,400,8,20,73,"Fri, 31 Jan 2020 01:08:31 GMT",true,"Thu, 30 Jan 2020 19:44:46 GMT",5368,,,,,,,,,,,,,,,,,,,,,,,,,,,,,,,,,,,,,,,,,,,,,,,,,,,,,,,,,,,,,,,,,,,,,,,,,
5e489b29f9af8b2c14967b8a,0039,"Thu, 30 Jan 2020 18:41:12 GMT","Fri, 31 Jan 2020 01:54:49 GMT","Fri, 31 Jan 2020 00:35:12 GMT",4.144,2_39_126_20_2020-01-30 18:41:11.958785,0002,CA-310,2-39-126-20,America/Los_Angeles,000000668,425,4.25,10,61,"Thu, 30 Jan 2020 18:41:27 GMT",true,"Thu, 30 Jan 2020 19:42:12 GMT",668,,,,,,,,,,,,,,,,,,,,,,,,,,,,,,,,,,,,,,,,,,,,,,,,,,,,,,,,,,,,,,,,,,,,,,,,,
5e489b29f9af8b2c14967b8b,0039,"Thu, 30 Jan 2020 18:43:41 GMT","Fri, 31 Jan 2020 01:37:12 GMT","Thu, 30 Jan 2020 19:50:08 GMT",3.225,2_39_92_442_2020-01-30 18:43:41.315712,0002,CA-498,2-39-92-442,America/Los_Angeles,000002170,400,28,70,426,"Thu, 30 Jan 2020 18:43:47 GMT",true,"Fri, 31 Jan 2020 01:49:41 GMT",2170,,,,,,,,,,,,,,,,,,,,,,,,,,,,,,,,,,,,,,,,,,,,,,,,,,,,,,,,,,,,,,,,,,,,,,,,,
5e489b29f9af8b2c14967b8c,0039,"Thu, 30 Jan 2020 18:50:51 GMT","Fri, 31 Jan 2020 01:59:04 GMT","Thu, 30 Jan 2020 20:51:25 GMT",6.412,2_39_124_22_2020-01-30 18:50:26.473192,0002,CA-312,2-39-124-22,America/Los_Angeles,000005594,360,9,25,465,"Thu, 30 Jan 2020 18:50:51 GMT",true,"Fri, 31 Jan 2020 02:35:51 GMT",5594,,360,9,25,465,"Thu, 30 Jan 2020 18:52:15 GMT",true,"Fri, 31 Jan 2020 02:35:51 GMT",5594,360,9,25,155,"Thu, 30 Jan 2020 20:25:56 GMT",true,"Thu, 30 Jan 2020 21:25:51 GMT",5594,360,9,25,155,"Thu, 30 Jan 2020 20:26:56 GMT",true,"Thu, 30 Jan 2020 21:25:51 GMT",5594,360,9,25,156,"Thu, 30 Jan 2020 23:38:09 GMT",true,"Thu, 30 Jan 2020 21:26:51 GMT",5594,,,,,,,,,,,,,,,,,,,,,,,,,,,,,,,,,,,,,,,,
5e489b29f9af8b2c14967b8d,0039,"Thu, 30 Jan 2020 19:33:59 GMT","Fri, 31 Jan 2020 01:59:08 GMT","Thu, 30 Jan 2020 20:13:39 GMT",1.849,2_39_91_441_2020-01-30 19:33:59.021470,0002,CA-499,2-39-91-441,America/Los_Angeles,000000891,400,8,20,216,"Thu, 30 Jan 2020 19:36:00 GMT",true,"Thu, 30 Jan 2020 23:09:59 GMT",891,,,,,,,,,,,,,,,,,,,,,,,,,,,,,,,,,,,,,,,,,,,,,,,,,,,,,,,,,,,,,,,,,,,,,,,,,
5e489b29f9af8b2c14967b8e,0039,"Thu, 30 Jan 2020 20:11:53 GMT","Fri, 31 Jan 2020 02:04:20 GMT","Fri, 31 Jan 2020 01:08:45 GMT",0.897,2_39_78_361_2020-01-30 20:11:52.730700,0002,CA-493,2-39-78-361,America/Los_Angeles,,,,,,,,,,,,,,,,,,,,,,,,,,,,,,,,,,,,,,,,,,,,,,,,,,,,,,,,,,,,,,,,,,,,,,,,,,,,,,,,,,
5e489b29f9af8b2c14967b8f,0039,"Thu, 30 Jan 2020 21:27:20 GMT","Fri, 31 Jan 2020 02:49:49 GMT","Thu, 30 Jan 2020 22:43:55 GMT",1.414,2_39_127_19_2020-01-30 21:27:19.822041,0002,CA-309,2-39-127-19,America/Los_Angeles,000000562,325,3.25,10,186,"Thu, 30 Jan 2020 21:27:56 GMT",true,"Fri, 31 Jan 2020 00:33:20 GMT",562,,,,,,,,,,,,,,,,,,,,,,,,,,,,,,,,,,,,,,,,,,,,,,,,,,,,,,,,,,,,,,,,,,,,,,,,,
5e489b29f9af8b2c14967b90,0039,"Thu, 30 Jan 2020 22:25:57 GMT","Thu, 30 Jan 2020 23:17:50 GMT","Thu, 30 Jan 2020 22:46:14 GMT",2.88,2_39_79_379_2020-01-30 22:25:56.767707,0002,CA-327,2-39-79-379,America/Los_Angeles,000001384,400,36,90,132,"Thu, 30 Jan 2020 22:26:29 GMT",true,"Fri, 31 Jan 2020 00:37:57 GMT",1384,,400,36,90,132,"Thu, 30 Jan 2020 23:17:37 GMT",true,"Fri, 31 Jan 2020 00:37:57 GMT",1384,,,,,,,,,,,,,,,,,,,,,,,,,,,,,,,,,,,,,,,,,,,,,,,,,,,,,,,,,,,,,,,,
5e489b29f9af8b2c14967b91,0039,"Fri, 31 Jan 2020 00:10:05 GMT","Fri, 31 Jan 2020 04:31:02 GMT","Fri, 31 Jan 2020 03:09:35 GMT",9.272,2_39_130_31_2020-01-31 00:10:05.351700,0002,CA-306,2-39-130-31,America/Los_Angeles,000001920,450,13.5,30,145,"Fri, 31 Jan 2020 00:11:00 GMT",true,"Fri, 31 Jan 2020 02:35:05 GMT",1920,,450,13.5,30,161,"Fri, 31 Jan 2020 00:11:24 GMT",true,"Fri, 31 Jan 2020 02:51:05 GMT",1920,450,13.5,30,161,"Fri, 31 Jan 2020 00:11:39 GMT",true,"Fri, 31 Jan 2020 02:51:05 GMT",1920,,,,,,,,,,,,,,,,,,,,,,,,,,,,,,,,,,,,,,,,,,,,,,,,,,,,,,,,
5e489b29f9af8b2c14967b92,0039,"Fri, 31 Jan 2020 00:56:35 GMT","Fri, 31 Jan 2020 03:07:57 GMT","Fri, 31 Jan 2020 01:41:57 GMT",3.891,2_39_91_437_2020-01-31 00:56:22.560446,0002,CA-317,2-39-91-437,America/Los_Angeles,000003123,400,4,10,154,"Fri, 31 Jan 2020 00:56:35 GMT",true,"Fri, 31 Jan 2020 03:30:35 GMT",3123,,,,,,,,,,,,,,,,,,,,,,,,,,,,,,,,,,,,,,,,,,,,,,,,,,,,,,,,,,,,,,,,,,,,,,,,,
5e489b29f9af8b2c14967b93,0039,"Fri, 31 Jan 2020 02:38:40 GMT","Fri, 31 Jan 2020 06:22:15 GMT","Fri, 31 Jan 2020 06:22:10 GMT",12.743,2_39_89_25_2020-01-31 02:38:40.327787,0002,CA-315,2-39-89-25,America/Los_Angeles,000001108,400,20,50,235,"Fri, 31 Jan 2020 02:39:04 GMT",true,"Fri, 31 Jan 2020 06:33:40 GMT",1108,,,,,,,,,,,,,,,,,,,,,,,,,,,,,,,,,,,,,,,,,,,,,,,,,,,,,,,,,,,,,,,,,,,,,,,,,
5e489b29f9af8b2c14967b94,0039,"Fri, 31 Jan 2020 04:50:49 GMT","Fri, 31 Jan 2020 05:43:29 GMT","Fri, 31 Jan 2020 05:43:25 GMT",2.929,2_39_139_28_2020-01-31 04:50:48.896465,0002,CA-303,2-39-139-28,America/Los_Angeles,000001263,400,12,30,115,"Fri, 31 Jan 2020 04:51:12 GMT",true,"Fri, 31 Jan 2020 06:45:49 GMT",1263,,,,,,,,,,,,,,,,,,,,,,,,,,,,,,,,,,,,,,,,,,,,,,,,,,,,,,,,,,,,,,,,,,,,,,,,,
5e49ecb2f9af8b304c13b33e,0039,"Fri, 31 Jan 2020 12:56:01 GMT","Fri, 31 Jan 2020 14:19:42 GMT","Fri, 31 Jan 2020 14:19:37 GMT",8.193,2_39_131_30_2020-01-31 12:56:01.003882,0002,CA-305,2-39-131-30,America/Los_Angeles,000000300,400,32,80,638,"Fri, 31 Jan 2020 12:56:57 GMT",true,"Fri, 31 Jan 2020 23:34:01 GMT",300,,,,,,,,,,,,,,,,,,,,,,,,,,,,,,,,,,,,,,,,,,,,,,,,,,,,,,,,,,,,,,,,,,,,,,,,,
5e49ecb2f9af8b304c13b33f,0039,"Fri, 31 Jan 2020 14:49:55 GMT","Sat, 01 Feb 2020 15:49:35 GMT","Fri, 31 Jan 2020 18:55:11 GMT",13.5,2_39_79_383_2020-01-31 14:49:02.440573,0002,CA-492,2-39-79-383,America/Los_Angeles,000004913,400,20,50,720,"Fri, 31 Jan 2020 14:49:55 GMT",true,"Sat, 01 Feb 2020 02:49:55 GMT",4913,,,,,,,,,,,,,,,,,,,,,,,,,,,,,,,,,,,,,,,,,,,,,,,,,,,,,,,,,,,,,,,,,,,,,,,,,
5e49ecb2f9af8b304c13b340,0039,"Fri, 31 Jan 2020 15:44:59 GMT","Sat, 01 Feb 2020 01:58:57 GMT","Fri, 31 Jan 2020 17:00:34 GMT",2.589,2_39_79_382_2020-01-31 15:44:59.398284,0002,CA-491,2-39-79-382,America/Los_Angeles,000004701,300,12,40,392,"Fri, 31 Jan 2020 15:45:10 GMT",true,"Fri, 31 Jan 2020 22:16:59 GMT",4701,,,,,,,,,,,,,,,,,,,,,,,,,,,,,,,,,,,,,,,,,,,,,,,,,,,,,,,,,,,,,,,,,,,,,,,,,
5e49ecb2f9af8b304c13b341,0039,"Fri, 31 Jan 2020 15:45:53 GMT","Fri, 31 Jan 2020 19:28:56 GMT","Fri, 31 Jan 2020 16:30:32 GMT",4.132,2_39_139_28_2020-01-31 15:45:53.331331,0002,CA-303,2-39-139-28,America/Los_Angeles,000000710,400,56,140,273,"Fri, 31 Jan 2020 15:46:20 GMT",true,"Fri, 31 Jan 2020 20:18:53 GMT",710,,,,,,,,,,,,,,,,,,,,,,,,,,,,,,,,,,,,,,,,,,,,,,,,,,,,,,,,,,,,,,,,,,,,,,,,,
5e49ecb2f9af8b304c13b342,0039,"Fri, 31 Jan 2020 15:47:15 GMT","Fri, 31 Jan 2020 23:37:03 GMT","Fri, 31 Jan 2020 20:46:29 GMT",16.403,2_39_78_366_2020-01-31 15:47:15.144555,0002,CA-323,2-39-78-366,America/Los_Angeles,000003853,360,21.6,60,523,"Fri, 31 Jan 2020 15:47:28 GMT",true,"Sat, 01 Feb 2020 00:30:15 GMT",3853,,,,,,,,,,,,,,,,,,,,,,,,,,,,,,,,,,,,,,,,,,,,,,,,,,,,,,,,,,,,,,,,,,,,,,,,,
5e49ecb2f9af8b304c13b343,0039,"Fri, 31 Jan 2020 15:57:17 GMT","Fri, 31 Jan 2020 21:35:43 GMT","Fri, 31 Jan 2020 21:26:16 GMT",0.839,2_39_79_380_2020-01-31 15:57:17.033463,0002,CA-489,2-39-79-380,America/Los_Angeles,,,,,,,,,,,,,,,,,,,,,,,,,,,,,,,,,,,,,,,,,,,,,,,,,,,,,,,,,,,,,,,,,,,,,,,,,,,,,,,,,,
5e49ecb2f9af8b304c13b344,0039,"Fri, 31 Jan 2020 16:10:30 GMT","Sat, 01 Feb 2020 02:22:06 GMT","Fri, 31 Jan 2020 20:59:52 GMT",30.84,2_39_95_27_2020-01-31 16:10:29.735207,0002,CA-319,2-39-95-27,America/Los_Angeles,000000248,250,35,140,569,"Fri, 31 Jan 2020 16:10:46 GMT",true,"Sat, 01 Feb 2020 01:39:30 GMT",248,,,,,,,,,,,,,,,,,,,,,,,,,,,,,,,,,,,,,,,,,,,,,,,,,,,,,,,,,,,,,,,,,,,,,,,,,
5e49ecb2f9af8b304c13b345,0039,"Fri, 31 Jan 2020 16:16:29 GMT","Sat, 01 Feb 2020 01:06:26 GMT","Fri, 31 Jan 2020 22:29:00 GMT",35.559,2_39_78_364_2020-01-31 16:16:29.292436,0002,CA-495,2-39-78-364,America/Los_Angeles,000003449,276,40.02,145,494,"Fri, 31 Jan 2020 16:16:47 GMT",true,"Sat, 01 Feb 2020 00:30:29 GMT",3449,,,,,,,,,,,,,,,,,,,,,,,,,,,,,,,,,,,,,,,,,,,,,,,,,,,,,,,,,,,,,,,,,,,,,,,,,
5e49ecb2f9af8b304c13b346,0039,"Fri, 31 Jan 2020 16:24:44 GMT","Sat, 01 Feb 2020 00:53:53 GMT","Fri, 31 Jan 2020 20:56:23 GMT",15.185,2_39_131_30_2020-01-31 16:24:34.767359,0002,CA-305,2-39-131-30,America/Los_Angeles,000004947,380,19,50,499,"Fri, 31 Jan 2020 16:24:44 GMT",true,"Sat, 01 Feb 2020 00:43:44 GMT",4947,,,,,,,,,,,,,,,,,,,,,,,,,,,,,,,,,,,,,,,,,,,,,,,,,,,,,,,,,,,,,,,,,,,,,,,,,
5e49ecb2f9af8b304c13b347,0039,"Fri, 31 Jan 2020 16:29:43 GMT","Fri, 31 Jan 2020 22:00:30 GMT","Fri, 31 Jan 2020 22:01:30 GMT",5.677,2_39_78_362_2020-01-31 16:29:42.678168,0002,CA-496,2-39-78-362,America/Los_Angeles,000001470,292,17.52,60,328,"Fri, 31 Jan 2020 16:30:03 GMT",true,"Fri, 31 Jan 2020 21:57:43 GMT",1470,,,,,,,,,,,,,,,,,,,,,,,,,,,,,,,,,,,,,,,,,,,,,,,,,,,,,,,,,,,,,,,,,,,,,,,,,
5e49ecb2f9af8b304c13b348,0039,"Fri, 31 Jan 2020 16:51:30 GMT","Sat, 01 Feb 2020 00:27:57 GMT","Fri, 31 Jan 2020 17:17:10 GMT",1.53,2_39_79_379_2020-01-31 16:51:29.797698,0002,CA-327,2-39-79-379,America/Los_Angeles,000000751,400,40,100,717,"Fri, 31 Jan 2020 16:53:36 GMT",true,"Sat, 01 Feb 2020 04:48:30 GMT",751,,,,,,,,,,,,,,,,,,,,,,,,,,,,,,,,,,,,,,,,,,,,,,,,,,,,,,,,,,,,,,,,,,,,,,,,,
5e49ecb2f9af8b304c13b349,0039,"Fri, 31 Jan 2020 16:52:49 GMT","Fri, 31 Jan 2020 22:40:19 GMT","Fri, 31 Jan 2020 18:36:07 GMT",5.091,2_39_128_562_2020-01-31 16:52:49.352872,0002,CA-508,2-39-128-562,America/Los_Angeles,000001534,250,7.5,30,404,"Fri, 31 Jan 2020 16:53:49 GMT",true,"Fri, 31 Jan 2020 23:36:49 GMT",1534,,,,,,,,,,,,,,,,,,,,,,,,,,,,,,,,,,,,,,,,,,,,,,,,,,,,,,,,,,,,,,,,,,,,,,,,,
5e49ecb2f9af8b304c13b34a,0039,"Fri, 31 Jan 2020 17:09:29 GMT","Sat, 01 Feb 2020 05:31:12 GMT","Fri, 31 Jan 2020 19:02:23 GMT",5.537,2_39_127_19_2020-01-31 17:09:29.142043,0002,CA-309,2-39-127-19,America/Los_Angeles,000000567,400,8,20,411,"Fri, 31 Jan 2020 17:09:36 GMT",true,"Sat, 01 Feb 2020 00:00:29 GMT",567,,,,,,,,,,,,,,,,,,,,,,,,,,,,,,,,,,,,,,,,,,,,,,,,,,,,,,,,,,,,,,,,,,,,,,,,,
5e49ecb2f9af8b304c13b34b,0039,"Fri, 31 Jan 2020 17:15:18 GMT","Sat, 01 Feb 2020 00:34:07 GMT","Fri, 31 Jan 2020 18:57:22 GMT",3.623,2_39_126_20_2020-01-31 17:15:18.373212,0002,CA-310,2-39-126-20,America/Los_Angeles,000000620,400,12,30,471,"Fri, 31 Jan 2020 17:15:36 GMT",true,"Sat, 01 Feb 2020 01:06:18 GMT",620,,,,,,,,,,,,,,,,,,,,,,,,,,,,,,,,,,,,,,,,,,,,,,,,,,,,,,,,,,,,,,,,,,,,,,,,,
5e49ecb2f9af8b304c13b34c,0039,"Fri, 31 Jan 2020 17:19:02 GMT","Fri, 31 Jan 2020 18:36:53 GMT","Fri, 31 Jan 2020 18:36:39 GMT",8.597,2_39_124_22_2020-01-31 17:19:01.991803,0002,CA-312,2-39-124-22,America/Los_Angeles,000003038,400,40,100,71,"Fri, 31 Jan 2020 17:19:36 GMT",true,"Fri, 31 Jan 2020 18:30:02 GMT",3038,,,,,,,,,,,,,,,,,,,,,,,,,,,,,,,,,,,,,,,,,,,,,,,,,,,,,,,,,,,,,,,,,,,,,,,,,
5e49ecb2f9af8b304c13b34d,0039,"Fri, 31 Jan 2020 17:33:21 GMT","Fri, 31 Jan 2020 20:36:16 GMT","Fri, 31 Jan 2020 19:13:54 GMT",0.916,2_39_123_23_2020-01-31 17:33:21.015835,0002,CA-313,2-39-123-23,America/Los_Angeles,,,,,,,,,,,,,,,,,,,,,,,,,,,,,,,,,,,,,,,,,,,,,,,,,,,,,,,,,,,,,,,,,,,,,,,,,,,,,,,,,,
5e49ecb2f9af8b304c13b34e,0039,"Fri, 31 Jan 2020 17:47:39 GMT","Fri, 31 Jan 2020 20:50:58 GMT","Fri, 31 Jan 2020 19:44:57 GMT",6.078,2_39_79_376_2020-01-31 17:47:39.228872,0002,CA-324,2-39-79-376,America/Los_Angeles,000005368,400,8,20,73,"Fri, 31 Jan 2020 17:50:58 GMT",true,"Fri, 31 Jan 2020 19:00:39 GMT",5368,,,,,,,,,,,,,,,,,,,,,,,,,,,,,,,,,,,,,,,,,,,,,,,,,,,,,,,,,,,,,,,,,,,,,,,,,
5e49ecb2f9af8b304c13b34f,0039,"Fri, 31 Jan 2020 17:47:53 GMT","Sat, 01 Feb 2020 00:06:11 GMT","Fri, 31 Jan 2020 19:42:37 GMT",12.026,2_39_88_24_2020-01-31 17:47:46.811725,0002,CA-314,2-39-88-24,America/Los_Angeles,000001912,400,20,50,333,"Fri, 31 Jan 2020 17:47:53 GMT",true,"Fri, 31 Jan 2020 23:20:53 GMT",1912,,,,,,,,,,,,,,,,,,,,,,,,,,,,,,,,,,,,,,,,,,,,,,,,,,,,,,,,,,,,,,,,,,,,,,,,,
5e49ecb2f9af8b304c13b350,0039,"Fri, 31 Jan 2020 17:49:56 GMT","Sat, 01 Feb 2020 05:50:26 GMT","Fri, 31 Jan 2020 18:37:37 GMT",1.457,2_39_91_437_2020-01-31 17:49:56.206264,0002,CA-317,2-39-91-437,America/Los_Angeles,000000324,444,8.88,20,45,"Fri, 31 Jan 2020 17:50:16 GMT",true,"Fri, 31 Jan 2020 18:34:56 GMT",324,,,,,,,,,,,,,,,,,,,,,,,,,,,,,,,,,,,,,,,,,,,,,,,,,,,,,,,,,,,,,,,,,,,,,,,,,
5e49ecb2f9af8b304c13b351,0039,"Fri, 31 Jan 2020 17:54:40 GMT","Sat, 01 Feb 2020 01:17:04 GMT","Fri, 31 Jan 2020 22:06:08 GMT",20.359,2_39_79_377_2020-01-31 17:54:40.052339,0002,CA-325,2-39-79-377,America/Los_Angeles,000000515,400,28,70,482,"Fri, 31 Jan 2020 17:54:59 GMT",true,"Sat, 01 Feb 2020 01:56:40 GMT",515,,400,28,70,482,"Fri, 31 Jan 2020 17:55:31 GMT",true,"Sat, 01 Feb 2020 01:56:40 GMT",515,,,,,,,,,,,,,,,,,,,,,,,,,,,,,,,,,,,,,,,,,,,,,,,,,,,,,,,,,,,,,,,,
5e49ecb2f9af8b304c13b352,0039,"Fri, 31 Jan 2020 17:57:34 GMT","Sat, 01 Feb 2020 02:09:23 GMT","Fri, 31 Jan 2020 19:47:08 GMT",11.812,2_39_78_360_2020-01-31 17:57:33.726807,0002,CA-322,2-39-78-360,America/Los_Angeles,000000714,400,24,60,361,"Fri, 31 Jan 2020 17:57:34 GMT",true,"Fri, 31 Jan 2020 23:58:34 GMT",714,,400,32,80,445,"Fri, 31 Jan 2020 17:58:05 GMT",true,"Sat, 01 Feb 2020 01:22:34 GMT",714,,,,,,,,,,,,,,,,,,,,,,,,,,,,,,,,,,,,,,,,,,,,,,,,,,,,,,,,,,,,,,,,
5e49ecb2f9af8b304c13b353,0039,"Fri, 31 Jan 2020 18:03:05 GMT","Fri, 31 Jan 2020 21:36:53 GMT","Fri, 31 Jan 2020 21:36:48 GMT",22.067,2_39_91_441_2020-01-31 18:03:05.440741,0002,CA-499,2-39-91-441,America/Los_Angeles,000002972,400,24,60,200,"Fri, 31 Jan 2020 18:03:50 GMT",true,"Fri, 31 Jan 2020 21:23:05 GMT",2972,,400,24,60,252,"Fri, 31 Jan 2020 18:04:54 GMT",true,"Fri, 31 Jan 2020 22:15:05 GMT",2972,400,40,100,214,"Fri, 31 Jan 2020 20:38:16 GMT",true,"Fri, 31 Jan 2020 21:37:05 GMT",2972,,,,,,,,,,,,,,,,,,,,,,,,,,,,,,,,,,,,,,,,,,,,,,,,,,,,,,,,
5e49ecb2f9af8b304c13b354,0039,"Fri, 31 Jan 2020 18:12:54 GMT","Sat, 01 Feb 2020 03:15:20 GMT","Fri, 31 Jan 2020 20:11:10 GMT",10.986,2_39_92_436_2020-01-31 18:12:53.574050,0002,CA-318,2-39-92-436,America/Los_Angeles,000000558,400,20,50,60,"Fri, 31 Jan 2020 18:12:56 GMT",true,"Fri, 31 Jan 2020 19:12:54 GMT",558,,,,,,,,,,,,,,,,,,,,,,,,,,,,,,,,,,,,,,,,,,,,,,,,,,,,,,,,,,,,,,,,,,,,,,,,,
5e49ecb2f9af8b304c13b355,0039,"Fri, 31 Jan 2020 18:13:10 GMT","Sat, 01 Feb 2020 01:48:46 GMT","Fri, 31 Jan 2020 21:46:21 GMT",10.926,2_39_78_365_2020-01-31 18:13:09.694533,0002,CA-321,2-39-78-365,America/Los_Angeles,000001095,400,12,30,444,"Fri, 31 Jan 2020 18:16:17 GMT",true,"Sat, 01 Feb 2020 01:37:10 GMT",1095,,,,,,,,,,,,,,,,,,,,,,,,,,,,,,,,,,,,,,,,,,,,,,,,,,,,,,,,,,,,,,,,,,,,,,,,,
5e49ecb2f9af8b304c13b356,0039,"Fri, 31 Jan 2020 18:24:42 GMT","Sat, 01 Feb 2020 01:12:30 GMT","Sat, 01 Feb 2020 00:24:40 GMT",4.164,2_39_89_25_2020-01-31 18:24:42.202193,0002,CA-315,2-39-89-25,America/Los_Angeles,000000668,425,4.25,10,61,"Fri, 31 Jan 2020 18:24:56 GMT",true,"Fri, 31 Jan 2020 19:25:42 GMT",668,,,,,,,,,,,,,,,,,,,,,,,,,,,,,,,,,,,,,,,,,,,,,,,,,,,,,,,,,,,,,,,,,,,,,,,,,
5e49ecb2f9af8b304c13b357,0039,"Fri, 31 Jan 2020 18:35:40 GMT","Sat, 01 Feb 2020 00:36:34 GMT","Sat, 01 Feb 2020 00:25:48 GMT",0.933,2_39_90_440_2020-01-31 18:35:39.931704,0002,CA-500,2-39-90-440,America/Los_Angeles,,,,,,,,,,,,,,,,,,,,,,,,,,,,,,,,,,,,,,,,,,,,,,,,,,,,,,,,,,,,,,,,,,,,,,,,,,,,,,,,,,
5e49ecb2f9af8b304c13b358,0039,"Fri, 31 Jan 2020 19:13:17 GMT","Sat, 01 Feb 2020 00:36:45 GMT","Fri, 31 Jan 2020 19:45:27 GMT",1.846,2_39_88_438_2020-01-31 19:13:16.597023,0002,CA-502,2-39-88-438,America/Los_Angeles,000001091,300,9,30,139,"Fri, 31 Jan 2020 19:13:39 GMT",true,"Fri, 31 Jan 2020 21:32:17 GMT",1091,,,,,,,,,,,,,,,,,,,,,,,,,,,,,,,,,,,,,,,,,,,,,,,,,,,,,,,,,,,,,,,,,,,,,,,,,
5e49ecb2f9af8b304c13b359,0039,"Fri, 31 Jan 2020 19:18:25 GMT","Sat, 01 Feb 2020 01:57:18 GMT","Fri, 31 Jan 2020 20:02:17 GMT",1.821,2_39_128_18_2020-01-31 19:18:25.018006,0002,CA-308,2-39-128-18,America/Los_Angeles,000000891,400,8,20,216,"Fri, 31 Jan 2020 19:18:30 GMT",true,"Fri, 31 Jan 2020 22:54:25 GMT",891,,,,,,,,,,,,,,,,,,,,,,,,,,,,,,,,,,,,,,,,,,,,,,,,,,,,,,,,,,,,,,,,,,,,,,,,,
5e49ecb2f9af8b304c13b35a,0039,"Fri, 31 Jan 2020 19:31:03 GMT","Sat, 01 Feb 2020 00:17:01 GMT","Fri, 31 Jan 2020 23:47:03 GMT",22.382,2_39_124_22_2020-01-31 19:31:02.732056,0002,CA-312,2-39-124-22,America/Los_Angeles,000004011,375,22.5,60,304,"Fri, 31 Jan 2020 19:31:34 GMT",true,"Sat, 01 Feb 2020 00:35:03 GMT",4011,,375,22.5,60,304,"Sat, 01 Feb 2020 00:16:47 GMT",true,"Sat, 01 Feb 2020 00:35:03 GMT",4011,,,,,,,,,,,,,,,,,,,,,,,,,,,,,,,,,,,,,,,,,,,,,,,,,,,,,,,,,,,,,,,,
5e49ecb2f9af8b304c13b35b,0039,"Fri, 31 Jan 2020 20:27:06 GMT","Sat, 01 Feb 2020 02:43:23 GMT","Fri, 31 Jan 2020 22:28:40 GMT",6.524,2_39_89_439_2020-01-31 20:27:05.607522,0002,CA-501,2-39-89-439,America/Los_Angeles,000001124,400,8,20,60,"Fri, 31 Jan 2020 20:27:28 GMT",true,"Fri, 31 Jan 2020 21:27:06 GMT",1124,,,,,,,,,,,,,,,,,,,,,,,,,,,,,,,,,,,,,,,,,,,,,,,,,,,,,,,,,,,,,,,,,,,,,,,,,
5e49ecb2f9af8b304c13b35c,0039,"Fri, 31 Jan 2020 21:15:56 GMT","Fri, 31 Jan 2020 23:57:03 GMT","Fri, 31 Jan 2020 22:26:44 GMT",2.182,2_39_123_23_2020-01-31 21:15:56.482574,0002,CA-313,2-39-123-23,America/Los_Angeles,000000560,400,8,20,258,"Fri, 31 Jan 2020 21:16:05 GMT",true,"Sat, 01 Feb 2020 01:33:56 GMT",560,,,,,,,,,,,,,,,,,,,,,,,,,,,,,,,,,,,,,,,,,,,,,,,,,,,,,,,,,,,,,,,,,,,,,,,,,
5e49ecb2f9af8b304c13b35d,0039,"Fri, 31 Jan 2020 21:19:25 GMT","Sat, 01 Feb 2020 04:13:18 GMT","Sat, 01 Feb 2020 04:13:06 GMT",0.751,2_39_139_28_2020-01-31 21:19:24.572549,0002,CA-303,2-39-139-28,America/Los_Angeles,,,,,,,,,,,,,,,,,,,,,,,,,,,,,,,,,,,,,,,,,,,,,,,,,,,,,,,,,,,,,,,,,,,,,,,,,,,,,,,,,,
5e49ecb2f9af8b304c13b35e,0039,"Fri, 31 Jan 2020 21:40:27 GMT","Sat, 01 Feb 2020 02:17:50 GMT","Fri, 31 Jan 2020 23:33:03 GMT",5.929,2_39_79_376_2020-01-31 21:40:27.060361,0002,CA-324,2-39-79-376,America/Los_Angeles,000000562,325,3.25,10,186,"Fri, 31 Jan 2020 21:40:50 GMT",true,"Sat, 01 Feb 2020 00:46:27 GMT",562,,325,6.5,20,186,"Fri, 31 Jan 2020 21:41:03 GMT",true,"Sat, 01 Feb 2020 00:46:27 GMT",562,,,,,,,,,,,,,,,,,,,,,,,,,,,,,,,,,,,,,,,,,,,,,,,,,,,,,,,,,,,,,,,,
5e49ecb2f9af8b304c13b35f,0039,"Fri, 31 Jan 2020 21:44:46 GMT","Sat, 01 Feb 2020 00:05:07 GMT","Fri, 31 Jan 2020 22:10:10 GMT",2.258,2_39_91_441_2020-01-31 21:44:45.654442,0002,CA-499,2-39-91-441,America/Los_Angeles,000001087,400,20,50,203,"Fri, 31 Jan 2020 21:44:51 GMT",true,"Sat, 01 Feb 2020 01:07:46 GMT",1087,,,,,,,,,,,,,,,,,,,,,,,,,,,,,,,,,,,,,,,,,,,,,,,,,,,,,,,,,,,,,,,,,,,,,,,,,
5e49ecb2f9af8b304c13b360,0039,"Fri, 31 Jan 2020 22:34:02 GMT","Sat, 01 Feb 2020 01:12:28 GMT","Sat, 01 Feb 2020 00:08:52 GMT",0.827,2_39_79_380_2020-01-31 22:34:02.501730,0002,CA-489,2-39-79-380,America/Los_Angeles,,,,,,,,,,,,,,,,,,,,,,,,,,,,,,,,,,,,,,,,,,,,,,,,,,,,,,,,,,,,,,,,,,,,,,,,,,,,,,,,,,
5e49ecb2f9af8b304c13b361,0039,"Sat, 01 Feb 2020 00:38:14 GMT","Sat, 01 Feb 2020 02:30:44 GMT","Sat, 01 Feb 2020 01:22:21 GMT",1.973,2_39_123_23_2020-02-01 00:38:13.655153,0002,CA-313,2-39-123-23,America/Los_Angeles,000001920,450,13.5,30,161,"Sat, 01 Feb 2020 00:39:04 GMT",true,"Sat, 01 Feb 2020 03:19:14 GMT",1920,,450,13.5,30,161,"Sat, 01 Feb 2020 00:39:08 GMT",true,"Sat, 01 Feb 2020 03:19:14 GMT",1920,450,13.5,30,153,"Sat, 01 Feb 2020 00:39:25 GMT",true,"Sat, 01 Feb 2020 03:11:14 GMT",1920,,,,,,,,,,,,,,,,,,,,,,,,,,,,,,,,,,,,,,,,,,,,,,,,,,,,,,,,
5e49ecb2f9af8b304c13b362,0039,"Sat, 01 Feb 2020 02:45:42 GMT","Sat, 01 Feb 2020 03:41:09 GMT","Sat, 01 Feb 2020 03:16:35 GMT",0.658,2_39_83_386_2020-02-01 02:45:42.182945,0002,CA-212,2-39-83-386,America/Los_Angeles,,,,,,,,,,,,,,,,,,,,,,,,,,,,,,,,,,,,,,,,,,,,,,,,,,,,,,,,,,,,,,,,,,,,,,,,,,,,,,,,,,
5e49ecb2f9af8b304c13b363,0039,"Sat, 01 Feb 2020 03:06:06 GMT","Sat, 01 Feb 2020 03:25:52 GMT","Sat, 01 Feb 2020 03:25:47 GMT",0.614,2_39_126_20_2020-02-01 03:06:06.501159,0002,CA-310,2-39-126-20,America/Los_Angeles,,,,,,,,,,,,,,,,,,,,,,,,,,,,,,,,,,,,,,,,,,,,,,,,,,,,,,,,,,,,,,,,,,,,,,,,,,,,,,,,,,
5e4b3e1ff9af8b3419ebb2c3,0039,"Sat, 01 Feb 2020 17:25:26 GMT","Sat, 01 Feb 2020 19:33:18 GMT","Sat, 01 Feb 2020 19:33:14 GMT",10.575,2_39_138_29_2020-02-01 17:25:25.915270,0002,CA-304,2-39-138-29,America/Los_Angeles,000001085,250,15,60,142,"Sat, 01 Feb 2020 17:26:12 GMT",true,"Sat, 01 Feb 2020 19:47:26 GMT",1085,,,,,,,,,,,,,,,,,,,,,,,,,,,,,,,,,,,,,,,,,,,,,,,,,,,,,,,,,,,,,,,,,,,,,,,,,
5e4b3e1ff9af8b3419ebb2c4,0039,"Sat, 01 Feb 2020 18:17:27 GMT","Sat, 01 Feb 2020 19:26:49 GMT","Sat, 01 Feb 2020 19:05:12 GMT",1.984,2_39_139_28_2020-02-01 18:17:27.459175,0002,CA-303,2-39-139-28,America/Los_Angeles,000000365,333,9.99,30,104,"Sat, 01 Feb 2020 18:17:44 GMT",true,"Sat, 01 Feb 2020 20:01:27 GMT",365,,,,,,,,,,,,,,,,,,,,,,,,,,,,,,,,,,,,,,,,,,,,,,,,,,,,,,,,,,,,,,,,,,,,,,,,,
5e4b3e1ff9af8b3419ebb2c5,0039,"Sat, 01 Feb 2020 19:28:05 GMT","Sat, 01 Feb 2020 22:41:19 GMT","Sat, 01 Feb 2020 21:50:20 GMT",7.767,2_39_79_382_2020-02-01 19:28:05.373541,0002,CA-491,2-39-79-382,America/Los_Angeles,000004701,300,12,40,199,"Sat, 01 Feb 2020 19:28:15 GMT",true,"Sat, 01 Feb 2020 22:47:05 GMT",4701,,,,,,,,,,,,,,,,,,,,,,,,,,,,,,,,,,,,,,,,,,,,,,,,,,,,,,,,,,,,,,,,,,,,,,,,,
5e4b3e1ff9af8b3419ebb2c6,0039,"Sat, 01 Feb 2020 23:26:02 GMT","Sun, 02 Feb 2020 01:32:40 GMT","Sun, 02 Feb 2020 00:10:25 GMT",2.063,2_39_127_19_2020-02-01 23:26:01.934173,0002,CA-309,2-39-127-19,America/Los_Angeles,000001920,450,13.5,30,153,"Sat, 01 Feb 2020 23:26:39 GMT",true,"Sun, 02 Feb 2020 01:59:02 GMT",1920,,450,13.5,30,153,"Sat, 01 Feb 2020 23:26:45 GMT",true,"Sun, 02 Feb 2020 01:59:02 GMT",1920,,,,,,,,,,,,,,,,,,,,,,,,,,,,,,,,,,,,,,,,,,,,,,,,,,,,,,,,,,,,,,,,
5e4b3e1ff9af8b3419ebb2c7,0039,"Sun, 02 Feb 2020 01:28:04 GMT","Mon, 03 Feb 2020 04:21:23 GMT","Sun, 02 Feb 2020 03:25:33 GMT",5.935,2_39_79_377_2020-02-02 01:28:04.324509,0002,CA-325,2-39-79-377,America/Los_Angeles,000001222,400,8,20,72,"Sun, 02 Feb 2020 01:29:04 GMT",true,"Sun, 02 Feb 2020 02:40:04 GMT",1222,,,,,,,,,,,,,,,,,,,,,,,,,,,,,,,,,,,,,,,,,,,,,,,,,,,,,,,,,,,,,,,,,,,,,,,,,
5e4b3e1ff9af8b3419ebb2c8,0039,"Sun, 02 Feb 2020 01:49:23 GMT","Sun, 02 Feb 2020 02:01:38 GMT","Sun, 02 Feb 2020 02:01:36 GMT",1.324,2_39_78_366_2020-02-02 01:49:23.018552,0002,CA-323,2-39-78-366,America/Los_Angeles,000000248,250,17.5,70,228,"Sun, 02 Feb 2020 01:49:41 GMT",true,"Sun, 02 Feb 2020 05:37:23 GMT",248,,,,,,,,,,,,,,,,,,,,,,,,,,,,,,,,,,,,,,,,,,,,,,,,,,,,,,,,,,,,,,,,,,,,,,,,,
5e4b3e1ff9af8b3419ebb2c9,0039,"Sun, 02 Feb 2020 02:19:05 GMT","Sun, 02 Feb 2020 06:13:10 GMT","Sun, 02 Feb 2020 04:52:31 GMT",0.853,2_39_78_366_2020-02-02 02:19:04.964600,0002,CA-323,2-39-78-366,America/Los_Angeles,,,,,,,,,,,,,,,,,,,,,,,,,,,,,,,,,,,,,,,,,,,,,,,,,,,,,,,,,,,,,,,,,,,,,,,,,,,,,,,,,,
5e4b3e1ff9af8b3419ebb2ca,0039,"Sun, 02 Feb 2020 03:20:56 GMT","Sun, 02 Feb 2020 04:04:57 GMT","Sun, 02 Feb 2020 04:04:41 GMT",2.393,2_39_138_29_2020-02-02 03:20:56.333765,0002,CA-304,2-39-138-29,America/Los_Angeles,000004622,300,6,20,129,"Sun, 02 Feb 2020 03:21:23 GMT",true,"Sun, 02 Feb 2020 05:29:56 GMT",4622,,300,6,20,129,"Sun, 02 Feb 2020 04:04:52 GMT",true,"Sun, 02 Feb 2020 05:29:56 GMT",4622,,,,,,,,,,,,,,,,,,,,,,,,,,,,,,,,,,,,,,,,,,,,,,,,,,,,,,,,,,,,,,,,
5e4b3e1ff9af8b3419ebb2cb,0039,"Sun, 02 Feb 2020 03:36:51 GMT","Sun, 02 Feb 2020 22:20:39 GMT","Sun, 02 Feb 2020 11:17:13 GMT",49.24,2_39_131_30_2020-02-02 03:36:50.527419,0002,CA-305,2-39-131-30,America/Los_Angeles,000000489,428,102.72,240,720,"Sun, 02 Feb 2020 03:38:20 GMT",true,"Sun, 02 Feb 2020 15:36:51 GMT",489,,428,102.72,240,633,"Sun, 02 Feb 2020 03:38:31 GMT",true,"Sun, 02 Feb 2020 14:09:51 GMT",489,,,,,,,,,,,,,,,,,,,,,,,,,,,,,,,,,,,,,,,,,,,,,,,,,,,,,,,,,,,,,,,,
5e4c8f9cf9af8b37e97c7f59,0039,"Sun, 02 Feb 2020 16:26:39 GMT","Sun, 02 Feb 2020 18:09:18 GMT","Sun, 02 Feb 2020 17:50:11 GMT",4.019,2_39_89_25_2020-02-02 16:26:39.322813,0002,CA-315,2-39-89-25,America/Los_Angeles,000000743,400,8,20,69,"Sun, 02 Feb 2020 16:27:06 GMT",true,"Sun, 02 Feb 2020 17:35:39 GMT",743,,,,,,,,,,,,,,,,,,,,,,,,,,,,,,,,,,,,,,,,,,,,,,,,,,,,,,,,,,,,,,,,,,,,,,,,,
5e4c8f9cf9af8b37e97c7f5a,0039,"Sun, 02 Feb 2020 18:17:38 GMT","Sun, 02 Feb 2020 22:52:53 GMT","Sun, 02 Feb 2020 20:45:56 GMT",7.599,2_39_79_383_2020-02-02 18:17:37.513041,0002,CA-492,2-39-79-383,America/Los_Angeles,000001007,400,16,40,230,"Sun, 02 Feb 2020 18:18:04 GMT",true,"Sun, 02 Feb 2020 22:07:38 GMT",1007,,400,16,40,230,"Sun, 02 Feb 2020 22:52:34 GMT",true,"Sun, 02 Feb 2020 22:07:38 GMT",1007,,,,,,,,,,,,,,,,,,,,,,,,,,,,,,,,,,,,,,,,,,,,,,,,,,,,,,,,,,,,,,,,
5e4c8f9cf9af8b37e97c7f5b,0039,"Sun, 02 Feb 2020 18:25:09 GMT","Sun, 02 Feb 2020 21:29:49 GMT","Sun, 02 Feb 2020 20:50:30 GMT",14.891,2_39_78_366_2020-02-02 18:25:09.017872,0002,CA-323,2-39-78-366,America/Los_Angeles,000000248,250,15,60,190,"Sun, 02 Feb 2020 18:25:24 GMT",true,"Sun, 02 Feb 2020 21:35:09 GMT",248,,,,,,,,,,,,,,,,,,,,,,,,,,,,,,,,,,,,,,,,,,,,,,,,,,,,,,,,,,,,,,,,,,,,,,,,,
5e4c8f9cf9af8b37e97c7f5c,0039,"Sun, 02 Feb 2020 18:47:25 GMT","Sun, 02 Feb 2020 19:58:04 GMT","Sun, 02 Feb 2020 19:17:32 GMT",0.85,2_39_89_25_2020-02-02 18:47:24.553518,0002,CA-315,2-39-89-25,America/Los_Angeles,,,,,,,,,,,,,,,,,,,,,,,,,,,,,,,,,,,,,,,,,,,,,,,,,,,,,,,,,,,,,,,,,,,,,,,,,,,,,,,,,,
5e4c8f9cf9af8b37e97c7f5d,0039,"Sun, 02 Feb 2020 19:17:43 GMT","Sun, 02 Feb 2020 21:25:36 GMT","Sun, 02 Feb 2020 21:01:41 GMT",5.162,2_39_127_19_2020-02-02 19:17:42.763107,0002,CA-309,2-39-127-19,America/Los_Angeles,000004622,300,6,20,129,"Sun, 02 Feb 2020 19:18:00 GMT",true,"Sun, 02 Feb 2020 21:26:43 GMT",4622,,300,6,20,129,"Sun, 02 Feb 2020 21:23:54 GMT",true,"Sun, 02 Feb 2020 21:26:43 GMT",4622,,,,,,,,,,,,,,,,,,,,,,,,,,,,,,,,,,,,,,,,,,,,,,,,,,,,,,,,,,,,,,,,
5e4c8f9cf9af8b37e97c7f5e,0039,"Sun, 02 Feb 2020 20:04:54 GMT","Sun, 02 Feb 2020 23:04:24 GMT","Sun, 02 Feb 2020 21:25:01 GMT",7.759,2_39_139_28_2020-02-02 20:04:53.837784,0002,CA-303,2-39-139-28,America/Los_Angeles,000002290,425,12.75,30,446,"Sun, 02 Feb 2020 20:06:37 GMT",true,"Mon, 03 Feb 2020 03:30:54 GMT",2290,,,,,,,,,,,,,,,,,,,,,,,,,,,,,,,,,,,,,,,,,,,,,,,,,,,,,,,,,,,,,,,,,,,,,,,,,
5e4c8f9cf9af8b37e97c7f5f,0039,"Sun, 02 Feb 2020 20:27:26 GMT","Sun, 02 Feb 2020 21:47:30 GMT","Sun, 02 Feb 2020 21:08:52 GMT",3.144,2_39_138_29_2020-02-02 20:27:26.252406,0002,CA-304,2-39-138-29,America/Los_Angeles,000000798,400,8,20,78,"Sun, 02 Feb 2020 20:30:35 GMT",true,"Sun, 02 Feb 2020 21:45:26 GMT",798,,,,,,,,,,,,,,,,,,,,,,,,,,,,,,,,,,,,,,,,,,,,,,,,,,,,,,,,,,,,,,,,,,,,,,,,,
5e4c8f9cf9af8b37e97c7f60,0039,"Sun, 02 Feb 2020 22:51:37 GMT","Sun, 02 Feb 2020 23:41:08 GMT","Sun, 02 Feb 2020 23:41:03 GMT",5.244,2_39_79_382_2020-02-02 22:51:36.597889,0002,CA-491,2-39-79-382,America/Los_Angeles,000004701,300,12,40,157,"Sun, 02 Feb 2020 22:51:58 GMT",true,"Mon, 03 Feb 2020 01:28:37 GMT",4701,,,,,,,,,,,,,,,,,,,,,,,,,,,,,,,,,,,,,,,,,,,,,,,,,,,,,,,,,,,,,,,,,,,,,,,,,
5e4de120f9af8b5cdfd6b149,0039,"Mon, 03 Feb 2020 14:54:21 GMT","Tue, 04 Feb 2020 01:03:54 GMT",,12.521,2_39_79_383_2020-02-03 14:54:20.566186,0002,CA-492,2-39-79-383,America/Los_Angeles,000004913,400,20,50,720,"Mon, 03 Feb 2020 14:54:41 GMT",true,"Tue, 04 Feb 2020 02:54:21 GMT",4913,,,,,,,,,,,,,,,,,,,,,,,,,,,,,,,,,,,,,,,,,,,,,,,,,,,,,,,,,,,,,,,,,,,,,,,,,
5e4de120f9af8b5cdfd6b14a,0039,"Mon, 03 Feb 2020 15:56:24 GMT","Mon, 03 Feb 2020 16:25:46 GMT",,0.771,2_39_79_380_2020-02-03 15:56:23.744703,0002,CA-489,2-39-79-380,America/Los_Angeles,,,,,,,,,,,,,,,,,,,,,,,,,,,,,,,,,,,,,,,,,,,,,,,,,,,,,,,,,,,,,,,,,,,,,,,,,,,,,,,,,,
5e4de120f9af8b5cdfd6b14b,0039,"Mon, 03 Feb 2020 16:05:35 GMT","Mon, 03 Feb 2020 18:37:14 GMT",,7.17,2_39_79_382_2020-02-03 16:05:34.755168,0002,CA-491,2-39-79-382,America/Los_Angeles,000004701,300,12,40,222,"Mon, 03 Feb 2020 16:05:40 GMT",true,"Mon, 03 Feb 2020 19:47:35 GMT",4701,,,,,,,,,,,,,,,,,,,,,,,,,,,,,,,,,,,,,,,,,,,,,,,,,,,,,,,,,,,,,,,,,,,,,,,,,
5e4de120f9af8b5cdfd6b14c,0039,"Mon, 03 Feb 2020 16:13:53 GMT","Tue, 04 Feb 2020 00:40:46 GMT",,33.393,2_39_78_366_2020-02-03 16:13:52.705341,0002,CA-323,2-39-78-366,America/Los_Angeles,000003853,360,36,100,61,"Mon, 03 Feb 2020 16:14:05 GMT",true,"Mon, 03 Feb 2020 17:14:53 GMT",3853,,,,,,,,,,,,,,,,,,,,,,,,,,,,,,,,,,,,,,,,,,,,,,,,,,,,,,,,,,,,,,,,,,,,,,,,,
5e4de120f9af8b5cdfd6b14d,0039,"Mon, 03 Feb 2020 16:15:33 GMT","Tue, 04 Feb 2020 01:41:30 GMT",,0.972,2_39_131_30_2020-02-03 16:15:33.016682,0002,CA-305,2-39-131-30,America/Los_Angeles,,,,,,,,,,,,,,,,,,,,,,,,,,,,,,,,,,,,,,,,,,,,,,,,,,,,,,,,,,,,,,,,,,,,,,,,,,,,,,,,,,
5e4de120f9af8b5cdfd6b14e,0039,"Mon, 03 Feb 2020 16:21:38 GMT","Mon, 03 Feb 2020 20:42:39 GMT",,0.884,2_39_130_31_2020-02-03 16:21:38.406427,0002,CA-306,2-39-130-31,America/Los_Angeles,,,,,,,,,,,,,,,,,,,,,,,,,,,,,,,,,,,,,,,,,,,,,,,,,,,,,,,,,,,,,,,,,,,,,,,,,,,,,,,,,,
5e4de120f9af8b5cdfd6b14f,0039,"Mon, 03 Feb 2020 16:28:05 GMT","Mon, 03 Feb 2020 20:32:59 GMT",,4.799,2_39_139_28_2020-02-03 16:28:04.625879,0002,CA-303,2-39-139-28,America/Los_Angeles,000000562,325,6.5,20,186,"Mon, 03 Feb 2020 16:28:19 GMT",true,"Mon, 03 Feb 2020 19:34:05 GMT",562,,325,6.5,20,186,"Mon, 03 Feb 2020 20:32:48 GMT",true,"Mon, 03 Feb 2020 19:34:05 GMT",562,,,,,,,,,,,,,,,,,,,,,,,,,,,,,,,,,,,,,,,,,,,,,,,,,,,,,,,,,,,,,,,,
5e4de120f9af8b5cdfd6b150,0039,"Mon, 03 Feb 2020 16:31:27 GMT","Mon, 03 Feb 2020 20:10:17 GMT",,4.436,2_39_138_29_2020-02-03 16:31:15.196462,0002,CA-304,2-39-138-29,America/Los_Angeles,000000347,600,12,20,60,"Mon, 03 Feb 2020 16:31:27 GMT",true,"Mon, 03 Feb 2020 17:31:27 GMT",347,,600,12,20,77,"Mon, 03 Feb 2020 16:48:53 GMT",true,"Mon, 03 Feb 2020 17:48:27 GMT",347,600,12,20,77,"Mon, 03 Feb 2020 20:10:05 GMT",true,"Mon, 03 Feb 2020 17:48:27 GMT",347,,,,,,,,,,,,,,,,,,,,,,,,,,,,,,,,,,,,,,,,,,,,,,,,,,,,,,,,
5e4de120f9af8b5cdfd6b151,0039,"Mon, 03 Feb 2020 16:34:33 GMT","Tue, 04 Feb 2020 02:18:02 GMT",,2.816,2_39_79_380_2020-02-03 16:34:33.309258,0002,CA-489,2-39-79-380,America/Los_Angeles,000000634,300,3,10,454,"Mon, 03 Feb 2020 16:35:26 GMT",true,"Tue, 04 Feb 2020 00:08:33 GMT",634,,300,3,10,455,"Mon, 03 Feb 2020 20:27:25 GMT",true,"Tue, 04 Feb 2020 00:09:33 GMT",634,,,,,,,,,,,,,,,,,,,,,,,,,,,,,,,,,,,,,,,,,,,,,,,,,,,,,,,,,,,,,,,,
5e4de120f9af8b5cdfd6b152,0039,"Mon, 03 Feb 2020 16:40:37 GMT","Tue, 04 Feb 2020 01:29:40 GMT",,6.219,2_39_79_376_2020-02-03 16:40:37.485756,0002,CA-324,2-39-79-376,America/Los_Angeles,000005368,400,8,20,73,"Mon, 03 Feb 2020 16:44:31 GMT",true,"Mon, 03 Feb 2020 17:53:37 GMT",5368,,,,,,,,,,,,,,,,,,,,,,,,,,,,,,,,,,,,,,,,,,,,,,,,,,,,,,,,,,,,,,,,,,,,,,,,,
5e4de120f9af8b5cdfd6b153,0039,"Mon, 03 Feb 2020 16:42:39 GMT","Mon, 03 Feb 2020 23:26:28 GMT",,18.799,2_39_79_379_2020-02-03 16:42:38.923217,0002,CA-327,2-39-79-379,America/Los_Angeles,000001137,400,40,100,392,"Mon, 03 Feb 2020 16:47:29 GMT",true,"Mon, 03 Feb 2020 23:14:39 GMT",1137,,400,40,100,392,"Mon, 03 Feb 2020 23:26:18 GMT",true,"Mon, 03 Feb 2020 23:14:39 GMT",1137,,,,,,,,,,,,,,,,,,,,,,,,,,,,,,,,,,,,,,,,,,,,,,,,,,,,,,,,,,,,,,,,
5e4de120f9af8b5cdfd6b154,0039,"Mon, 03 Feb 2020 16:43:18 GMT","Tue, 04 Feb 2020 02:22:08 GMT",,13.745,2_39_78_364_2020-02-03 16:43:17.677441,0002,CA-495,2-39-78-364,America/Los_Angeles,000000069,400,40,100,363,"Mon, 03 Feb 2020 16:43:30 GMT",true,"Mon, 03 Feb 2020 22:46:18 GMT",69,,,,,,,,,,,,,,,,,,,,,,,,,,,,,,,,,,,,,,,,,,,,,,,,,,,,,,,,,,,,,,,,,,,,,,,,,
5e4de120f9af8b5cdfd6b155,0039,"Mon, 03 Feb 2020 16:46:18 GMT","Tue, 04 Feb 2020 01:09:48 GMT",,2.611,2_39_129_17_2020-02-03 16:46:18.066782,0002,CA-307,2-39-129-17,America/Los_Angeles,000001366,400,8,20,60,"Mon, 03 Feb 2020 16:46:22 GMT",true,"Mon, 03 Feb 2020 17:46:18 GMT",1366,,,,,,,,,,,,,,,,,,,,,,,,,,,,,,,,,,,,,,,,,,,,,,,,,,,,,,,,,,,,,,,,,,,,,,,,,
5e4de120f9af8b5cdfd6b156,0039,"Mon, 03 Feb 2020 16:56:19 GMT","Tue, 04 Feb 2020 00:20:54 GMT",,0.807,2_39_91_441_2020-02-03 16:56:19.143789,0002,CA-499,2-39-91-441,America/Los_Angeles,,,,,,,,,,,,,,,,,,,,,,,,,,,,,,,,,,,,,,,,,,,,,,,,,,,,,,,,,,,,,,,,,,,,,,,,,,,,,,,,,,
5e4de120f9af8b5cdfd6b157,0039,"Mon, 03 Feb 2020 17:20:07 GMT","Mon, 03 Feb 2020 21:30:23 GMT",,0.991,2_39_78_365_2020-02-03 17:20:06.874542,0002,CA-321,2-39-78-365,America/Los_Angeles,,,,,,,,,,,,,,,,,,,,,,,,,,,,,,,,,,,,,,,,,,,,,,,,,,,,,,,,,,,,,,,,,,,,,,,,,,,,,,,,,,
5e4de120f9af8b5cdfd6b158,0039,"Mon, 03 Feb 2020 17:26:01 GMT","Tue, 04 Feb 2020 01:40:30 GMT",,4.446,2_39_89_25_2020-02-03 17:26:00.976368,0002,CA-315,2-39-89-25,America/Los_Angeles,000000743,400,8,20,436,"Mon, 03 Feb 2020 17:26:14 GMT",true,"Tue, 04 Feb 2020 00:42:01 GMT",743,,,,,,,,,,,,,,,,,,,,,,,,,,,,,,,,,,,,,,,,,,,,,,,,,,,,,,,,,,,,,,,,,,,,,,,,,
5e4de120f9af8b5cdfd6b159,0039,"Mon, 03 Feb 2020 17:26:28 GMT","Tue, 04 Feb 2020 00:08:33 GMT",,6.188,2_39_88_438_2020-02-03 17:26:27.951379,0002,CA-502,2-39-88-438,America/Los_Angeles,000001912,400,20,50,384,"Mon, 03 Feb 2020 17:26:31 GMT",true,"Mon, 03 Feb 2020 23:50:28 GMT",1912,,,,,,,,,,,,,,,,,,,,,,,,,,,,,,,,,,,,,,,,,,,,,,,,,,,,,,,,,,,,,,,,,,,,,,,,,
5e4de120f9af8b5cdfd6b15a,0039,"Mon, 03 Feb 2020 17:27:04 GMT","Tue, 04 Feb 2020 00:31:41 GMT",,22.623,2_39_92_442_2020-02-03 17:27:04.074390,0002,CA-498,2-39-92-442,America/Los_Angeles,000001470,292,23.36,80,245,"Mon, 03 Feb 2020 17:27:21 GMT",true,"Mon, 03 Feb 2020 21:32:04 GMT",1470,,,,,,,,,,,,,,,,,,,,,,,,,,,,,,,,,,,,,,,,,,,,,,,,,,,,,,,,,,,,,,,,,,,,,,,,,
5e4de120f9af8b5cdfd6b15b,0039,"Mon, 03 Feb 2020 17:28:43 GMT","Tue, 04 Feb 2020 02:46:57 GMT",,7.439,2_39_78_363_2020-02-03 17:28:42.809230,0002,CA-320,2-39-78-363,America/Los_Angeles,000000714,400,32,80,445,"Mon, 03 Feb 2020 17:28:52 GMT",true,"Tue, 04 Feb 2020 00:53:43 GMT",714,,,,,,,,,,,,,,,,,,,,,,,,,,,,,,,,,,,,,,,,,,,,,,,,,,,,,,,,,,,,,,,,,,,,,,,,,
5e4de120f9af8b5cdfd6b15c,0039,"Mon, 03 Feb 2020 17:32:34 GMT","Tue, 04 Feb 2020 01:38:11 GMT",,1.516,2_39_90_26_2020-02-03 17:32:33.861453,0002,CA-316,2-39-90-26,America/Los_Angeles,000000324,444,8.88,20,45,"Mon, 03 Feb 2020 17:32:42 GMT",true,"Mon, 03 Feb 2020 18:17:34 GMT",324,,,,,,,,,,,,,,,,,,,,,,,,,,,,,,,,,,,,,,,,,,,,,,,,,,,,,,,,,,,,,,,,,,,,,,,,,
5e4de120f9af8b5cdfd6b15d,0039,"Mon, 03 Feb 2020 17:33:19 GMT","Mon, 03 Feb 2020 23:20:18 GMT",,3.342,2_39_91_437_2020-02-03 17:33:05.990161,0002,CA-317,2-39-91-437,America/Los_Angeles,000002461,400,8,20,273,"Mon, 03 Feb 2020 17:33:18 GMT",true,"Mon, 03 Feb 2020 22:06:19 GMT",2461,,,,,,,,,,,,,,,,,,,,,,,,,,,,,,,,,,,,,,,,,,,,,,,,,,,,,,,,,,,,,,,,,,,,,,,,,
5e4de120f9af8b5cdfd6b15e,0039,"Mon, 03 Feb 2020 18:06:09 GMT","Tue, 04 Feb 2020 01:15:17 GMT",,23.085,2_39_79_377_2020-02-03 18:06:08.829678,0002,CA-325,2-39-79-377,America/Los_Angeles,000001104,250,37.5,150,436,"Mon, 03 Feb 2020 18:06:20 GMT",true,"Tue, 04 Feb 2020 01:22:09 GMT",1104,,,,,,,,,,,,,,,,,,,,,,,,,,,,,,,,,,,,,,,,,,,,,,,,,,,,,,,,,,,,,,,,,,,,,,,,,
5e4de120f9af8b5cdfd6b15f,0039,"Mon, 03 Feb 2020 18:14:51 GMT","Tue, 04 Feb 2020 03:56:30 GMT",,11.816,2_39_92_436_2020-02-03 18:14:50.920326,0002,CA-318,2-39-92-436,America/Los_Angeles,000001095,400,12,30,444,"Mon, 03 Feb 2020 18:14:57 GMT",true,"Tue, 04 Feb 2020 01:38:51 GMT",1095,,,,,,,,,,,,,,,,,,,,,,,,,,,,,,,,,,,,,,,,,,,,,,,,,,,,,,,,,,,,,,,,,,,,,,,,,
5e4de120f9af8b5cdfd6b160,0039,"Mon, 03 Feb 2020 18:21:02 GMT","Tue, 04 Feb 2020 03:15:23 GMT",,13.444,2_39_78_367_2020-02-03 18:21:01.978751,0002,CA-494,2-39-78-367,America/Los_Angeles,000000558,400,28,70,60,"Mon, 03 Feb 2020 18:21:04 GMT",true,"Mon, 03 Feb 2020 19:21:02 GMT",558,,,,,,,,,,,,,,,,,,,,,,,,,,,,,,,,,,,,,,,,,,,,,,,,,,,,,,,,,,,,,,,,,,,,,,,,,
5e4de120f9af8b5cdfd6b161,0039,"Mon, 03 Feb 2020 18:31:46 GMT","Tue, 04 Feb 2020 01:49:23 GMT",,4.147,2_39_125_21_2020-02-03 18:31:46.152102,0002,CA-311,2-39-125-21,America/Los_Angeles,000000668,425,4.25,10,61,"Mon, 03 Feb 2020 18:32:01 GMT",true,"Mon, 03 Feb 2020 19:32:46 GMT",668,,,,,,,,,,,,,,,,,,,,,,,,,,,,,,,,,,,,,,,,,,,,,,,,,,,,,,,,,,,,,,,,,,,,,,,,,
5e4de120f9af8b5cdfd6b162,0039,"Mon, 03 Feb 2020 18:42:37 GMT","Tue, 04 Feb 2020 01:54:37 GMT",,31.745,2_39_78_362_2020-02-03 18:42:37.060645,0002,CA-496,2-39-78-362,America/Los_Angeles,000002961,400,40,100,60,"Mon, 03 Feb 2020 18:42:46 GMT",true,"Mon, 03 Feb 2020 19:42:37 GMT",2961,,,,,,,,,,,,,,,,,,,,,,,,,,,,,,,,,,,,,,,,,,,,,,,,,,,,,,,,,,,,,,,,,,,,,,,,,
5e4de120f9af8b5cdfd6b163,0039,"Mon, 03 Feb 2020 19:07:05 GMT","Mon, 03 Feb 2020 21:31:44 GMT",,0.862,2_39_79_382_2020-02-03 19:07:04.517113,0002,CA-491,2-39-79-382,America/Los_Angeles,,,,,,,,,,,,,,,,,,,,,,,,,,,,,,,,,,,,,,,,,,,,,,,,,,,,,,,,,,,,,,,,,,,,,,,,,,,,,,,,,,
5e4de120f9af8b5cdfd6b164,0039,"Mon, 03 Feb 2020 19:30:30 GMT","Tue, 04 Feb 2020 00:48:00 GMT",,0.855,2_39_90_440_2020-02-03 19:30:30.298697,0002,CA-500,2-39-90-440,America/Los_Angeles,,,,,,,,,,,,,,,,,,,,,,,,,,,,,,,,,,,,,,,,,,,,,,,,,,,,,,,,,,,,,,,,,,,,,,,,,,,,,,,,,,
5e4de120f9af8b5cdfd6b165,0039,"Mon, 03 Feb 2020 20:01:24 GMT","Tue, 04 Feb 2020 00:41:39 GMT",,14.405,2_39_123_23_2020-02-03 20:01:24.126650,0002,CA-313,2-39-123-23,America/Los_Angeles,000001534,250,15,60,404,"Mon, 03 Feb 2020 20:02:30 GMT",true,"Tue, 04 Feb 2020 02:45:24 GMT",1534,,,,,,,,,,,,,,,,,,,,,,,,,,,,,,,,,,,,,,,,,,,,,,,,,,,,,,,,,,,,,,,,,,,,,,,,,
5e4de120f9af8b5cdfd6b166,0039,"Mon, 03 Feb 2020 20:31:17 GMT","Tue, 04 Feb 2020 01:51:52 GMT",,34.375,2_39_127_19_2020-02-03 20:31:17.175152,0002,CA-309,2-39-127-19,America/Los_Angeles,000000710,400,64,160,273,"Mon, 03 Feb 2020 20:33:45 GMT",true,"Tue, 04 Feb 2020 01:04:17 GMT",710,,,,,,,,,,,,,,,,,,,,,,,,,,,,,,,,,,,,,,,,,,,,,,,,,,,,,,,,,,,,,,,,,,,,,,,,,
5e4de120f9af8b5cdfd6b167,0039,"Mon, 03 Feb 2020 20:46:13 GMT","Mon, 03 Feb 2020 22:19:45 GMT",,0.885,2_39_138_29_2020-02-03 20:46:13.360130,0002,CA-304,2-39-138-29,America/Los_Angeles,,,,,,,,,,,,,,,,,,,,,,,,,,,,,,,,,,,,,,,,,,,,,,,,,,,,,,,,,,,,,,,,,,,,,,,,,,,,,,,,,,
5e4de120f9af8b5cdfd6b168,0039,"Mon, 03 Feb 2020 20:49:49 GMT","Tue, 04 Feb 2020 01:15:00 GMT",,0.867,2_39_79_378_2020-02-03 20:49:49.455501,0002,CA-326,2-39-79-378,America/Los_Angeles,,,,,,,,,,,,,,,,,,,,,,,,,,,,,,,,,,,,,,,,,,,,,,,,,,,,,,,,,,,,,,,,,,,,,,,,,,,,,,,,,,
5e4de120f9af8b5cdfd6b169,0039,"Mon, 03 Feb 2020 21:08:20 GMT","Tue, 04 Feb 2020 01:07:08 GMT",,1.035,2_39_88_24_2020-02-03 21:08:19.596044,0002,CA-314,2-39-88-24,America/Los_Angeles,,,,,,,,,,,,,,,,,,,,,,,,,,,,,,,,,,,,,,,,,,,,,,,,,,,,,,,,,,,,,,,,,,,,,,,,,,,,,,,,,,
5e4de120f9af8b5cdfd6b16a,0039,"Mon, 03 Feb 2020 21:19:11 GMT","Mon, 03 Feb 2020 22:41:44 GMT",,4.434,2_39_126_20_2020-02-03 21:18:51.073678,0002,CA-310,2-39-126-20,America/Los_Angeles,000001236,400,8,20,60,"Mon, 03 Feb 2020 21:19:11 GMT",true,"Mon, 03 Feb 2020 22:19:11 GMT",1236,,400,8,20,60,"Mon, 03 Feb 2020 21:20:34 GMT",true,"Mon, 03 Feb 2020 22:19:11 GMT",1236,400,8,20,67,"Mon, 03 Feb 2020 21:26:49 GMT",true,"Mon, 03 Feb 2020 22:26:11 GMT",1236,400,8,20,67,"Mon, 03 Feb 2020 21:28:12 GMT",true,"Mon, 03 Feb 2020 22:26:11 GMT",1236,400,8,20,67,"Mon, 03 Feb 2020 22:41:33 GMT",true,"Mon, 03 Feb 2020 22:26:11 GMT",1236,,,,,,,,,,,,,,,,,,,,,,,,,,,,,,,,,,,,,,,,
5e4de120f9af8b5cdfd6b16b,0039,"Mon, 03 Feb 2020 21:19:25 GMT","Tue, 04 Feb 2020 01:59:12 GMT",,6.605,2_39_124_22_2020-02-03 21:19:25.304669,0002,CA-312,2-39-124-22,America/Los_Angeles,000001124,400,8,20,60,"Mon, 03 Feb 2020 21:20:14 GMT",true,"Mon, 03 Feb 2020 22:19:25 GMT",1124,,,,,,,,,,,,,,,,,,,,,,,,,,,,,,,,,,,,,,,,,,,,,,,,,,,,,,,,,,,,,,,,,,,,,,,,,
5e4de120f9af8b5cdfd6b16c,0039,"Mon, 03 Feb 2020 21:42:49 GMT","Tue, 04 Feb 2020 00:36:17 GMT",,0.841,2_39_129_563_2020-02-03 21:42:49.217436,0002,CA-509,2-39-129-563,America/Los_Angeles,,,,,,,,,,,,,,,,,,,,,,,,,,,,,,,,,,,,,,,,,,,,,,,,,,,,,,,,,,,,,,,,,,,,,,,,,,,,,,,,,,
5e4de120f9af8b5cdfd6b16d,0039,"Tue, 04 Feb 2020 00:57:23 GMT","Tue, 04 Feb 2020 02:08:22 GMT",,7.671,2_39_78_360_2020-02-04 00:57:22.960247,0002,CA-322,2-39-78-360,America/Los_Angeles,000005855,400,8,20,60,"Tue, 04 Feb 2020 00:58:38 GMT",true,"Tue, 04 Feb 2020 01:57:23 GMT",5855,,400,8,20,72,"Tue, 04 Feb 2020 01:11:23 GMT",true,"Tue, 04 Feb 2020 02:09:23 GMT",5855,400,20,50,73,"Tue, 04 Feb 2020 01:11:43 GMT",true,"Tue, 04 Feb 2020 02:10:23 GMT",5855,,,,,,,,,,,,,,,,,,,,,,,,,,,,,,,,,,,,,,,,,,,,,,,,,,,,,,,,
5e4de120f9af8b5cdfd6b16e,0039,"Tue, 04 Feb 2020 01:30:51 GMT","Tue, 04 Feb 2020 03:03:31 GMT",,0.875,2_39_130_31_2020-02-04 01:30:50.824695,0002,CA-306,2-39-130-31,America/Los_Angeles,,,,,,,,,,,,,,,,,,,,,,,,,,,,,,,,,,,,,,,,,,,,,,,,,,,,,,,,,,,,,,,,,,,,,,,,,,,,,,,,,,
5e4de120f9af8b5cdfd6b16f,0039,"Tue, 04 Feb 2020 02:28:14 GMT","Tue, 04 Feb 2020 21:58:10 GMT",,1.491,2_39_79_383_2020-02-04 02:28:14.118367,0002,CA-492,2-39-79-383,America/Los_Angeles,000004913,400,20,50,720,"Tue, 04 Feb 2020 02:28:38 GMT",true,"Tue, 04 Feb 2020 14:28:14 GMT",4913,,,,,,,,,,,,,,,,,,,,,,,,,,,,,,,,,,,,,,,,,,,,,,,,,,,,,,,,,,,,,,,,,,,,,,,,,
5e4de120f9af8b5cdfd6b170,0039,"Tue, 04 Feb 2020 04:04:05 GMT","Thu, 06 Feb 2020 00:33:28 GMT",,15.067,2_39_127_19_2020-02-04 04:03:53.436589,0002,CA-309,2-39-127-19,America/Los_Angeles,000006025,400,24,60,720,"Tue, 04 Feb 2020 04:04:04 GMT",true,"Tue, 04 Feb 2020 16:04:05 GMT",6025,,400,24,60,61,"Tue, 04 Feb 2020 04:06:14 GMT",true,"Tue, 04 Feb 2020 05:05:05 GMT",6025,400,24,60,79,"Tue, 04 Feb 2020 04:57:24 GMT",true,"Tue, 04 Feb 2020 05:23:05 GMT",6025,400,24,60,488,"Tue, 04 Feb 2020 04:57:47 GMT",true,"Tue, 04 Feb 2020 12:12:05 GMT",6025,,,,,,,,,,,,,,,,,,,,,,,,,,,,,,,,,,,,,,,,,,,,,,,,
5e4f32a1f9af8b6104b5569d,0039,"Tue, 04 Feb 2020 16:07:09 GMT","Wed, 05 Feb 2020 00:43:50 GMT",,1.623,2_39_79_380_2020-02-04 16:07:08.969086,0002,CA-489,2-39-79-380,America/Los_Angeles,,,,,,,,,,,,,,,,,,,,,,,,,,,,,,,,,,,,,,,,,,,,,,,,,,,,,,,,,,,,,,,,,,,,,,,,,,,,,,,,,,
5e4f32a1f9af8b6104b5569e,0039,"Tue, 04 Feb 2020 16:12:34 GMT","Tue, 04 Feb 2020 21:15:36 GMT",,5.334,2_39_79_377_2020-02-04 16:12:24.004830,0002,CA-325,2-39-79-377,America/Los_Angeles,000002461,400,8,20,273,"Tue, 04 Feb 2020 16:12:33 GMT",true,"Tue, 04 Feb 2020 20:45:34 GMT",2461,,,,,,,,,,,,,,,,,,,,,,,,,,,,,,,,,,,,,,,,,,,,,,,,,,,,,,,,,,,,,,,,,,,,,,,,,
5e4f32a1f9af8b6104b5569f,0039,"Tue, 04 Feb 2020 16:14:02 GMT","Wed, 05 Feb 2020 01:35:12 GMT",,15.547,2_39_131_30_2020-02-04 16:14:01.814195,0002,CA-305,2-39-131-30,America/Los_Angeles,000004947,380,19,50,499,"Tue, 04 Feb 2020 16:14:06 GMT",true,"Wed, 05 Feb 2020 00:33:02 GMT",4947,,,,,,,,,,,,,,,,,,,,,,,,,,,,,,,,,,,,,,,,,,,,,,,,,,,,,,,,,,,,,,,,,,,,,,,,,
5e4f32a1f9af8b6104b556a0,0039,"Tue, 04 Feb 2020 16:14:05 GMT","Wed, 05 Feb 2020 00:38:33 GMT",,4.387,2_39_139_28_2020-02-04 16:14:04.640671,0002,CA-303,2-39-139-28,America/Los_Angeles,000001564,300,12,40,130,"Tue, 04 Feb 2020 16:14:14 GMT",true,"Tue, 04 Feb 2020 18:24:05 GMT",1564,,,,,,,,,,,,,,,,,,,,,,,,,,,,,,,,,,,,,,,,,,,,,,,,,,,,,,,,,,,,,,,,,,,,,,,,,
5e4f32a1f9af8b6104b556a1,0039,"Tue, 04 Feb 2020 16:21:56 GMT","Wed, 05 Feb 2020 01:36:39 GMT",,0.875,2_39_78_366_2020-02-04 16:21:55.971697,0002,CA-323,2-39-78-366,America/Los_Angeles,,,,,,,,,,,,,,,,,,,,,,,,,,,,,,,,,,,,,,,,,,,,,,,,,,,,,,,,,,,,,,,,,,,,,,,,,,,,,,,,,,
5e4f32a1f9af8b6104b556a2,0039,"Tue, 04 Feb 2020 16:35:43 GMT","Tue, 04 Feb 2020 16:44:38 GMT",,0.743,2_39_78_361_2020-02-04 16:35:43.273212,0002,CA-493,2-39-78-361,America/Los_Angeles,000001470,292,23.36,80,245,"Tue, 04 Feb 2020 16:35:51 GMT",true,"Tue, 04 Feb 2020 20:40:43 GMT",1470,,,,,,,,,,,,,,,,,,,,,,,,,,,,,,,,,,,,,,,,,,,,,,,,,,,,,,,,,,,,,,,,,,,,,,,,,
5e4f32a1f9af8b6104b556a3,0039,"Tue, 04 Feb 2020 16:38:45 GMT","Tue, 04 Feb 2020 20:31:27 GMT",,0.956,2_39_138_29_2020-02-04 16:38:44.949511,0002,CA-304,2-39-138-29,America/Los_Angeles,000001366,400,8,20,60,"Tue, 04 Feb 2020 16:39:02 GMT",true,"Tue, 04 Feb 2020 17:38:45 GMT",1366,,,,,,,,,,,,,,,,,,,,,,,,,,,,,,,,,,,,,,,,,,,,,,,,,,,,,,,,,,,,,,,,,,,,,,,,,
5e4f32a1f9af8b6104b556a4,0039,"Tue, 04 Feb 2020 16:47:12 GMT","Tue, 04 Feb 2020 17:29:50 GMT",,0.82,2_39_125_21_2020-02-04 16:47:12.385753,0002,CA-311,2-39-125-21,America/Los_Angeles,,,,,,,,,,,,,,,,,,,,,,,,,,,,,,,,,,,,,,,,,,,,,,,,,,,,,,,,,,,,,,,,,,,,,,,,,,,,,,,,,,
5e4f32a1f9af8b6104b556a5,0039,"Tue, 04 Feb 2020 16:50:30 GMT","Wed, 05 Feb 2020 00:30:00 GMT",,11.407,2_39_78_365_2020-02-04 16:50:29.663772,0002,CA-321,2-39-78-365,America/Los_Angeles,000001137,400,20,50,463,"Tue, 04 Feb 2020 16:51:11 GMT",true,"Wed, 05 Feb 2020 00:33:30 GMT",1137,,,,,,,,,,,,,,,,,,,,,,,,,,,,,,,,,,,,,,,,,,,,,,,,,,,,,,,,,,,,,,,,,,,,,,,,,
5e4f32a1f9af8b6104b556a6,0039,"Tue, 04 Feb 2020 16:56:47 GMT","Wed, 05 Feb 2020 02:15:35 GMT",,14.335,2_39_92_442_2020-02-04 16:56:47.333012,0002,CA-498,2-39-92-442,America/Los_Angeles,000000564,231,18.48,80,550,"Tue, 04 Feb 2020 16:57:04 GMT",true,"Wed, 05 Feb 2020 02:06:47 GMT",564,,,,,,,,,,,,,,,,,,,,,,,,,,,,,,,,,,,,,,,,,,,,,,,,,,,,,,,,,,,,,,,,,,,,,,,,,
5e4f32a1f9af8b6104b556a7,0039,"Tue, 04 Feb 2020 16:57:07 GMT","Wed, 05 Feb 2020 03:00:49 GMT",,5.442,2_39_88_438_2020-02-04 16:57:06.742688,0002,CA-502,2-39-88-438,America/Los_Angeles,000001534,250,7.5,30,404,"Tue, 04 Feb 2020 17:00:06 GMT",true,"Tue, 04 Feb 2020 23:41:07 GMT",1534,,,,,,,,,,,,,,,,,,,,,,,,,,,,,,,,,,,,,,,,,,,,,,,,,,,,,,,,,,,,,,,,,,,,,,,,,
5e4f32a1f9af8b6104b556a8,0039,"Tue, 04 Feb 2020 17:01:58 GMT","Tue, 04 Feb 2020 19:33:42 GMT",,14.128,2_39_78_361_2020-02-04 17:01:58.386322,0002,CA-493,2-39-78-361,America/Los_Angeles,000001470,292,23.36,80,245,"Tue, 04 Feb 2020 17:14:21 GMT",true,"Tue, 04 Feb 2020 21:06:58 GMT",1470,,,,,,,,,,,,,,,,,,,,,,,,,,,,,,,,,,,,,,,,,,,,,,,,,,,,,,,,,,,,,,,,,,,,,,,,,
5e4f32a1f9af8b6104b556a9,0039,"Tue, 04 Feb 2020 17:02:10 GMT","Wed, 05 Feb 2020 04:51:58 GMT",,5.598,2_39_89_439_2020-02-04 17:02:10.360595,0002,CA-501,2-39-89-439,America/Los_Angeles,000001222,400,8,20,72,"Tue, 04 Feb 2020 17:02:24 GMT",true,"Tue, 04 Feb 2020 18:14:10 GMT",1222,,,,,,,,,,,,,,,,,,,,,,,,,,,,,,,,,,,,,,,,,,,,,,,,,,,,,,,,,,,,,,,,,,,,,,,,,
5e4f32a1f9af8b6104b556aa,0039,"Tue, 04 Feb 2020 17:03:56 GMT","Wed, 05 Feb 2020 05:58:48 GMT",,13.454,2_39_79_376_2020-02-04 17:03:55.617931,0002,CA-324,2-39-79-376,America/Los_Angeles,000001274,400,16,40,205,"Tue, 04 Feb 2020 17:04:28 GMT",true,"Tue, 04 Feb 2020 20:28:56 GMT",1274,,,,,,,,,,,,,,,,,,,,,,,,,,,,,,,,,,,,,,,,,,,,,,,,,,,,,,,,,,,,,,,,,,,,,,,,,
5e4f32a1f9af8b6104b556ab,0039,"Tue, 04 Feb 2020 17:04:41 GMT","Wed, 05 Feb 2020 01:52:32 GMT",,23.481,2_39_91_437_2020-02-04 17:04:41.127926,0002,CA-317,2-39-91-437,America/Los_Angeles,000000431,300,27,90,219,"Tue, 04 Feb 2020 17:05:00 GMT",true,"Tue, 04 Feb 2020 20:43:41 GMT",431,,,,,,,,,,,,,,,,,,,,,,,,,,,,,,,,,,,,,,,,,,,,,,,,,,,,,,,,,,,,,,,,,,,,,,,,,
5e4f32a1f9af8b6104b556ac,0039,"Tue, 04 Feb 2020 17:07:57 GMT","Wed, 05 Feb 2020 01:52:27 GMT",,5.242,2_39_123_23_2020-02-04 17:07:56.565553,0002,CA-313,2-39-123-23,America/Los_Angeles,000000712,400,16,40,306,"Tue, 04 Feb 2020 17:08:05 GMT",true,"Tue, 04 Feb 2020 22:13:57 GMT",712,,,,,,,,,,,,,,,,,,,,,,,,,,,,,,,,,,,,,,,,,,,,,,,,,,,,,,,,,,,,,,,,,,,,,,,,,
5e4f32a1f9af8b6104b556ad,0039,"Tue, 04 Feb 2020 17:08:16 GMT","Tue, 04 Feb 2020 20:06:00 GMT",,4.997,2_39_89_25_2020-02-04 17:08:16.383960,0002,CA-315,2-39-89-25,America/Los_Angeles,000000562,325,6.5,20,186,"Tue, 04 Feb 2020 17:08:24 GMT",true,"Tue, 04 Feb 2020 20:14:16 GMT",562,,,,,,,,,,,,,,,,,,,,,,,,,,,,,,,,,,,,,,,,,,,,,,,,,,,,,,,,,,,,,,,,,,,,,,,,,
5e4f32a1f9af8b6104b556ae,0039,"Tue, 04 Feb 2020 17:17:50 GMT","Tue, 04 Feb 2020 21:36:33 GMT",,4.672,2_39_90_440_2020-02-04 17:17:50.255269,0002,CA-500,2-39-90-440,America/Los_Angeles,000000743,400,8,20,319,"Tue, 04 Feb 2020 17:18:06 GMT",true,"Tue, 04 Feb 2020 22:36:50 GMT",743,,,,,,,,,,,,,,,,,,,,,,,,,,,,,,,,,,,,,,,,,,,,,,,,,,,,,,,,,,,,,,,,,,,,,,,,,
5e4f32a1f9af8b6104b556af,0039,"Tue, 04 Feb 2020 17:24:49 GMT","Wed, 05 Feb 2020 00:04:40 GMT",,13.234,2_39_124_22_2020-02-04 17:24:46.704913,0002,CA-312,2-39-124-22,America/Los_Angeles,000001912,400,20,50,384,"Tue, 04 Feb 2020 17:24:48 GMT",true,"Tue, 04 Feb 2020 23:48:49 GMT",1912,,,,,,,,,,,,,,,,,,,,,,,,,,,,,,,,,,,,,,,,,,,,,,,,,,,,,,,,,,,,,,,,,,,,,,,,,
5e4f32a1f9af8b6104b556b0,0039,"Tue, 04 Feb 2020 17:36:50 GMT","Wed, 05 Feb 2020 01:52:37 GMT",,7.784,2_39_78_363_2020-02-04 17:36:49.795661,0002,CA-320,2-39-78-363,America/Los_Angeles,000000714,400,32,80,445,"Tue, 04 Feb 2020 17:37:06 GMT",true,"Wed, 05 Feb 2020 01:01:50 GMT",714,,,,,,,,,,,,,,,,,,,,,,,,,,,,,,,,,,,,,,,,,,,,,,,,,,,,,,,,,,,,,,,,,,,,,,,,,
5e4f32a1f9af8b6104b556b1,0039,"Tue, 04 Feb 2020 17:48:59 GMT","Tue, 04 Feb 2020 20:06:19 GMT",,0.669,2_39_88_24_2020-02-04 17:48:59.071565,0002,CA-314,2-39-88-24,America/Los_Angeles,,,,,,,,,,,,,,,,,,,,,,,,,,,,,,,,,,,,,,,,,,,,,,,,,,,,,,,,,,,,,,,,,,,,,,,,,,,,,,,,,,
5e4f32a1f9af8b6104b556b2,0039,"Tue, 04 Feb 2020 17:59:13 GMT","Wed, 05 Feb 2020 03:08:29 GMT",,11.289,2_39_92_436_2020-02-04 17:59:13.043881,0002,CA-318,2-39-92-436,America/Los_Angeles,000000558,400,28,70,60,"Tue, 04 Feb 2020 17:59:16 GMT",true,"Tue, 04 Feb 2020 18:59:13 GMT",558,,,,,,,,,,,,,,,,,,,,,,,,,,,,,,,,,,,,,,,,,,,,,,,,,,,,,,,,,,,,,,,,,,,,,,,,,
5e4f32a1f9af8b6104b556b3,0039,"Tue, 04 Feb 2020 18:23:21 GMT","Wed, 05 Feb 2020 01:27:48 GMT",,12.951,2_39_78_367_2020-02-04 18:23:21.433475,0002,CA-494,2-39-78-367,America/Los_Angeles,000001095,400,12,30,444,"Tue, 04 Feb 2020 18:24:05 GMT",true,"Wed, 05 Feb 2020 01:47:21 GMT",1095,,400,16,40,444,"Tue, 04 Feb 2020 18:24:09 GMT",true,"Wed, 05 Feb 2020 01:47:21 GMT",1095,400,16,40,444,"Tue, 04 Feb 2020 18:24:24 GMT",true,"Wed, 05 Feb 2020 01:47:21 GMT",1095,,,,,,,,,,,,,,,,,,,,,,,,,,,,,,,,,,,,,,,,,,,,,,,,,,,,,,,,
5e4f32a1f9af8b6104b556b4,0039,"Tue, 04 Feb 2020 18:31:15 GMT","Tue, 04 Feb 2020 20:02:21 GMT",,0.892,2_39_95_27_2020-02-04 18:31:14.822978,0002,CA-319,2-39-95-27,America/Los_Angeles,,,,,,,,,,,,,,,,,,,,,,,,,,,,,,,,,,,,,,,,,,,,,,,,,,,,,,,,,,,,,,,,,,,,,,,,,,,,,,,,,,
5e4f32a1f9af8b6104b556b5,0039,"Tue, 04 Feb 2020 18:41:39 GMT","Wed, 05 Feb 2020 01:15:12 GMT",,10.846,2_39_90_26_2020-02-04 18:41:39.202857,0002,CA-316,2-39-90-26,America/Los_Angeles,000000620,400,12,30,386,"Tue, 04 Feb 2020 18:42:17 GMT",true,"Wed, 05 Feb 2020 01:07:39 GMT",620,,,,,,,,,,,,,,,,,,,,,,,,,,,,,,,,,,,,,,,,,,,,,,,,,,,,,,,,,,,,,,,,,,,,,,,,,
5e4f32a1f9af8b6104b556b6,0039,"Tue, 04 Feb 2020 18:50:42 GMT","Wed, 05 Feb 2020 02:28:40 GMT",,6.313,2_39_95_444_2020-02-04 18:50:19.393393,0002,CA-497,2-39-95-444,America/Los_Angeles,000005594,360,7.2,20,156,"Tue, 04 Feb 2020 18:50:41 GMT",true,"Tue, 04 Feb 2020 21:26:42 GMT",5594,,360,7.2,20,156,"Tue, 04 Feb 2020 18:53:27 GMT",true,"Tue, 04 Feb 2020 21:26:42 GMT",5594,360,7.2,20,63,"Tue, 04 Feb 2020 18:53:42 GMT",true,"Tue, 04 Feb 2020 19:53:42 GMT",5594,360,7.2,20,150,"Tue, 04 Feb 2020 20:21:42 GMT",true,"Tue, 04 Feb 2020 21:20:42 GMT",5594,360,7.2,20,151,"Tue, 04 Feb 2020 20:22:26 GMT",true,"Tue, 04 Feb 2020 21:21:42 GMT",5594,,,,,,,,,,,,,,,,,,,,,,,,,,,,,,,,,,,,,,,,
5e4f32a1f9af8b6104b556b7,0039,"Tue, 04 Feb 2020 18:55:52 GMT","Wed, 05 Feb 2020 04:46:23 GMT",,1.883,2_39_125_21_2020-02-04 18:55:52.384995,0002,CA-311,2-39-125-21,America/Los_Angeles,000000324,444,8.88,20,45,"Tue, 04 Feb 2020 18:56:07 GMT",true,"Tue, 04 Feb 2020 19:40:52 GMT",324,,,,,,,,,,,,,,,,,,,,,,,,,,,,,,,,,,,,,,,,,,,,,,,,,,,,,,,,,,,,,,,,,,,,,,,,,
5e4f32a1f9af8b6104b556b8,0039,"Tue, 04 Feb 2020 19:00:29 GMT","Wed, 05 Feb 2020 02:34:22 GMT",,4.061,2_39_79_382_2020-02-04 19:00:28.525663,0002,CA-491,2-39-79-382,America/Los_Angeles,000002170,400,28,70,426,"Tue, 04 Feb 2020 19:00:35 GMT",true,"Wed, 05 Feb 2020 02:06:29 GMT",2170,,,,,,,,,,,,,,,,,,,,,,,,,,,,,,,,,,,,,,,,,,,,,,,,,,,,,,,,,,,,,,,,,,,,,,,,,
5e4f32a1f9af8b6104b556b9,0039,"Tue, 04 Feb 2020 19:03:00 GMT","Wed, 05 Feb 2020 02:35:03 GMT",,1.216,2_39_78_364_2020-02-04 19:02:52.533849,0002,CA-495,2-39-78-364,America/Los_Angeles,000003577,400,8,20,369,"Tue, 04 Feb 2020 19:03:00 GMT",true,"Wed, 05 Feb 2020 01:12:00 GMT",3577,,,,,,,,,,,,,,,,,,,,,,,,,,,,,,,,,,,,,,,,,,,,,,,,,,,,,,,,,,,,,,,,,,,,,,,,,
5e4f32a1f9af8b6104b556ba,0039,"Tue, 04 Feb 2020 19:16:29 GMT","Tue, 04 Feb 2020 23:26:55 GMT",,4.087,2_39_91_441_2020-02-04 19:16:28.705327,0002,CA-499,2-39-91-441,America/Los_Angeles,000003270,200,40,200,470,"Tue, 04 Feb 2020 19:17:10 GMT",true,"Wed, 05 Feb 2020 03:06:29 GMT",3270,,,,,,,,,,,,,,,,,,,,,,,,,,,,,,,,,,,,,,,,,,,,,,,,,,,,,,,,,,,,,,,,,,,,,,,,,
5e4f32a1f9af8b6104b556bb,0039,"Tue, 04 Feb 2020 19:29:21 GMT","Wed, 05 Feb 2020 00:59:52 GMT",,22.386,2_39_78_362_2020-02-04 19:29:20.544182,0002,CA-496,2-39-78-362,America/Los_Angeles,000004011,375,22.5,60,327,"Tue, 04 Feb 2020 19:30:55 GMT",true,"Wed, 05 Feb 2020 00:56:21 GMT",4011,,375,22.5,60,327,"Wed, 05 Feb 2020 00:47:24 GMT",true,"Wed, 05 Feb 2020 00:56:21 GMT",4011,,,,,,,,,,,,,,,,,,,,,,,,,,,,,,,,,,,,,,,,,,,,,,,,,,,,,,,,,,,,,,,,
5e4f32a1f9af8b6104b556bc,0039,"Tue, 04 Feb 2020 20:25:28 GMT","Tue, 04 Feb 2020 21:42:59 GMT",,0.865,2_39_95_27_2020-02-04 20:25:27.751859,0002,CA-319,2-39-95-27,America/Los_Angeles,,,,,,,,,,,,,,,,,,,,,,,,,,,,,,,,,,,,,,,,,,,,,,,,,,,,,,,,,,,,,,,,,,,,,,,,,,,,,,,,,,
5e4f32a1f9af8b6104b556bd,0039,"Tue, 04 Feb 2020 21:06:05 GMT","Wed, 05 Feb 2020 02:41:07 GMT",,1.013,2_39_89_25_2020-02-04 21:06:05.445428,0002,CA-315,2-39-89-25,America/Los_Angeles,000000562,325,3.25,10,186,"Tue, 04 Feb 2020 21:06:30 GMT",true,"Wed, 05 Feb 2020 00:12:05 GMT",562,,325,3.25,10,298,"Tue, 04 Feb 2020 21:06:45 GMT",true,"Wed, 05 Feb 2020 02:04:05 GMT",562,,,,,,,,,,,,,,,,,,,,,,,,,,,,,,,,,,,,,,,,,,,,,,,,,,,,,,,,,,,,,,,,
5e4f32a1f9af8b6104b556be,0039,"Tue, 04 Feb 2020 21:23:52 GMT","Wed, 05 Feb 2020 02:46:01 GMT",,6.493,2_39_79_377_2020-02-04 21:23:52.416899,0002,CA-325,2-39-79-377,America/Los_Angeles,000001124,400,8,20,60,"Tue, 04 Feb 2020 21:24:39 GMT",true,"Tue, 04 Feb 2020 22:23:52 GMT",1124,,,,,,,,,,,,,,,,,,,,,,,,,,,,,,,,,,,,,,,,,,,,,,,,,,,,,,,,,,,,,,,,,,,,,,,,,
5e4f32a1f9af8b6104b556bf,0039,"Tue, 04 Feb 2020 21:43:57 GMT","Tue, 04 Feb 2020 22:24:33 GMT",,0.854,2_39_95_27_2020-02-04 21:43:56.805177,0002,CA-319,2-39-95-27,America/Los_Angeles,,,,,,,,,,,,,,,,,,,,,,,,,,,,,,,,,,,,,,,,,,,,,,,,,,,,,,,,,,,,,,,,,,,,,,,,,,,,,,,,,,
5e4f32a1f9af8b6104b556c0,0039,"Tue, 04 Feb 2020 21:47:11 GMT","Wed, 05 Feb 2020 02:50:49 GMT",,12.221,2_39_90_440_2020-02-04 21:47:11.038832,0002,CA-500,2-39-90-440,America/Los_Angeles,000000069,400,40,100,363,"Tue, 04 Feb 2020 21:47:26 GMT",true,"Wed, 05 Feb 2020 03:50:11 GMT",69,,,,,,,,,,,,,,,,,,,,,,,,,,,,,,,,,,,,,,,,,,,,,,,,,,,,,,,,,,,,,,,,,,,,,,,,,
5e4f32a1f9af8b6104b556c1,0039,"Tue, 04 Feb 2020 22:09:43 GMT","Wed, 05 Feb 2020 02:54:42 GMT",,5.394,2_39_79_383_2020-02-04 22:09:43.406466,0002,CA-492,2-39-79-383,America/Los_Angeles,000000515,400,12,30,482,"Tue, 04 Feb 2020 22:10:01 GMT",true,"Wed, 05 Feb 2020 06:11:43 GMT",515,,400,12,30,186,"Tue, 04 Feb 2020 22:10:16 GMT",true,"Wed, 05 Feb 2020 01:15:43 GMT",515,400,12,30,186,"Tue, 04 Feb 2020 22:10:26 GMT",true,"Wed, 05 Feb 2020 01:15:43 GMT",515,,,,,,,,,,,,,,,,,,,,,,,,,,,,,,,,,,,,,,,,,,,,,,,,,,,,,,,,
5e4f32a1f9af8b6104b556c2,0039,"Tue, 04 Feb 2020 22:24:56 GMT","Wed, 05 Feb 2020 00:06:36 GMT",,0.857,2_39_95_27_2020-02-04 22:24:55.762471,0002,CA-319,2-39-95-27,America/Los_Angeles,,,,,,,,,,,,,,,,,,,,,,,,,,,,,,,,,,,,,,,,,,,,,,,,,,,,,,,,,,,,,,,,,,,,,,,,,,,,,,,,,,
5e4f32a1f9af8b6104b556c3,0039,"Tue, 04 Feb 2020 23:31:42 GMT","Wed, 05 Feb 2020 01:47:24 GMT",,14.165,2_39_91_441_2020-02-04 23:31:42.335683,0002,CA-499,2-39-91-441,America/Los_Angeles,000001104,250,37.5,150,373,"Tue, 04 Feb 2020 23:31:58 GMT",true,"Wed, 05 Feb 2020 05:44:42 GMT",1104,,,,,,,,,,,,,,,,,,,,,,,,,,,,,,,,,,,,,,,,,,,,,,,,,,,,,,,,,,,,,,,,,,,,,,,,,
5e4f32a1f9af8b6104b556c4,0039,"Wed, 05 Feb 2020 00:30:32 GMT","Wed, 05 Feb 2020 02:16:05 GMT",,5.622,2_39_124_22_2020-02-05 00:30:32.227182,0002,CA-312,2-39-124-22,America/Los_Angeles,000001920,450,13.5,30,153,"Wed, 05 Feb 2020 00:31:27 GMT",true,"Wed, 05 Feb 2020 03:03:32 GMT",1920,,450,13.5,30,153,"Wed, 05 Feb 2020 00:31:35 GMT",true,"Wed, 05 Feb 2020 03:03:32 GMT",1920,450,13.5,30,154,"Wed, 05 Feb 2020 00:31:51 GMT",true,"Wed, 05 Feb 2020 03:04:32 GMT",1920,450,13.5,30,154,"Wed, 05 Feb 2020 00:32:35 GMT",true,"Wed, 05 Feb 2020 03:04:32 GMT",1920,,,,,,,,,,,,,,,,,,,,,,,,,,,,,,,,,,,,,,,,,,,,,,,,
5e4f32a1f9af8b6104b556c5,0039,"Wed, 05 Feb 2020 01:49:13 GMT","Wed, 05 Feb 2020 02:50:06 GMT",,1.495,2_39_139_28_2020-02-05 01:49:12.906003,0002,CA-303,2-39-139-28,America/Los_Angeles,000000365,333,9.99,30,104,"Wed, 05 Feb 2020 01:49:23 GMT",true,"Wed, 05 Feb 2020 03:33:13 GMT",365,,,,,,,,,,,,,,,,,,,,,,,,,,,,,,,,,,,,,,,,,,,,,,,,,,,,,,,,,,,,,,,,,,,,,,,,,
5e4f32a1f9af8b6104b556c6,0039,"Wed, 05 Feb 2020 02:47:34 GMT","Wed, 05 Feb 2020 03:26:47 GMT",,0.869,2_39_130_31_2020-02-05 02:47:34.256402,0002,CA-306,2-39-130-31,America/Los_Angeles,,,,,,,,,,,,,,,,,,,,,,,,,,,,,,,,,,,,,,,,,,,,,,,,,,,,,,,,,,,,,,,,,,,,,,,,,,,,,,,,,,
5e4f32a1f9af8b6104b556c7,0039,"Wed, 05 Feb 2020 04:26:37 GMT","Wed, 05 Feb 2020 05:44:20 GMT",,0.869,2_39_78_365_2020-02-05 04:26:36.691359,0002,CA-321,2-39-78-365,America/Los_Angeles,,,,,,,,,,,,,,,,,,,,,,,,,,,,,,,,,,,,,,,,,,,,,,,,,,,,,,,,,,,,,,,,,,,,,,,,,,,,,,,,,,
5e508420f9af8b64d037c4f8,0039,"Wed, 05 Feb 2020 14:25:51 GMT","Wed, 05 Feb 2020 15:40:55 GMT",,4.036,2_39_89_25_2020-02-05 14:25:50.531740,0002,CA-315,2-39-89-25,America/Los_Angeles,000000743,400,8,20,53,"Wed, 05 Feb 2020 14:28:23 GMT",true,"Wed, 05 Feb 2020 15:18:51 GMT",743,,,,,,,,,,,,,,,,,,,,,,,,,,,,,,,,,,,,,,,,,,,,,,,,,,,,,,,,,,,,,,,,,,,,,,,,,
5e508420f9af8b64d037c4f9,0039,"Wed, 05 Feb 2020 14:46:00 GMT","Thu, 06 Feb 2020 22:08:16 GMT",,11.492,2_39_79_383_2020-02-05 14:45:59.609476,0002,CA-492,2-39-79-383,America/Los_Angeles,000004913,400,20,50,720,"Wed, 05 Feb 2020 14:46:13 GMT",true,"Thu, 06 Feb 2020 02:46:00 GMT",4913,,,,,,,,,,,,,,,,,,,,,,,,,,,,,,,,,,,,,,,,,,,,,,,,,,,,,,,,,,,,,,,,,,,,,,,,,
5e508420f9af8b64d037c4fa,0039,"Wed, 05 Feb 2020 15:56:14 GMT","Wed, 05 Feb 2020 20:05:53 GMT",,4.197,2_39_131_30_2020-02-05 15:56:13.817647,0002,CA-305,2-39-131-30,America/Los_Angeles,000000347,600,12,20,77,"Wed, 05 Feb 2020 15:56:29 GMT",true,"Wed, 05 Feb 2020 17:13:14 GMT",347,,,,,,,,,,,,,,,,,,,,,,,,,,,,,,,,,,,,,,,,,,,,,,,,,,,,,,,,,,,,,,,,,,,,,,,,,
5e508420f9af8b64d037c4fb,0039,"Wed, 05 Feb 2020 15:59:51 GMT","Wed, 05 Feb 2020 21:16:17 GMT",,0.966,2_39_79_380_2020-02-05 15:59:50.933342,0002,CA-489,2-39-79-380,America/Los_Angeles,,,,,,,,,,,,,,,,,,,,,,,,,,,,,,,,,,,,,,,,,,,,,,,,,,,,,,,,,,,,,,,,,,,,,,,,,,,,,,,,,,
5e508420f9af8b64d037c4fc,0039,"Wed, 05 Feb 2020 16:27:09 GMT","Thu, 06 Feb 2020 01:19:09 GMT",,29.042,2_39_78_366_2020-02-05 16:27:09.028868,0002,CA-323,2-39-78-366,America/Los_Angeles,000003853,360,32.4,90,61,"Wed, 05 Feb 2020 16:27:34 GMT",true,"Wed, 05 Feb 2020 17:28:09 GMT",3853,,,,,,,,,,,,,,,,,,,,,,,,,,,,,,,,,,,,,,,,,,,,,,,,,,,,,,,,,,,,,,,,,,,,,,,,,
5e508420f9af8b64d037c4fd,0039,"Wed, 05 Feb 2020 16:27:30 GMT","Thu, 06 Feb 2020 00:24:28 GMT",,2.383,2_39_79_377_2020-02-05 16:27:30.483788,0002,CA-325,2-39-79-377,America/Los_Angeles,000000751,400,40,100,717,"Wed, 05 Feb 2020 16:27:54 GMT",true,"Thu, 06 Feb 2020 04:24:30 GMT",751,,,,,,,,,,,,,,,,,,,,,,,,,,,,,,,,,,,,,,,,,,,,,,,,,,,,,,,,,,,,,,,,,,,,,,,,,
5e508420f9af8b64d037c4fe,0039,"Wed, 05 Feb 2020 16:33:07 GMT","Wed, 05 Feb 2020 19:58:18 GMT",,6.184,2_39_139_28_2020-02-05 16:33:06.574271,0002,CA-303,2-39-139-28,America/Los_Angeles,000000562,325,6.5,20,209,"Wed, 05 Feb 2020 16:33:30 GMT",true,"Wed, 05 Feb 2020 20:02:07 GMT",562,,325,6.5,20,172,"Wed, 05 Feb 2020 16:33:40 GMT",true,"Wed, 05 Feb 2020 19:25:07 GMT",562,,,,,,,,,,,,,,,,,,,,,,,,,,,,,,,,,,,,,,,,,,,,,,,,,,,,,,,,,,,,,,,,
5e508420f9af8b64d037c4ff,0039,"Wed, 05 Feb 2020 16:48:44 GMT","Wed, 05 Feb 2020 23:52:37 GMT",,13.039,2_39_79_378_2020-02-05 16:48:43.766639,0002,CA-326,2-39-79-378,America/Los_Angeles,000000945,400,32,80,62,"Wed, 05 Feb 2020 16:50:58 GMT",true,"Wed, 05 Feb 2020 17:50:44 GMT",945,,,,,,,,,,,,,,,,,,,,,,,,,,,,,,,,,,,,,,,,,,,,,,,,,,,,,,,,,,,,,,,,,,,,,,,,,
5e508420f9af8b64d037c500,0039,"Wed, 05 Feb 2020 16:52:18 GMT","Thu, 06 Feb 2020 01:36:41 GMT",,0.975,2_39_88_438_2020-02-05 16:52:18.185057,0002,CA-502,2-39-88-438,America/Los_Angeles,,,,,,,,,,,,,,,,,,,,,,,,,,,,,,,,,,,,,,,,,,,,,,,,,,,,,,,,,,,,,,,,,,,,,,,,,,,,,,,,,,
5e508420f9af8b64d037c501,0039,"Wed, 05 Feb 2020 16:57:54 GMT","Wed, 05 Feb 2020 20:31:57 GMT",,0.995,2_39_126_20_2020-02-05 16:57:53.719812,0002,CA-310,2-39-126-20,America/Los_Angeles,000001366,400,8,20,60,"Wed, 05 Feb 2020 16:58:38 GMT",true,"Wed, 05 Feb 2020 17:57:54 GMT",1366,,,,,,,,,,,,,,,,,,,,,,,,,,,,,,,,,,,,,,,,,,,,,,,,,,,,,,,,,,,,,,,,,,,,,,,,,
5e508420f9af8b64d037c502,0039,"Wed, 05 Feb 2020 16:58:01 GMT","Thu, 06 Feb 2020 01:54:47 GMT",,23.825,2_39_79_381_2020-02-05 16:58:01.083730,0002,CA-490,2-39-79-381,America/Los_Angeles,000001104,250,37.5,150,373,"Wed, 05 Feb 2020 16:58:43 GMT",true,"Wed, 05 Feb 2020 23:11:01 GMT",1104,,,,,,,,,,,,,,,,,,,,,,,,,,,,,,,,,,,,,,,,,,,,,,,,,,,,,,,,,,,,,,,,,,,,,,,,,
5e508420f9af8b64d037c503,0039,"Wed, 05 Feb 2020 17:00:37 GMT","Thu, 06 Feb 2020 01:56:57 GMT",,6.352,2_39_78_363_2020-02-05 17:00:37.449719,0002,CA-320,2-39-78-363,America/Los_Angeles,000000714,400,32,80,445,"Wed, 05 Feb 2020 17:00:47 GMT",true,"Thu, 06 Feb 2020 00:25:37 GMT",714,,,,,,,,,,,,,,,,,,,,,,,,,,,,,,,,,,,,,,,,,,,,,,,,,,,,,,,,,,,,,,,,,,,,,,,,,
5e508420f9af8b64d037c504,0039,"Wed, 05 Feb 2020 17:01:42 GMT","Wed, 05 Feb 2020 22:45:06 GMT",,3.47,2_39_79_382_2020-02-05 17:01:42.489552,0002,CA-491,2-39-79-382,America/Los_Angeles,000004701,300,12,40,311,"Wed, 05 Feb 2020 17:02:08 GMT",true,"Wed, 05 Feb 2020 22:12:42 GMT",4701,,,,,,,,,,,,,,,,,,,,,,,,,,,,,,,,,,,,,,,,,,,,,,,,,,,,,,,,,,,,,,,,,,,,,,,,,
5e508420f9af8b64d037c505,0039,"Wed, 05 Feb 2020 17:04:31 GMT","Thu, 06 Feb 2020 01:22:06 GMT",,5.498,2_39_89_25_2020-02-05 17:04:31.383804,0002,CA-315,2-39-89-25,America/Los_Angeles,000000743,400,8,20,53,"Wed, 05 Feb 2020 17:04:38 GMT",true,"Wed, 05 Feb 2020 17:57:31 GMT",743,,400,8,20,378,"Wed, 05 Feb 2020 17:04:46 GMT",true,"Wed, 05 Feb 2020 23:22:31 GMT",743,,,,,,,,,,,,,,,,,,,,,,,,,,,,,,,,,,,,,,,,,,,,,,,,,,,,,,,,,,,,,,,,
5e508420f9af8b64d037c506,0039,"Wed, 05 Feb 2020 17:09:58 GMT","Thu, 06 Feb 2020 04:51:05 GMT",,2.174,2_39_90_26_2020-02-05 17:09:57.820954,0002,CA-316,2-39-90-26,America/Los_Angeles,000000324,444,8.88,20,45,"Wed, 05 Feb 2020 17:10:13 GMT",true,"Wed, 05 Feb 2020 17:54:58 GMT",324,,,,,,,,,,,,,,,,,,,,,,,,,,,,,,,,,,,,,,,,,,,,,,,,,,,,,,,,,,,,,,,,,,,,,,,,,
5e508420f9af8b64d037c507,0039,"Wed, 05 Feb 2020 17:27:18 GMT","Thu, 06 Feb 2020 01:32:48 GMT",,6.442,2_39_78_365_2020-02-05 17:27:18.495997,0002,CA-321,2-39-78-365,America/Los_Angeles,000005368,400,8,20,73,"Wed, 05 Feb 2020 17:35:03 GMT",true,"Wed, 05 Feb 2020 18:40:18 GMT",5368,,,,,,,,,,,,,,,,,,,,,,,,,,,,,,,,,,,,,,,,,,,,,,,,,,,,,,,,,,,,,,,,,,,,,,,,,
5e508420f9af8b64d037c508,0039,"Wed, 05 Feb 2020 17:27:48 GMT","Thu, 06 Feb 2020 00:06:04 GMT",,13.09,2_39_125_21_2020-02-05 17:27:47.639187,0002,CA-311,2-39-125-21,America/Los_Angeles,000001912,400,20,50,384,"Wed, 05 Feb 2020 17:27:50 GMT",true,"Wed, 05 Feb 2020 23:51:48 GMT",1912,,400,20,50,392,"Wed, 05 Feb 2020 17:36:28 GMT",true,"Wed, 05 Feb 2020 23:59:48 GMT",1912,,,,,,,,,,,,,,,,,,,,,,,,,,,,,,,,,,,,,,,,,,,,,,,,,,,,,,,,,,,,,,,,
5e508420f9af8b64d037c509,0039,"Wed, 05 Feb 2020 17:31:36 GMT","Wed, 05 Feb 2020 18:41:49 GMT",,3.296,2_39_91_437_2020-02-05 17:31:29.033125,0002,CA-317,2-39-91-437,America/Los_Angeles,000004758,400,8,20,68,"Wed, 05 Feb 2020 17:31:36 GMT",true,"Wed, 05 Feb 2020 18:39:36 GMT",4758,,,,,,,,,,,,,,,,,,,,,,,,,,,,,,,,,,,,,,,,,,,,,,,,,,,,,,,,,,,,,,,,,,,,,,,,,
5e508420f9af8b64d037c50a,0039,"Wed, 05 Feb 2020 17:35:15 GMT","Thu, 06 Feb 2020 01:00:05 GMT",,12.048,2_39_124_22_2020-02-05 17:35:15.171501,0002,CA-312,2-39-124-22,America/Los_Angeles,000001364,400,28,70,182,"Wed, 05 Feb 2020 17:35:30 GMT",true,"Wed, 05 Feb 2020 20:37:15 GMT",1364,,,,,,,,,,,,,,,,,,,,,,,,,,,,,,,,,,,,,,,,,,,,,,,,,,,,,,,,,,,,,,,,,,,,,,,,,
5e508420f9af8b64d037c50b,0039,"Wed, 05 Feb 2020 18:01:47 GMT","Wed, 05 Feb 2020 18:55:11 GMT",,5.55,2_39_88_24_2020-02-05 18:01:33.858863,0002,CA-314,2-39-88-24,America/Los_Angeles,000002461,400,8,20,273,"Wed, 05 Feb 2020 18:01:46 GMT",true,"Wed, 05 Feb 2020 22:34:47 GMT",2461,,,,,,,,,,,,,,,,,,,,,,,,,,,,,,,,,,,,,,,,,,,,,,,,,,,,,,,,,,,,,,,,,,,,,,,,,
5e508420f9af8b64d037c50c,0039,"Wed, 05 Feb 2020 18:08:20 GMT","Thu, 06 Feb 2020 02:07:20 GMT",,11.683,2_39_92_436_2020-02-05 18:08:20.402397,0002,CA-318,2-39-92-436,America/Los_Angeles,000001095,400,16,40,444,"Wed, 05 Feb 2020 18:08:30 GMT",true,"Thu, 06 Feb 2020 01:32:20 GMT",1095,,400,16,40,444,"Wed, 05 Feb 2020 18:08:50 GMT",true,"Thu, 06 Feb 2020 01:32:20 GMT",1095,,,,,,,,,,,,,,,,,,,,,,,,,,,,,,,,,,,,,,,,,,,,,,,,,,,,,,,,,,,,,,,,
5e508420f9af8b64d037c50d,0039,"Wed, 05 Feb 2020 18:13:55 GMT","Thu, 06 Feb 2020 02:01:56 GMT",,1.98,2_39_95_27_2020-02-05 18:13:54.837084,0002,CA-319,2-39-95-27,America/Los_Angeles,000000891,400,8,20,216,"Wed, 05 Feb 2020 18:14:16 GMT",true,"Wed, 05 Feb 2020 21:49:55 GMT",891,,,,,,,,,,,,,,,,,,,,,,,,,,,,,,,,,,,,,,,,,,,,,,,,,,,,,,,,,,,,,,,,,,,,,,,,,
5e508420f9af8b64d037c50e,0039,"Wed, 05 Feb 2020 18:16:37 GMT","Thu, 06 Feb 2020 03:13:48 GMT",,11.957,2_39_79_376_2020-02-05 18:16:37.185257,0002,CA-324,2-39-79-376,America/Los_Angeles,000000558,400,28,70,60,"Wed, 05 Feb 2020 18:16:39 GMT",true,"Wed, 05 Feb 2020 19:16:37 GMT",558,,,,,,,,,,,,,,,,,,,,,,,,,,,,,,,,,,,,,,,,,,,,,,,,,,,,,,,,,,,,,,,,,,,,,,,,,
5e508420f9af8b64d037c50f,0039,"Wed, 05 Feb 2020 18:25:38 GMT","Wed, 05 Feb 2020 19:17:12 GMT",,2.749,2_39_123_23_2020-02-05 18:25:38.104753,0002,CA-313,2-39-123-23,America/Los_Angeles,000002170,400,28,70,426,"Wed, 05 Feb 2020 18:25:49 GMT",true,"Thu, 06 Feb 2020 01:31:38 GMT",2170,,,,,,,,,,,,,,,,,,,,,,,,,,,,,,,,,,,,,,,,,,,,,,,,,,,,,,,,,,,,,,,,,,,,,,,,,
5e508420f9af8b64d037c510,0039,"Wed, 05 Feb 2020 18:54:33 GMT","Wed, 05 Feb 2020 19:59:31 GMT",,4.138,2_39_91_437_2020-02-05 18:54:33.424705,0002,CA-317,2-39-91-437,America/Los_Angeles,000000668,425,4.25,10,61,"Wed, 05 Feb 2020 18:54:48 GMT",true,"Wed, 05 Feb 2020 19:55:33 GMT",668,,,,,,,,,,,,,,,,,,,,,,,,,,,,,,,,,,,,,,,,,,,,,,,,,,,,,,,,,,,,,,,,,,,,,,,,,
5e508420f9af8b64d037c511,0039,"Wed, 05 Feb 2020 19:10:05 GMT","Thu, 06 Feb 2020 03:06:43 GMT",,6.674,2_39_90_440_2020-02-05 19:10:05.061814,0002,CA-500,2-39-90-440,America/Los_Angeles,000000515,400,12,30,189,"Wed, 05 Feb 2020 19:10:32 GMT",true,"Wed, 05 Feb 2020 22:19:05 GMT",515,,,,,,,,,,,,,,,,,,,,,,,,,,,,,,,,,,,,,,,,,,,,,,,,,,,,,,,,,,,,,,,,,,,,,,,,,
5e508420f9af8b64d037c512,0039,"Wed, 05 Feb 2020 19:34:31 GMT","Thu, 06 Feb 2020 03:05:04 GMT",,37.709,2_39_88_24_2020-02-05 19:34:31.206978,0002,CA-314,2-39-88-24,America/Los_Angeles,000003270,200,40,200,470,"Wed, 05 Feb 2020 19:37:50 GMT",true,"Thu, 06 Feb 2020 03:24:31 GMT",3270,,,,,,,,,,,,,,,,,,,,,,,,,,,,,,,,,,,,,,,,,,,,,,,,,,,,,,,,,,,,,,,,,,,,,,,,,
5e508420f9af8b64d037c513,0039,"Wed, 05 Feb 2020 19:47:25 GMT","Wed, 05 Feb 2020 20:59:27 GMT",,3.58,2_39_123_23_2020-02-05 19:47:24.754304,0002,CA-313,2-39-123-23,America/Los_Angeles,000000798,400,12,30,75,"Wed, 05 Feb 2020 19:51:34 GMT",true,"Wed, 05 Feb 2020 21:02:25 GMT",798,,,,,,,,,,,,,,,,,,,,,,,,,,,,,,,,,,,,,,,,,,,,,,,,,,,,,,,,,,,,,,,,,,,,,,,,,
5e508420f9af8b64d037c514,0039,"Wed, 05 Feb 2020 19:48:00 GMT","Thu, 06 Feb 2020 01:06:49 GMT",,23.717,2_39_91_441_2020-02-05 19:48:00.283081,0002,CA-499,2-39-91-441,America/Los_Angeles,000000832,400,28,70,324,"Wed, 05 Feb 2020 19:48:14 GMT",true,"Thu, 06 Feb 2020 01:12:00 GMT",832,,400,28,70,324,"Wed, 05 Feb 2020 19:54:09 GMT",true,"Thu, 06 Feb 2020 01:12:00 GMT",832,400,28,70,400,"Wed, 05 Feb 2020 21:04:47 GMT",true,"Thu, 06 Feb 2020 02:28:00 GMT",832,400,28,70,400,"Wed, 05 Feb 2020 21:44:32 GMT",true,"Thu, 06 Feb 2020 02:28:00 GMT",832,,,,,,,,,,,,,,,,,,,,,,,,,,,,,,,,,,,,,,,,,,,,,,,,
5e508420f9af8b64d037c515,0039,"Wed, 05 Feb 2020 19:50:00 GMT","Wed, 05 Feb 2020 21:39:56 GMT",,6.386,2_39_79_379_2020-02-05 19:49:59.623440,0002,CA-327,2-39-79-379,America/Los_Angeles,000000311,250,25,100,100,"Wed, 05 Feb 2020 19:53:38 GMT",true,"Wed, 05 Feb 2020 21:30:00 GMT",311,,250,25,100,100,"Wed, 05 Feb 2020 19:56:06 GMT",true,"Wed, 05 Feb 2020 21:30:00 GMT",311,250,25,100,90,"Wed, 05 Feb 2020 20:24:37 GMT",true,"Wed, 05 Feb 2020 21:20:00 GMT",311,,,,,,,,,,,,,,,,,,,,,,,,,,,,,,,,,,,,,,,,,,,,,,,,,,,,,,,,
5e508420f9af8b64d037c516,0039,"Wed, 05 Feb 2020 20:00:23 GMT","Thu, 06 Feb 2020 01:41:35 GMT",,0.975,2_39_139_28_2020-02-05 20:00:23.227130,0002,CA-303,2-39-139-28,America/Los_Angeles,,,,,,,,,,,,,,,,,,,,,,,,,,,,,,,,,,,,,,,,,,,,,,,,,,,,,,,,,,,,,,,,,,,,,,,,,,,,,,,,,,
5e508420f9af8b64d037c517,0039,"Wed, 05 Feb 2020 20:02:51 GMT","Thu, 06 Feb 2020 02:25:25 GMT",,36.478,2_39_92_442_2020-02-05 20:02:50.802193,0002,CA-498,2-39-92-442,America/Los_Angeles,000000564,231,46.2,200,458,"Wed, 05 Feb 2020 20:03:22 GMT",true,"Thu, 06 Feb 2020 03:40:51 GMT",564,,,,,,,,,,,,,,,,,,,,,,,,,,,,,,,,,,,,,,,,,,,,,,,,,,,,,,,,,,,,,,,,,,,,,,,,,
5e508420f9af8b64d037c518,0039,"Wed, 05 Feb 2020 20:22:07 GMT","Thu, 06 Feb 2020 03:31:23 GMT",,6.491,2_39_91_437_2020-02-05 20:22:06.621396,0002,CA-317,2-39-91-437,America/Los_Angeles,000001124,400,8,20,60,"Wed, 05 Feb 2020 20:22:40 GMT",true,"Wed, 05 Feb 2020 21:22:07 GMT",1124,,,,,,,,,,,,,,,,,,,,,,,,,,,,,,,,,,,,,,,,,,,,,,,,,,,,,,,,,,,,,,,,,,,,,,,,,
5e508420f9af8b64d037c519,0039,"Wed, 05 Feb 2020 20:41:48 GMT","Thu, 06 Feb 2020 01:33:52 GMT",,8.403,2_39_126_20_2020-02-05 20:41:47.596783,0002,CA-310,2-39-126-20,America/Los_Angeles,000001001,600,12,20,129,"Wed, 05 Feb 2020 20:41:54 GMT",true,"Wed, 05 Feb 2020 22:50:48 GMT",1001,,,,,,,,,,,,,,,,,,,,,,,,,,,,,,,,,,,,,,,,,,,,,,,,,,,,,,,,,,,,,,,,,,,,,,,,,
5e508420f9af8b64d037c51a,0039,"Wed, 05 Feb 2020 21:08:05 GMT","Thu, 06 Feb 2020 01:04:12 GMT",,11.667,2_39_129_563_2020-02-05 21:08:05.170792,0002,CA-509,2-39-129-563,America/Los_Angeles,000001470,292,23.36,80,252,"Wed, 05 Feb 2020 21:08:16 GMT",true,"Thu, 06 Feb 2020 01:20:05 GMT",1470,,,,,,,,,,,,,,,,,,,,,,,,,,,,,,,,,,,,,,,,,,,,,,,,,,,,,,,,,,,,,,,,,,,,,,,,,
5e508420f9af8b64d037c51b,0039,"Wed, 05 Feb 2020 21:09:09 GMT","Wed, 05 Feb 2020 23:48:54 GMT",,14.91,2_39_78_361_2020-02-05 21:09:09.436476,0002,CA-493,2-39-78-361,America/Los_Angeles,000001087,400,32,80,311,"Wed, 05 Feb 2020 21:09:11 GMT",true,"Thu, 06 Feb 2020 02:20:09 GMT",1087,,400,32,80,311,"Wed, 05 Feb 2020 21:09:54 GMT",true,"Thu, 06 Feb 2020 02:20:09 GMT",1087,400,32,80,311,"Wed, 05 Feb 2020 21:10:33 GMT",true,"Thu, 06 Feb 2020 02:20:09 GMT",1087,,,,,,,,,,,,,,,,,,,,,,,,,,,,,,,,,,,,,,,,,,,,,,,,,,,,,,,,
5e508420f9af8b64d037c51c,0039,"Thu, 06 Feb 2020 00:42:03 GMT","Thu, 06 Feb 2020 02:44:20 GMT",,5.292,2_39_78_360_2020-02-06 00:42:03.186469,0002,CA-322,2-39-78-360,America/Los_Angeles,000002244,400,8,20,60,"Thu, 06 Feb 2020 00:44:36 GMT",true,"Thu, 06 Feb 2020 01:42:03 GMT",2244,,,,,,,,,,,,,,,,,,,,,,,,,,,,,,,,,,,,,,,,,,,,,,,,,,,,,,,,,,,,,,,,,,,,,,,,,
5e508420f9af8b64d037c51d,0039,"Thu, 06 Feb 2020 02:30:58 GMT","Thu, 06 Feb 2020 04:29:19 GMT",,7.029,2_39_129_17_2020-02-06 02:30:58.295971,0002,CA-307,2-39-129-17,America/Los_Angeles,000001564,300,12,40,130,"Thu, 06 Feb 2020 02:31:02 GMT",true,"Thu, 06 Feb 2020 04:40:58 GMT",1564,,,,,,,,,,,,,,,,,,,,,,,,,,,,,,,,,,,,,,,,,,,,,,,,,,,,,,,,,,,,,,,,,,,,,,,,,
5e508420f9af8b64d037c51e,0039,"Thu, 06 Feb 2020 02:35:26 GMT","Thu, 06 Feb 2020 03:49:15 GMT",,4.106,2_39_127_19_2020-02-06 02:35:26.138238,0002,CA-309,2-39-127-19,America/Los_Angeles,000001524,400,12,30,129,"Thu, 06 Feb 2020 02:36:01 GMT",true,"Thu, 06 Feb 2020 04:44:26 GMT",1524,,,,,,,,,,,,,,,,,,,,,,,,,,,,,,,,,,,,,,,,,,,,,,,,,,,,,,,,,,,,,,,,,,,,,,,,,
5e508420f9af8b64d037c51f,0039,"Thu, 06 Feb 2020 03:18:08 GMT","Thu, 06 Feb 2020 04:21:59 GMT",,2.216,2_39_139_28_2020-02-06 03:18:08.055703,0002,CA-303,2-39-139-28,America/Los_Angeles,000001539,400,4,10,60,"Thu, 06 Feb 2020 03:18:32 GMT",true,"Thu, 06 Feb 2020 04:18:08 GMT",1539,,400,4,10,61,"Thu, 06 Feb 2020 04:13:10 GMT",true,"Thu, 06 Feb 2020 04:19:08 GMT",1539,400,4,10,84,"Thu, 06 Feb 2020 04:13:26 GMT",true,"Thu, 06 Feb 2020 04:42:08 GMT",1539,,,,,,,,,,,,,,,,,,,,,,,,,,,,,,,,,,,,,,,,,,,,,,,,,,,,,,,,
5e508420f9af8b64d037c520,0039,"Thu, 06 Feb 2020 04:54:26 GMT","Thu, 06 Feb 2020 06:10:14 GMT",,4.146,2_39_128_18_2020-02-06 04:54:26.211495,0002,CA-308,2-39-128-18,America/Los_Angeles,000004622,300,6,20,62,"Thu, 06 Feb 2020 04:55:01 GMT",true,"Thu, 06 Feb 2020 05:56:26 GMT",4622,,,,,,,,,,,,,,,,,,,,,,,,,,,,,,,,,,,,,,,,,,,,,,,,,,,,,,,,,,,,,,,,,,,,,,,,,
5e51d59ff9af8b68ac24a00e,0039,"Thu, 06 Feb 2020 15:49:44 GMT","Fri, 07 Feb 2020 00:53:56 GMT",,0.869,2_39_78_366_2020-02-06 15:49:43.970841,0002,CA-323,2-39-78-366,America/Los_Angeles,,,,,,,,,,,,,,,,,,,,,,,,,,,,,,,,,,,,,,,,,,,,,,,,,,,,,,,,,,,,,,,,,,,,,,,,,,,,,,,,,,
5e51d59ff9af8b68ac24a00f,0039,"Thu, 06 Feb 2020 15:53:31 GMT","Thu, 06 Feb 2020 22:44:04 GMT",,6.392,2_39_79_382_2020-02-06 15:53:31.163002,0002,CA-491,2-39-79-382,America/Los_Angeles,000004701,300,12,40,311,"Thu, 06 Feb 2020 15:53:37 GMT",true,"Thu, 06 Feb 2020 21:04:31 GMT",4701,,,,,,,,,,,,,,,,,,,,,,,,,,,,,,,,,,,,,,,,,,,,,,,,,,,,,,,,,,,,,,,,,,,,,,,,,
5e51d59ff9af8b68ac24a010,0039,"Thu, 06 Feb 2020 16:27:27 GMT","Thu, 06 Feb 2020 23:30:56 GMT",,13.42,2_39_78_362_2020-02-06 16:27:27.361855,0002,CA-496,2-39-78-362,America/Los_Angeles,000000945,400,32,80,62,"Thu, 06 Feb 2020 16:27:31 GMT",true,"Thu, 06 Feb 2020 17:29:27 GMT",945,,,,,,,,,,,,,,,,,,,,,,,,,,,,,,,,,,,,,,,,,,,,,,,,,,,,,,,,,,,,,,,,,,,,,,,,,
5e51d59ff9af8b68ac24a011,0039,"Thu, 06 Feb 2020 16:30:31 GMT","Thu, 06 Feb 2020 23:02:49 GMT",,8.857,2_39_125_21_2020-02-06 16:30:31.287014,0002,CA-311,2-39-125-21,America/Los_Angeles,000001153,600,18,30,434,"Thu, 06 Feb 2020 16:30:49 GMT",true,"Thu, 06 Feb 2020 23:44:31 GMT",1153,,,,,,,,,,,,,,,,,,,,,,,,,,,,,,,,,,,,,,,,,,,,,,,,,,,,,,,,,,,,,,,,,,,,,,,,,
5e51d59ff9af8b68ac24a012,0039,"Thu, 06 Feb 2020 16:30:42 GMT","Thu, 06 Feb 2020 23:08:11 GMT",,14.9,2_39_79_377_2020-02-06 16:30:42.274120,0002,CA-325,2-39-79-377,America/Los_Angeles,000000068,214,14.98,70,234,"Thu, 06 Feb 2020 16:31:21 GMT",true,"Thu, 06 Feb 2020 20:24:42 GMT",68,,,,,,,,,,,,,,,,,,,,,,,,,,,,,,,,,,,,,,,,,,,,,,,,,,,,,,,,,,,,,,,,,,,,,,,,,
5e51d59ff9af8b68ac24a013,0039,"Thu, 06 Feb 2020 16:34:17 GMT","Thu, 06 Feb 2020 18:45:50 GMT",,1.002,2_39_138_29_2020-02-06 16:34:16.726912,0002,CA-304,2-39-138-29,America/Los_Angeles,000001366,400,8,20,60,"Thu, 06 Feb 2020 16:34:45 GMT",true,"Thu, 06 Feb 2020 17:34:17 GMT",1366,,,,,,,,,,,,,,,,,,,,,,,,,,,,,,,,,,,,,,,,,,,,,,,,,,,,,,,,,,,,,,,,,,,,,,,,,
5e51d59ff9af8b68ac24a014,0039,"Thu, 06 Feb 2020 16:35:03 GMT","Fri, 07 Feb 2020 00:44:57 GMT",,8.942,2_39_91_441_2020-02-06 16:35:02.926987,0002,CA-499,2-39-91-441,America/Los_Angeles,000001470,292,23.36,80,252,"Thu, 06 Feb 2020 16:35:19 GMT",true,"Thu, 06 Feb 2020 20:47:03 GMT",1470,,,,,,,,,,,,,,,,,,,,,,,,,,,,,,,,,,,,,,,,,,,,,,,,,,,,,,,,,,,,,,,,,,,,,,,,,
5e51d59ff9af8b68ac24a015,0039,"Thu, 06 Feb 2020 16:35:31 GMT","Fri, 07 Feb 2020 01:22:59 GMT",,8.134,2_39_79_378_2020-02-06 16:35:30.881711,0002,CA-326,2-39-79-378,America/Los_Angeles,000000751,400,40,100,717,"Thu, 06 Feb 2020 16:35:50 GMT",true,"Fri, 07 Feb 2020 04:32:31 GMT",751,,,,,,,,,,,,,,,,,,,,,,,,,,,,,,,,,,,,,,,,,,,,,,,,,,,,,,,,,,,,,,,,,,,,,,,,,
5e51d59ff9af8b68ac24a016,0039,"Thu, 06 Feb 2020 16:38:52 GMT","Fri, 07 Feb 2020 01:33:49 GMT",,7.551,2_39_91_437_2020-02-06 16:38:51.886165,0002,CA-317,2-39-91-437,America/Los_Angeles,000000431,300,15,50,219,"Thu, 06 Feb 2020 16:39:13 GMT",true,"Thu, 06 Feb 2020 20:17:52 GMT",431,,,,,,,,,,,,,,,,,,,,,,,,,,,,,,,,,,,,,,,,,,,,,,,,,,,,,,,,,,,,,,,,,,,,,,,,,
5e51d59ff9af8b68ac24a017,0039,"Thu, 06 Feb 2020 16:41:03 GMT","Thu, 06 Feb 2020 22:54:58 GMT",,7.924,2_39_89_439_2020-02-06 16:41:03.072065,0002,CA-501,2-39-89-439,America/Los_Angeles,000002275,400,8,20,60,"Thu, 06 Feb 2020 16:42:23 GMT",true,"Thu, 06 Feb 2020 17:41:03 GMT",2275,,,,,,,,,,,,,,,,,,,,,,,,,,,,,,,,,,,,,,,,,,,,,,,,,,,,,,,,,,,,,,,,,,,,,,,,,
5e51d59ff9af8b68ac24a018,0039,"Thu, 06 Feb 2020 16:44:08 GMT","Fri, 07 Feb 2020 02:53:58 GMT",,0.954,2_39_127_19_2020-02-06 16:44:08.282343,0002,CA-309,2-39-127-19,America/Los_Angeles,,,,,,,,,,,,,,,,,,,,,,,,,,,,,,,,,,,,,,,,,,,,,,,,,,,,,,,,,,,,,,,,,,,,,,,,,,,,,,,,,,
5e51d59ff9af8b68ac24a019,0039,"Thu, 06 Feb 2020 16:55:56 GMT","Fri, 07 Feb 2020 01:57:46 GMT",,22.75,2_39_79_380_2020-02-06 16:55:55.778683,0002,CA-489,2-39-79-380,America/Los_Angeles,000001104,250,37.5,150,373,"Thu, 06 Feb 2020 16:58:11 GMT",true,"Thu, 06 Feb 2020 23:08:56 GMT",1104,,,,,,,,,,,,,,,,,,,,,,,,,,,,,,,,,,,,,,,,,,,,,,,,,,,,,,,,,,,,,,,,,,,,,,,,,
5e51d59ff9af8b68ac24a01a,0039,"Thu, 06 Feb 2020 17:08:27 GMT","Fri, 07 Feb 2020 02:06:05 GMT",,0.925,2_39_90_440_2020-02-06 17:08:26.915499,0002,CA-500,2-39-90-440,America/Los_Angeles,,,,,,,,,,,,,,,,,,,,,,,,,,,,,,,,,,,,,,,,,,,,,,,,,,,,,,,,,,,,,,,,,,,,,,,,,,,,,,,,,,
5e51d59ff9af8b68ac24a01b,0039,"Thu, 06 Feb 2020 17:10:02 GMT","Fri, 07 Feb 2020 03:16:45 GMT",,3.873,2_39_89_25_2020-02-06 17:10:01.711426,0002,CA-315,2-39-89-25,America/Los_Angeles,000000567,400,8,20,411,"Thu, 06 Feb 2020 17:10:15 GMT",true,"Fri, 07 Feb 2020 00:01:02 GMT",567,,400,8,20,411,"Thu, 06 Feb 2020 17:10:23 GMT",true,"Fri, 07 Feb 2020 00:01:02 GMT",567,400,8,20,411,"Thu, 06 Feb 2020 17:10:39 GMT",true,"Fri, 07 Feb 2020 00:01:02 GMT",567,400,8,20,496,"Thu, 06 Feb 2020 17:11:00 GMT",true,"Fri, 07 Feb 2020 01:26:02 GMT",567,400,8,20,496,"Thu, 06 Feb 2020 17:11:19 GMT",true,"Fri, 07 Feb 2020 01:26:02 GMT",567,400,8,20,519,"Thu, 06 Feb 2020 17:33:45 GMT",true,"Fri, 07 Feb 2020 01:49:02 GMT",567,400,8,20,887,"Thu, 06 Feb 2020 23:42:44 GMT",true,"Fri, 07 Feb 2020 07:57:02 GMT",567,,,,,,,,,,,,,,,,,,,,,,,,
5e51d59ff9af8b68ac24a01c,0039,"Thu, 06 Feb 2020 17:12:44 GMT","Fri, 07 Feb 2020 00:29:24 GMT",,11.893,2_39_78_365_2020-02-06 17:12:44.237384,0002,CA-321,2-39-78-365,America/Los_Angeles,000003977,600,12,20,168,"Thu, 06 Feb 2020 17:13:33 GMT",true,"Thu, 06 Feb 2020 20:00:44 GMT",3977,,,,,,,,,,,,,,,,,,,,,,,,,,,,,,,,,,,,,,,,,,,,,,,,,,,,,,,,,,,,,,,,,,,,,,,,,
5e51d59ff9af8b68ac24a01d,0039,"Thu, 06 Feb 2020 17:13:10 GMT","Fri, 07 Feb 2020 01:57:25 GMT",,5.541,2_39_95_444_2020-02-06 17:13:10.001108,0002,CA-497,2-39-95-444,America/Los_Angeles,000000743,400,8,20,479,"Thu, 06 Feb 2020 17:13:26 GMT",true,"Fri, 07 Feb 2020 01:12:10 GMT",743,,,,,,,,,,,,,,,,,,,,,,,,,,,,,,,,,,,,,,,,,,,,,,,,,,,,,,,,,,,,,,,,,,,,,,,,,
5e51d59ff9af8b68ac24a01e,0039,"Thu, 06 Feb 2020 17:17:20 GMT","Thu, 06 Feb 2020 23:15:33 GMT",,12.224,2_39_123_23_2020-02-06 17:17:19.853987,0002,CA-313,2-39-123-23,America/Los_Angeles,000002170,400,28,70,426,"Thu, 06 Feb 2020 17:17:27 GMT",true,"Fri, 07 Feb 2020 00:23:20 GMT",2170,,,,,,,,,,,,,,,,,,,,,,,,,,,,,,,,,,,,,,,,,,,,,,,,,,,,,,,,,,,,,,,,,,,,,,,,,
5e51d59ff9af8b68ac24a01f,0039,"Thu, 06 Feb 2020 17:32:44 GMT","Fri, 07 Feb 2020 04:59:16 GMT",,1.565,2_39_92_436_2020-02-06 17:32:44.064174,0002,CA-318,2-39-92-436,America/Los_Angeles,000000324,444,8.88,20,45,"Thu, 06 Feb 2020 17:32:56 GMT",true,"Thu, 06 Feb 2020 18:17:44 GMT",324,,444,8.88,20,158,"Thu, 06 Feb 2020 17:33:09 GMT",true,"Thu, 06 Feb 2020 20:10:44 GMT",324,444,8.88,20,162,"Thu, 06 Feb 2020 17:38:38 GMT",true,"Thu, 06 Feb 2020 20:14:44 GMT",324,444,8.88,20,163,"Thu, 06 Feb 2020 17:38:55 GMT",true,"Thu, 06 Feb 2020 20:15:44 GMT",324,,,,,,,,,,,,,,,,,,,,,,,,,,,,,,,,,,,,,,,,,,,,,,,,
5e51d59ff9af8b68ac24a020,0039,"Thu, 06 Feb 2020 17:34:59 GMT","Fri, 07 Feb 2020 01:11:00 GMT",,7.97,2_39_90_26_2020-02-06 17:34:58.826108,0002,CA-316,2-39-90-26,America/Los_Angeles,000000620,400,12,30,386,"Thu, 06 Feb 2020 17:37:31 GMT",true,"Fri, 07 Feb 2020 00:00:59 GMT",620,,,,,,,,,,,,,,,,,,,,,,,,,,,,,,,,,,,,,,,,,,,,,,,,,,,,,,,,,,,,,,,,,,,,,,,,,
5e51d59ff9af8b68ac24a021,0039,"Thu, 06 Feb 2020 17:35:50 GMT","Fri, 07 Feb 2020 00:40:47 GMT",,20.564,2_39_78_364_2020-02-06 17:35:50.126747,0002,CA-495,2-39-78-364,America/Los_Angeles,000001137,400,40,100,380,"Thu, 06 Feb 2020 17:36:08 GMT",true,"Thu, 06 Feb 2020 23:55:50 GMT",1137,,,,,,,,,,,,,,,,,,,,,,,,,,,,,,,,,,,,,,,,,,,,,,,,,,,,,,,,,,,,,,,,,,,,,,,,,
5e51d59ff9af8b68ac24a022,0039,"Thu, 06 Feb 2020 17:38:36 GMT","Fri, 07 Feb 2020 00:04:35 GMT",,13.081,2_39_88_24_2020-02-06 17:38:36.055166,0002,CA-314,2-39-88-24,America/Los_Angeles,000001912,400,20,50,392,"Thu, 06 Feb 2020 17:38:54 GMT",true,"Fri, 07 Feb 2020 00:10:36 GMT",1912,,,,,,,,,,,,,,,,,,,,,,,,,,,,,,,,,,,,,,,,,,,,,,,,,,,,,,,,,,,,,,,,,,,,,,,,,
5e51d59ff9af8b68ac24a023,0039,"Thu, 06 Feb 2020 18:15:02 GMT","Thu, 06 Feb 2020 21:40:54 GMT",,1.373,2_39_78_363_2020-02-06 18:15:02.385705,0002,CA-320,2-39-78-363,America/Los_Angeles,,,,,,,,,,,,,,,,,,,,,,,,,,,,,,,,,,,,,,,,,,,,,,,,,,,,,,,,,,,,,,,,,,,,,,,,,,,,,,,,,,
5e51d59ff9af8b68ac24a024,0039,"Thu, 06 Feb 2020 18:26:16 GMT","Thu, 06 Feb 2020 21:25:21 GMT",,0.917,2_39_78_367_2020-02-06 18:26:16.371409,0002,CA-494,2-39-78-367,America/Los_Angeles,,,,,,,,,,,,,,,,,,,,,,,,,,,,,,,,,,,,,,,,,,,,,,,,,,,,,,,,,,,,,,,,,,,,,,,,,,,,,,,,,,
5e51d59ff9af8b68ac24a025,0039,"Thu, 06 Feb 2020 21:25:55 GMT","Fri, 07 Feb 2020 01:23:09 GMT",,0.909,2_39_78_367_2020-02-06 21:25:54.595342,0002,CA-494,2-39-78-367,America/Los_Angeles,,,,,,,,,,,,,,,,,,,,,,,,,,,,,,,,,,,,,,,,,,,,,,,,,,,,,,,,,,,,,,,,,,,,,,,,,,,,,,,,,,
5e51d59ff9af8b68ac24a026,0039,"Thu, 06 Feb 2020 21:28:44 GMT","Fri, 07 Feb 2020 02:32:57 GMT",,6.601,2_39_126_20_2020-02-06 21:28:43.545169,0002,CA-310,2-39-126-20,America/Los_Angeles,000001124,400,8,20,60,"Thu, 06 Feb 2020 21:29:49 GMT",true,"Thu, 06 Feb 2020 22:28:44 GMT",1124,,,,,,,,,,,,,,,,,,,,,,,,,,,,,,,,,,,,,,,,,,,,,,,,,,,,,,,,,,,,,,,,,,,,,,,,,
5e51d59ff9af8b68ac24a027,0039,"Thu, 06 Feb 2020 21:58:19 GMT","Fri, 07 Feb 2020 01:43:22 GMT",,0.833,2_39_78_363_2020-02-06 21:58:18.744157,0002,CA-320,2-39-78-363,America/Los_Angeles,,,,,,,,,,,,,,,,,,,,,,,,,,,,,,,,,,,,,,,,,,,,,,,,,,,,,,,,,,,,,,,,,,,,,,,,,,,,,,,,,,
5e51d59ff9af8b68ac24a028,0039,"Thu, 06 Feb 2020 22:29:33 GMT","Thu, 06 Feb 2020 23:53:05 GMT",,1.069,2_39_79_383_2020-02-06 22:29:32.577008,0002,CA-492,2-39-79-383,America/Los_Angeles,000001236,400,8,20,67,"Thu, 06 Feb 2020 23:48:23 GMT",true,"Thu, 06 Feb 2020 23:36:33 GMT",1236,,,,,,,,,,,,,,,,,,,,,,,,,,,,,,,,,,,,,,,,,,,,,,,,,,,,,,,,,,,,,,,,,,,,,,,,,
5e51d59ff9af8b68ac24a029,0039,"Thu, 06 Feb 2020 23:16:28 GMT","Fri, 07 Feb 2020 02:17:24 GMT",,1.233,2_39_123_23_2020-02-06 23:16:28.080258,0002,CA-313,2-39-123-23,America/Los_Angeles,000002170,400,28,70,417,"Thu, 06 Feb 2020 23:16:29 GMT",true,"Fri, 07 Feb 2020 06:13:28 GMT",2170,,,,,,,,,,,,,,,,,,,,,,,,,,,,,,,,,,,,,,,,,,,,,,,,,,,,,,,,,,,,,,,,,,,,,,,,,
5e51d59ff9af8b68ac24a02a,0039,"Fri, 07 Feb 2020 01:37:15 GMT","Fri, 07 Feb 2020 02:24:56 GMT",,2.555,2_39_138_29_2020-02-07 01:37:14.560397,0002,CA-304,2-39-138-29,America/Los_Angeles,000001366,400,8,20,60,"Fri, 07 Feb 2020 01:38:01 GMT",true,"Fri, 07 Feb 2020 02:37:15 GMT",1366,,,,,,,,,,,,,,,,,,,,,,,,,,,,,,,,,,,,,,,,,,,,,,,,,,,,,,,,,,,,,,,,,,,,,,,,,
5e51d59ff9af8b68ac24a02b,0039,"Fri, 07 Feb 2020 01:58:02 GMT","Fri, 07 Feb 2020 03:18:46 GMT",,3.902,2_39_131_30_2020-02-07 01:58:02.246968,0002,CA-305,2-39-131-30,America/Los_Angeles,000003123,400,4,10,154,"Fri, 07 Feb 2020 01:58:07 GMT",true,"Fri, 07 Feb 2020 04:32:02 GMT",3123,,,,,,,,,,,,,,,,,,,,,,,,,,,,,,,,,,,,,,,,,,,,,,,,,,,,,,,,,,,,,,,,,,,,,,,,,
5e51d59ff9af8b68ac24a02c,0039,"Fri, 07 Feb 2020 01:58:11 GMT","Fri, 07 Feb 2020 02:04:45 GMT",,0.668,2_39_139_28_2020-02-07 01:58:11.479615,0002,CA-303,2-39-139-28,America/Los_Angeles,000000067,250,50,200,473,"Fri, 07 Feb 2020 01:58:34 GMT",true,"Fri, 07 Feb 2020 09:51:11 GMT",67,,250,50,200,60,"Fri, 07 Feb 2020 01:58:42 GMT",true,"Fri, 07 Feb 2020 02:58:11 GMT",67,250,50,200,515,"Fri, 07 Feb 2020 01:59:33 GMT",true,"Fri, 07 Feb 2020 10:33:11 GMT",67,250,50,200,64,"Fri, 07 Feb 2020 02:03:51 GMT",true,"Fri, 07 Feb 2020 03:02:11 GMT",67,250,50,200,472,"Fri, 07 Feb 2020 02:04:06 GMT",true,"Fri, 07 Feb 2020 09:50:11 GMT",67,250,50,200,472,"Fri, 07 Feb 2020 02:04:26 GMT",true,"Fri, 07 Feb 2020 09:50:11 GMT",67,,,,,,,,,,,,,,,,,,,,,,,,,,,,,,,,
5e51d59ff9af8b68ac24a02d,0039,"Fri, 07 Feb 2020 02:07:16 GMT","Fri, 07 Feb 2020 06:06:55 GMT",,25.921,2_39_130_31_2020-02-07 02:07:15.769009,0002,CA-306,2-39-130-31,America/Los_Angeles,000000067,250,50,200,472,"Fri, 07 Feb 2020 02:07:35 GMT",true,"Fri, 07 Feb 2020 09:59:16 GMT",67,,250,50,200,472,"Fri, 07 Feb 2020 06:06:43 GMT",true,"Fri, 07 Feb 2020 09:59:16 GMT",67,,,,,,,,,,,,,,,,,,,,,,,,,,,,,,,,,,,,,,,,,,,,,,,,,,,,,,,,,,,,,,,,
5e51d59ff9af8b68ac24a02e,0039,"Fri, 07 Feb 2020 02:17:57 GMT","Fri, 07 Feb 2020 03:33:09 GMT",,0.898,2_39_139_28_2020-02-07 02:17:57.353501,0002,CA-303,2-39-139-28,America/Los_Angeles,,,,,,,,,,,,,,,,,,,,,,,,,,,,,,,,,,,,,,,,,,,,,,,,,,,,,,,,,,,,,,,,,,,,,,,,,,,,,,,,,,
5e51d59ff9af8b68ac24a02f,0039,"Fri, 07 Feb 2020 04:26:10 GMT","Fri, 07 Feb 2020 05:49:07 GMT",,4.525,2_39_139_28_2020-02-07 04:26:09.904479,0002,CA-303,2-39-139-28,America/Los_Angeles,000001263,400,12,30,115,"Fri, 07 Feb 2020 04:26:38 GMT",true,"Fri, 07 Feb 2020 06:21:10 GMT",1263,,,,,,,,,,,,,,,,,,,,,,,,,,,,,,,,,,,,,,,,,,,,,,,,,,,,,,,,,,,,,,,,,,,,,,,,,
5e51d59ff9af8b68ac24a030,0039,"Fri, 07 Feb 2020 05:33:57 GMT","Fri, 07 Feb 2020 06:30:23 GMT",,2.975,2_39_126_20_2020-02-07 05:33:57.325049,0002,CA-310,2-39-126-20,America/Los_Angeles,000004622,300,6,20,62,"Fri, 07 Feb 2020 05:34:18 GMT",true,"Fri, 07 Feb 2020 06:35:57 GMT",4622,,,,,,,,,,,,,,,,,,,,,,,,,,,,,,,,,,,,,,,,,,,,,,,,,,,,,,,,,,,,,,,,,,,,,,,,,
5e53271ff9af8b6cadce9b66,0039,"Fri, 07 Feb 2020 08:18:00 GMT","Fri, 07 Feb 2020 09:27:49 GMT",,0.902,2_39_95_27_2020-02-07 08:18:00.438774,0002,CA-319,2-39-95-27,America/Los_Angeles,,,,,,,,,,,,,,,,,,,,,,,,,,,,,,,,,,,,,,,,,,,,,,,,,,,,,,,,,,,,,,,,,,,,,,,,,,,,,,,,,,
5e53271ff9af8b6cadce9b67,0039,"Fri, 07 Feb 2020 09:28:12 GMT","Fri, 07 Feb 2020 15:18:04 GMT",,0.881,2_39_78_363_2020-02-07 09:28:12.051684,0002,CA-320,2-39-78-363,America/Los_Angeles,,,,,,,,,,,,,,,,,,,,,,,,,,,,,,,,,,,,,,,,,,,,,,,,,,,,,,,,,,,,,,,,,,,,,,,,,,,,,,,,,,
5e53271ff9af8b6cadce9b68,0039,"Fri, 07 Feb 2020 14:43:33 GMT","Fri, 07 Feb 2020 22:12:20 GMT",,13.141,2_39_79_383_2020-02-07 14:43:32.988737,0002,CA-492,2-39-79-383,America/Los_Angeles,000004913,400,20,50,720,"Fri, 07 Feb 2020 14:44:00 GMT",true,"Sat, 08 Feb 2020 02:43:33 GMT",4913,,,,,,,,,,,,,,,,,,,,,,,,,,,,,,,,,,,,,,,,,,,,,,,,,,,,,,,,,,,,,,,,,,,,,,,,,
5e53271ff9af8b6cadce9b69,0039,"Fri, 07 Feb 2020 14:52:53 GMT","Sat, 08 Feb 2020 00:59:21 GMT",,3.503,2_39_89_25_2020-02-07 14:52:52.713288,0002,CA-315,2-39-89-25,America/Los_Angeles,000000743,400,8,20,479,"Fri, 07 Feb 2020 14:53:01 GMT",true,"Fri, 07 Feb 2020 22:51:53 GMT",743,,400,8,20,557,"Fri, 07 Feb 2020 14:53:22 GMT",true,"Sat, 08 Feb 2020 00:09:53 GMT",743,400,8,20,60,"Fri, 07 Feb 2020 14:53:56 GMT",true,"Fri, 07 Feb 2020 15:52:53 GMT",743,,,,,,,,,,,,,,,,,,,,,,,,,,,,,,,,,,,,,,,,,,,,,,,,,,,,,,,,
5e53271ff9af8b6cadce9b6a,0039,"Fri, 07 Feb 2020 15:54:51 GMT","Sat, 08 Feb 2020 00:58:08 GMT",,4.206,2_39_131_30_2020-02-07 15:54:50.847679,0002,CA-305,2-39-131-30,America/Los_Angeles,000000347,600,12,20,77,"Fri, 07 Feb 2020 15:55:07 GMT",true,"Fri, 07 Feb 2020 17:11:51 GMT",347,,,,,,,,,,,,,,,,,,,,,,,,,,,,,,,,,,,,,,,,,,,,,,,,,,,,,,,,,,,,,,,,,,,,,,,,,
5e53271ff9af8b6cadce9b6b,0039,"Fri, 07 Feb 2020 16:05:40 GMT","Sat, 08 Feb 2020 01:38:46 GMT",,3.292,2_39_79_382_2020-02-07 16:05:39.921197,0002,CA-491,2-39-79-382,America/Los_Angeles,000004701,300,12,40,311,"Fri, 07 Feb 2020 16:06:53 GMT",true,"Fri, 07 Feb 2020 21:16:40 GMT",4701,,,,,,,,,,,,,,,,,,,,,,,,,,,,,,,,,,,,,,,,,,,,,,,,,,,,,,,,,,,,,,,,,,,,,,,,,
5e53271ff9af8b6cadce9b6c,0039,"Fri, 07 Feb 2020 16:06:40 GMT","Fri, 07 Feb 2020 17:29:44 GMT",,0.788,2_39_79_380_2020-02-07 16:06:39.769968,0002,CA-489,2-39-79-380,America/Los_Angeles,,,,,,,,,,,,,,,,,,,,,,,,,,,,,,,,,,,,,,,,,,,,,,,,,,,,,,,,,,,,,,,,,,,,,,,,,,,,,,,,,,
5e53271ff9af8b6cadce9b6d,0039,"Fri, 07 Feb 2020 16:13:24 GMT","Fri, 07 Feb 2020 22:10:13 GMT",,5.062,2_39_130_31_2020-02-07 16:13:23.923912,0002,CA-306,2-39-130-31,America/Los_Angeles,000001564,300,12,40,241,"Fri, 07 Feb 2020 16:13:26 GMT",true,"Fri, 07 Feb 2020 20:14:24 GMT",1564,,,,,,,,,,,,,,,,,,,,,,,,,,,,,,,,,,,,,,,,,,,,,,,,,,,,,,,,,,,,,,,,,,,,,,,,,
5e53271ff9af8b6cadce9b6e,0039,"Fri, 07 Feb 2020 16:16:19 GMT","Sat, 08 Feb 2020 01:38:07 GMT",,34.528,2_39_79_381_2020-02-07 16:16:19.103607,0002,CA-490,2-39-79-381,America/Los_Angeles,000003424,295,59,200,609,"Fri, 07 Feb 2020 16:16:56 GMT",true,"Sat, 08 Feb 2020 02:25:19 GMT",3424,,,,,,,,,,,,,,,,,,,,,,,,,,,,,,,,,,,,,,,,,,,,,,,,,,,,,,,,,,,,,,,,,,,,,,,,,
5e53271ff9af8b6cadce9b6f,0039,"Fri, 07 Feb 2020 16:19:42 GMT","Fri, 07 Feb 2020 19:59:52 GMT",,24.17,2_39_95_444_2020-02-07 16:19:42.264036,0002,CA-497,2-39-95-444,America/Los_Angeles,000003449,276,40.02,145,494,"Fri, 07 Feb 2020 16:20:03 GMT",true,"Sat, 08 Feb 2020 00:33:42 GMT",3449,,,,,,,,,,,,,,,,,,,,,,,,,,,,,,,,,,,,,,,,,,,,,,,,,,,,,,,,,,,,,,,,,,,,,,,,,
5e53271ff9af8b6cadce9b70,0039,"Fri, 07 Feb 2020 16:21:37 GMT","Sat, 08 Feb 2020 01:25:10 GMT",,6.86,2_39_127_19_2020-02-07 16:21:37.310769,0002,CA-309,2-39-127-19,America/Los_Angeles,000004947,380,11.4,30,499,"Fri, 07 Feb 2020 16:22:00 GMT",true,"Sat, 08 Feb 2020 00:40:37 GMT",4947,,,,,,,,,,,,,,,,,,,,,,,,,,,,,,,,,,,,,,,,,,,,,,,,,,,,,,,,,,,,,,,,,,,,,,,,,
5e53271ff9af8b6cadce9b71,0039,"Fri, 07 Feb 2020 16:31:57 GMT","Sat, 08 Feb 2020 02:07:05 GMT",,1.958,2_39_79_379_2020-02-07 16:31:56.561550,0002,CA-327,2-39-79-379,America/Los_Angeles,000000751,400,40,100,717,"Fri, 07 Feb 2020 16:33:22 GMT",true,"Sat, 08 Feb 2020 04:28:57 GMT",751,,,,,,,,,,,,,,,,,,,,,,,,,,,,,,,,,,,,,,,,,,,,,,,,,,,,,,,,,,,,,,,,,,,,,,,,,
5e53271ff9af8b6cadce9b72,0039,"Fri, 07 Feb 2020 16:33:16 GMT","Sat, 08 Feb 2020 01:43:11 GMT",,17.31,2_39_78_366_2020-02-07 16:33:16.373420,0002,CA-323,2-39-78-366,America/Los_Angeles,000003853,360,46.8,130,523,"Fri, 07 Feb 2020 16:33:32 GMT",true,"Sat, 08 Feb 2020 01:16:16 GMT",3853,,,,,,,,,,,,,,,,,,,,,,,,,,,,,,,,,,,,,,,,,,,,,,,,,,,,,,,,,,,,,,,,,,,,,,,,,
5e53271ff9af8b6cadce9b73,0039,"Fri, 07 Feb 2020 16:37:21 GMT","Sat, 08 Feb 2020 01:08:40 GMT",,6.373,2_39_91_441_2020-02-07 16:36:59.193152,0002,CA-499,2-39-91-441,America/Los_Angeles,000005594,360,7.2,20,151,"Fri, 07 Feb 2020 16:37:20 GMT",true,"Fri, 07 Feb 2020 19:08:21 GMT",5594,,360,7.2,20,177,"Fri, 07 Feb 2020 19:04:23 GMT",true,"Fri, 07 Feb 2020 19:34:21 GMT",5594,360,7.2,20,207,"Fri, 07 Feb 2020 21:19:36 GMT",true,"Fri, 07 Feb 2020 20:04:21 GMT",5594,,,,,,,,,,,,,,,,,,,,,,,,,,,,,,,,,,,,,,,,,,,,,,,,,,,,,,,,
5e53271ff9af8b6cadce9b74,0039,"Fri, 07 Feb 2020 16:41:35 GMT","Fri, 07 Feb 2020 19:31:04 GMT",,5.375,2_39_78_362_2020-02-07 16:41:35.494383,0002,CA-496,2-39-78-362,America/Los_Angeles,000001470,292,17.52,60,252,"Fri, 07 Feb 2020 16:41:57 GMT",true,"Fri, 07 Feb 2020 20:53:35 GMT",1470,,,,,,,,,,,,,,,,,,,,,,,,,,,,,,,,,,,,,,,,,,,,,,,,,,,,,,,,,,,,,,,,,,,,,,,,,
5e53271ff9af8b6cadce9b75,0039,"Fri, 07 Feb 2020 16:44:17 GMT","Fri, 07 Feb 2020 19:55:11 GMT",,4.946,2_39_129_17_2020-02-07 16:44:17.173591,0002,CA-307,2-39-129-17,America/Los_Angeles,000000562,325,6.5,20,199,"Fri, 07 Feb 2020 16:44:38 GMT",true,"Fri, 07 Feb 2020 20:03:17 GMT",562,,,,,,,,,,,,,,,,,,,,,,,,,,,,,,,,,,,,,,,,,,,,,,,,,,,,,,,,,,,,,,,,,,,,,,,,,
5e53271ff9af8b6cadce9b76,0039,"Fri, 07 Feb 2020 16:45:38 GMT","Sat, 08 Feb 2020 01:22:12 GMT",,8.511,2_39_125_21_2020-02-07 16:45:37.778983,0002,CA-311,2-39-125-21,America/Los_Angeles,000000712,400,16,40,306,"Fri, 07 Feb 2020 16:46:07 GMT",true,"Fri, 07 Feb 2020 21:51:38 GMT",712,,,,,,,,,,,,,,,,,,,,,,,,,,,,,,,,,,,,,,,,,,,,,,,,,,,,,,,,,,,,,,,,,,,,,,,,,
5e53271ff9af8b6cadce9b77,0039,"Fri, 07 Feb 2020 16:55:29 GMT","Fri, 07 Feb 2020 20:45:02 GMT",,3.469,2_39_78_363_2020-02-07 16:55:09.254643,0002,CA-320,2-39-78-363,America/Los_Angeles,000006097,400,8,20,60,"Fri, 07 Feb 2020 16:55:29 GMT",true,"Fri, 07 Feb 2020 17:55:29 GMT",6097,,,,,,,,,,,,,,,,,,,,,,,,,,,,,,,,,,,,,,,,,,,,,,,,,,,,,,,,,,,,,,,,,,,,,,,,,
5e53271ff9af8b6cadce9b78,0039,"Fri, 07 Feb 2020 16:56:38 GMT","Sat, 08 Feb 2020 05:30:33 GMT","Sat, 08 Feb 2020 05:29:37 GMT",2.033,2_39_90_26_2020-02-07 16:56:37.631084,0002,CA-316,2-39-90-26,America/Los_Angeles,000000324,444,8.88,20,163,"Fri, 07 Feb 2020 16:56:48 GMT",true,"Fri, 07 Feb 2020 19:39:38 GMT",324,,,,,,,,,,,,,,,,,,,,,,,,,,,,,,,,,,,,,,,,,,,,,,,,,,,,,,,,,,,,,,,,,,,,,,,,,
5e53271ff9af8b6cadce9b79,0039,"Fri, 07 Feb 2020 17:07:08 GMT","Sat, 08 Feb 2020 01:20:23 GMT",,4.415,2_39_126_20_2020-02-07 17:07:08.302996,0002,CA-310,2-39-126-20,America/Los_Angeles,000001366,400,8,20,60,"Fri, 07 Feb 2020 17:07:22 GMT",true,"Fri, 07 Feb 2020 18:07:08 GMT",1366,,,,,,,,,,,,,,,,,,,,,,,,,,,,,,,,,,,,,,,,,,,,,,,,,,,,,,,,,,,,,,,,,,,,,,,,,
5e53271ff9af8b6cadce9b7a,0039,"Fri, 07 Feb 2020 17:08:00 GMT","Sat, 08 Feb 2020 02:23:27 GMT",,3.915,2_39_123_23_2020-02-07 17:08:00.248231,0002,CA-313,2-39-123-23,America/Los_Angeles,000000567,400,8,20,720,"Fri, 07 Feb 2020 17:08:10 GMT",true,"Sat, 08 Feb 2020 05:08:00 GMT",567,,400,8,20,429,"Fri, 07 Feb 2020 17:39:31 GMT",true,"Sat, 08 Feb 2020 00:17:00 GMT",567,400,8,20,91,"Fri, 07 Feb 2020 18:41:38 GMT",true,"Fri, 07 Feb 2020 18:39:00 GMT",567,,,,,,,,,,,,,,,,,,,,,,,,,,,,,,,,,,,,,,,,,,,,,,,,,,,,,,,,
5e53271ff9af8b6cadce9b7b,0039,"Fri, 07 Feb 2020 17:29:12 GMT","Sat, 08 Feb 2020 00:08:51 GMT",,13.331,2_39_124_22_2020-02-07 17:29:12.112481,0002,CA-312,2-39-124-22,America/Los_Angeles,000001912,400,20,50,392,"Fri, 07 Feb 2020 17:29:12 GMT",true,"Sat, 08 Feb 2020 00:01:12 GMT",1912,,,,,,,,,,,,,,,,,,,,,,,,,,,,,,,,,,,,,,,,,,,,,,,,,,,,,,,,,,,,,,,,,,,,,,,,,
5e53271ff9af8b6cadce9b7c,0039,"Fri, 07 Feb 2020 17:42:42 GMT","Sat, 08 Feb 2020 02:20:54 GMT",,0.978,2_39_79_376_2020-02-07 17:42:42.116346,0002,CA-324,2-39-79-376,America/Los_Angeles,,,,,,,,,,,,,,,,,,,,,,,,,,,,,,,,,,,,,,,,,,,,,,,,,,,,,,,,,,,,,,,,,,,,,,,,,,,,,,,,,,
5e53271ff9af8b6cadce9b7d,0039,"Fri, 07 Feb 2020 17:43:07 GMT","Sat, 08 Feb 2020 00:21:23 GMT",,10.693,2_39_79_377_2020-02-07 17:42:55.380257,0002,CA-325,2-39-79-377,America/Los_Angeles,000002461,400,12,30,273,"Fri, 07 Feb 2020 17:43:07 GMT",true,"Fri, 07 Feb 2020 22:16:07 GMT",2461,,,,,,,,,,,,,,,,,,,,,,,,,,,,,,,,,,,,,,,,,,,,,,,,,,,,,,,,,,,,,,,,,,,,,,,,,
5e53271ff9af8b6cadce9b7e,0039,"Fri, 07 Feb 2020 17:50:03 GMT","Sat, 08 Feb 2020 04:36:07 GMT",,15.208,2_39_78_364_2020-02-07 17:50:02.952708,0002,CA-495,2-39-78-364,America/Los_Angeles,000000671,267,29.37,110,154,"Fri, 07 Feb 2020 17:50:21 GMT",true,"Fri, 07 Feb 2020 20:24:03 GMT",671,,267,29.37,110,271,"Fri, 07 Feb 2020 17:50:31 GMT",true,"Fri, 07 Feb 2020 22:21:03 GMT",671,,,,,,,,,,,,,,,,,,,,,,,,,,,,,,,,,,,,,,,,,,,,,,,,,,,,,,,,,,,,,,,,
5e53271ff9af8b6cadce9b7f,0039,"Fri, 07 Feb 2020 17:55:58 GMT","Fri, 07 Feb 2020 19:19:26 GMT",,8.836,2_39_91_437_2020-02-07 17:55:58.285959,0002,CA-317,2-39-91-437,America/Los_Angeles,000001039,400,80,200,327,"Fri, 07 Feb 2020 17:56:22 GMT",true,"Fri, 07 Feb 2020 23:22:58 GMT",1039,,,,,,,,,,,,,,,,,,,,,,,,,,,,,,,,,,,,,,,,,,,,,,,,,,,,,,,,,,,,,,,,,,,,,,,,,
5e53271ff9af8b6cadce9b80,0039,"Fri, 07 Feb 2020 17:58:01 GMT","Fri, 07 Feb 2020 23:52:50 GMT",,7.139,2_39_78_365_2020-02-07 17:58:01.358925,0002,CA-321,2-39-78-365,America/Los_Angeles,000000515,400,12,30,189,"Fri, 07 Feb 2020 17:58:35 GMT",true,"Fri, 07 Feb 2020 21:07:01 GMT",515,,400,12,30,189,"Fri, 07 Feb 2020 17:58:47 GMT",true,"Fri, 07 Feb 2020 21:07:01 GMT",515,400,12,30,189,"Fri, 07 Feb 2020 17:59:04 GMT",true,"Fri, 07 Feb 2020 21:07:01 GMT",515,400,12,30,189,"Fri, 07 Feb 2020 17:59:25 GMT",true,"Fri, 07 Feb 2020 21:07:01 GMT",515,400,12,30,61,"Fri, 07 Feb 2020 18:00:43 GMT",true,"Fri, 07 Feb 2020 18:59:01 GMT",515,400,12,30,62,"Fri, 07 Feb 2020 18:01:33 GMT",true,"Fri, 07 Feb 2020 19:00:01 GMT",515,,,,,,,,,,,,,,,,,,,,,,,,,,,,,,,,
5e53271ff9af8b6cadce9b81,0039,"Fri, 07 Feb 2020 18:06:09 GMT","Sat, 08 Feb 2020 01:19:22 GMT",,0.962,2_39_95_27_2020-02-07 18:06:09.486833,0002,CA-319,2-39-95-27,America/Los_Angeles,,,,,,,,,,,,,,,,,,,,,,,,,,,,,,,,,,,,,,,,,,,,,,,,,,,,,,,,,,,,,,,,,,,,,,,,,,,,,,,,,,
5e53271ff9af8b6cadce9b82,0039,"Fri, 07 Feb 2020 18:06:11 GMT","Fri, 07 Feb 2020 21:29:40 GMT",,0.767,2_39_89_439_2020-02-07 18:06:11.189474,0002,CA-501,2-39-89-439,America/Los_Angeles,,,,,,,,,,,,,,,,,,,,,,,,,,,,,,,,,,,,,,,,,,,,,,,,,,,,,,,,,,,,,,,,,,,,,,,,,,,,,,,,,,
5e53271ff9af8b6cadce9b83,0039,"Fri, 07 Feb 2020 18:18:18 GMT","Fri, 07 Feb 2020 21:22:00 GMT",,6.358,2_39_78_367_2020-02-07 18:18:18.158033,0002,CA-494,2-39-78-367,America/Los_Angeles,000005368,400,8,20,73,"Fri, 07 Feb 2020 18:20:56 GMT",true,"Fri, 07 Feb 2020 19:31:18 GMT",5368,,,,,,,,,,,,,,,,,,,,,,,,,,,,,,,,,,,,,,,,,,,,,,,,,,,,,,,,,,,,,,,,,,,,,,,,,
5e53271ff9af8b6cadce9b84,0039,"Fri, 07 Feb 2020 18:18:52 GMT","Sat, 08 Feb 2020 03:16:47 GMT",,14.007,2_39_79_380_2020-02-07 18:18:52.025708,0002,CA-489,2-39-79-380,America/Los_Angeles,000000558,400,32,80,60,"Fri, 07 Feb 2020 18:20:20 GMT",true,"Fri, 07 Feb 2020 19:18:52 GMT",558,,,,,,,,,,,,,,,,,,,,,,,,,,,,,,,,,,,,,,,,,,,,,,,,,,,,,,,,,,,,,,,,,,,,,,,,,
5e53271ff9af8b6cadce9b85,0039,"Fri, 07 Feb 2020 18:23:47 GMT","Sat, 08 Feb 2020 01:52:42 GMT",,14.705,2_39_92_442_2020-02-07 18:23:46.820405,0002,CA-498,2-39-92-442,America/Los_Angeles,000000714,400,32,80,445,"Fri, 07 Feb 2020 18:24:17 GMT",true,"Sat, 08 Feb 2020 01:48:47 GMT",714,,,,,,,,,,,,,,,,,,,,,,,,,,,,,,,,,,,,,,,,,,,,,,,,,,,,,,,,,,,,,,,,,,,,,,,,,
5e53271ff9af8b6cadce9b86,0039,"Fri, 07 Feb 2020 18:24:35 GMT","Fri, 07 Feb 2020 20:46:19 GMT",,5.638,2_39_123_557_2020-02-07 18:24:34.621055,0002,CA-503,2-39-123-557,America/Los_Angeles,000000798,400,12,30,111,"Fri, 07 Feb 2020 18:25:18 GMT",true,"Fri, 07 Feb 2020 20:15:35 GMT",798,,,,,,,,,,,,,,,,,,,,,,,,,,,,,,,,,,,,,,,,,,,,,,,,,,,,,,,,,,,,,,,,,,,,,,,,,
5e53271ff9af8b6cadce9b87,0039,"Fri, 07 Feb 2020 18:26:20 GMT","Fri, 07 Feb 2020 23:47:19 GMT",,5.881,2_39_90_440_2020-02-07 18:26:20.371483,0002,CA-500,2-39-90-440,America/Los_Angeles,000001222,400,8,20,72,"Fri, 07 Feb 2020 18:26:41 GMT",true,"Fri, 07 Feb 2020 19:38:20 GMT",1222,,,,,,,,,,,,,,,,,,,,,,,,,,,,,,,,,,,,,,,,,,,,,,,,,,,,,,,,,,,,,,,,,,,,,,,,,
5e53271ff9af8b6cadce9b88,0039,"Fri, 07 Feb 2020 20:27:10 GMT","Sat, 08 Feb 2020 02:26:22 GMT",,6.62,2_39_129_17_2020-02-07 20:27:10.231195,0002,CA-307,2-39-129-17,America/Los_Angeles,000001124,400,8,20,60,"Fri, 07 Feb 2020 20:29:05 GMT",true,"Fri, 07 Feb 2020 21:27:10 GMT",1124,,,,,,,,,,,,,,,,,,,,,,,,,,,,,,,,,,,,,,,,,,,,,,,,,,,,,,,,,,,,,,,,,,,,,,,,,
5e53271ff9af8b6cadce9b89,0039,"Fri, 07 Feb 2020 21:30:31 GMT","Fri, 07 Feb 2020 21:53:53 GMT",,2.021,2_39_78_367_2020-02-07 21:30:06.885523,0002,CA-494,2-39-78-367,America/Los_Angeles,000006105,275,19.25,70,102,"Fri, 07 Feb 2020 21:30:31 GMT",true,"Fri, 07 Feb 2020 23:12:31 GMT",6105,,275,16.5,60,95,"Fri, 07 Feb 2020 21:32:15 GMT",true,"Fri, 07 Feb 2020 23:05:31 GMT",6105,275,16.5,60,62,"Fri, 07 Feb 2020 21:34:18 GMT",true,"Fri, 07 Feb 2020 22:32:31 GMT",6105,275,16.5,60,93,"Fri, 07 Feb 2020 21:35:09 GMT",true,"Fri, 07 Feb 2020 23:03:31 GMT",6105,275,16.5,60,109,"Fri, 07 Feb 2020 21:41:49 GMT",true,"Fri, 07 Feb 2020 23:19:31 GMT",6105,275,16.5,60,109,"Fri, 07 Feb 2020 21:53:21 GMT",true,"Fri, 07 Feb 2020 23:19:31 GMT",6105,,,,,,,,,,,,,,,,,,,,,,,,,,,,,,,,
5e53271ff9af8b6cadce9b8a,0039,"Fri, 07 Feb 2020 22:09:08 GMT","Sat, 08 Feb 2020 01:09:10 GMT",,19.849,2_39_89_439_2020-02-07 22:09:08.048898,0002,CA-501,2-39-89-439,America/Los_Angeles,000001087,400,32,80,311,"Fri, 07 Feb 2020 22:09:10 GMT",true,"Sat, 08 Feb 2020 03:20:08 GMT",1087,,,,,,,,,,,,,,,,,,,,,,,,,,,,,,,,,,,,,,,,,,,,,,,,,,,,,,,,,,,,,,,,,,,,,,,,,
5e53271ff9af8b6cadce9b8b,0039,"Fri, 07 Feb 2020 22:18:18 GMT","Sat, 08 Feb 2020 03:48:52 GMT",,35.658,2_39_79_383_2020-02-07 22:18:08.220405,0002,CA-492,2-39-79-383,America/Los_Angeles,000002743,240,60,250,576,"Fri, 07 Feb 2020 22:18:18 GMT",true,"Sat, 08 Feb 2020 07:54:18 GMT",2743,,,,,,,,,,,,,,,,,,,,,,,,,,,,,,,,,,,,,,,,,,,,,,,,,,,,,,,,,,,,,,,,,,,,,,,,,
5e53271ff9af8b6cadce9b8c,0039,"Sat, 08 Feb 2020 01:05:19 GMT","Sat, 08 Feb 2020 02:19:16 GMT",,0.846,2_39_91_437_2020-02-08 01:05:18.701998,0002,CA-317,2-39-91-437,America/Los_Angeles,,,,,,,,,,,,,,,,,,,,,,,,,,,,,,,,,,,,,,,,,,,,,,,,,,,,,,,,,,,,,,,,,,,,,,,,,,,,,,,,,,
5e5478a1f9af8b6ed9f635ad,0039,"Sat, 08 Feb 2020 08:23:48 GMT","Sat, 08 Feb 2020 20:31:11 GMT","Sat, 08 Feb 2020 10:45:03 GMT",13.897,2_39_79_383_2020-02-08 08:23:48.075885,0002,CA-492,2-39-79-383,America/Los_Angeles,000003267,400,40,100,428,"Sat, 08 Feb 2020 08:24:05 GMT",true,"Sat, 08 Feb 2020 15:31:48 GMT",3267,,,,,,,,,,,,,,,,,,,,,,,,,,,,,,,,,,,,,,,,,,,,,,,,,,,,,,,,,,,,,,,,,,,,,,,,,
5e5478a1f9af8b6ed9f635ae,0039,"Sat, 08 Feb 2020 17:54:08 GMT","Sat, 08 Feb 2020 19:22:51 GMT","Sat, 08 Feb 2020 19:22:47 GMT",9.878,2_39_139_28_2020-02-08 17:54:07.821589,0002,CA-303,2-39-139-28,America/Los_Angeles,000000248,250,15,60,190,"Sat, 08 Feb 2020 17:55:10 GMT",true,"Sat, 08 Feb 2020 21:04:08 GMT",248,,,,,,,,,,,,,,,,,,,,,,,,,,,,,,,,,,,,,,,,,,,,,,,,,,,,,,,,,,,,,,,,,,,,,,,,,
5e5478a1f9af8b6ed9f635af,0039,"Sat, 08 Feb 2020 18:06:04 GMT","Sat, 08 Feb 2020 19:00:40 GMT","Sat, 08 Feb 2020 18:43:38 GMT",1.435,2_39_131_30_2020-02-08 18:06:04.141281,0002,CA-305,2-39-131-30,America/Los_Angeles,000000365,333,9.99,30,104,"Sat, 08 Feb 2020 18:06:14 GMT",true,"Sat, 08 Feb 2020 19:50:04 GMT",365,,,,,,,,,,,,,,,,,,,,,,,,,,,,,,,,,,,,,,,,,,,,,,,,,,,,,,,,,,,,,,,,,,,,,,,,,
5e5478a1f9af8b6ed9f635b0,0039,"Sat, 08 Feb 2020 20:30:57 GMT","Sat, 08 Feb 2020 21:53:43 GMT","Sat, 08 Feb 2020 21:24:28 GMT",4.443,2_39_139_28_2020-02-08 20:30:57.352499,0002,CA-303,2-39-139-28,America/Los_Angeles,000000798,400,12,30,96,"Sat, 08 Feb 2020 20:33:44 GMT",true,"Sat, 08 Feb 2020 22:06:57 GMT",798,,,,,,,,,,,,,,,,,,,,,,,,,,,,,,,,,,,,,,,,,,,,,,,,,,,,,,,,,,,,,,,,,,,,,,,,,
5e5478a1f9af8b6ed9f635b1,0039,"Sat, 08 Feb 2020 20:33:20 GMT","Sat, 08 Feb 2020 22:01:28 GMT","Sat, 08 Feb 2020 22:01:23 GMT",4.699,2_39_131_30_2020-02-08 20:33:19.900255,0002,CA-305,2-39-131-30,America/Los_Angeles,000001236,400,8,20,67,"Sat, 08 Feb 2020 20:33:59 GMT",true,"Sat, 08 Feb 2020 21:40:20 GMT",1236,,,,,,,,,,,,,,,,,,,,,,,,,,,,,,,,,,,,,,,,,,,,,,,,,,,,,,,,,,,,,,,,,,,,,,,,,
5e5478a1f9af8b6ed9f635b2,0039,"Sat, 08 Feb 2020 20:33:21 GMT","Sun, 09 Feb 2020 00:38:20 GMT","Sun, 09 Feb 2020 00:38:14 GMT",13.932,2_39_91_437_2020-02-08 20:33:19.507490,0002,CA-317,2-39-91-437,America/Los_Angeles,000001108,400,20,50,266,"Sat, 08 Feb 2020 20:33:20 GMT",true,"Sun, 09 Feb 2020 00:59:21 GMT",1108,,,,,,,,,,,,,,,,,,,,,,,,,,,,,,,,,,,,,,,,,,,,,,,,,,,,,,,,,,,,,,,,,,,,,,,,,
5e5478a1f9af8b6ed9f635b3,0039,"Sun, 09 Feb 2020 02:07:33 GMT","Sun, 09 Feb 2020 03:57:26 GMT","Sun, 09 Feb 2020 03:57:22 GMT",5.6,2_39_127_19_2020-02-09 02:07:32.864518,0002,CA-309,2-39-127-19,America/Los_Angeles,000004622,300,6,20,62,"Sun, 09 Feb 2020 02:07:57 GMT",true,"Sun, 09 Feb 2020 03:09:33 GMT",4622,,,,,,,,,,,,,,,,,,,,,,,,,,,,,,,,,,,,,,,,,,,,,,,,,,,,,,,,,,,,,,,,,,,,,,,,,
5e5478a1f9af8b6ed9f635b4,0039,"Sun, 09 Feb 2020 03:45:48 GMT","Sun, 09 Feb 2020 04:02:41 GMT","Sun, 09 Feb 2020 04:02:38 GMT",1.224,2_39_78_367_2020-02-09 03:45:48.183745,0002,CA-494,2-39-78-367,America/Los_Angeles,000003267,400,40,100,670,"Sun, 09 Feb 2020 03:48:00 GMT",true,"Sun, 09 Feb 2020 14:55:48 GMT",3267,,,,,,,,,,,,,,,,,,,,,,,,,,,,,,,,,,,,,,,,,,,,,,,,,,,,,,,,,,,,,,,,,,,,,,,,,
5e5478a1f9af8b6ed9f635b5,0039,"Sun, 09 Feb 2020 04:20:09 GMT","Mon, 10 Feb 2020 01:03:58 GMT","Sun, 09 Feb 2020 14:51:50 GMT",0.912,2_39_78_367_2020-02-09 04:20:08.887971,0002,CA-494,2-39-78-367,America/Los_Angeles,,,,,,,,,,,,,,,,,,,,,,,,,,,,,,,,,,,,,,,,,,,,,,,,,,,,,,,,,,,,,,,,,,,,,,,,,,,,,,,,,,
5e5478a1f9af8b6ed9f635b6,0039,"Sun, 09 Feb 2020 05:26:14 GMT","Sun, 09 Feb 2020 18:39:14 GMT","Sun, 09 Feb 2020 11:43:41 GMT",40.713,2_39_139_28_2020-02-09 05:26:13.928477,0002,CA-303,2-39-139-28,America/Los_Angeles,000000489,428,102.72,240,624,"Sun, 09 Feb 2020 05:26:35 GMT",true,"Sun, 09 Feb 2020 15:50:14 GMT",489,,428,102.72,240,589,"Sun, 09 Feb 2020 05:26:46 GMT",true,"Sun, 09 Feb 2020 15:15:14 GMT",489,428,102.72,240,622,"Sun, 09 Feb 2020 05:26:56 GMT",true,"Sun, 09 Feb 2020 15:48:14 GMT",489,428,107,250,603,"Sun, 09 Feb 2020 05:27:13 GMT",true,"Sun, 09 Feb 2020 15:29:14 GMT",489,428,107,250,543,"Sun, 09 Feb 2020 05:27:24 GMT",true,"Sun, 09 Feb 2020 14:29:14 GMT",489,428,107,250,707,"Sun, 09 Feb 2020 05:27:41 GMT",true,"Sun, 09 Feb 2020 17:13:14 GMT",489,428,107,250,667,"Sun, 09 Feb 2020 05:27:47 GMT",true,"Sun, 09 Feb 2020 16:33:14 GMT",489,428,107,250,655,"Sun, 09 Feb 2020 05:27:57 GMT",true,"Sun, 09 Feb 2020 16:21:14 GMT",489,428,107,250,655,"Sun, 09 Feb 2020 05:28:17 GMT",true,"Sun, 09 Feb 2020 16:21:14 GMT",489,428,102.72,240,655,"Sun, 09 Feb 2020 05:35:55 GMT",true,"Sun, 09 Feb 2020 16:21:14 GMT",489
5e5478a1f9af8b6ed9f635b7,0039,"Sun, 09 Feb 2020 06:05:04 GMT","Sun, 09 Feb 2020 09:50:41 GMT","Sun, 09 Feb 2020 09:50:33 GMT",24.842,2_39_79_383_2020-02-09 06:05:04.418380,0002,CA-492,2-39-79-383,America/Los_Angeles,000001470,292,29.2,100,301,"Sun, 09 Feb 2020 06:05:34 GMT",true,"Sun, 09 Feb 2020 11:06:04 GMT",1470,,,,,,,,,,,,,,,,,,,,,,,,,,,,,,,,,,,,,,,,,,,,,,,,,,,,,,,,,,,,,,,,,,,,,,,,,
5e55ca1ef9af8b760613c5bb,0039,"Sun, 09 Feb 2020 17:40:04 GMT","Sun, 09 Feb 2020 19:16:05 GMT","Sun, 09 Feb 2020 19:08:32 GMT",4.306,2_39_89_25_2020-02-09 17:40:03.864400,0002,CA-315,2-39-89-25,America/Los_Angeles,000000743,400,8,20,93,"Sun, 09 Feb 2020 17:40:34 GMT",true,"Sun, 09 Feb 2020 19:13:04 GMT",743,,,,,,,,,,,,,,,,,,,,,,,,,,,,,,,,,,,,,,,,,,,,,,,,,,,,,,,,,,,,,,,,,,,,,,,,,
5e55ca1ef9af8b760613c5bc,0039,"Sun, 09 Feb 2020 19:08:31 GMT","Sun, 09 Feb 2020 20:35:31 GMT","Sun, 09 Feb 2020 20:33:41 GMT",4.613,2_39_139_28_2020-02-09 19:08:30.966694,0002,CA-303,2-39-139-28,America/Los_Angeles,000001236,400,8,20,67,"Sun, 09 Feb 2020 19:12:06 GMT",true,"Sun, 09 Feb 2020 20:15:31 GMT",1236,,400,8,20,67,"Sun, 09 Feb 2020 20:35:20 GMT",true,"Sun, 09 Feb 2020 20:15:31 GMT",1236,,,,,,,,,,,,,,,,,,,,,,,,,,,,,,,,,,,,,,,,,,,,,,,,,,,,,,,,,,,,,,,,
5e55ca1ef9af8b760613c5bd,0039,"Sun, 09 Feb 2020 19:23:22 GMT","Sun, 09 Feb 2020 20:44:36 GMT","Sun, 09 Feb 2020 20:43:41 GMT",4.422,2_39_131_30_2020-02-09 19:23:22.190228,0002,CA-305,2-39-131-30,America/Los_Angeles,000005758,400,12,30,138,"Sun, 09 Feb 2020 19:25:10 GMT",true,"Sun, 09 Feb 2020 21:41:22 GMT",5758,,400,8,20,118,"Sun, 09 Feb 2020 20:07:23 GMT",true,"Sun, 09 Feb 2020 21:21:22 GMT",5758,400,8,20,118,"Sun, 09 Feb 2020 20:44:24 GMT",true,"Sun, 09 Feb 2020 21:21:22 GMT",5758,,,,,,,,,,,,,,,,,,,,,,,,,,,,,,,,,,,,,,,,,,,,,,,,,,,,,,,,
5e55ca1ef9af8b760613c5be,0039,"Sun, 09 Feb 2020 20:15:00 GMT","Sun, 09 Feb 2020 21:39:31 GMT","Sun, 09 Feb 2020 20:43:42 GMT",4.735,2_39_91_437_2020-02-09 20:15:00.173473,0002,CA-317,2-39-91-437,America/Los_Angeles,000001108,400,20,50,99,"Sun, 09 Feb 2020 20:15:06 GMT",true,"Sun, 09 Feb 2020 21:54:00 GMT",1108,,400,20,50,99,"Sun, 09 Feb 2020 21:39:20 GMT",true,"Sun, 09 Feb 2020 21:54:00 GMT",1108,,,,,,,,,,,,,,,,,,,,,,,,,,,,,,,,,,,,,,,,,,,,,,,,,,,,,,,,,,,,,,,,
5e55ca1ef9af8b760613c5bf,0039,"Sun, 09 Feb 2020 20:37:38 GMT","Sun, 09 Feb 2020 23:00:36 GMT","Sun, 09 Feb 2020 21:58:40 GMT",8.702,2_39_90_26_2020-02-09 20:37:37.626720,0002,CA-316,2-39-90-26,America/Los_Angeles,000000364,200,10,50,136,"Sun, 09 Feb 2020 20:38:29 GMT",true,"Sun, 09 Feb 2020 22:53:38 GMT",364,,200,10,50,136,"Sun, 09 Feb 2020 23:00:24 GMT",true,"Sun, 09 Feb 2020 22:53:38 GMT",364,,,,,,,,,,,,,,,,,,,,,,,,,,,,,,,,,,,,,,,,,,,,,,,,,,,,,,,,,,,,,,,,
5e55ca1ef9af8b760613c5c0,0039,"Sun, 09 Feb 2020 21:26:43 GMT","Mon, 10 Feb 2020 00:41:19 GMT","Sun, 09 Feb 2020 23:14:48 GMT",8.978817222222224,2_39_139_28_2020-02-09 21:26:42.678731,0002,CA-303,2-39-139-28,America/Los_Angeles,000000710,400,64,160,273,"Sun, 09 Feb 2020 21:27:09 GMT",true,"Mon, 10 Feb 2020 01:59:43 GMT",710,,400,64,160,273,"Mon, 10 Feb 2020 00:40:58 GMT",true,"Mon, 10 Feb 2020 01:59:43 GMT",710,400,64,160,273,"Mon, 10 Feb 2020 00:41:08 GMT",true,"Mon, 10 Feb 2020 01:59:43 GMT",710,,,,,,,,,,,,,,,,,,,,,,,,,,,,,,,,,,,,,,,,,,,,,,,,,,,,,,,,
5e55ca1ef9af8b760613c5c1,0039,"Sun, 09 Feb 2020 21:36:42 GMT","Sun, 09 Feb 2020 22:30:48 GMT","Sun, 09 Feb 2020 21:58:41 GMT",5.23,2_39_131_30_2020-02-09 21:36:41.879098,0002,CA-305,2-39-131-30,America/Los_Angeles,000001938,400,16,40,140,"Sun, 09 Feb 2020 21:36:54 GMT",true,"Sun, 09 Feb 2020 23:56:42 GMT",1938,,400,16,40,140,"Sun, 09 Feb 2020 21:37:11 GMT",true,"Sun, 09 Feb 2020 23:56:42 GMT",1938,400,16,40,140,"Sun, 09 Feb 2020 21:37:31 GMT",true,"Sun, 09 Feb 2020 23:56:42 GMT",1938,400,16,40,141,"Sun, 09 Feb 2020 21:38:17 GMT",true,"Sun, 09 Feb 2020 23:57:42 GMT",1938,400,16,40,141,"Sun, 09 Feb 2020 21:46:17 GMT",true,"Sun, 09 Feb 2020 23:57:42 GMT",1938,400,16,40,141,"Sun, 09 Feb 2020 22:30:37 GMT",true,"Sun, 09 Feb 2020 23:57:42 GMT",1938,,,,,,,,,,,,,,,,,,,,,,,,,,,,,,,,
5e55ca1ef9af8b760613c5c2,0039,"Sun, 09 Feb 2020 22:31:47 GMT","Mon, 10 Feb 2020 03:46:10 GMT","Sun, 09 Feb 2020 23:14:48 GMT",7.893,2_39_130_31_2020-02-09 22:31:47.130267,0002,CA-306,2-39-130-31,America/Los_Angeles,000004521,400,8,20,136,"Sun, 09 Feb 2020 23:05:55 GMT",true,"Mon, 10 Feb 2020 00:47:47 GMT",4521,,400,8,20,136,"Mon, 10 Feb 2020 02:31:34 GMT",true,"Mon, 10 Feb 2020 00:47:47 GMT",4521,400,8,20,136,"Mon, 10 Feb 2020 03:45:59 GMT",true,"Mon, 10 Feb 2020 00:47:47 GMT",4521,,,,,,,,,,,,,,,,,,,,,,,,,,,,,,,,,,,,,,,,,,,,,,,,,,,,,,,,
5e55ca1ef9af8b760613c5c3,0039,"Sun, 09 Feb 2020 22:32:08 GMT","Mon, 10 Feb 2020 00:43:45 GMT","Sun, 09 Feb 2020 23:12:03 GMT",0.791,2_39_127_19_2020-02-09 22:32:08.130090,0002,CA-309,2-39-127-19,America/Los_Angeles,000001920,450,13.5,30,154,"Sun, 09 Feb 2020 22:33:05 GMT",true,"Mon, 10 Feb 2020 01:06:08 GMT",1920,,,,,,,,,,,,,,,,,,,,,,,,,,,,,,,,,,,,,,,,,,,,,,,,,,,,,,,,,,,,,,,,,,,,,,,,,
5e55ca1ef9af8b760613c5c4,0039,"Sun, 09 Feb 2020 22:46:08 GMT","Tue, 11 Feb 2020 23:27:54 GMT","Mon, 10 Feb 2020 00:49:25 GMT",12.627,2_39_79_383_2020-02-09 22:46:08.503356,0002,CA-492,2-39-79-383,America/Los_Angeles,000004913,400,20,50,720,"Sun, 09 Feb 2020 22:46:53 GMT",true,"Mon, 10 Feb 2020 10:46:08 GMT",4913,,,,,,,,,,,,,,,,,,,,,,,,,,,,,,,,,,,,,,,,,,,,,,,,,,,,,,,,,,,,,,,,,,,,,,,,,
5e55ca1ef9af8b760613c5c5,0039,"Mon, 10 Feb 2020 00:46:34 GMT","Mon, 10 Feb 2020 02:58:58 GMT","Mon, 10 Feb 2020 00:49:27 GMT",0.865,2_39_139_28_2020-02-10 00:46:34.216522,0002,CA-303,2-39-139-28,America/Los_Angeles,,,,,,,,,,,,,,,,,,,,,,,,,,,,,,,,,,,,,,,,,,,,,,,,,,,,,,,,,,,,,,,,,,,,,,,,,,,,,,,,,,
5e55ca1ef9af8b760613c5c6,0039,"Mon, 10 Feb 2020 03:17:55 GMT","Mon, 10 Feb 2020 04:10:46 GMT","Mon, 10 Feb 2020 03:35:34 GMT",2.621,2_39_125_21_2020-02-10 03:17:55.087446,0002,CA-311,2-39-125-21,America/Los_Angeles,000004622,300,6,20,61,"Mon, 10 Feb 2020 03:18:17 GMT",true,"Mon, 10 Feb 2020 04:18:55 GMT",4622,,300,6,20,61,"Mon, 10 Feb 2020 04:10:35 GMT",true,"Mon, 10 Feb 2020 04:18:55 GMT",4622,,,,,,,,,,,,,,,,,,,,,,,,,,,,,,,,,,,,,,,,,,,,,,,,,,,,,,,,,,,,,,,,
5e571bacf9af8b7a25458752,0039,"Mon, 10 Feb 2020 14:10:37 GMT","Mon, 10 Feb 2020 15:19:45 GMT",,3.538,2_39_89_25_2020-02-10 14:10:36.644769,0002,CA-315,2-39-89-25,America/Los_Angeles,000000743,400,8,20,93,"Mon, 10 Feb 2020 14:10:50 GMT",true,"Mon, 10 Feb 2020 15:43:37 GMT",743,,400,8,20,93,"Mon, 10 Feb 2020 15:19:34 GMT",true,"Mon, 10 Feb 2020 15:43:37 GMT",743,,,,,,,,,,,,,,,,,,,,,,,,,,,,,,,,,,,,,,,,,,,,,,,,,,,,,,,,,,,,,,,,
5e571bacf9af8b7a25458753,0039,"Mon, 10 Feb 2020 15:46:46 GMT","Tue, 11 Feb 2020 00:02:58 GMT","Mon, 10 Feb 2020 19:21:27 GMT",1.108,2_39_79_382_2020-02-10 15:46:46.398453,0002,CA-491,2-39-79-382,America/Los_Angeles,,,,,,,,,,,,,,,,,,,,,,,,,,,,,,,,,,,,,,,,,,,,,,,,,,,,,,,,,,,,,,,,,,,,,,,,,,,,,,,,,,
5e571bacf9af8b7a25458754,0039,"Mon, 10 Feb 2020 15:50:14 GMT","Tue, 11 Feb 2020 01:44:07 GMT","Tue, 11 Feb 2020 01:04:06 GMT",53.925,2_39_78_366_2020-02-10 15:50:14.315379,0002,CA-323,2-39-78-366,America/Los_Angeles,000003853,360,57.6,160,523,"Mon, 10 Feb 2020 15:50:57 GMT",true,"Tue, 11 Feb 2020 00:33:14 GMT",3853,,,,,,,,,,,,,,,,,,,,,,,,,,,,,,,,,,,,,,,,,,,,,,,,,,,,,,,,,,,,,,,,,,,,,,,,,
5e571bacf9af8b7a25458755,0039,"Mon, 10 Feb 2020 15:57:38 GMT","Mon, 10 Feb 2020 16:24:29 GMT",,0.717,2_39_79_380_2020-02-10 15:57:37.659374,0002,CA-489,2-39-79-380,America/Los_Angeles,,,,,,,,,,,,,,,,,,,,,,,,,,,,,,,,,,,,,,,,,,,,,,,,,,,,,,,,,,,,,,,,,,,,,,,,,,,,,,,,,,
5e571bacf9af8b7a25458756,0039,"Mon, 10 Feb 2020 16:48:55 GMT","Tue, 11 Feb 2020 01:35:39 GMT","Mon, 10 Feb 2020 19:26:17 GMT",6.113,2_39_79_379_2020-02-10 16:48:55.104952,0002,CA-327,2-39-79-379,America/Los_Angeles,000005368,400,8,20,73,"Mon, 10 Feb 2020 16:52:28 GMT",true,"Mon, 10 Feb 2020 18:01:55 GMT",5368,,,,,,,,,,,,,,,,,,,,,,,,,,,,,,,,,,,,,,,,,,,,,,,,,,,,,,,,,,,,,,,,,,,,,,,,,
5e571bacf9af8b7a25458757,0039,"Mon, 10 Feb 2020 16:54:30 GMT","Tue, 11 Feb 2020 02:01:20 GMT","Mon, 10 Feb 2020 20:44:30 GMT",23.362,2_39_79_377_2020-02-10 16:54:30.344130,0002,CA-325,2-39-79-377,America/Los_Angeles,000001104,250,37.5,150,373,"Mon, 10 Feb 2020 16:54:57 GMT",true,"Mon, 10 Feb 2020 23:07:30 GMT",1104,,,,,,,,,,,,,,,,,,,,,,,,,,,,,,,,,,,,,,,,,,,,,,,,,,,,,,,,,,,,,,,,,,,,,,,,,
5e571bacf9af8b7a25458758,0039,"Mon, 10 Feb 2020 17:02:21 GMT","Tue, 11 Feb 2020 05:03:22 GMT","Mon, 10 Feb 2020 19:21:27 GMT",4.441,2_39_89_25_2020-02-10 17:02:21.409431,0002,CA-315,2-39-89-25,America/Los_Angeles,000000743,400,8,20,522,"Mon, 10 Feb 2020 17:02:50 GMT",true,"Tue, 11 Feb 2020 01:44:21 GMT",743,,400,8,20,522,"Mon, 10 Feb 2020 17:03:04 GMT",true,"Tue, 11 Feb 2020 01:44:21 GMT",743,,,,,,,,,,,,,,,,,,,,,,,,,,,,,,,,,,,,,,,,,,,,,,,,,,,,,,,,,,,,,,,,
5e571bacf9af8b7a25458759,0039,"Mon, 10 Feb 2020 17:13:41 GMT","Tue, 11 Feb 2020 03:41:42 GMT","Mon, 10 Feb 2020 19:21:29 GMT",4.263,2_39_129_17_2020-02-10 17:13:40.859974,0002,CA-307,2-39-129-17,America/Los_Angeles,000000567,400,8,20,429,"Mon, 10 Feb 2020 17:15:04 GMT",true,"Tue, 11 Feb 2020 00:22:41 GMT",567,,400,8,20,429,"Mon, 10 Feb 2020 17:15:22 GMT",true,"Tue, 11 Feb 2020 00:22:41 GMT",567,400,8,20,434,"Mon, 10 Feb 2020 17:20:49 GMT",true,"Tue, 11 Feb 2020 00:27:41 GMT",567,,,,,,,,,,,,,,,,,,,,,,,,,,,,,,,,,,,,,,,,,,,,,,,,,,,,,,,,
5e571bacf9af8b7a2545875a,0039,"Mon, 10 Feb 2020 17:13:53 GMT","Tue, 11 Feb 2020 02:07:15 GMT","Mon, 10 Feb 2020 19:21:29 GMT",5.946,2_39_95_27_2020-02-10 17:13:52.614563,0002,CA-319,2-39-95-27,America/Los_Angeles,000000891,400,8,20,216,"Mon, 10 Feb 2020 17:13:58 GMT",true,"Mon, 10 Feb 2020 20:49:53 GMT",891,,,,,,,,,,,,,,,,,,,,,,,,,,,,,,,,,,,,,,,,,,,,,,,,,,,,,,,,,,,,,,,,,,,,,,,,,
5e571bacf9af8b7a2545875b,0039,"Mon, 10 Feb 2020 17:32:16 GMT","Tue, 11 Feb 2020 01:07:09 GMT","Tue, 11 Feb 2020 00:18:49 GMT",9.891,2_39_88_438_2020-02-10 17:32:16.016758,0002,CA-502,2-39-88-438,America/Los_Angeles,000001534,250,10,40,404,"Mon, 10 Feb 2020 17:33:29 GMT",true,"Tue, 11 Feb 2020 00:16:16 GMT",1534,,,,,,,,,,,,,,,,,,,,,,,,,,,,,,,,,,,,,,,,,,,,,,,,,,,,,,,,,,,,,,,,,,,,,,,,,
5e571bacf9af8b7a2545875c,0039,"Mon, 10 Feb 2020 17:36:51 GMT","Tue, 11 Feb 2020 00:08:06 GMT","Mon, 10 Feb 2020 19:21:28 GMT",4.375,2_39_127_19_2020-02-10 17:36:51.254035,0002,CA-309,2-39-127-19,America/Los_Angeles,000001912,400,20,50,392,"Mon, 10 Feb 2020 17:37:00 GMT",true,"Tue, 11 Feb 2020 00:08:51 GMT",1912,,,,,,,,,,,,,,,,,,,,,,,,,,,,,,,,,,,,,,,,,,,,,,,,,,,,,,,,,,,,,,,,,,,,,,,,,
5e571bacf9af8b7a2545875d,0039,"Mon, 10 Feb 2020 17:37:15 GMT","Tue, 11 Feb 2020 01:24:44 GMT","Tue, 11 Feb 2020 01:25:44 GMT",27.234,2_39_78_362_2020-02-10 17:37:14.863493,0002,CA-496,2-39-78-362,America/Los_Angeles,000002961,400,40,100,459,"Mon, 10 Feb 2020 17:38:12 GMT",true,"Tue, 11 Feb 2020 01:16:15 GMT",2961,,,,,,,,,,,,,,,,,,,,,,,,,,,,,,,,,,,,,,,,,,,,,,,,,,,,,,,,,,,,,,,,,,,,,,,,,
5e571bacf9af8b7a2545875e,0039,"Mon, 10 Feb 2020 17:38:12 GMT","Tue, 11 Feb 2020 01:14:59 GMT","Mon, 10 Feb 2020 21:24:01 GMT",10.768,2_39_78_365_2020-02-10 17:38:12.166717,0002,CA-321,2-39-78-365,America/Los_Angeles,000000677,325,19.5,60,366,"Mon, 10 Feb 2020 17:38:39 GMT",true,"Mon, 10 Feb 2020 23:44:12 GMT",677,,325,19.5,60,71,"Mon, 10 Feb 2020 21:41:39 GMT",true,"Mon, 10 Feb 2020 18:49:12 GMT",677,,,,,,,,,,,,,,,,,,,,,,,,,,,,,,,,,,,,,,,,,,,,,,,,,,,,,,,,,,,,,,,,
5e571bacf9af8b7a2545875f,0039,"Mon, 10 Feb 2020 17:48:01 GMT","Mon, 10 Feb 2020 21:06:30 GMT","Mon, 10 Feb 2020 19:21:28 GMT",2.838,2_39_125_21_2020-02-10 17:48:01.179039,0002,CA-311,2-39-125-21,America/Los_Angeles,000001366,400,8,20,60,"Mon, 10 Feb 2020 17:48:31 GMT",true,"Mon, 10 Feb 2020 18:48:01 GMT",1366,,,,,,,,,,,,,,,,,,,,,,,,,,,,,,,,,,,,,,,,,,,,,,,,,,,,,,,,,,,,,,,,,,,,,,,,,
5e571bacf9af8b7a25458760,0039,"Mon, 10 Feb 2020 17:58:37 GMT","Mon, 10 Feb 2020 19:07:03 GMT",,7.401,2_39_124_22_2020-02-10 17:58:37.170999,0002,CA-312,2-39-124-22,America/Los_Angeles,000001626,200,30,150,198,"Mon, 10 Feb 2020 17:59:15 GMT",true,"Mon, 10 Feb 2020 21:16:37 GMT",1626,,,,,,,,,,,,,,,,,,,,,,,,,,,,,,,,,,,,,,,,,,,,,,,,,,,,,,,,,,,,,,,,,,,,,,,,,
5e571bacf9af8b7a25458761,0039,"Mon, 10 Feb 2020 18:04:58 GMT","Tue, 11 Feb 2020 02:32:20 GMT","Tue, 11 Feb 2020 02:32:15 GMT",3.348,2_39_79_380_2020-02-10 18:04:58.346535,0002,CA-489,2-39-79-380,America/Los_Angeles,,,,,,,,,,,,,,,,,,,,,,,,,,,,,,,,,,,,,,,,,,,,,,,,,,,,,,,,,,,,,,,,,,,,,,,,,,,,,,,,,,
5e571bacf9af8b7a25458762,0039,"Mon, 10 Feb 2020 18:33:58 GMT","Tue, 11 Feb 2020 03:09:48 GMT","Mon, 10 Feb 2020 20:52:19 GMT",14.005,2_39_90_26_2020-02-10 18:33:57.613872,0002,CA-316,2-39-90-26,America/Los_Angeles,000000558,400,32,80,60,"Mon, 10 Feb 2020 18:34:03 GMT",true,"Mon, 10 Feb 2020 19:33:58 GMT",558,,,,,,,,,,,,,,,,,,,,,,,,,,,,,,,,,,,,,,,,,,,,,,,,,,,,,,,,,,,,,,,,,,,,,,,,,
5e571bacf9af8b7a25458763,0039,"Mon, 10 Feb 2020 18:38:30 GMT","Tue, 11 Feb 2020 02:18:38 GMT","Tue, 11 Feb 2020 02:13:51 GMT",1.029,2_39_79_376_2020-02-10 18:38:29.999937,0002,CA-324,2-39-79-376,America/Los_Angeles,,,,,,,,,,,,,,,,,,,,,,,,,,,,,,,,,,,,,,,,,,,,,,,,,,,,,,,,,,,,,,,,,,,,,,,,,,,,,,,,,,
5e571bacf9af8b7a25458764,0039,"Mon, 10 Feb 2020 18:57:58 GMT","Mon, 10 Feb 2020 21:42:25 GMT","Mon, 10 Feb 2020 19:45:37 GMT",4.133,2_39_123_23_2020-02-10 18:57:57.579174,0002,CA-313,2-39-123-23,America/Los_Angeles,000000668,425,4.25,10,61,"Mon, 10 Feb 2020 18:58:18 GMT",true,"Mon, 10 Feb 2020 19:58:58 GMT",668,,,,,,,,,,,,,,,,,,,,,,,,,,,,,,,,,,,,,,,,,,,,,,,,,,,,,,,,,,,,,,,,,,,,,,,,,
5e571bacf9af8b7a25458765,0039,"Mon, 10 Feb 2020 19:07:24 GMT","Tue, 11 Feb 2020 01:37:02 GMT","Tue, 11 Feb 2020 01:36:59 GMT",15.896,2_39_78_360_2020-02-10 19:07:24.170487,0002,CA-322,2-39-78-360,America/Los_Angeles,000004947,380,19,50,367,"Mon, 10 Feb 2020 19:07:40 GMT",true,"Tue, 11 Feb 2020 01:14:24 GMT",4947,,,,,,,,,,,,,,,,,,,,,,,,,,,,,,,,,,,,,,,,,,,,,,,,,,,,,,,,,,,,,,,,,,,,,,,,,
5e571bacf9af8b7a25458766,0039,"Mon, 10 Feb 2020 19:09:42 GMT","Tue, 11 Feb 2020 03:01:01 GMT","Mon, 10 Feb 2020 20:50:23 GMT",5.123,2_39_126_20_2020-02-10 19:09:41.582432,0002,CA-310,2-39-126-20,America/Los_Angeles,000002170,400,28,70,417,"Mon, 10 Feb 2020 19:10:02 GMT",true,"Tue, 11 Feb 2020 02:06:42 GMT",2170,,400,28,70,417,"Mon, 10 Feb 2020 19:10:39 GMT",true,"Tue, 11 Feb 2020 02:06:42 GMT",2170,,,,,,,,,,,,,,,,,,,,,,,,,,,,,,,,,,,,,,,,,,,,,,,,,,,,,,,,,,,,,,,,
5e571bacf9af8b7a25458767,0039,"Mon, 10 Feb 2020 19:31:58 GMT","Tue, 11 Feb 2020 01:14:23 GMT","Tue, 11 Feb 2020 01:10:56 GMT",0.945,2_39_78_363_2020-02-10 19:31:58.332233,0002,CA-320,2-39-78-363,America/Los_Angeles,,,,,,,,,,,,,,,,,,,,,,,,,,,,,,,,,,,,,,,,,,,,,,,,,,,,,,,,,,,,,,,,,,,,,,,,,,,,,,,,,,
5e571bacf9af8b7a25458768,0039,"Mon, 10 Feb 2020 19:54:57 GMT","Mon, 10 Feb 2020 20:59:11 GMT","Mon, 10 Feb 2020 20:23:27 GMT",1.813,2_39_130_31_2020-02-10 19:54:56.953633,0002,CA-306,2-39-130-31,America/Los_Angeles,000000798,400,8,20,96,"Mon, 10 Feb 2020 19:55:17 GMT",true,"Mon, 10 Feb 2020 21:30:57 GMT",798,,,,,,,,,,,,,,,,,,,,,,,,,,,,,,,,,,,,,,,,,,,,,,,,,,,,,,,,,,,,,,,,,,,,,,,,,
5e571bacf9af8b7a25458769,0039,"Mon, 10 Feb 2020 20:21:26 GMT","Tue, 11 Feb 2020 02:51:07 GMT","Mon, 10 Feb 2020 22:18:41 GMT",6.355,2_39_92_436_2020-02-10 20:21:26.250726,0002,CA-318,2-39-92-436,America/Los_Angeles,000001124,400,8,20,60,"Mon, 10 Feb 2020 20:21:49 GMT",true,"Mon, 10 Feb 2020 21:21:26 GMT",1124,,,,,,,,,,,,,,,,,,,,,,,,,,,,,,,,,,,,,,,,,,,,,,,,,,,,,,,,,,,,,,,,,,,,,,,,,
5e571bacf9af8b7a2545876a,0039,"Mon, 10 Feb 2020 20:42:37 GMT","Tue, 11 Feb 2020 01:03:10 GMT","Tue, 11 Feb 2020 01:02:12 GMT",7.168,2_39_78_367_2020-02-10 20:42:36.961079,0002,CA-494,2-39-78-367,America/Los_Angeles,000002291,400,8,20,408,"Mon, 10 Feb 2020 20:48:13 GMT",true,"Tue, 11 Feb 2020 03:30:37 GMT",2291,,,,,,,,,,,,,,,,,,,,,,,,,,,,,,,,,,,,,,,,,,,,,,,,,,,,,,,,,,,,,,,,,,,,,,,,,
5e571bacf9af8b7a2545876b,0039,"Mon, 10 Feb 2020 21:08:09 GMT","Tue, 11 Feb 2020 03:01:22 GMT","Mon, 10 Feb 2020 22:49:01 GMT",5.456,2_39_92_442_2020-02-10 21:08:08.513765,0002,CA-498,2-39-92-442,America/Los_Angeles,000000515,400,12,30,62,"Mon, 10 Feb 2020 21:08:39 GMT",true,"Mon, 10 Feb 2020 22:10:09 GMT",515,,,,,,,,,,,,,,,,,,,,,,,,,,,,,,,,,,,,,,,,,,,,,,,,,,,,,,,,,,,,,,,,,,,,,,,,,
5e571bacf9af8b7a2545876c,0039,"Mon, 10 Feb 2020 21:47:05 GMT","Tue, 11 Feb 2020 04:49:12 GMT","Mon, 10 Feb 2020 22:59:31 GMT",2.352,2_39_91_437_2020-02-10 21:47:04.963793,0002,CA-317,2-39-91-437,America/Los_Angeles,000001082,400,8,20,64,"Mon, 10 Feb 2020 21:48:02 GMT",true,"Mon, 10 Feb 2020 22:51:05 GMT",1082,,,,,,,,,,,,,,,,,,,,,,,,,,,,,,,,,,,,,,,,,,,,,,,,,,,,,,,,,,,,,,,,,,,,,,,,,
5e571bacf9af8b7a2545876d,0039,"Mon, 10 Feb 2020 21:53:55 GMT","Mon, 10 Feb 2020 22:29:42 GMT","Mon, 10 Feb 2020 22:24:10 GMT",0.839,2_39_123_23_2020-02-10 21:53:54.796728,0002,CA-313,2-39-123-23,America/Los_Angeles,,,,,,,,,,,,,,,,,,,,,,,,,,,,,,,,,,,,,,,,,,,,,,,,,,,,,,,,,,,,,,,,,,,,,,,,,,,,,,,,,,
5e571bacf9af8b7a2545876e,0039,"Mon, 10 Feb 2020 22:41:24 GMT","Tue, 11 Feb 2020 01:24:32 GMT","Mon, 10 Feb 2020 23:28:20 GMT",4.295,2_39_123_23_2020-02-10 22:41:24.105080,0002,CA-313,2-39-123-23,America/Los_Angeles,000000710,400,64,160,273,"Mon, 10 Feb 2020 22:41:38 GMT",true,"Tue, 11 Feb 2020 03:14:24 GMT",710,,,,,,,,,,,,,,,,,,,,,,,,,,,,,,,,,,,,,,,,,,,,,,,,,,,,,,,,,,,,,,,,,,,,,,,,,
5e571bacf9af8b7a2545876f,0039,"Mon, 10 Feb 2020 22:46:49 GMT","Tue, 11 Feb 2020 00:04:23 GMT","Tue, 11 Feb 2020 00:05:21 GMT",0.88,2_39_124_22_2020-02-10 22:46:49.239378,0002,CA-312,2-39-124-22,America/Los_Angeles,,,,,,,,,,,,,,,,,,,,,,,,,,,,,,,,,,,,,,,,,,,,,,,,,,,,,,,,,,,,,,,,,,,,,,,,,,,,,,,,,,
5e571bacf9af8b7a25458770,0039,"Tue, 11 Feb 2020 00:04:27 GMT","Tue, 11 Feb 2020 02:20:40 GMT","Tue, 11 Feb 2020 00:35:26 GMT",0.877,2_39_124_22_2020-02-11 00:04:26.951817,0002,CA-312,2-39-124-22,America/Los_Angeles,,,,,,,,,,,,,,,,,,,,,,,,,,,,,,,,,,,,,,,,,,,,,,,,,,,,,,,,,,,,,,,,,,,,,,,,,,,,,,,,,,
5e571bacf9af8b7a25458771,0039,"Tue, 11 Feb 2020 00:59:54 GMT","Tue, 11 Feb 2020 03:07:55 GMT","Tue, 11 Feb 2020 01:31:09 GMT",0.884,2_39_130_31_2020-02-11 00:59:54.153485,0002,CA-306,2-39-130-31,America/Los_Angeles,,,,,,,,,,,,,,,,,,,,,,,,,,,,,,,,,,,,,,,,,,,,,,,,,,,,,,,,,,,,,,,,,,,,,,,,,,,,,,,,,,
5e571bacf9af8b7a25458772,0039,"Tue, 11 Feb 2020 05:46:22 GMT","Tue, 11 Feb 2020 14:03:53 GMT","Tue, 11 Feb 2020 12:10:46 GMT",41.061,2_39_139_28_2020-02-11 05:46:22.217437,0002,CA-303,2-39-139-28,America/Los_Angeles,000000489,428,102.72,240,475,"Tue, 11 Feb 2020 05:46:51 GMT",true,"Tue, 11 Feb 2020 13:41:22 GMT",489,,428,102.72,240,487,"Tue, 11 Feb 2020 05:47:02 GMT",true,"Tue, 11 Feb 2020 13:53:22 GMT",489,,,,,,,,,,,,,,,,,,,,,,,,,,,,,,,,,,,,,,,,,,,,,,,,,,,,,,,,,,,,,,,,
5e586d33f9af8b7dded9fe16,0039,"Tue, 11 Feb 2020 15:43:17 GMT","Wed, 12 Feb 2020 01:12:19 GMT","Tue, 11 Feb 2020 18:13:45 GMT",8.077,2_39_131_30_2020-02-11 15:43:17.175716,0002,CA-305,2-39-131-30,America/Los_Angeles,000000620,400,12,30,547,"Tue, 11 Feb 2020 15:43:31 GMT",true,"Wed, 12 Feb 2020 00:50:17 GMT",620,,,,,,,,,,,,,,,,,,,,,,,,,,,,,,,,,,,,,,,,,,,,,,,,,,,,,,,,,,,,,,,,,,,,,,,,,
5e586d33f9af8b7dded9fe17,0039,"Tue, 11 Feb 2020 15:54:51 GMT","Wed, 12 Feb 2020 00:55:55 GMT","Wed, 12 Feb 2020 00:43:57 GMT",0.902,2_39_79_380_2020-02-11 15:54:50.950770,0002,CA-489,2-39-79-380,America/Los_Angeles,,,,,,,,,,,,,,,,,,,,,,,,,,,,,,,,,,,,,,,,,,,,,,,,,,,,,,,,,,,,,,,,,,,,,,,,,,,,,,,,,,
5e586d33f9af8b7dded9fe18,0039,"Tue, 11 Feb 2020 16:11:06 GMT","Wed, 12 Feb 2020 01:35:26 GMT","Tue, 11 Feb 2020 23:11:42 GMT",0.877,2_39_78_366_2020-02-11 16:11:05.854868,0002,CA-323,2-39-78-366,America/Los_Angeles,,,,,,,,,,,,,,,,,,,,,,,,,,,,,,,,,,,,,,,,,,,,,,,,,,,,,,,,,,,,,,,,,,,,,,,,,,,,,,,,,,
5e586d33f9af8b7dded9fe19,0039,"Tue, 11 Feb 2020 16:16:27 GMT","Tue, 11 Feb 2020 22:46:18 GMT","Tue, 11 Feb 2020 21:27:17 GMT",8.138,2_39_79_382_2020-02-11 16:16:26.783801,0002,CA-491,2-39-79-382,America/Los_Angeles,000004701,300,12,40,388,"Tue, 11 Feb 2020 16:55:29 GMT",true,"Tue, 11 Feb 2020 22:44:27 GMT",4701,,,,,,,,,,,,,,,,,,,,,,,,,,,,,,,,,,,,,,,,,,,,,,,,,,,,,,,,,,,,,,,,,,,,,,,,,
5e586d33f9af8b7dded9fe1a,0039,"Tue, 11 Feb 2020 16:21:18 GMT","Wed, 12 Feb 2020 00:11:02 GMT","Tue, 11 Feb 2020 17:46:37 GMT",3.937,2_39_128_18_2020-02-11 16:21:18.047533,0002,CA-308,2-39-128-18,America/Los_Angeles,000001564,300,12,40,241,"Tue, 11 Feb 2020 16:21:23 GMT",true,"Tue, 11 Feb 2020 20:22:18 GMT",1564,,,,,,,,,,,,,,,,,,,,,,,,,,,,,,,,,,,,,,,,,,,,,,,,,,,,,,,,,,,,,,,,,,,,,,,,,
5e586d33f9af8b7dded9fe1b,0039,"Tue, 11 Feb 2020 16:26:39 GMT","Wed, 12 Feb 2020 01:14:08 GMT","Tue, 11 Feb 2020 21:26:16 GMT",17.028,2_39_79_378_2020-02-11 16:26:38.910455,0002,CA-326,2-39-79-378,America/Los_Angeles,000000832,400,20,50,523,"Tue, 11 Feb 2020 16:27:04 GMT",true,"Wed, 12 Feb 2020 01:09:39 GMT",832,,,,,,,,,,,,,,,,,,,,,,,,,,,,,,,,,,,,,,,,,,,,,,,,,,,,,,,,,,,,,,,,,,,,,,,,,
5e586d33f9af8b7dded9fe1c,0039,"Tue, 11 Feb 2020 16:28:29 GMT","Wed, 12 Feb 2020 01:44:03 GMT","Tue, 11 Feb 2020 20:39:41 GMT",22.74,2_39_91_437_2020-02-11 16:28:28.673245,0002,CA-317,2-39-91-437,America/Los_Angeles,000000431,300,27,90,219,"Tue, 11 Feb 2020 16:30:47 GMT",true,"Tue, 11 Feb 2020 20:07:29 GMT",431,,,,,,,,,,,,,,,,,,,,,,,,,,,,,,,,,,,,,,,,,,,,,,,,,,,,,,,,,,,,,,,,,,,,,,,,,
5e586d33f9af8b7dded9fe1d,0039,"Tue, 11 Feb 2020 16:30:27 GMT","Wed, 12 Feb 2020 01:42:20 GMT","Wed, 12 Feb 2020 01:32:40 GMT",13.381,2_39_78_365_2020-02-11 16:30:27.414599,0002,CA-321,2-39-78-365,America/Los_Angeles,000000945,400,32,80,62,"Tue, 11 Feb 2020 16:30:38 GMT",true,"Tue, 11 Feb 2020 17:32:27 GMT",945,,,,,,,,,,,,,,,,,,,,,,,,,,,,,,,,,,,,,,,,,,,,,,,,,,,,,,,,,,,,,,,,,,,,,,,,,
5e586d33f9af8b7dded9fe1e,0039,"Tue, 11 Feb 2020 16:30:42 GMT","Tue, 11 Feb 2020 22:06:50 GMT","Tue, 11 Feb 2020 20:30:10 GMT",23.345,2_39_79_377_2020-02-11 16:30:42.314951,0002,CA-325,2-39-79-377,America/Los_Angeles,000001104,250,37.5,150,373,"Tue, 11 Feb 2020 16:31:30 GMT",true,"Tue, 11 Feb 2020 22:43:42 GMT",1104,,,,,,,,,,,,,,,,,,,,,,,,,,,,,,,,,,,,,,,,,,,,,,,,,,,,,,,,,,,,,,,,,,,,,,,,,
5e586d33f9af8b7dded9fe1f,0039,"Tue, 11 Feb 2020 16:31:17 GMT","Wed, 12 Feb 2020 00:25:40 GMT","Wed, 12 Feb 2020 00:03:35 GMT",24.821,2_39_78_367_2020-02-11 16:31:16.954503,0002,CA-494,2-39-78-367,America/Los_Angeles,000001470,292,29.2,100,301,"Tue, 11 Feb 2020 16:31:25 GMT",true,"Tue, 11 Feb 2020 21:32:17 GMT",1470,,,,,,,,,,,,,,,,,,,,,,,,,,,,,,,,,,,,,,,,,,,,,,,,,,,,,,,,,,,,,,,,,,,,,,,,,
5e586d33f9af8b7dded9fe20,0039,"Tue, 11 Feb 2020 16:35:36 GMT","Wed, 12 Feb 2020 00:30:50 GMT","Tue, 11 Feb 2020 17:21:22 GMT",2.864,2_39_79_376_2020-02-11 16:35:36.123235,0002,CA-324,2-39-79-376,America/Los_Angeles,000000751,400,40,100,717,"Tue, 11 Feb 2020 16:35:49 GMT",true,"Wed, 12 Feb 2020 04:32:36 GMT",751,,,,,,,,,,,,,,,,,,,,,,,,,,,,,,,,,,,,,,,,,,,,,,,,,,,,,,,,,,,,,,,,,,,,,,,,,
5e586d33f9af8b7dded9fe21,0039,"Tue, 11 Feb 2020 16:40:41 GMT","Wed, 12 Feb 2020 01:27:37 GMT","Tue, 11 Feb 2020 18:33:15 GMT",10.657,2_39_123_23_2020-02-11 16:40:36.097464,0002,CA-313,2-39-123-23,America/Los_Angeles,000001153,600,24,40,434,"Tue, 11 Feb 2020 16:40:40 GMT",true,"Tue, 11 Feb 2020 23:54:41 GMT",1153,,,,,,,,,,,,,,,,,,,,,,,,,,,,,,,,,,,,,,,,,,,,,,,,,,,,,,,,,,,,,,,,,,,,,,,,,
5e586d33f9af8b7dded9fe22,0039,"Tue, 11 Feb 2020 16:47:24 GMT","Tue, 11 Feb 2020 22:10:32 GMT","Tue, 11 Feb 2020 21:49:55 GMT",0.747,2_39_125_21_2020-02-11 16:47:23.802836,0002,CA-311,2-39-125-21,America/Los_Angeles,,,,,,,,,,,,,,,,,,,,,,,,,,,,,,,,,,,,,,,,,,,,,,,,,,,,,,,,,,,,,,,,,,,,,,,,,,,,,,,,,,
5e586d33f9af8b7dded9fe23,0039,"Tue, 11 Feb 2020 17:07:51 GMT","Wed, 12 Feb 2020 02:07:39 GMT","Tue, 11 Feb 2020 22:18:02 GMT",4.539,2_39_91_441_2020-02-11 17:07:50.751427,0002,CA-499,2-39-91-441,America/Los_Angeles,000000564,231,4.62,20,537,"Tue, 11 Feb 2020 17:08:08 GMT",true,"Wed, 12 Feb 2020 02:04:51 GMT",564,,,,,,,,,,,,,,,,,,,,,,,,,,,,,,,,,,,,,,,,,,,,,,,,,,,,,,,,,,,,,,,,,,,,,,,,,
5e586d33f9af8b7dded9fe24,0039,"Tue, 11 Feb 2020 17:08:23 GMT","Wed, 12 Feb 2020 02:47:33 GMT","Tue, 11 Feb 2020 18:20:22 GMT",3.783,2_39_89_25_2020-02-11 17:08:22.982084,0002,CA-315,2-39-89-25,America/Los_Angeles,000000567,400,8,20,434,"Tue, 11 Feb 2020 17:08:35 GMT",true,"Wed, 12 Feb 2020 00:22:23 GMT",567,,,,,,,,,,,,,,,,,,,,,,,,,,,,,,,,,,,,,,,,,,,,,,,,,,,,,,,,,,,,,,,,,,,,,,,,,
5e586d33f9af8b7dded9fe25,0039,"Tue, 11 Feb 2020 17:09:18 GMT","Wed, 12 Feb 2020 01:38:27 GMT","Tue, 11 Feb 2020 18:32:54 GMT",3.991,2_39_89_439_2020-02-11 17:09:17.760936,0002,CA-501,2-39-89-439,America/Los_Angeles,000000743,400,8,20,522,"Tue, 11 Feb 2020 17:09:28 GMT",true,"Wed, 12 Feb 2020 01:51:18 GMT",743,,,,,,,,,,,,,,,,,,,,,,,,,,,,,,,,,,,,,,,,,,,,,,,,,,,,,,,,,,,,,,,,,,,,,,,,,
5e586d33f9af8b7dded9fe26,0039,"Tue, 11 Feb 2020 17:09:54 GMT","Tue, 11 Feb 2020 19:50:30 GMT","Tue, 11 Feb 2020 19:51:30 GMT",0.926,2_39_78_360_2020-02-11 17:09:54.450237,0002,CA-322,2-39-78-360,America/Los_Angeles,,,,,,,,,,,,,,,,,,,,,,,,,,,,,,,,,,,,,,,,,,,,,,,,,,,,,,,,,,,,,,,,,,,,,,,,,,,,,,,,,,
5e586d33f9af8b7dded9fe27,0039,"Tue, 11 Feb 2020 17:15:58 GMT","Wed, 12 Feb 2020 03:10:40 GMT","Tue, 11 Feb 2020 19:10:53 GMT",10.743,2_39_92_436_2020-02-11 17:15:57.917488,0002,CA-318,2-39-92-436,America/Los_Angeles,000000558,400,24,60,60,"Tue, 11 Feb 2020 17:15:59 GMT",true,"Tue, 11 Feb 2020 18:15:58 GMT",558,,,,,,,,,,,,,,,,,,,,,,,,,,,,,,,,,,,,,,,,,,,,,,,,,,,,,,,,,,,,,,,,,,,,,,,,,
5e586d33f9af8b7dded9fe28,0039,"Tue, 11 Feb 2020 17:23:56 GMT","Wed, 12 Feb 2020 00:34:13 GMT","Wed, 12 Feb 2020 00:35:12 GMT",24.807,2_39_78_362_2020-02-11 17:23:55.582030,0002,CA-496,2-39-78-362,America/Los_Angeles,000001137,400,40,100,398,"Tue, 11 Feb 2020 17:24:21 GMT",true,"Wed, 12 Feb 2020 00:01:56 GMT",1137,,,,,,,,,,,,,,,,,,,,,,,,,,,,,,,,,,,,,,,,,,,,,,,,,,,,,,,,,,,,,,,,,,,,,,,,,
5e586d33f9af8b7dded9fe29,0039,"Tue, 11 Feb 2020 17:29:26 GMT","Tue, 11 Feb 2020 23:17:20 GMT","Tue, 11 Feb 2020 20:05:36 GMT",12.612,2_39_92_442_2020-02-11 17:29:26.237918,0002,CA-498,2-39-92-442,America/Los_Angeles,000000068,214,14.98,70,234,"Tue, 11 Feb 2020 17:29:40 GMT",true,"Tue, 11 Feb 2020 21:23:26 GMT",68,,,,,,,,,,,,,,,,,,,,,,,,,,,,,,,,,,,,,,,,,,,,,,,,,,,,,,,,,,,,,,,,,,,,,,,,,
5e586d33f9af8b7dded9fe2a,0039,"Tue, 11 Feb 2020 17:37:13 GMT","Tue, 11 Feb 2020 21:54:32 GMT","Tue, 11 Feb 2020 21:18:32 GMT",3.436,2_39_90_440_2020-02-11 17:37:12.945421,0002,CA-500,2-39-90-440,America/Los_Angeles,000002149,250,5,20,277,"Tue, 11 Feb 2020 17:37:32 GMT",true,"Tue, 11 Feb 2020 22:14:13 GMT",2149,,,,,,,,,,,,,,,,,,,,,,,,,,,,,,,,,,,,,,,,,,,,,,,,,,,,,,,,,,,,,,,,,,,,,,,,,
5e586d33f9af8b7dded9fe2b,0039,"Tue, 11 Feb 2020 17:45:16 GMT","Tue, 11 Feb 2020 22:22:22 GMT","Tue, 11 Feb 2020 22:18:56 GMT",0.917,2_39_88_24_2020-02-11 17:45:16.137770,0002,CA-314,2-39-88-24,America/Los_Angeles,,,,,,,,,,,,,,,,,,,,,,,,,,,,,,,,,,,,,,,,,,,,,,,,,,,,,,,,,,,,,,,,,,,,,,,,,,,,,,,,,,
5e586d33f9af8b7dded9fe2c,0039,"Tue, 11 Feb 2020 17:48:14 GMT","Wed, 12 Feb 2020 02:35:03 GMT","Tue, 11 Feb 2020 20:13:30 GMT",15.549,2_39_90_26_2020-02-11 17:48:14.265042,0002,CA-316,2-39-90-26,America/Los_Angeles,000000714,400,32,80,445,"Tue, 11 Feb 2020 17:48:23 GMT",true,"Wed, 12 Feb 2020 01:13:14 GMT",714,,400,32,80,445,"Tue, 11 Feb 2020 17:48:37 GMT",true,"Wed, 12 Feb 2020 01:13:14 GMT",714,,,,,,,,,,,,,,,,,,,,,,,,,,,,,,,,,,,,,,,,,,,,,,,,,,,,,,,,,,,,,,,,
5e586d33f9af8b7dded9fe2d,0039,"Tue, 11 Feb 2020 18:05:29 GMT","Wed, 12 Feb 2020 03:03:02 GMT","Tue, 11 Feb 2020 20:53:12 GMT",12.029,2_39_124_22_2020-02-11 18:05:28.915506,0002,CA-312,2-39-124-22,America/Los_Angeles,000000958,200,20,100,570,"Tue, 11 Feb 2020 18:07:36 GMT",true,"Wed, 12 Feb 2020 03:35:29 GMT",958,,,,,,,,,,,,,,,,,,,,,,,,,,,,,,,,,,,,,,,,,,,,,,,,,,,,,,,,,,,,,,,,,,,,,,,,,
5e586d33f9af8b7dded9fe2e,0039,"Tue, 11 Feb 2020 20:06:33 GMT","Wed, 12 Feb 2020 01:59:07 GMT","Wed, 12 Feb 2020 00:03:34 GMT",24.72,2_39_129_17_2020-02-11 20:06:32.773176,0002,CA-307,2-39-129-17,America/Los_Angeles,000000067,250,50,200,472,"Tue, 11 Feb 2020 20:06:45 GMT",true,"Wed, 12 Feb 2020 03:58:33 GMT",67,,,,,,,,,,,,,,,,,,,,,,,,,,,,,,,,,,,,,,,,,,,,,,,,,,,,,,,,,,,,,,,,,,,,,,,,,
5e586d33f9af8b7dded9fe2f,0039,"Tue, 11 Feb 2020 20:24:53 GMT","Tue, 11 Feb 2020 23:54:55 GMT","Tue, 11 Feb 2020 21:31:44 GMT",1.87,2_39_139_28_2020-02-11 20:24:52.886053,0002,CA-303,2-39-139-28,America/Los_Angeles,000000560,400,8,20,258,"Tue, 11 Feb 2020 20:25:13 GMT",true,"Wed, 12 Feb 2020 00:42:53 GMT",560,,,,,,,,,,,,,,,,,,,,,,,,,,,,,,,,,,,,,,,,,,,,,,,,,,,,,,,,,,,,,,,,,,,,,,,,,
5e586d33f9af8b7dded9fe30,0039,"Tue, 11 Feb 2020 20:27:11 GMT","Wed, 12 Feb 2020 02:47:55 GMT","Tue, 11 Feb 2020 22:26:23 GMT",6.467,2_39_95_444_2020-02-11 20:27:10.965573,0002,CA-497,2-39-95-444,America/Los_Angeles,000001124,400,8,20,60,"Tue, 11 Feb 2020 20:27:32 GMT",true,"Tue, 11 Feb 2020 21:27:11 GMT",1124,,,,,,,,,,,,,,,,,,,,,,,,,,,,,,,,,,,,,,,,,,,,,,,,,,,,,,,,,,,,,,,,,,,,,,,,,
5e586d33f9af8b7dded9fe31,0039,"Tue, 11 Feb 2020 21:07:17 GMT","Tue, 11 Feb 2020 22:42:24 GMT","Tue, 11 Feb 2020 22:17:57 GMT",0.927,2_39_126_20_2020-02-11 21:07:17.119948,0002,CA-310,2-39-126-20,America/Los_Angeles,,,,,,,,,,,,,,,,,,,,,,,,,,,,,,,,,,,,,,,,,,,,,,,,,,,,,,,,,,,,,,,,,,,,,,,,,,,,,,,,,,
5e586d33f9af8b7dded9fe32,0039,"Tue, 11 Feb 2020 21:27:51 GMT","Tue, 11 Feb 2020 23:57:20 GMT","Tue, 11 Feb 2020 23:42:05 GMT",6.003,2_39_130_564_2020-02-11 21:27:37.873532,0002,CA-510,2-39-130-564,America/Los_Angeles,000001093,333,6.66,20,62,"Tue, 11 Feb 2020 21:27:50 GMT",true,"Tue, 11 Feb 2020 22:29:51 GMT",1093,,333,6.66,20,123,"Tue, 11 Feb 2020 21:28:53 GMT",true,"Tue, 11 Feb 2020 23:30:51 GMT",1093,333,6.66,20,123,"Tue, 11 Feb 2020 21:29:03 GMT",true,"Tue, 11 Feb 2020 23:30:51 GMT",1093,333,6.66,20,153,"Tue, 11 Feb 2020 21:59:35 GMT",true,"Wed, 12 Feb 2020 00:00:51 GMT",1093,333,6.66,20,199,"Tue, 11 Feb 2020 23:28:08 GMT",true,"Wed, 12 Feb 2020 00:46:51 GMT",1093,,,,,,,,,,,,,,,,,,,,,,,,,,,,,,,,,,,,,,,,
5e586d33f9af8b7dded9fe33,0039,"Tue, 11 Feb 2020 22:42:00 GMT","Wed, 12 Feb 2020 05:29:08 GMT","Tue, 11 Feb 2020 23:52:20 GMT",2.342,2_39_88_24_2020-02-11 22:41:59.958492,0002,CA-314,2-39-88-24,America/Los_Angeles,000001082,400,8,20,64,"Tue, 11 Feb 2020 22:43:11 GMT",true,"Tue, 11 Feb 2020 23:46:00 GMT",1082,,,,,,,,,,,,,,,,,,,,,,,,,,,,,,,,,,,,,,,,,,,,,,,,,,,,,,,,,,,,,,,,,,,,,,,,,
5e586d33f9af8b7dded9fe34,0039,"Tue, 11 Feb 2020 22:47:14 GMT","Wed, 12 Feb 2020 02:16:09 GMT","Wed, 12 Feb 2020 02:16:04 GMT",6.472,2_39_79_377_2020-02-11 22:47:14.083456,0002,CA-325,2-39-79-377,America/Los_Angeles,000002149,250,15,60,277,"Tue, 11 Feb 2020 22:47:45 GMT",true,"Wed, 12 Feb 2020 03:24:14 GMT",2149,,,,,,,,,,,,,,,,,,,,,,,,,,,,,,,,,,,,,,,,,,,,,,,,,,,,,,,,,,,,,,,,,,,,,,,,,
5e586d33f9af8b7dded9fe35,0039,"Tue, 11 Feb 2020 23:05:33 GMT","Wed, 12 Feb 2020 00:41:46 GMT","Wed, 12 Feb 2020 00:41:41 GMT",10.586,2_39_79_382_2020-02-11 23:05:33.174366,0002,CA-491,2-39-79-382,America/Los_Angeles,000001039,400,80,200,327,"Tue, 11 Feb 2020 23:06:15 GMT",true,"Wed, 12 Feb 2020 04:32:33 GMT",1039,,,,,,,,,,,,,,,,,,,,,,,,,,,,,,,,,,,,,,,,,,,,,,,,,,,,,,,,,,,,,,,,,,,,,,,,,
5e586d33f9af8b7dded9fe36,0039,"Tue, 11 Feb 2020 23:08:24 GMT","Wed, 12 Feb 2020 02:53:25 GMT","Wed, 12 Feb 2020 02:53:21 GMT",24.894,2_39_126_20_2020-02-11 23:08:23.890432,0002,CA-310,2-39-126-20,America/Los_Angeles,000003270,200,40,200,470,"Tue, 11 Feb 2020 23:08:34 GMT",true,"Wed, 12 Feb 2020 06:58:24 GMT",3270,,,,,,,,,,,,,,,,,,,,,,,,,,,,,,,,,,,,,,,,,,,,,,,,,,,,,,,,,,,,,,,,,,,,,,,,,
5e586d33f9af8b7dded9fe37,0039,"Tue, 11 Feb 2020 23:19:39 GMT","Wed, 12 Feb 2020 02:37:16 GMT","Wed, 12 Feb 2020 01:31:50 GMT",6.445,2_39_125_21_2020-02-11 23:19:19.888207,0002,CA-311,2-39-125-21,America/Los_Angeles,000005594,360,7.2,20,207,"Tue, 11 Feb 2020 23:19:39 GMT",true,"Wed, 12 Feb 2020 02:46:39 GMT",5594,,360,7.2,20,207,"Tue, 11 Feb 2020 23:28:29 GMT",true,"Wed, 12 Feb 2020 02:46:39 GMT",5594,360,7.2,20,216,"Tue, 11 Feb 2020 23:29:25 GMT",true,"Wed, 12 Feb 2020 02:55:39 GMT",5594,360,7.2,20,218,"Wed, 12 Feb 2020 02:28:01 GMT",true,"Wed, 12 Feb 2020 02:57:39 GMT",5594,,,,,,,,,,,,,,,,,,,,,,,,,,,,,,,,,,,,,,,,,,,,,,,,
5e586d33f9af8b7dded9fe38,0039,"Tue, 11 Feb 2020 23:52:22 GMT","Wed, 12 Feb 2020 01:57:56 GMT","Wed, 12 Feb 2020 01:17:33 GMT",0.867,2_39_138_29_2020-02-11 23:52:22.049431,0002,CA-304,2-39-138-29,America/Los_Angeles,,,,,,,,,,,,,,,,,,,,,,,,,,,,,,,,,,,,,,,,,,,,,,,,,,,,,,,,,,,,,,,,,,,,,,,,,,,,,,,,,,
5e586d33f9af8b7dded9fe39,0039,"Wed, 12 Feb 2020 00:28:58 GMT","Wed, 12 Feb 2020 01:13:26 GMT","Wed, 12 Feb 2020 01:13:21 GMT",2.389,2_39_128_18_2020-02-12 00:28:57.931202,0002,CA-308,2-39-128-18,America/Los_Angeles,000001366,400,8,20,60,"Wed, 12 Feb 2020 00:29:44 GMT",true,"Wed, 12 Feb 2020 01:28:58 GMT",1366,,,,,,,,,,,,,,,,,,,,,,,,,,,,,,,,,,,,,,,,,,,,,,,,,,,,,,,,,,,,,,,,,,,,,,,,,
5e586d33f9af8b7dded9fe3a,0039,"Wed, 12 Feb 2020 01:12:40 GMT","Wed, 12 Feb 2020 01:34:01 GMT","Wed, 12 Feb 2020 01:33:53 GMT",1.084,2_39_79_376_2020-02-12 01:12:40.387201,0002,CA-324,2-39-79-376,America/Los_Angeles,000005368,400,8,20,73,"Wed, 12 Feb 2020 01:16:38 GMT",true,"Wed, 12 Feb 2020 02:25:40 GMT",5368,,,,,,,,,,,,,,,,,,,,,,,,,,,,,,,,,,,,,,,,,,,,,,,,,,,,,,,,,,,,,,,,,,,,,,,,,
5e586d33f9af8b7dded9fe3b,0039,"Wed, 12 Feb 2020 01:18:53 GMT","Wed, 12 Feb 2020 02:38:45 GMT","Wed, 12 Feb 2020 02:38:40 GMT",4.378,2_39_128_18_2020-02-12 01:18:53.367373,0002,CA-308,2-39-128-18,America/Los_Angeles,000000365,333,9.99,30,104,"Wed, 12 Feb 2020 01:19:17 GMT",true,"Wed, 12 Feb 2020 03:02:53 GMT",365,,,,,,,,,,,,,,,,,,,,,,,,,,,,,,,,,,,,,,,,,,,,,,,,,,,,,,,,,,,,,,,,,,,,,,,,,
5e586d33f9af8b7dded9fe3c,0039,"Wed, 12 Feb 2020 01:33:01 GMT","Wed, 12 Feb 2020 04:41:46 GMT","Wed, 12 Feb 2020 03:48:06 GMT",6.282,2_39_79_380_2020-02-12 01:32:44.691731,0002,CA-489,2-39-79-380,America/Los_Angeles,000001458,400,16,40,60,"Wed, 12 Feb 2020 01:33:00 GMT",true,"Wed, 12 Feb 2020 02:33:01 GMT",1458,,,,,,,,,,,,,,,,,,,,,,,,,,,,,,,,,,,,,,,,,,,,,,,,,,,,,,,,,,,,,,,,,,,,,,,,,
5e586d33f9af8b7dded9fe3d,0039,"Wed, 12 Feb 2020 02:55:52 GMT","Wed, 12 Feb 2020 03:06:10 GMT","Wed, 12 Feb 2020 03:06:02 GMT",1.106,2_39_139_28_2020-02-12 02:55:51.873687,0002,CA-303,2-39-139-28,America/Los_Angeles,000000675,400,24,60,248,"Wed, 12 Feb 2020 02:55:52 GMT",true,"Wed, 12 Feb 2020 07:03:52 GMT",675,,,,,,,,,,,,,,,,,,,,,,,,,,,,,,,,,,,,,,,,,,,,,,,,,,,,,,,,,,,,,,,,,,,,,,,,,
5e586d33f9af8b7dded9fe3e,0039,"Wed, 12 Feb 2020 03:29:57 GMT","Wed, 12 Feb 2020 04:35:06 GMT","Wed, 12 Feb 2020 04:35:02 GMT",7.245,2_39_139_28_2020-02-12 03:29:57.347850,0002,CA-303,2-39-139-28,America/Los_Angeles,000000675,400,24,60,248,"Wed, 12 Feb 2020 03:30:08 GMT",true,"Wed, 12 Feb 2020 07:37:57 GMT",675,,,,,,,,,,,,,,,,,,,,,,,,,,,,,,,,,,,,,,,,,,,,,,,,,,,,,,,,,,,,,,,,,,,,,,,,,
5e586d33f9af8b7dded9fe3f,0039,"Wed, 12 Feb 2020 04:25:05 GMT","Wed, 12 Feb 2020 05:57:18 GMT","Wed, 12 Feb 2020 05:57:09 GMT",5.115,2_39_131_30_2020-02-12 04:25:05.309014,0002,CA-305,2-39-131-30,America/Los_Angeles,000001263,400,12,30,115,"Wed, 12 Feb 2020 04:25:20 GMT",true,"Wed, 12 Feb 2020 06:20:05 GMT",1263,,400,8,20,115,"Wed, 12 Feb 2020 04:25:54 GMT",true,"Wed, 12 Feb 2020 06:20:05 GMT",1263,400,8,20,115,"Wed, 12 Feb 2020 05:46:26 GMT",true,"Wed, 12 Feb 2020 06:20:05 GMT",1263,,,,,,,,,,,,,,,,,,,,,,,,,,,,,,,,,,,,,,,,,,,,,,,,,,,,,,,,
5e59beb8f9af8b02edd8835b,0039,"Wed, 12 Feb 2020 14:59:21 GMT","Thu, 13 Feb 2020 23:13:50 GMT","Thu, 13 Feb 2020 00:36:20 GMT",1.316,2_39_79_383_2020-02-12 14:59:20.929207,0002,CA-492,2-39-79-383,America/Los_Angeles,,,,,,,,,,,,,,,,,,,,,,,,,,,,,,,,,,,,,,,,,,,,,,,,,,,,,,,,,,,,,,,,,,,,,,,,,,,,,,,,,,
5e59beb8f9af8b02edd8835c,0039,"Wed, 12 Feb 2020 15:49:20 GMT","Wed, 12 Feb 2020 18:10:51 GMT","Wed, 12 Feb 2020 18:11:50 GMT",0.804,2_39_79_380_2020-02-12 15:49:20.173564,0002,CA-489,2-39-79-380,America/Los_Angeles,,,,,,,,,,,,,,,,,,,,,,,,,,,,,,,,,,,,,,,,,,,,,,,,,,,,,,,,,,,,,,,,,,,,,,,,,,,,,,,,,,
5e59beb8f9af8b02edd8835d,0039,"Wed, 12 Feb 2020 15:50:42 GMT","Wed, 12 Feb 2020 22:32:11 GMT","Wed, 12 Feb 2020 17:16:19 GMT",2.805,2_39_79_382_2020-02-12 15:50:41.701742,0002,CA-491,2-39-79-382,America/Los_Angeles,000004701,300,12,40,388,"Wed, 12 Feb 2020 15:50:48 GMT",true,"Wed, 12 Feb 2020 22:18:42 GMT",4701,,,,,,,,,,,,,,,,,,,,,,,,,,,,,,,,,,,,,,,,,,,,,,,,,,,,,,,,,,,,,,,,,,,,,,,,,
5e59beb8f9af8b02edd8835e,0039,"Wed, 12 Feb 2020 16:10:10 GMT","Thu, 13 Feb 2020 01:54:38 GMT","Wed, 12 Feb 2020 19:17:51 GMT",12.215,2_39_79_381_2020-02-12 16:10:09.661187,0002,CA-490,2-39-79-381,America/Los_Angeles,000001458,400,24,60,60,"Wed, 12 Feb 2020 16:12:07 GMT",true,"Wed, 12 Feb 2020 17:10:10 GMT",1458,,400,24,60,60,"Wed, 12 Feb 2020 22:21:36 GMT",true,"Wed, 12 Feb 2020 17:10:10 GMT",1458,,,,,,,,,,,,,,,,,,,,,,,,,,,,,,,,,,,,,,,,,,,,,,,,,,,,,,,,,,,,,,,,
5e59beb8f9af8b02edd8835f,0039,"Wed, 12 Feb 2020 16:23:32 GMT","Thu, 13 Feb 2020 06:20:41 GMT","Wed, 12 Feb 2020 17:29:44 GMT",2.127,2_39_92_436_2020-02-12 16:23:32.470072,0002,CA-318,2-39-92-436,America/Los_Angeles,000000324,444,8.88,20,221,"Wed, 12 Feb 2020 16:23:55 GMT",true,"Wed, 12 Feb 2020 20:04:32 GMT",324,,,,,,,,,,,,,,,,,,,,,,,,,,,,,,,,,,,,,,,,,,,,,,,,,,,,,,,,,,,,,,,,,,,,,,,,,
5e59beb8f9af8b02edd88360,0039,"Wed, 12 Feb 2020 16:28:05 GMT","Thu, 13 Feb 2020 00:33:00 GMT","Wed, 12 Feb 2020 22:43:29 GMT",15.393,2_39_78_364_2020-02-12 16:27:54.609926,0002,CA-495,2-39-78-364,America/Los_Angeles,000000671,267,29.37,110,271,"Wed, 12 Feb 2020 16:28:04 GMT",true,"Wed, 12 Feb 2020 20:59:05 GMT",671,,,,,,,,,,,,,,,,,,,,,,,,,,,,,,,,,,,,,,,,,,,,,,,,,,,,,,,,,,,,,,,,,,,,,,,,,
5e59beb8f9af8b02edd88361,0039,"Wed, 12 Feb 2020 16:30:07 GMT","Thu, 13 Feb 2020 01:30:07 GMT","Thu, 13 Feb 2020 00:58:27 GMT",11.966,2_39_131_30_2020-02-12 16:30:07.178832,0002,CA-305,2-39-131-30,America/Los_Angeles,000000559,400,12,30,519,"Wed, 12 Feb 2020 16:30:16 GMT",true,"Thu, 13 Feb 2020 01:09:07 GMT",559,,,,,,,,,,,,,,,,,,,,,,,,,,,,,,,,,,,,,,,,,,,,,,,,,,,,,,,,,,,,,,,,,,,,,,,,,
5e59beb8f9af8b02edd88362,0039,"Wed, 12 Feb 2020 16:30:57 GMT","Thu, 13 Feb 2020 02:17:12 GMT","Wed, 12 Feb 2020 17:50:46 GMT",4.404,2_39_126_560_2020-02-12 16:30:57.074166,0002,CA-506,2-39-126-560,America/Los_Angeles,000001534,250,10,40,404,"Wed, 12 Feb 2020 16:31:17 GMT",true,"Wed, 12 Feb 2020 23:14:57 GMT",1534,,,,,,,,,,,,,,,,,,,,,,,,,,,,,,,,,,,,,,,,,,,,,,,,,,,,,,,,,,,,,,,,,,,,,,,,,
5e59beb8f9af8b02edd88363,0039,"Wed, 12 Feb 2020 16:34:11 GMT","Wed, 12 Feb 2020 22:58:04 GMT","Wed, 12 Feb 2020 18:46:47 GMT",12.876,2_39_92_442_2020-02-12 16:34:11.369379,0002,CA-498,2-39-92-442,America/Los_Angeles,000000068,214,17.12,80,303,"Wed, 12 Feb 2020 16:34:22 GMT",true,"Wed, 12 Feb 2020 21:37:11 GMT",68,,,,,,,,,,,,,,,,,,,,,,,,,,,,,,,,,,,,,,,,,,,,,,,,,,,,,,,,,,,,,,,,,,,,,,,,,
5e59beb8f9af8b02edd88364,0039,"Wed, 12 Feb 2020 16:36:54 GMT","Thu, 13 Feb 2020 02:38:14 GMT","Wed, 12 Feb 2020 19:35:04 GMT",9.479,2_39_125_21_2020-02-12 16:36:54.188421,0002,CA-311,2-39-125-21,America/Los_Angeles,000000712,400,16,40,405,"Wed, 12 Feb 2020 16:37:06 GMT",true,"Wed, 12 Feb 2020 23:21:54 GMT",712,,,,,,,,,,,,,,,,,,,,,,,,,,,,,,,,,,,,,,,,,,,,,,,,,,,,,,,,,,,,,,,,,,,,,,,,,
5e59beb8f9af8b02edd88365,0039,"Wed, 12 Feb 2020 16:37:10 GMT","Thu, 13 Feb 2020 01:00:28 GMT","Wed, 12 Feb 2020 17:01:55 GMT",0.852,2_39_127_19_2020-02-12 16:37:10.065586,0002,CA-309,2-39-127-19,America/Los_Angeles,000001366,400,8,20,60,"Wed, 12 Feb 2020 16:37:20 GMT",true,"Wed, 12 Feb 2020 17:37:10 GMT",1366,,,,,,,,,,,,,,,,,,,,,,,,,,,,,,,,,,,,,,,,,,,,,,,,,,,,,,,,,,,,,,,,,,,,,,,,,
5e59beb8f9af8b02edd88366,0039,"Wed, 12 Feb 2020 16:38:07 GMT","Wed, 12 Feb 2020 23:32:54 GMT","Wed, 12 Feb 2020 23:33:51 GMT",10.859,2_39_78_362_2020-02-12 16:38:07.235138,0002,CA-496,2-39-78-362,America/Los_Angeles,000001470,292,29.2,100,301,"Wed, 12 Feb 2020 16:38:20 GMT",true,"Wed, 12 Feb 2020 21:39:07 GMT",1470,,,,,,,,,,,,,,,,,,,,,,,,,,,,,,,,,,,,,,,,,,,,,,,,,,,,,,,,,,,,,,,,,,,,,,,,,
5e59beb8f9af8b02edd88367,0039,"Wed, 12 Feb 2020 16:42:05 GMT","Thu, 13 Feb 2020 02:40:40 GMT","Wed, 12 Feb 2020 19:51:24 GMT",13.593,2_39_78_366_2020-02-12 16:42:04.911652,0002,CA-323,2-39-78-366,America/Los_Angeles,000000945,400,32,80,62,"Wed, 12 Feb 2020 16:42:16 GMT",true,"Wed, 12 Feb 2020 17:44:05 GMT",945,,,,,,,,,,,,,,,,,,,,,,,,,,,,,,,,,,,,,,,,,,,,,,,,,,,,,,,,,,,,,,,,,,,,,,,,,
5e59beb8f9af8b02edd88368,0039,"Wed, 12 Feb 2020 16:43:35 GMT","Thu, 13 Feb 2020 01:49:49 GMT","Thu, 13 Feb 2020 00:57:32 GMT",1.904,2_39_79_378_2020-02-12 16:43:34.740134,0002,CA-326,2-39-79-378,America/Los_Angeles,,,,,,,,,,,,,,,,,,,,,,,,,,,,,,,,,,,,,,,,,,,,,,,,,,,,,,,,,,,,,,,,,,,,,,,,,,,,,,,,,,
5e59beb8f9af8b02edd88369,0039,"Wed, 12 Feb 2020 16:55:21 GMT","Thu, 13 Feb 2020 00:40:36 GMT","Wed, 12 Feb 2020 20:48:45 GMT",23.598,2_39_79_376_2020-02-12 16:55:20.766885,0002,CA-324,2-39-79-376,America/Los_Angeles,000001104,250,37.5,150,373,"Wed, 12 Feb 2020 16:55:31 GMT",true,"Wed, 12 Feb 2020 23:08:21 GMT",1104,,,,,,,,,,,,,,,,,,,,,,,,,,,,,,,,,,,,,,,,,,,,,,,,,,,,,,,,,,,,,,,,,,,,,,,,,
5e59beb8f9af8b02edd8836a,0039,"Wed, 12 Feb 2020 17:08:45 GMT","Thu, 13 Feb 2020 00:38:23 GMT","Wed, 12 Feb 2020 19:17:01 GMT",6.513,2_39_78_365_2020-02-12 17:08:27.156551,0002,CA-321,2-39-78-365,America/Los_Angeles,000005368,400,8,20,73,"Wed, 12 Feb 2020 17:08:45 GMT",true,"Wed, 12 Feb 2020 18:21:45 GMT",5368,,,,,,,,,,,,,,,,,,,,,,,,,,,,,,,,,,,,,,,,,,,,,,,,,,,,,,,,,,,,,,,,,,,,,,,,,
5e59beb8f9af8b02edd8836b,0039,"Wed, 12 Feb 2020 17:10:05 GMT","Thu, 13 Feb 2020 01:03:33 GMT","Wed, 12 Feb 2020 19:51:11 GMT",8.21,2_39_89_25_2020-02-12 17:10:05.060011,0002,CA-315,2-39-89-25,America/Los_Angeles,000001364,400,28,70,182,"Wed, 12 Feb 2020 17:10:12 GMT",true,"Wed, 12 Feb 2020 20:12:05 GMT",1364,,,,,,,,,,,,,,,,,,,,,,,,,,,,,,,,,,,,,,,,,,,,,,,,,,,,,,,,,,,,,,,,,,,,,,,,,
5e59beb8f9af8b02edd8836c,0039,"Wed, 12 Feb 2020 17:11:12 GMT","Wed, 12 Feb 2020 20:42:06 GMT","Wed, 12 Feb 2020 17:55:35 GMT",4.345,2_39_124_22_2020-02-12 17:11:12.189970,0002,CA-312,2-39-124-22,America/Los_Angeles,000001912,400,20,50,392,"Wed, 12 Feb 2020 17:11:26 GMT",true,"Wed, 12 Feb 2020 23:43:12 GMT",1912,,,,,,,,,,,,,,,,,,,,,,,,,,,,,,,,,,,,,,,,,,,,,,,,,,,,,,,,,,,,,,,,,,,,,,,,,
5e59beb8f9af8b02edd8836d,0039,"Wed, 12 Feb 2020 17:13:38 GMT","Wed, 12 Feb 2020 20:03:42 GMT","Wed, 12 Feb 2020 19:54:36 GMT",4.496,2_39_78_367_2020-02-12 17:13:38.348492,0002,CA-494,2-39-78-367,America/Los_Angeles,000000564,231,4.62,20,537,"Wed, 12 Feb 2020 17:13:52 GMT",true,"Thu, 13 Feb 2020 02:10:38 GMT",564,,,,,,,,,,,,,,,,,,,,,,,,,,,,,,,,,,,,,,,,,,,,,,,,,,,,,,,,,,,,,,,,,,,,,,,,,
5e59beb8f9af8b02edd8836e,0039,"Wed, 12 Feb 2020 17:13:51 GMT","Thu, 13 Feb 2020 05:04:49 GMT","Wed, 12 Feb 2020 18:40:52 GMT",4.092,2_39_89_439_2020-02-12 17:13:50.571667,0002,CA-501,2-39-89-439,America/Los_Angeles,000000743,400,8,20,522,"Wed, 12 Feb 2020 17:14:01 GMT",true,"Thu, 13 Feb 2020 01:55:51 GMT",743,,,,,,,,,,,,,,,,,,,,,,,,,,,,,,,,,,,,,,,,,,,,,,,,,,,,,,,,,,,,,,,,,,,,,,,,,
5e59beb8f9af8b02edd8836f,0039,"Wed, 12 Feb 2020 17:13:55 GMT","Thu, 13 Feb 2020 03:09:57 GMT","Wed, 12 Feb 2020 18:33:12 GMT",4.11,2_39_123_23_2020-02-12 17:13:55.181164,0002,CA-313,2-39-123-23,America/Los_Angeles,000000567,400,8,20,434,"Wed, 12 Feb 2020 17:14:36 GMT",true,"Thu, 13 Feb 2020 00:27:55 GMT",567,,400,8,20,434,"Wed, 12 Feb 2020 17:14:48 GMT",true,"Thu, 13 Feb 2020 00:27:55 GMT",567,,,,,,,,,,,,,,,,,,,,,,,,,,,,,,,,,,,,,,,,,,,,,,,,,,,,,,,,,,,,,,,,
5e59beb8f9af8b02edd88370,0039,"Wed, 12 Feb 2020 17:24:34 GMT","Wed, 12 Feb 2020 23:54:47 GMT","Wed, 12 Feb 2020 22:50:28 GMT",15.799,2_39_78_360_2020-02-12 17:24:33.775021,0002,CA-322,2-39-78-360,America/Los_Angeles,000003853,360,25.2,70,523,"Wed, 12 Feb 2020 17:24:46 GMT",true,"Thu, 13 Feb 2020 02:07:34 GMT",3853,,,,,,,,,,,,,,,,,,,,,,,,,,,,,,,,,,,,,,,,,,,,,,,,,,,,,,,,,,,,,,,,,,,,,,,,,
5e59beb8f9af8b02edd88371,0039,"Wed, 12 Feb 2020 17:29:34 GMT","Wed, 12 Feb 2020 23:48:44 GMT","Wed, 12 Feb 2020 22:41:28 GMT",0.969,2_39_95_27_2020-02-12 17:29:34.180877,0002,CA-319,2-39-95-27,America/Los_Angeles,,,,,,,,,,,,,,,,,,,,,,,,,,,,,,,,,,,,,,,,,,,,,,,,,,,,,,,,,,,,,,,,,,,,,,,,,,,,,,,,,,
5e59beb8f9af8b02edd88372,0039,"Wed, 12 Feb 2020 17:33:15 GMT","Thu, 13 Feb 2020 02:56:13 GMT","Thu, 13 Feb 2020 02:56:12 GMT",8.762,2_39_78_363_2020-02-12 17:33:14.663229,0002,CA-320,2-39-78-363,America/Los_Angeles,000000714,400,32,80,445,"Wed, 12 Feb 2020 17:33:50 GMT",true,"Thu, 13 Feb 2020 00:58:15 GMT",714,,,,,,,,,,,,,,,,,,,,,,,,,,,,,,,,,,,,,,,,,,,,,,,,,,,,,,,,,,,,,,,,,,,,,,,,,
5e59beb8f9af8b02edd88373,0039,"Wed, 12 Feb 2020 17:44:50 GMT","Thu, 13 Feb 2020 01:56:54 GMT","Wed, 12 Feb 2020 19:45:36 GMT",5.899,2_39_90_440_2020-02-12 17:44:50.069091,0002,CA-500,2-39-90-440,America/Los_Angeles,000001222,400,8,20,72,"Wed, 12 Feb 2020 17:46:16 GMT",true,"Wed, 12 Feb 2020 18:56:50 GMT",1222,,,,,,,,,,,,,,,,,,,,,,,,,,,,,,,,,,,,,,,,,,,,,,,,,,,,,,,,,,,,,,,,,,,,,,,,,
5e59beb8f9af8b02edd88374,0039,"Wed, 12 Feb 2020 17:45:40 GMT","Thu, 13 Feb 2020 04:30:13 GMT","Wed, 12 Feb 2020 19:42:17 GMT",11.631,2_39_91_437_2020-02-12 17:45:39.813683,0002,CA-317,2-39-91-437,America/Los_Angeles,000000558,400,28,70,60,"Wed, 12 Feb 2020 17:45:42 GMT",true,"Wed, 12 Feb 2020 18:45:40 GMT",558,,,,,,,,,,,,,,,,,,,,,,,,,,,,,,,,,,,,,,,,,,,,,,,,,,,,,,,,,,,,,,,,,,,,,,,,,
5e59beb8f9af8b02edd88375,0039,"Wed, 12 Feb 2020 18:03:14 GMT","Thu, 13 Feb 2020 00:25:27 GMT","Wed, 12 Feb 2020 18:38:36 GMT",2.183,2_39_90_26_2020-02-12 18:03:13.736250,0002,CA-316,2-39-90-26,America/Los_Angeles,000000751,400,40,100,717,"Wed, 12 Feb 2020 18:03:28 GMT",true,"Thu, 13 Feb 2020 06:00:14 GMT",751,,400,40,100,717,"Wed, 12 Feb 2020 18:03:38 GMT",true,"Thu, 13 Feb 2020 06:00:14 GMT",751,,,,,,,,,,,,,,,,,,,,,,,,,,,,,,,,,,,,,,,,,,,,,,,,,,,,,,,,,,,,,,,,
5e59beb8f9af8b02edd88376,0039,"Wed, 12 Feb 2020 18:11:27 GMT","Wed, 12 Feb 2020 21:35:55 GMT","Wed, 12 Feb 2020 18:42:22 GMT",0.786,2_39_79_380_2020-02-12 18:11:27.163776,0002,CA-489,2-39-79-380,America/Los_Angeles,,,,,,,,,,,,,,,,,,,,,,,,,,,,,,,,,,,,,,,,,,,,,,,,,,,,,,,,,,,,,,,,,,,,,,,,,,,,,,,,,,
5e59beb8f9af8b02edd88377,0039,"Wed, 12 Feb 2020 18:18:33 GMT","Wed, 12 Feb 2020 22:44:10 GMT","Wed, 12 Feb 2020 19:53:03 GMT",9.696,2_39_88_24_2020-02-12 18:18:33.492818,0002,CA-314,2-39-88-24,America/Los_Angeles,000001087,400,32,80,311,"Wed, 12 Feb 2020 18:18:39 GMT",true,"Wed, 12 Feb 2020 23:29:33 GMT",1087,,,,,,,,,,,,,,,,,,,,,,,,,,,,,,,,,,,,,,,,,,,,,,,,,,,,,,,,,,,,,,,,,,,,,,,,,
5e59beb8f9af8b02edd88378,0039,"Wed, 12 Feb 2020 18:24:37 GMT","Thu, 13 Feb 2020 01:32:32 GMT","Wed, 12 Feb 2020 19:50:39 GMT",9.063,2_39_126_20_2020-02-12 18:24:37.254523,0002,CA-310,2-39-126-20,America/Los_Angeles,000002961,400,40,100,459,"Wed, 12 Feb 2020 18:24:46 GMT",true,"Thu, 13 Feb 2020 02:03:37 GMT",2961,,,,,,,,,,,,,,,,,,,,,,,,,,,,,,,,,,,,,,,,,,,,,,,,,,,,,,,,,,,,,,,,,,,,,,,,,
5e59beb8f9af8b02edd88379,0039,"Wed, 12 Feb 2020 18:54:02 GMT","Thu, 13 Feb 2020 02:53:49 GMT","Wed, 12 Feb 2020 21:07:33 GMT",6.566,2_39_123_557_2020-02-12 18:54:02.394450,0002,CA-503,2-39-123-557,America/Los_Angeles,000002170,400,28,70,417,"Wed, 12 Feb 2020 18:54:33 GMT",true,"Thu, 13 Feb 2020 01:51:02 GMT",2170,,,,,,,,,,,,,,,,,,,,,,,,,,,,,,,,,,,,,,,,,,,,,,,,,,,,,,,,,,,,,,,,,,,,,,,,,
5e59beb8f9af8b02edd8837a,0039,"Wed, 12 Feb 2020 19:19:42 GMT","Thu, 13 Feb 2020 04:27:51 GMT","Wed, 12 Feb 2020 20:37:00 GMT",2.522,2_39_128_562_2020-02-12 19:19:42.454745,0002,CA-508,2-39-128-562,America/Los_Angeles,000001082,400,8,20,64,"Wed, 12 Feb 2020 19:20:12 GMT",true,"Wed, 12 Feb 2020 20:23:42 GMT",1082,,,,,,,,,,,,,,,,,,,,,,,,,,,,,,,,,,,,,,,,,,,,,,,,,,,,,,,,,,,,,,,,,,,,,,,,,
5e59beb8f9af8b02edd8837b,0039,"Wed, 12 Feb 2020 20:21:18 GMT","Thu, 13 Feb 2020 02:06:46 GMT","Thu, 13 Feb 2020 01:29:50 GMT",0.882,2_39_78_367_2020-02-12 20:21:17.670106,0002,CA-494,2-39-78-367,America/Los_Angeles,,,,,,,,,,,,,,,,,,,,,,,,,,,,,,,,,,,,,,,,,,,,,,,,,,,,,,,,,,,,,,,,,,,,,,,,,,,,,,,,,,
5e59beb8f9af8b02edd8837c,0039,"Wed, 12 Feb 2020 20:47:52 GMT","Thu, 13 Feb 2020 01:26:09 GMT","Wed, 12 Feb 2020 22:29:56 GMT",4.782,2_39_124_22_2020-02-12 20:47:52.331068,0002,CA-312,2-39-124-22,America/Los_Angeles,000000891,400,8,20,216,"Wed, 12 Feb 2020 20:48:52 GMT",true,"Thu, 13 Feb 2020 00:23:52 GMT",891,,,,,,,,,,,,,,,,,,,,,,,,,,,,,,,,,,,,,,,,,,,,,,,,,,,,,,,,,,,,,,,,,,,,,,,,,
5e59beb8f9af8b02edd8837d,0039,"Wed, 12 Feb 2020 21:59:25 GMT","Thu, 13 Feb 2020 01:07:19 GMT","Thu, 13 Feb 2020 00:59:06 GMT",0.771,2_39_79_380_2020-02-12 21:59:24.922537,0002,CA-489,2-39-79-380,America/Los_Angeles,,,,,,,,,,,,,,,,,,,,,,,,,,,,,,,,,,,,,,,,,,,,,,,,,,,,,,,,,,,,,,,,,,,,,,,,,,,,,,,,,,
5e59beb8f9af8b02edd8837e,0039,"Wed, 12 Feb 2020 23:09:18 GMT","Thu, 13 Feb 2020 00:02:42 GMT","Wed, 12 Feb 2020 23:56:08 GMT",4.126,2_39_92_442_2020-02-12 23:09:18.356332,0002,CA-498,2-39-92-442,America/Los_Angeles,000000668,425,4.25,10,61,"Wed, 12 Feb 2020 23:09:25 GMT",true,"Thu, 13 Feb 2020 00:10:18 GMT",668,,,,,,,,,,,,,,,,,,,,,,,,,,,,,,,,,,,,,,,,,,,,,,,,,,,,,,,,,,,,,,,,,,,,,,,,,
5e59beb8f9af8b02edd8837f,0039,"Wed, 12 Feb 2020 23:38:48 GMT","Thu, 13 Feb 2020 01:59:06 GMT","Thu, 13 Feb 2020 01:59:01 GMT",15.603,2_39_88_24_2020-02-12 23:38:48.486559,0002,CA-314,2-39-88-24,America/Los_Angeles,000003270,200,40,200,470,"Wed, 12 Feb 2020 23:39:42 GMT",true,"Thu, 13 Feb 2020 07:28:48 GMT",3270,,,,,,,,,,,,,,,,,,,,,,,,,,,,,,,,,,,,,,,,,,,,,,,,,,,,,,,,,,,,,,,,,,,,,,,,,
5e59beb8f9af8b02edd88380,0039,"Wed, 12 Feb 2020 23:54:31 GMT","Thu, 13 Feb 2020 01:24:21 GMT","Thu, 13 Feb 2020 01:24:13 GMT",4.84,2_39_95_27_2020-02-12 23:54:30.613515,0002,CA-319,2-39-95-27,America/Los_Angeles,000001920,450,13.5,30,154,"Wed, 12 Feb 2020 23:54:59 GMT",true,"Thu, 13 Feb 2020 02:28:31 GMT",1920,,,,,,,,,,,,,,,,,,,,,,,,,,,,,,,,,,,,,,,,,,,,,,,,,,,,,,,,,,,,,,,,,,,,,,,,,
5e59beb8f9af8b02edd88381,0039,"Wed, 12 Feb 2020 23:56:44 GMT","Thu, 13 Feb 2020 01:07:58 GMT","Thu, 13 Feb 2020 01:07:55 GMT",5.882,2_39_78_360_2020-02-12 23:56:44.068783,0002,CA-322,2-39-78-360,America/Los_Angeles,000005855,400,20,50,73,"Wed, 12 Feb 2020 23:58:29 GMT",true,"Thu, 13 Feb 2020 01:09:44 GMT",5855,,,,,,,,,,,,,,,,,,,,,,,,,,,,,,,,,,,,,,,,,,,,,,,,,,,,,,,,,,,,,,,,,,,,,,,,,
5e59beb8f9af8b02edd88382,0039,"Thu, 13 Feb 2020 01:11:14 GMT","Thu, 13 Feb 2020 01:33:28 GMT","Thu, 13 Feb 2020 01:32:59 GMT",1.181,2_39_78_360_2020-02-13 01:11:13.722691,0002,CA-322,2-39-78-360,America/Los_Angeles,000005368,400,8,20,73,"Thu, 13 Feb 2020 01:14:36 GMT",true,"Thu, 13 Feb 2020 02:24:14 GMT",5368,,,,,,,,,,,,,,,,,,,,,,,,,,,,,,,,,,,,,,,,,,,,,,,,,,,,,,,,,,,,,,,,,,,,,,,,,
5e59beb8f9af8b02edd88383,0039,"Thu, 13 Feb 2020 02:46:34 GMT","Thu, 13 Feb 2020 04:34:52 GMT","Thu, 13 Feb 2020 04:32:37 GMT",6.676,2_39_131_30_2020-02-13 02:46:33.932548,0002,CA-305,2-39-131-30,America/Los_Angeles,000001564,300,12,40,152,"Thu, 13 Feb 2020 02:46:49 GMT",true,"Thu, 13 Feb 2020 05:18:34 GMT",1564,,,,,,,,,,,,,,,,,,,,,,,,,,,,,,,,,,,,,,,,,,,,,,,,,,,,,,,,,,,,,,,,,,,,,,,,,
5e5b1034f9af8b06c4b621e0,0039,"Thu, 13 Feb 2020 15:43:55 GMT","Thu, 13 Feb 2020 22:57:08 GMT","Thu, 13 Feb 2020 19:12:38 GMT",13.374,2_39_79_380_2020-02-13 15:43:41.066672,0002,CA-489,2-39-79-380,America/Los_Angeles,000001458,400,24,60,60,"Thu, 13 Feb 2020 15:43:55 GMT",true,"Thu, 13 Feb 2020 16:43:55 GMT",1458,,400,24,60,60,"Thu, 13 Feb 2020 22:56:48 GMT",true,"Thu, 13 Feb 2020 16:43:55 GMT",1458,,,,,,,,,,,,,,,,,,,,,,,,,,,,,,,,,,,,,,,,,,,,,,,,,,,,,,,,,,,,,,,,
5e5b1034f9af8b06c4b621e1,0039,"Thu, 13 Feb 2020 15:50:28 GMT","Thu, 13 Feb 2020 23:00:28 GMT","Thu, 13 Feb 2020 17:24:31 GMT",3.307,2_39_79_382_2020-02-13 15:50:28.419694,0002,CA-491,2-39-79-382,America/Los_Angeles,000004701,300,12,40,388,"Thu, 13 Feb 2020 15:50:55 GMT",true,"Thu, 13 Feb 2020 22:18:28 GMT",4701,,,,,,,,,,,,,,,,,,,,,,,,,,,,,,,,,,,,,,,,,,,,,,,,,,,,,,,,,,,,,,,,,,,,,,,,,
5e5b1034f9af8b06c4b621e2,0039,"Thu, 13 Feb 2020 15:54:27 GMT","Thu, 13 Feb 2020 21:20:12 GMT","Thu, 13 Feb 2020 20:19:39 GMT",0.812,2_39_79_381_2020-02-13 15:54:26.838423,0002,CA-490,2-39-79-381,America/Los_Angeles,,,,,,,,,,,,,,,,,,,,,,,,,,,,,,,,,,,,,,,,,,,,,,,,,,,,,,,,,,,,,,,,,,,,,,,,,,,,,,,,,,
5e5b1034f9af8b06c4b621e3,0039,"Thu, 13 Feb 2020 16:12:28 GMT","Fri, 14 Feb 2020 02:37:07 GMT","Thu, 13 Feb 2020 17:29:22 GMT",3.732,2_39_79_377_2020-02-13 16:12:27.800879,0002,CA-325,2-39-79-377,America/Los_Angeles,000002170,400,28,70,417,"Thu, 13 Feb 2020 16:12:44 GMT",true,"Thu, 13 Feb 2020 23:09:28 GMT",2170,,,,,,,,,,,,,,,,,,,,,,,,,,,,,,,,,,,,,,,,,,,,,,,,,,,,,,,,,,,,,,,,,,,,,,,,,
5e5b1034f9af8b06c4b621e4,0039,"Thu, 13 Feb 2020 16:15:52 GMT","Thu, 13 Feb 2020 23:28:57 GMT","Thu, 13 Feb 2020 23:05:35 GMT",6.203,2_39_78_363_2020-02-13 16:15:48.725497,0002,CA-320,2-39-78-363,America/Los_Angeles,000004947,380,7.6,20,751,"Thu, 13 Feb 2020 16:15:52 GMT",true,"Fri, 14 Feb 2020 04:46:52 GMT",4947,,,,,,,,,,,,,,,,,,,,,,,,,,,,,,,,,,,,,,,,,,,,,,,,,,,,,,,,,,,,,,,,,,,,,,,,,
5e5b1034f9af8b06c4b621e5,0039,"Thu, 13 Feb 2020 16:18:29 GMT","Thu, 13 Feb 2020 17:09:43 GMT","Thu, 13 Feb 2020 17:09:39 GMT",5.563,2_39_78_366_2020-02-13 16:18:28.883733,0002,CA-323,2-39-78-366,America/Los_Angeles,000003853,360,18,50,523,"Thu, 13 Feb 2020 16:18:47 GMT",true,"Fri, 14 Feb 2020 01:01:29 GMT",3853,,,,,,,,,,,,,,,,,,,,,,,,,,,,,,,,,,,,,,,,,,,,,,,,,,,,,,,,,,,,,,,,,,,,,,,,,
5e5b1034f9af8b06c4b621e6,0039,"Thu, 13 Feb 2020 16:25:16 GMT","Fri, 14 Feb 2020 02:47:26 GMT","Fri, 14 Feb 2020 02:27:51 GMT",1.041,2_39_79_379_2020-02-13 16:25:16.372695,0002,CA-327,2-39-79-379,America/Los_Angeles,,,,,,,,,,,,,,,,,,,,,,,,,,,,,,,,,,,,,,,,,,,,,,,,,,,,,,,,,,,,,,,,,,,,,,,,,,,,,,,,,,
5e5b1034f9af8b06c4b621e7,0039,"Thu, 13 Feb 2020 16:28:43 GMT","Fri, 14 Feb 2020 01:21:38 GMT","Thu, 13 Feb 2020 18:14:04 GMT",11.341,2_39_92_442_2020-02-13 16:28:43.388794,0002,CA-498,2-39-92-442,America/Los_Angeles,000001470,292,29.2,100,301,"Thu, 13 Feb 2020 16:28:58 GMT",true,"Thu, 13 Feb 2020 21:29:43 GMT",1470,,,,,,,,,,,,,,,,,,,,,,,,,,,,,,,,,,,,,,,,,,,,,,,,,,,,,,,,,,,,,,,,,,,,,,,,,
5e5b1034f9af8b06c4b621e8,0039,"Thu, 13 Feb 2020 16:41:33 GMT","Thu, 13 Feb 2020 21:55:33 GMT","Thu, 13 Feb 2020 18:00:28 GMT",3.358,2_39_131_30_2020-02-13 16:41:32.695926,0002,CA-305,2-39-131-30,America/Los_Angeles,000001366,400,8,20,60,"Thu, 13 Feb 2020 16:41:53 GMT",true,"Thu, 13 Feb 2020 17:41:33 GMT",1366,,,,,,,,,,,,,,,,,,,,,,,,,,,,,,,,,,,,,,,,,,,,,,,,,,,,,,,,,,,,,,,,,,,,,,,,,
5e5b1034f9af8b06c4b621e9,0039,"Thu, 13 Feb 2020 16:41:51 GMT","Fri, 14 Feb 2020 00:52:21 GMT","Thu, 13 Feb 2020 21:06:04 GMT",23.815,2_39_79_378_2020-02-13 16:41:51.408795,0002,CA-326,2-39-79-378,America/Los_Angeles,000001104,250,25,100,373,"Thu, 13 Feb 2020 16:42:53 GMT",true,"Thu, 13 Feb 2020 22:54:51 GMT",1104,,,,,,,,,,,,,,,,,,,,,,,,,,,,,,,,,,,,,,,,,,,,,,,,,,,,,,,,,,,,,,,,,,,,,,,,,
5e5b1034f9af8b06c4b621ea,0039,"Thu, 13 Feb 2020 16:43:39 GMT","Fri, 14 Feb 2020 01:04:26 GMT","Thu, 13 Feb 2020 19:21:40 GMT",5.488,2_39_79_376_2020-02-13 16:43:38.533190,0002,CA-324,2-39-79-376,America/Los_Angeles,000001864,400,12,30,496,"Thu, 13 Feb 2020 16:43:46 GMT",true,"Fri, 14 Feb 2020 00:59:39 GMT",1864,,,,,,,,,,,,,,,,,,,,,,,,,,,,,,,,,,,,,,,,,,,,,,,,,,,,,,,,,,,,,,,,,,,,,,,,,
5e5b1034f9af8b06c4b621eb,0039,"Thu, 13 Feb 2020 16:45:06 GMT","Fri, 14 Feb 2020 00:56:57 GMT","Thu, 13 Feb 2020 18:33:00 GMT",9.742,2_39_91_437_2020-02-13 16:45:05.604631,0002,CA-317,2-39-91-437,America/Los_Angeles,000000431,300,18,60,219,"Thu, 13 Feb 2020 16:45:23 GMT",true,"Thu, 13 Feb 2020 20:24:06 GMT",431,,,,,,,,,,,,,,,,,,,,,,,,,,,,,,,,,,,,,,,,,,,,,,,,,,,,,,,,,,,,,,,,,,,,,,,,,
5e5b1034f9af8b06c4b621ec,0039,"Thu, 13 Feb 2020 16:49:43 GMT","Fri, 14 Feb 2020 02:30:28 GMT","Thu, 13 Feb 2020 18:13:44 GMT",4.618,2_39_127_19_2020-02-13 16:49:43.435580,0002,CA-309,2-39-127-19,America/Los_Angeles,000000712,400,16,40,405,"Thu, 13 Feb 2020 16:49:47 GMT",true,"Thu, 13 Feb 2020 23:34:43 GMT",712,,,,,,,,,,,,,,,,,,,,,,,,,,,,,,,,,,,,,,,,,,,,,,,,,,,,,,,,,,,,,,,,,,,,,,,,,
5e5b1034f9af8b06c4b621ed,0039,"Thu, 13 Feb 2020 16:54:40 GMT","Fri, 14 Feb 2020 01:08:46 GMT","Thu, 13 Feb 2020 20:30:56 GMT",8.517,2_39_126_20_2020-02-13 16:54:39.985454,0002,CA-310,2-39-126-20,America/Los_Angeles,000000620,400,12,30,483,"Thu, 13 Feb 2020 16:54:54 GMT",true,"Fri, 14 Feb 2020 00:57:40 GMT",620,,,,,,,,,,,,,,,,,,,,,,,,,,,,,,,,,,,,,,,,,,,,,,,,,,,,,,,,,,,,,,,,,,,,,,,,,
5e5b1034f9af8b06c4b621ee,0039,"Thu, 13 Feb 2020 16:55:57 GMT","Fri, 14 Feb 2020 00:32:31 GMT","Thu, 13 Feb 2020 20:35:23 GMT",16.717,2_39_78_365_2020-02-13 16:55:57.220591,0002,CA-321,2-39-78-365,America/Los_Angeles,000001137,400,40,100,420,"Thu, 13 Feb 2020 16:56:55 GMT",true,"Thu, 13 Feb 2020 23:55:57 GMT",1137,,,,,,,,,,,,,,,,,,,,,,,,,,,,,,,,,,,,,,,,,,,,,,,,,,,,,,,,,,,,,,,,,,,,,,,,,
5e5b1034f9af8b06c4b621ef,0039,"Thu, 13 Feb 2020 16:59:58 GMT","Thu, 13 Feb 2020 21:15:00 GMT","Thu, 13 Feb 2020 21:14:56 GMT",14.489,2_39_90_440_2020-02-13 16:59:51.947743,0002,CA-500,2-39-90-440,America/Los_Angeles,000003556,500,40,80,599,"Thu, 13 Feb 2020 16:59:58 GMT",true,"Fri, 14 Feb 2020 02:58:58 GMT",3556,,,,,,,,,,,,,,,,,,,,,,,,,,,,,,,,,,,,,,,,,,,,,,,,,,,,,,,,,,,,,,,,,,,,,,,,,
5e5b1034f9af8b06c4b621f0,0039,"Thu, 13 Feb 2020 17:09:52 GMT","Fri, 14 Feb 2020 01:25:33 GMT","Thu, 13 Feb 2020 19:04:24 GMT",5.832,2_39_95_27_2020-02-13 17:09:52.034364,0002,CA-319,2-39-95-27,America/Los_Angeles,000005368,400,8,20,73,"Thu, 13 Feb 2020 17:12:50 GMT",true,"Thu, 13 Feb 2020 18:22:52 GMT",5368,,,,,,,,,,,,,,,,,,,,,,,,,,,,,,,,,,,,,,,,,,,,,,,,,,,,,,,,,,,,,,,,,,,,,,,,,
5e5b1034f9af8b06c4b621f1,0039,"Thu, 13 Feb 2020 17:10:03 GMT","Fri, 14 Feb 2020 03:14:06 GMT","Thu, 13 Feb 2020 19:07:32 GMT",11.788,2_39_88_438_2020-02-13 17:10:02.684299,0002,CA-502,2-39-88-438,America/Los_Angeles,000000558,400,32,80,60,"Thu, 13 Feb 2020 17:10:17 GMT",true,"Thu, 13 Feb 2020 18:10:03 GMT",558,,,,,,,,,,,,,,,,,,,,,,,,,,,,,,,,,,,,,,,,,,,,,,,,,,,,,,,,,,,,,,,,,,,,,,,,,
5e5b1034f9af8b06c4b621f2,0039,"Thu, 13 Feb 2020 17:12:38 GMT","Fri, 14 Feb 2020 01:46:18 GMT","Thu, 13 Feb 2020 19:02:03 GMT",4.233,2_39_89_25_2020-02-13 17:12:38.063931,0002,CA-315,2-39-89-25,America/Los_Angeles,000000743,400,8,20,522,"Thu, 13 Feb 2020 17:12:48 GMT",true,"Fri, 14 Feb 2020 01:54:38 GMT",743,,,,,,,,,,,,,,,,,,,,,,,,,,,,,,,,,,,,,,,,,,,,,,,,,,,,,,,,,,,,,,,,,,,,,,,,,
5e5b1034f9af8b06c4b621f3,0039,"Thu, 13 Feb 2020 17:35:27 GMT","Fri, 14 Feb 2020 00:50:20 GMT","Thu, 13 Feb 2020 20:34:42 GMT",17.273,2_39_78_366_2020-02-13 17:35:26.591558,0002,CA-323,2-39-78-366,America/Los_Angeles,000000832,400,24,60,446,"Thu, 13 Feb 2020 17:35:54 GMT",true,"Fri, 14 Feb 2020 01:01:27 GMT",832,,,,,,,,,,,,,,,,,,,,,,,,,,,,,,,,,,,,,,,,,,,,,,,,,,,,,,,,,,,,,,,,,,,,,,,,,
5e5b1034f9af8b06c4b621f4,0039,"Thu, 13 Feb 2020 17:41:41 GMT","Thu, 13 Feb 2020 23:22:34 GMT","Thu, 13 Feb 2020 20:07:33 GMT",10.818,2_39_92_436_2020-02-13 17:41:33.328340,0002,CA-318,2-39-92-436,America/Los_Angeles,000002461,400,12,30,273,"Thu, 13 Feb 2020 17:41:41 GMT",true,"Thu, 13 Feb 2020 22:14:41 GMT",2461,,,,,,,,,,,,,,,,,,,,,,,,,,,,,,,,,,,,,,,,,,,,,,,,,,,,,,,,,,,,,,,,,,,,,,,,,
5e5b1034f9af8b06c4b621f5,0039,"Thu, 13 Feb 2020 17:50:05 GMT","Fri, 14 Feb 2020 00:39:51 GMT","Thu, 13 Feb 2020 20:31:19 GMT",15.944,2_39_91_441_2020-02-13 17:50:05.167906,0002,CA-499,2-39-91-441,America/Los_Angeles,000000069,400,40,100,363,"Thu, 13 Feb 2020 17:50:36 GMT",true,"Thu, 13 Feb 2020 23:53:05 GMT",69,,,,,,,,,,,,,,,,,,,,,,,,,,,,,,,,,,,,,,,,,,,,,,,,,,,,,,,,,,,,,,,,,,,,,,,,,
5e5b1034f9af8b06c4b621f6,0039,"Thu, 13 Feb 2020 17:56:04 GMT","Thu, 13 Feb 2020 20:38:32 GMT","Thu, 13 Feb 2020 20:39:32 GMT",0.885,2_39_78_362_2020-02-13 17:56:04.020684,0002,CA-496,2-39-78-362,America/Los_Angeles,,,,,,,,,,,,,,,,,,,,,,,,,,,,,,,,,,,,,,,,,,,,,,,,,,,,,,,,,,,,,,,,,,,,,,,,,,,,,,,,,,
5e5b1034f9af8b06c4b621f7,0039,"Thu, 13 Feb 2020 18:01:13 GMT","Fri, 14 Feb 2020 01:25:51 GMT","Thu, 13 Feb 2020 18:40:10 GMT",2.382,2_39_123_23_2020-02-13 18:01:12.764176,0002,CA-313,2-39-123-23,America/Los_Angeles,000000751,400,40,100,717,"Thu, 13 Feb 2020 18:01:43 GMT",true,"Fri, 14 Feb 2020 05:58:13 GMT",751,,,,,,,,,,,,,,,,,,,,,,,,,,,,,,,,,,,,,,,,,,,,,,,,,,,,,,,,,,,,,,,,,,,,,,,,,
5e5b1034f9af8b06c4b621f8,0039,"Thu, 13 Feb 2020 18:14:33 GMT","Thu, 13 Feb 2020 19:06:38 GMT","Thu, 13 Feb 2020 19:06:25 GMT",5.666,2_39_88_24_2020-02-13 18:14:33.342482,0002,CA-314,2-39-88-24,America/Los_Angeles,000001087,400,32,80,311,"Thu, 13 Feb 2020 18:14:36 GMT",true,"Thu, 13 Feb 2020 23:25:33 GMT",1087,,,,,,,,,,,,,,,,,,,,,,,,,,,,,,,,,,,,,,,,,,,,,,,,,,,,,,,,,,,,,,,,,,,,,,,,,
5e5b1034f9af8b06c4b621f9,0039,"Thu, 13 Feb 2020 18:14:58 GMT","Fri, 14 Feb 2020 02:07:43 GMT","Thu, 13 Feb 2020 20:22:27 GMT",12.148,2_39_124_22_2020-02-13 18:14:58.282577,0002,CA-312,2-39-124-22,America/Los_Angeles,000001095,400,16,40,444,"Thu, 13 Feb 2020 18:15:11 GMT",true,"Fri, 14 Feb 2020 01:38:58 GMT",1095,,,,,,,,,,,,,,,,,,,,,,,,,,,,,,,,,,,,,,,,,,,,,,,,,,,,,,,,,,,,,,,,,,,,,,,,,
5e5b1034f9af8b06c4b621fa,0039,"Thu, 13 Feb 2020 19:37:30 GMT","Fri, 14 Feb 2020 02:07:10 GMT","Thu, 13 Feb 2020 21:47:20 GMT",14.448,2_39_88_24_2020-02-13 19:37:30.281571,0002,CA-314,2-39-88-24,America/Los_Angeles,000000714,400,32,80,445,"Thu, 13 Feb 2020 19:37:58 GMT",true,"Fri, 14 Feb 2020 03:02:30 GMT",714,,,,,,,,,,,,,,,,,,,,,,,,,,,,,,,,,,,,,,,,,,,,,,,,,,,,,,,,,,,,,,,,,,,,,,,,,
5e5b1034f9af8b06c4b621fb,0039,"Thu, 13 Feb 2020 20:40:57 GMT","Fri, 14 Feb 2020 03:01:13 GMT","Thu, 13 Feb 2020 22:41:00 GMT",6.502,2_39_128_562_2020-02-13 20:40:56.552145,0002,CA-508,2-39-128-562,America/Los_Angeles,000001124,400,8,20,60,"Thu, 13 Feb 2020 20:41:17 GMT",true,"Thu, 13 Feb 2020 21:40:57 GMT",1124,,,,,,,,,,,,,,,,,,,,,,,,,,,,,,,,,,,,,,,,,,,,,,,,,,,,,,,,,,,,,,,,,,,,,,,,,
5e5b1034f9af8b06c4b621fc,0039,"Thu, 13 Feb 2020 20:56:08 GMT","Fri, 14 Feb 2020 00:51:27 GMT","Fri, 14 Feb 2020 00:52:27 GMT",0.895,2_39_78_362_2020-02-13 20:56:07.755201,0002,CA-496,2-39-78-362,America/Los_Angeles,,,,,,,,,,,,,,,,,,,,,,,,,,,,,,,,,,,,,,,,,,,,,,,,,,,,,,,,,,,,,,,,,,,,,,,,,,,,,,,,,,
5e5b1034f9af8b06c4b621fd,0039,"Thu, 13 Feb 2020 21:38:04 GMT","Thu, 13 Feb 2020 23:15:48 GMT","Thu, 13 Feb 2020 23:15:43 GMT",10.24,2_39_79_381_2020-02-13 21:38:04.154504,0002,CA-490,2-39-79-381,America/Los_Angeles,000000420,267,26.7,100,174,"Thu, 13 Feb 2020 21:40:51 GMT",true,"Fri, 14 Feb 2020 00:32:04 GMT",420,,,,,,,,,,,,,,,,,,,,,,,,,,,,,,,,,,,,,,,,,,,,,,,,,,,,,,,,,,,,,,,,,,,,,,,,,
5e5b1034f9af8b06c4b621fe,0039,"Thu, 13 Feb 2020 22:00:16 GMT","Fri, 14 Feb 2020 01:44:37 GMT","Thu, 13 Feb 2020 22:30:39 GMT",0.846,2_39_90_440_2020-02-13 22:00:15.885720,0002,CA-500,2-39-90-440,America/Los_Angeles,,,,,,,,,,,,,,,,,,,,,,,,,,,,,,,,,,,,,,,,,,,,,,,,,,,,,,,,,,,,,,,,,,,,,,,,,,,,,,,,,,
5e5b1034f9af8b06c4b621ff,0039,"Thu, 13 Feb 2020 22:50:06 GMT","Fri, 14 Feb 2020 02:09:50 GMT","Thu, 13 Feb 2020 23:41:03 GMT",2.229,2_39_95_444_2020-02-13 22:50:05.951250,0002,CA-497,2-39-95-444,America/Los_Angeles,000000891,400,8,20,216,"Thu, 13 Feb 2020 22:50:08 GMT",true,"Fri, 14 Feb 2020 02:26:06 GMT",891,,,,,,,,,,,,,,,,,,,,,,,,,,,,,,,,,,,,,,,,,,,,,,,,,,,,,,,,,,,,,,,,,,,,,,,,,
5e5b1034f9af8b06c4b62200,0039,"Thu, 13 Feb 2020 23:02:42 GMT","Thu, 13 Feb 2020 23:33:38 GMT","Thu, 13 Feb 2020 23:33:06 GMT",0.853,2_39_79_382_2020-02-13 23:02:41.927116,0002,CA-491,2-39-79-382,America/Los_Angeles,,,,,,,,,,,,,,,,,,,,,,,,,,,,,,,,,,,,,,,,,,,,,,,,,,,,,,,,,,,,,,,,,,,,,,,,,,,,,,,,,,
5e5b1034f9af8b06c4b62201,0039,"Thu, 13 Feb 2020 23:19:57 GMT","Fri, 14 Feb 2020 00:53:13 GMT","Thu, 13 Feb 2020 23:50:33 GMT",0.865,2_39_79_383_2020-02-13 23:19:56.592382,0002,CA-492,2-39-79-383,America/Los_Angeles,,,,,,,,,,,,,,,,,,,,,,,,,,,,,,,,,,,,,,,,,,,,,,,,,,,,,,,,,,,,,,,,,,,,,,,,,,,,,,,,,,
5e5b1034f9af8b06c4b62202,0039,"Thu, 13 Feb 2020 23:25:16 GMT","Fri, 14 Feb 2020 03:59:55 GMT","Fri, 14 Feb 2020 00:41:10 GMT",2.466,2_39_92_436_2020-02-13 23:25:15.558624,0002,CA-318,2-39-92-436,America/Los_Angeles,000001082,400,8,20,64,"Thu, 13 Feb 2020 23:25:45 GMT",true,"Fri, 14 Feb 2020 00:29:16 GMT",1082,,,,,,,,,,,,,,,,,,,,,,,,,,,,,,,,,,,,,,,,,,,,,,,,,,,,,,,,,,,,,,,,,,,,,,,,,
5e5b1034f9af8b06c4b62203,0039,"Fri, 14 Feb 2020 00:09:58 GMT","Fri, 14 Feb 2020 03:48:16 GMT","Fri, 14 Feb 2020 03:32:48 GMT",4.24,2_39_78_363_2020-02-14 00:09:57.629407,0002,CA-320,2-39-78-363,America/Los_Angeles,000001920,600,18,30,154,"Fri, 14 Feb 2020 00:12:41 GMT",true,"Fri, 14 Feb 2020 02:43:58 GMT",1920,,600,18,30,60,"Fri, 14 Feb 2020 00:13:02 GMT",true,"Fri, 14 Feb 2020 01:09:58 GMT",1920,,,,,,,,,,,,,,,,,,,,,,,,,,,,,,,,,,,,,,,,,,,,,,,,,,,,,,,,,,,,,,,,
5e5b1034f9af8b06c4b62204,0039,"Fri, 14 Feb 2020 00:44:25 GMT","Fri, 14 Feb 2020 02:16:42 GMT","Fri, 14 Feb 2020 02:16:38 GMT",8.254,2_39_125_21_2020-02-14 00:44:25.225241,0002,CA-311,2-39-125-21,America/Los_Angeles,000003271,275,13.75,50,124,"Fri, 14 Feb 2020 00:45:01 GMT",true,"Fri, 14 Feb 2020 02:48:25 GMT",3271,,,,,,,,,,,,,,,,,,,,,,,,,,,,,,,,,,,,,,,,,,,,,,,,,,,,,,,,,,,,,,,,,,,,,,,,,
5e5b1034f9af8b06c4b62205,0039,"Fri, 14 Feb 2020 01:55:52 GMT","Fri, 14 Feb 2020 03:04:02 GMT","Fri, 14 Feb 2020 02:41:34 GMT",3.889,2_39_139_28_2020-02-14 01:55:52.225068,0002,CA-303,2-39-139-28,America/Los_Angeles,000003123,400,4,10,154,"Fri, 14 Feb 2020 01:55:54 GMT",true,"Fri, 14 Feb 2020 04:29:52 GMT",3123,,,,,,,,,,,,,,,,,,,,,,,,,,,,,,,,,,,,,,,,,,,,,,,,,,,,,,,,,,,,,,,,,,,,,,,,,
5e5b1034f9af8b06c4b62206,0039,"Fri, 14 Feb 2020 02:57:54 GMT","Fri, 14 Feb 2020 03:38:58 GMT","Fri, 14 Feb 2020 03:38:49 GMT",2.254,2_39_138_29_2020-02-14 02:57:54.436040,0002,CA-304,2-39-138-29,America/Los_Angeles,000000365,333,9.99,30,104,"Fri, 14 Feb 2020 02:58:07 GMT",true,"Fri, 14 Feb 2020 04:41:54 GMT",365,,,,,,,,,,,,,,,,,,,,,,,,,,,,,,,,,,,,,,,,,,,,,,,,,,,,,,,,,,,,,,,,,,,,,,,,,
5e5b1034f9af8b06c4b62207,0039,"Fri, 14 Feb 2020 02:59:16 GMT","Fri, 14 Feb 2020 04:31:41 GMT","Fri, 14 Feb 2020 04:20:58 GMT",4.142,2_39_129_17_2020-02-14 02:59:16.172563,0002,CA-307,2-39-129-17,America/Los_Angeles,000003818,400,8,20,230,"Fri, 14 Feb 2020 02:59:31 GMT",true,"Fri, 14 Feb 2020 06:49:16 GMT",3818,,,,,,,,,,,,,,,,,,,,,,,,,,,,,,,,,,,,,,,,,,,,,,,,,,,,,,,,,,,,,,,,,,,,,,,,,
5e5b1034f9af8b06c4b62208,0039,"Fri, 14 Feb 2020 04:23:54 GMT","Fri, 14 Feb 2020 05:44:53 GMT","Fri, 14 Feb 2020 05:44:49 GMT",4.48,2_39_139_28_2020-02-14 04:23:54.344141,0002,CA-303,2-39-139-28,America/Los_Angeles,000001263,400,8,20,115,"Fri, 14 Feb 2020 04:24:21 GMT",true,"Fri, 14 Feb 2020 06:18:54 GMT",1263,,,,,,,,,,,,,,,,,,,,,,,,,,,,,,,,,,,,,,,,,,,,,,,,,,,,,,,,,,,,,,,,,,,,,,,,,
5e5c61adf9af8b0aaff44f6c,0039,"Fri, 14 Feb 2020 14:45:02 GMT","Fri, 14 Feb 2020 21:11:13 GMT","Fri, 14 Feb 2020 19:53:27 GMT",14.375,2_39_79_383_2020-02-14 14:45:01.550752,0002,CA-492,2-39-79-383,America/Los_Angeles,000004913,400,20,50,720,"Fri, 14 Feb 2020 14:45:28 GMT",true,"Sat, 15 Feb 2020 02:45:02 GMT",4913,,,,,,,,,,,,,,,,,,,,,,,,,,,,,,,,,,,,,,,,,,,,,,,,,,,,,,,,,,,,,,,,,,,,,,,,,
5e5c61adf9af8b0aaff44f6d,0039,"Fri, 14 Feb 2020 14:55:14 GMT","Sat, 15 Feb 2020 00:31:56 GMT","Fri, 14 Feb 2020 18:47:59 GMT",5.654,2_39_89_25_2020-02-14 14:55:13.830014,0002,CA-315,2-39-89-25,America/Los_Angeles,000000743,400,8,20,522,"Fri, 14 Feb 2020 14:55:23 GMT",true,"Fri, 14 Feb 2020 23:37:14 GMT",743,,,,,,,,,,,,,,,,,,,,,,,,,,,,,,,,,,,,,,,,,,,,,,,,,,,,,,,,,,,,,,,,,,,,,,,,,
5e5c61adf9af8b0aaff44f6e,0039,"Fri, 14 Feb 2020 15:40:31 GMT","Sat, 15 Feb 2020 00:58:17 GMT","Fri, 14 Feb 2020 18:47:58 GMT",12.145,2_39_78_366_2020-02-14 15:40:30.605112,0002,CA-323,2-39-78-366,America/Los_Angeles,000003853,360,36,100,405,"Fri, 14 Feb 2020 15:40:54 GMT",true,"Fri, 14 Feb 2020 22:25:31 GMT",3853,,,,,,,,,,,,,,,,,,,,,,,,,,,,,,,,,,,,,,,,,,,,,,,,,,,,,,,,,,,,,,,,,,,,,,,,,
5e5c61adf9af8b0aaff44f6f,0039,"Fri, 14 Feb 2020 15:41:41 GMT","Sat, 15 Feb 2020 02:03:47 GMT","Fri, 14 Feb 2020 22:36:18 GMT",0.819,2_39_79_380_2020-02-14 15:41:41.312434,0002,CA-489,2-39-79-380,America/Los_Angeles,,,,,,,,,,,,,,,,,,,,,,,,,,,,,,,,,,,,,,,,,,,,,,,,,,,,,,,,,,,,,,,,,,,,,,,,,,,,,,,,,,
5e5c61adf9af8b0aaff44f70,0039,"Fri, 14 Feb 2020 15:49:25 GMT","Sat, 15 Feb 2020 02:11:47 GMT","Fri, 14 Feb 2020 22:02:11 GMT",17.55,2_39_79_382_2020-02-14 15:49:24.813369,0002,CA-491,2-39-79-382,America/Los_Angeles,000004701,300,18,60,537,"Fri, 14 Feb 2020 15:49:33 GMT",true,"Sat, 15 Feb 2020 00:46:25 GMT",4701,,,,,,,,,,,,,,,,,,,,,,,,,,,,,,,,,,,,,,,,,,,,,,,,,,,,,,,,,,,,,,,,,,,,,,,,,
5e5c61adf9af8b0aaff44f71,0039,"Fri, 14 Feb 2020 16:09:36 GMT","Fri, 14 Feb 2020 20:44:25 GMT","Fri, 14 Feb 2020 18:53:32 GMT",14.895,2_39_79_376_2020-02-14 16:09:36.478434,0002,CA-324,2-39-79-376,America/Los_Angeles,000003424,295,35.4,120,611,"Fri, 14 Feb 2020 16:15:02 GMT",true,"Sat, 15 Feb 2020 02:20:36 GMT",3424,,,,,,,,,,,,,,,,,,,,,,,,,,,,,,,,,,,,,,,,,,,,,,,,,,,,,,,,,,,,,,,,,,,,,,,,,
5e5c61adf9af8b0aaff44f72,0039,"Fri, 14 Feb 2020 16:29:43 GMT","Fri, 14 Feb 2020 21:13:30 GMT","Fri, 14 Feb 2020 18:47:58 GMT",5.731,2_39_139_28_2020-02-14 16:29:42.817630,0002,CA-303,2-39-139-28,America/Los_Angeles,000000562,325,6.5,20,212,"Fri, 14 Feb 2020 16:31:06 GMT",true,"Fri, 14 Feb 2020 20:01:43 GMT",562,,,,,,,,,,,,,,,,,,,,,,,,,,,,,,,,,,,,,,,,,,,,,,,,,,,,,,,,,,,,,,,,,,,,,,,,,
5e5c61adf9af8b0aaff44f73,0039,"Fri, 14 Feb 2020 16:33:48 GMT","Sat, 15 Feb 2020 01:33:21 GMT","Fri, 14 Feb 2020 18:47:58 GMT",10.084,2_39_91_437_2020-02-14 16:33:47.669363,0002,CA-317,2-39-91-437,America/Los_Angeles,000000431,300,18,60,219,"Fri, 14 Feb 2020 16:34:11 GMT",true,"Fri, 14 Feb 2020 20:12:48 GMT",431,,,,,,,,,,,,,,,,,,,,,,,,,,,,,,,,,,,,,,,,,,,,,,,,,,,,,,,,,,,,,,,,,,,,,,,,,
5e5c61adf9af8b0aaff44f74,0039,"Fri, 14 Feb 2020 16:35:46 GMT","Fri, 14 Feb 2020 21:42:30 GMT","Fri, 14 Feb 2020 21:13:35 GMT",12.458,2_39_78_361_2020-02-14 16:35:46.430857,0002,CA-493,2-39-78-361,America/Los_Angeles,000001470,292,29.2,100,301,"Fri, 14 Feb 2020 16:36:24 GMT",true,"Fri, 14 Feb 2020 21:36:46 GMT",1470,,,,,,,,,,,,,,,,,,,,,,,,,,,,,,,,,,,,,,,,,,,,,,,,,,,,,,,,,,,,,,,,,,,,,,,,,
5e5c61adf9af8b0aaff44f75,0039,"Fri, 14 Feb 2020 16:46:26 GMT","Fri, 14 Feb 2020 19:28:44 GMT","Fri, 14 Feb 2020 19:26:09 GMT",8.027,2_39_79_381_2020-02-14 16:46:12.024935,0002,CA-490,2-39-79-381,America/Los_Angeles,000000671,267,29.37,110,435,"Fri, 14 Feb 2020 16:46:26 GMT",true,"Sat, 15 Feb 2020 00:01:26 GMT",671,,,,,,,,,,,,,,,,,,,,,,,,,,,,,,,,,,,,,,,,,,,,,,,,,,,,,,,,,,,,,,,,,,,,,,,,,
5e5c61adf9af8b0aaff44f76,0039,"Fri, 14 Feb 2020 16:52:34 GMT","Sat, 15 Feb 2020 00:38:21 GMT","Fri, 14 Feb 2020 18:48:01 GMT",0.836,2_39_92_436_2020-02-14 16:52:34.018299,0002,CA-318,2-39-92-436,America/Los_Angeles,,,,,,,,,,,,,,,,,,,,,,,,,,,,,,,,,,,,,,,,,,,,,,,,,,,,,,,,,,,,,,,,,,,,,,,,,,,,,,,,,,
5e5c61adf9af8b0aaff44f77,0039,"Fri, 14 Feb 2020 16:59:31 GMT","Sat, 15 Feb 2020 01:40:06 GMT","Fri, 14 Feb 2020 18:47:59 GMT",5.297,2_39_78_363_2020-02-14 16:59:31.112056,0002,CA-320,2-39-78-363,America/Los_Angeles,000002244,400,8,20,60,"Fri, 14 Feb 2020 17:00:32 GMT",true,"Fri, 14 Feb 2020 17:59:31 GMT",2244,,,,,,,,,,,,,,,,,,,,,,,,,,,,,,,,,,,,,,,,,,,,,,,,,,,,,,,,,,,,,,,,,,,,,,,,,
5e5c61adf9af8b0aaff44f78,0039,"Fri, 14 Feb 2020 17:07:06 GMT","Sat, 15 Feb 2020 01:50:08 GMT","Sat, 15 Feb 2020 01:50:00 GMT",15.766,2_39_78_367_2020-02-14 17:07:06.341805,0002,CA-494,2-39-78-367,America/Los_Angeles,000002149,250,17.5,70,320,"Fri, 14 Feb 2020 17:07:39 GMT",true,"Fri, 14 Feb 2020 22:27:06 GMT",2149,,,,,,,,,,,,,,,,,,,,,,,,,,,,,,,,,,,,,,,,,,,,,,,,,,,,,,,,,,,,,,,,,,,,,,,,,
5e5c61adf9af8b0aaff44f79,0039,"Fri, 14 Feb 2020 17:19:29 GMT","Sat, 15 Feb 2020 02:15:49 GMT","Fri, 14 Feb 2020 19:29:23 GMT",6.314,2_39_92_442_2020-02-14 17:18:57.245157,0002,CA-498,2-39-92-442,America/Los_Angeles,000005594,360,7.2,20,218,"Fri, 14 Feb 2020 17:19:29 GMT",true,"Fri, 14 Feb 2020 20:57:29 GMT",5594,,360,7.2,20,218,"Fri, 14 Feb 2020 17:20:25 GMT",true,"Fri, 14 Feb 2020 20:57:29 GMT",5594,360,7.2,20,219,"Fri, 14 Feb 2020 17:20:41 GMT",true,"Fri, 14 Feb 2020 20:58:29 GMT",5594,360,7.2,20,220,"Fri, 14 Feb 2020 17:21:35 GMT",true,"Fri, 14 Feb 2020 20:59:29 GMT",5594,,,,,,,,,,,,,,,,,,,,,,,,,,,,,,,,,,,,,,,,,,,,,,,,
5e5c61adf9af8b0aaff44f7a,0039,"Fri, 14 Feb 2020 17:20:30 GMT","Sat, 15 Feb 2020 03:19:53 GMT","Fri, 14 Feb 2020 18:47:59 GMT",3.759,2_39_125_21_2020-02-14 17:20:29.832486,0002,CA-311,2-39-125-21,America/Los_Angeles,000000567,400,8,20,434,"Fri, 14 Feb 2020 17:20:38 GMT",true,"Sat, 15 Feb 2020 00:34:30 GMT",567,,,,,,,,,,,,,,,,,,,,,,,,,,,,,,,,,,,,,,,,,,,,,,,,,,,,,,,,,,,,,,,,,,,,,,,,,
5e5c61adf9af8b0aaff44f7b,0039,"Fri, 14 Feb 2020 17:21:17 GMT","Sat, 15 Feb 2020 01:56:43 GMT","Fri, 14 Feb 2020 18:47:58 GMT",1.22,2_39_79_379_2020-02-14 17:21:16.900821,0002,CA-327,2-39-79-379,America/Los_Angeles,,,,,,,,,,,,,,,,,,,,,,,,,,,,,,,,,,,,,,,,,,,,,,,,,,,,,,,,,,,,,,,,,,,,,,,,,,,,,,,,,,
5e5c61adf9af8b0aaff44f7c,0039,"Fri, 14 Feb 2020 17:32:44 GMT","Sat, 15 Feb 2020 05:19:18 GMT","Fri, 14 Feb 2020 18:47:59 GMT",2.089,2_39_90_26_2020-02-14 17:32:43.621886,0002,CA-316,2-39-90-26,America/Los_Angeles,000000324,444,8.88,20,221,"Fri, 14 Feb 2020 17:32:58 GMT",true,"Fri, 14 Feb 2020 21:13:44 GMT",324,,,,,,,,,,,,,,,,,,,,,,,,,,,,,,,,,,,,,,,,,,,,,,,,,,,,,,,,,,,,,,,,,,,,,,,,,
5e5c61adf9af8b0aaff44f7d,0039,"Fri, 14 Feb 2020 17:47:35 GMT","Sat, 15 Feb 2020 01:36:42 GMT","Fri, 14 Feb 2020 20:04:53 GMT",7.189,2_39_78_365_2020-02-14 17:47:34.963803,0002,CA-321,2-39-78-365,America/Los_Angeles,000000515,400,12,30,62,"Fri, 14 Feb 2020 17:47:51 GMT",true,"Fri, 14 Feb 2020 18:49:35 GMT",515,,,,,,,,,,,,,,,,,,,,,,,,,,,,,,,,,,,,,,,,,,,,,,,,,,,,,,,,,,,,,,,,,,,,,,,,,
5e5c61adf9af8b0aaff44f7e,0039,"Fri, 14 Feb 2020 18:00:46 GMT","Sat, 15 Feb 2020 05:09:26 GMT","Fri, 14 Feb 2020 19:56:37 GMT",5.831,2_39_95_27_2020-02-14 18:00:46.138754,0002,CA-319,2-39-95-27,America/Los_Angeles,000001222,400,8,20,72,"Fri, 14 Feb 2020 18:01:02 GMT",true,"Fri, 14 Feb 2020 19:12:46 GMT",1222,,,,,,,,,,,,,,,,,,,,,,,,,,,,,,,,,,,,,,,,,,,,,,,,,,,,,,,,,,,,,,,,,,,,,,,,,
5e5c61adf9af8b0aaff44f7f,0039,"Fri, 14 Feb 2020 18:02:05 GMT","Fri, 14 Feb 2020 19:25:55 GMT","Fri, 14 Feb 2020 19:15:12 GMT",3.492,2_39_127_19_2020-02-14 18:01:53.746885,0002,CA-309,2-39-127-19,America/Los_Angeles,000006097,400,8,20,60,"Fri, 14 Feb 2020 18:02:04 GMT",true,"Fri, 14 Feb 2020 19:02:05 GMT",6097,,,,,,,,,,,,,,,,,,,,,,,,,,,,,,,,,,,,,,,,,,,,,,,,,,,,,,,,,,,,,,,,,,,,,,,,,
5e5c61adf9af8b0aaff44f80,0039,"Fri, 14 Feb 2020 18:05:39 GMT","Fri, 14 Feb 2020 22:06:25 GMT","Fri, 14 Feb 2020 19:43:45 GMT",10.365,2_39_124_22_2020-02-14 18:05:38.613496,0002,CA-312,2-39-124-22,America/Los_Angeles,000001087,400,32,80,311,"Fri, 14 Feb 2020 18:05:43 GMT",true,"Fri, 14 Feb 2020 23:16:39 GMT",1087,,,,,,,,,,,,,,,,,,,,,,,,,,,,,,,,,,,,,,,,,,,,,,,,,,,,,,,,,,,,,,,,,,,,,,,,,
5e5c61adf9af8b0aaff44f81,0039,"Fri, 14 Feb 2020 18:34:06 GMT","Fri, 14 Feb 2020 22:18:57 GMT","Fri, 14 Feb 2020 22:19:48 GMT",0.946,2_39_78_360_2020-02-14 18:34:06.080580,0002,CA-322,2-39-78-360,America/Los_Angeles,,,,,,,,,,,,,,,,,,,,,,,,,,,,,,,,,,,,,,,,,,,,,,,,,,,,,,,,,,,,,,,,,,,,,,,,,,,,,,,,,,
5e5c61adf9af8b0aaff44f82,0039,"Fri, 14 Feb 2020 18:38:59 GMT","Fri, 14 Feb 2020 19:25:26 GMT","Fri, 14 Feb 2020 19:21:32 GMT",1.714,2_39_126_20_2020-02-14 18:38:59.207912,0002,CA-310,2-39-126-20,America/Los_Angeles,000000891,400,8,20,216,"Fri, 14 Feb 2020 18:39:00 GMT",true,"Fri, 14 Feb 2020 22:14:59 GMT",891,,,,,,,,,,,,,,,,,,,,,,,,,,,,,,,,,,,,,,,,,,,,,,,,,,,,,,,,,,,,,,,,,,,,,,,,,
5e5c61adf9af8b0aaff44f83,0039,"Fri, 14 Feb 2020 18:55:55 GMT","Fri, 14 Feb 2020 21:24:13 GMT","Fri, 14 Feb 2020 19:47:24 GMT",4.369,2_39_88_24_2020-02-14 18:55:55.364431,0002,CA-314,2-39-88-24,America/Los_Angeles,000000798,400,12,30,96,"Fri, 14 Feb 2020 18:58:45 GMT",true,"Fri, 14 Feb 2020 20:31:55 GMT",798,,,,,,,,,,,,,,,,,,,,,,,,,,,,,,,,,,,,,,,,,,,,,,,,,,,,,,,,,,,,,,,,,,,,,,,,,
5e5c61adf9af8b0aaff44f84,0039,"Fri, 14 Feb 2020 18:56:50 GMT","Fri, 14 Feb 2020 21:54:05 GMT","Fri, 14 Feb 2020 21:54:01 GMT",17.987,2_39_79_377_2020-02-14 18:56:49.632600,0002,CA-325,2-39-79-377,America/Los_Angeles,000003270,200,40,200,470,"Fri, 14 Feb 2020 19:00:08 GMT",true,"Sat, 15 Feb 2020 02:46:50 GMT",3270,,,,,,,,,,,,,,,,,,,,,,,,,,,,,,,,,,,,,,,,,,,,,,,,,,,,,,,,,,,,,,,,,,,,,,,,,
5e5c61adf9af8b0aaff44f85,0039,"Fri, 14 Feb 2020 19:09:34 GMT","Fri, 14 Feb 2020 22:23:46 GMT","Fri, 14 Feb 2020 20:05:21 GMT",2.334,2_39_78_364_2020-02-14 19:09:34.491941,0002,CA-495,2-39-78-364,America/Los_Angeles,000001864,400,4,10,172,"Fri, 14 Feb 2020 19:09:59 GMT",true,"Fri, 14 Feb 2020 22:01:34 GMT",1864,,,,,,,,,,,,,,,,,,,,,,,,,,,,,,,,,,,,,,,,,,,,,,,,,,,,,,,,,,,,,,,,,,,,,,,,,
5e5c61adf9af8b0aaff44f86,0039,"Fri, 14 Feb 2020 19:59:32 GMT","Sat, 15 Feb 2020 00:53:58 GMT","Fri, 14 Feb 2020 21:31:12 GMT",8.551,2_39_79_381_2020-02-14 19:59:31.722365,0002,CA-490,2-39-79-381,America/Los_Angeles,000000832,400,16,40,300,"Fri, 14 Feb 2020 20:00:06 GMT",true,"Sat, 15 Feb 2020 00:59:32 GMT",832,,,,,,,,,,,,,,,,,,,,,,,,,,,,,,,,,,,,,,,,,,,,,,,,,,,,,,,,,,,,,,,,,,,,,,,,,
5e5c61adf9af8b0aaff44f87,0039,"Fri, 14 Feb 2020 20:09:19 GMT","Sat, 15 Feb 2020 01:02:07 GMT","Fri, 14 Feb 2020 21:23:47 GMT",4.645,2_39_95_444_2020-02-14 20:09:19.242768,0002,CA-497,2-39-95-444,America/Los_Angeles,000000751,400,40,100,717,"Fri, 14 Feb 2020 20:09:27 GMT",true,"Sat, 15 Feb 2020 08:06:19 GMT",751,,,,,,,,,,,,,,,,,,,,,,,,,,,,,,,,,,,,,,,,,,,,,,,,,,,,,,,,,,,,,,,,,,,,,,,,,
5e5c61adf9af8b0aaff44f88,0039,"Fri, 14 Feb 2020 21:18:31 GMT","Sat, 15 Feb 2020 01:08:18 GMT","Fri, 14 Feb 2020 23:24:28 GMT",6.65,2_39_79_376_2020-02-14 21:18:30.602653,0002,CA-324,2-39-79-376,America/Los_Angeles,000001124,400,8,20,60,"Fri, 14 Feb 2020 21:18:47 GMT",true,"Fri, 14 Feb 2020 22:18:31 GMT",1124,,,,,,,,,,,,,,,,,,,,,,,,,,,,,,,,,,,,,,,,,,,,,,,,,,,,,,,,,,,,,,,,,,,,,,,,,
5e5c61adf9af8b0aaff44f89,0039,"Fri, 14 Feb 2020 21:35:23 GMT","Fri, 14 Feb 2020 23:42:40 GMT","Fri, 14 Feb 2020 22:15:15 GMT",1.661,2_39_88_24_2020-02-14 21:35:01.451067,0002,CA-314,2-39-88-24,America/Los_Angeles,000006097,400,8,20,84,"Fri, 14 Feb 2020 21:35:23 GMT",true,"Fri, 14 Feb 2020 22:59:23 GMT",6097,,,,,,,,,,,,,,,,,,,,,,,,,,,,,,,,,,,,,,,,,,,,,,,,,,,,,,,,,,,,,,,,,,,,,,,,,
5e5c61adf9af8b0aaff44f8a,0039,"Fri, 14 Feb 2020 22:08:04 GMT","Sat, 15 Feb 2020 00:22:35 GMT","Fri, 14 Feb 2020 23:54:36 GMT",9.896,2_39_79_377_2020-02-14 22:08:04.500541,0002,CA-325,2-39-79-377,America/Los_Angeles,000001104,250,10,40,373,"Fri, 14 Feb 2020 22:08:42 GMT",true,"Sat, 15 Feb 2020 04:21:04 GMT",1104,,,,,,,,,,,,,,,,,,,,,,,,,,,,,,,,,,,,,,,,,,,,,,,,,,,,,,,,,,,,,,,,,,,,,,,,,
5e5c61adf9af8b0aaff44f8b,0039,"Fri, 14 Feb 2020 22:15:53 GMT","Sat, 15 Feb 2020 01:08:29 GMT","Fri, 14 Feb 2020 23:01:27 GMT",4.123,2_39_124_22_2020-02-14 22:15:52.885209,0002,CA-312,2-39-124-22,America/Los_Angeles,000000668,425,4.25,10,61,"Fri, 14 Feb 2020 22:16:06 GMT",true,"Fri, 14 Feb 2020 23:16:53 GMT",668,,,,,,,,,,,,,,,,,,,,,,,,,,,,,,,,,,,,,,,,,,,,,,,,,,,,,,,,,,,,,,,,,,,,,,,,,
5e5c61adf9af8b0aaff44f8c,0039,"Fri, 14 Feb 2020 22:35:53 GMT","Sat, 15 Feb 2020 02:06:15 GMT","Sat, 15 Feb 2020 01:36:12 GMT",1.662,2_39_78_360_2020-02-14 22:35:53.108369,0002,CA-322,2-39-78-360,America/Los_Angeles,000000562,325,3.25,10,127,"Fri, 14 Feb 2020 22:36:35 GMT",true,"Sat, 15 Feb 2020 00:42:53 GMT",562,,,,,,,,,,,,,,,,,,,,,,,,,,,,,,,,,,,,,,,,,,,,,,,,,,,,,,,,,,,,,,,,,,,,,,,,,
5e5c61adf9af8b0aaff44f8d,0039,"Fri, 14 Feb 2020 22:43:09 GMT","Sat, 15 Feb 2020 00:09:15 GMT","Fri, 14 Feb 2020 23:23:32 GMT",3.383,2_39_90_440_2020-02-14 22:43:08.902967,0002,CA-500,2-39-90-440,America/Los_Angeles,000001912,400,20,50,392,"Fri, 14 Feb 2020 22:43:09 GMT",true,"Sat, 15 Feb 2020 05:15:09 GMT",1912,,,,,,,,,,,,,,,,,,,,,,,,,,,,,,,,,,,,,,,,,,,,,,,,,,,,,,,,,,,,,,,,,,,,,,,,,
5e5c61adf9af8b0aaff44f8e,0039,"Sat, 15 Feb 2020 01:05:42 GMT","Sat, 15 Feb 2020 02:47:46 GMT","Sat, 15 Feb 2020 02:24:19 GMT",3.745,2_39_130_31_2020-02-15 01:05:42.422870,0002,CA-306,2-39-130-31,America/Los_Angeles,000001920,600,12,20,154,"Sat, 15 Feb 2020 01:06:17 GMT",true,"Sat, 15 Feb 2020 03:39:42 GMT",1920,,600,12,20,134,"Sat, 15 Feb 2020 01:06:33 GMT",true,"Sat, 15 Feb 2020 03:19:42 GMT",1920,,,,,,,,,,,,,,,,,,,,,,,,,,,,,,,,,,,,,,,,,,,,,,,,,,,,,,,,,,,,,,,,
5e5c61adf9af8b0aaff44f8f,0039,"Sat, 15 Feb 2020 01:21:23 GMT","Sat, 15 Feb 2020 01:43:54 GMT","Sat, 15 Feb 2020 01:43:49 GMT",0.615,2_39_79_377_2020-02-15 01:21:23.170713,0002,CA-325,2-39-79-377,America/Los_Angeles,,,,,,,,,,,,,,,,,,,,,,,,,,,,,,,,,,,,,,,,,,,,,,,,,,,,,,,,,,,,,,,,,,,,,,,,,,,,,,,,,,
5e5db31ef9af8b0e9caf4bdb,0039,"Sat, 15 Feb 2020 16:34:17 GMT","Sat, 15 Feb 2020 20:58:18 GMT","Sat, 15 Feb 2020 18:14:02 GMT",0.827,2_39_79_380_2020-02-15 16:34:17.031105,0002,CA-489,2-39-79-380,America/Los_Angeles,,,,,,,,,,,,,,,,,,,,,,,,,,,,,,,,,,,,,,,,,,,,,,,,,,,,,,,,,,,,,,,,,,,,,,,,,,,,,,,,,,
5e5db31ef9af8b0e9caf4bdc,0039,"Sat, 15 Feb 2020 17:42:41 GMT","Sat, 15 Feb 2020 19:07:13 GMT","Sat, 15 Feb 2020 19:07:08 GMT",8.443,2_39_131_30_2020-02-15 17:42:40.671152,0002,CA-305,2-39-131-30,America/Los_Angeles,000002290,425,21.25,50,446,"Sat, 15 Feb 2020 17:44:14 GMT",true,"Sun, 16 Feb 2020 01:08:41 GMT",2290,,,,,,,,,,,,,,,,,,,,,,,,,,,,,,,,,,,,,,,,,,,,,,,,,,,,,,,,,,,,,,,,,,,,,,,,,
5e5db31ef9af8b0e9caf4bdd,0039,"Sat, 15 Feb 2020 20:44:49 GMT","Sat, 15 Feb 2020 22:03:50 GMT","Sat, 15 Feb 2020 22:03:45 GMT",5.378,2_39_128_18_2020-02-15 20:44:48.872879,0002,CA-308,2-39-128-18,America/Los_Angeles,000000620,400,12,30,119,"Sat, 15 Feb 2020 20:46:07 GMT",true,"Sat, 15 Feb 2020 22:43:49 GMT",620,,,,,,,,,,,,,,,,,,,,,,,,,,,,,,,,,,,,,,,,,,,,,,,,,,,,,,,,,,,,,,,,,,,,,,,,,
5e5db31ef9af8b0e9caf4bde,0039,"Sat, 15 Feb 2020 21:47:52 GMT","Sat, 15 Feb 2020 23:42:05 GMT","Sat, 15 Feb 2020 23:42:00 GMT",5.572,2_39_127_19_2020-02-15 21:47:51.700451,0002,CA-309,2-39-127-19,America/Los_Angeles,000004622,300,6,20,61,"Sat, 15 Feb 2020 21:48:10 GMT",true,"Sat, 15 Feb 2020 22:48:52 GMT",4622,,,,,,,,,,,,,,,,,,,,,,,,,,,,,,,,,,,,,,,,,,,,,,,,,,,,,,,,,,,,,,,,,,,,,,,,,
5e5db31ef9af8b0e9caf4bdf,0039,"Sun, 16 Feb 2020 00:11:26 GMT","Sun, 16 Feb 2020 02:16:37 GMT","Sun, 16 Feb 2020 00:53:48 GMT",1.881,2_39_123_23_2020-02-16 00:11:26.173386,0002,CA-313,2-39-123-23,America/Los_Angeles,000001920,600,12,20,134,"Sun, 16 Feb 2020 00:12:04 GMT",true,"Sun, 16 Feb 2020 02:25:26 GMT",1920,,,,,,,,,,,,,,,,,,,,,,,,,,,,,,,,,,,,,,,,,,,,,,,,,,,,,,,,,,,,,,,,,,,,,,,,,
5e5db31ef9af8b0e9caf4be0,0039,"Sun, 16 Feb 2020 02:29:01 GMT","Sun, 16 Feb 2020 03:57:05 GMT","Sun, 16 Feb 2020 03:01:03 GMT",0.861,2_39_139_28_2020-02-16 02:29:00.595558,0002,CA-303,2-39-139-28,America/Los_Angeles,,,,,,,,,,,,,,,,,,,,,,,,,,,,,,,,,,,,,,,,,,,,,,,,,,,,,,,,,,,,,,,,,,,,,,,,,,,,,,,,,,
5e5db31ef9af8b0e9caf4be1,0039,"Sun, 16 Feb 2020 02:37:02 GMT","Sun, 16 Feb 2020 04:00:27 GMT","Sun, 16 Feb 2020 03:07:23 GMT",0.871,2_39_88_24_2020-02-16 02:37:02.370163,0002,CA-314,2-39-88-24,America/Los_Angeles,,,,,,,,,,,,,,,,,,,,,,,,,,,,,,,,,,,,,,,,,,,,,,,,,,,,,,,,,,,,,,,,,,,,,,,,,,,,,,,,,,
5e5db31ef9af8b0e9caf4be2,0039,"Sun, 16 Feb 2020 03:13:35 GMT","Sun, 16 Feb 2020 18:39:34 GMT","Sun, 16 Feb 2020 11:12:13 GMT",51.346,2_39_131_30_2020-02-16 03:13:34.555538,0002,CA-305,2-39-131-30,America/Los_Angeles,000000489,428,102.72,240,487,"Sun, 16 Feb 2020 03:13:47 GMT",true,"Sun, 16 Feb 2020 11:20:35 GMT",489,,428,102.72,240,626,"Sun, 16 Feb 2020 03:13:54 GMT",true,"Sun, 16 Feb 2020 13:39:35 GMT",489,,,,,,,,,,,,,,,,,,,,,,,,,,,,,,,,,,,,,,,,,,,,,,,,,,,,,,,,,,,,,,,,
5e5f049bf9af8b129974114f,0039,"Sun, 16 Feb 2020 17:54:42 GMT","Sun, 16 Feb 2020 19:38:01 GMT","Sun, 16 Feb 2020 19:34:23 GMT",4.869,2_39_89_25_2020-02-16 17:54:42.195275,0002,CA-315,2-39-89-25,America/Los_Angeles,000000743,400,8,20,45,"Sun, 16 Feb 2020 17:55:29 GMT",true,"Sun, 16 Feb 2020 18:39:42 GMT",743,,,,,,,,,,,,,,,,,,,,,,,,,,,,,,,,,,,,,,,,,,,,,,,,,,,,,,,,,,,,,,,,,,,,,,,,,
5e5f049bf9af8b1299741150,0039,"Sun, 16 Feb 2020 21:25:54 GMT","Sun, 16 Feb 2020 23:12:58 GMT","Sun, 16 Feb 2020 23:12:49 GMT",11.205,2_39_138_29_2020-02-16 21:25:54.430182,0002,CA-304,2-39-138-29,America/Los_Angeles,000001085,250,15,60,142,"Sun, 16 Feb 2020 21:26:23 GMT",true,"Sun, 16 Feb 2020 23:47:54 GMT",1085,,,,,,,,,,,,,,,,,,,,,,,,,,,,,,,,,,,,,,,,,,,,,,,,,,,,,,,,,,,,,,,,,,,,,,,,,
5e5f049bf9af8b1299741151,0039,"Sun, 16 Feb 2020 21:29:00 GMT","Sun, 16 Feb 2020 23:11:32 GMT","Sun, 16 Feb 2020 23:11:27 GMT",5.646,2_39_131_30_2020-02-16 21:29:00.281777,0002,CA-305,2-39-131-30,America/Los_Angeles,000001395,400,12,30,390,"Sun, 16 Feb 2020 21:29:47 GMT",true,"Mon, 17 Feb 2020 03:59:00 GMT",1395,,400,16,40,60,"Sun, 16 Feb 2020 21:30:09 GMT",true,"Sun, 16 Feb 2020 22:29:00 GMT",1395,,,,,,,,,,,,,,,,,,,,,,,,,,,,,,,,,,,,,,,,,,,,,,,,,,,,,,,,,,,,,,,,
5e5f049bf9af8b1299741152,0039,"Sun, 16 Feb 2020 23:07:35 GMT","Mon, 17 Feb 2020 00:47:09 GMT","Sun, 16 Feb 2020 23:38:00 GMT",0.86,2_39_88_24_2020-02-16 23:07:35.110332,0002,CA-314,2-39-88-24,America/Los_Angeles,,,,,,,,,,,,,,,,,,,,,,,,,,,,,,,,,,,,,,,,,,,,,,,,,,,,,,,,,,,,,,,,,,,,,,,,,,,,,,,,,,
5e5f049bf9af8b1299741153,0039,"Sun, 16 Feb 2020 23:29:22 GMT","Mon, 17 Feb 2020 00:43:55 GMT","Mon, 17 Feb 2020 00:43:46 GMT",3.924,2_39_139_28_2020-02-16 23:29:22.079461,0002,CA-303,2-39-139-28,America/Los_Angeles,000001236,400,8,20,67,"Sun, 16 Feb 2020 23:32:40 GMT",true,"Mon, 17 Feb 2020 00:36:22 GMT",1236,,,,,,,,,,,,,,,,,,,,,,,,,,,,,,,,,,,,,,,,,,,,,,,,,,,,,,,,,,,,,,,,,,,,,,,,,
5e605620f9af8b166c709138,0039,"Mon, 17 Feb 2020 17:40:35 GMT","Mon, 17 Feb 2020 19:38:40 GMT","Mon, 17 Feb 2020 18:11:35 GMT",0.836,2_39_79_380_2020-02-17 17:40:35.128719,0002,CA-489,2-39-79-380,America/Los_Angeles,,,,,,,,,,,,,,,,,,,,,,,,,,,,,,,,,,,,,,,,,,,,,,,,,,,,,,,,,,,,,,,,,,,,,,,,,,,,,,,,,,
5e605620f9af8b166c709139,0039,"Mon, 17 Feb 2020 18:04:38 GMT","Tue, 18 Feb 2020 02:03:38 GMT","Mon, 17 Feb 2020 20:12:07 GMT",12.335,2_39_79_379_2020-02-17 18:04:38.256154,0002,CA-327,2-39-79-379,America/Los_Angeles,000001095,400,16,40,444,"Mon, 17 Feb 2020 18:05:09 GMT",true,"Tue, 18 Feb 2020 01:28:38 GMT",1095,,,,,,,,,,,,,,,,,,,,,,,,,,,,,,,,,,,,,,,,,,,,,,,,,,,,,,,,,,,,,,,,,,,,,,,,,
5e605620f9af8b166c70913a,0039,"Mon, 17 Feb 2020 18:10:14 GMT","Mon, 17 Feb 2020 18:51:56 GMT","Mon, 17 Feb 2020 18:51:51 GMT",2.308,2_39_139_28_2020-02-17 18:10:13.722040,0002,CA-303,2-39-139-28,America/Los_Angeles,000000365,333,9.99,30,104,"Mon, 17 Feb 2020 18:10:24 GMT",true,"Mon, 17 Feb 2020 19:54:14 GMT",365,,,,,,,,,,,,,,,,,,,,,,,,,,,,,,,,,,,,,,,,,,,,,,,,,,,,,,,,,,,,,,,,,,,,,,,,,
5e605620f9af8b166c70913b,0039,"Mon, 17 Feb 2020 18:22:52 GMT","Mon, 17 Feb 2020 19:53:10 GMT","Mon, 17 Feb 2020 19:04:57 GMT",1.724,2_39_130_31_2020-02-17 18:22:52.155510,0002,CA-306,2-39-130-31,America/Los_Angeles,000000891,400,8,20,216,"Mon, 17 Feb 2020 18:23:12 GMT",true,"Mon, 17 Feb 2020 21:58:52 GMT",891,,,,,,,,,,,,,,,,,,,,,,,,,,,,,,,,,,,,,,,,,,,,,,,,,,,,,,,,,,,,,,,,,,,,,,,,,
5e605620f9af8b166c70913c,0039,"Mon, 17 Feb 2020 18:31:34 GMT","Tue, 18 Feb 2020 02:05:16 GMT","Mon, 17 Feb 2020 20:06:44 GMT",10.256,2_39_79_376_2020-02-17 18:31:33.969620,0002,CA-324,2-39-79-376,America/Los_Angeles,000000714,400,32,80,445,"Mon, 17 Feb 2020 18:32:03 GMT",true,"Tue, 18 Feb 2020 01:56:34 GMT",714,,400,32,80,60,"Mon, 17 Feb 2020 18:32:28 GMT",true,"Mon, 17 Feb 2020 19:31:34 GMT",714,400,32,80,331,"Mon, 17 Feb 2020 18:32:42 GMT",true,"Tue, 18 Feb 2020 00:02:34 GMT",714,,,,,,,,,,,,,,,,,,,,,,,,,,,,,,,,,,,,,,,,,,,,,,,,,,,,,,,,
5e605620f9af8b166c70913d,0039,"Mon, 17 Feb 2020 19:45:59 GMT","Mon, 17 Feb 2020 20:57:23 GMT","Mon, 17 Feb 2020 20:57:18 GMT",7.836,2_39_139_28_2020-02-17 19:45:58.853142,0002,CA-303,2-39-139-28,America/Los_Angeles,000003424,295,29.5,100,227,"Mon, 17 Feb 2020 19:46:20 GMT",true,"Mon, 17 Feb 2020 23:32:59 GMT",3424,,,,,,,,,,,,,,,,,,,,,,,,,,,,,,,,,,,,,,,,,,,,,,,,,,,,,,,,,,,,,,,,,,,,,,,,,
5e605620f9af8b166c70913e,0039,"Mon, 17 Feb 2020 19:51:07 GMT","Mon, 17 Feb 2020 21:45:31 GMT","Mon, 17 Feb 2020 21:45:27 GMT",6.258,2_39_127_19_2020-02-17 19:51:06.717142,0002,CA-309,2-39-127-19,America/Los_Angeles,000001920,600,12,20,134,"Mon, 17 Feb 2020 19:51:36 GMT",true,"Mon, 17 Feb 2020 22:05:07 GMT",1920,,600,12,20,134,"Mon, 17 Feb 2020 19:51:46 GMT",true,"Mon, 17 Feb 2020 22:05:07 GMT",1920,600,12,20,120,"Mon, 17 Feb 2020 19:51:59 GMT",true,"Mon, 17 Feb 2020 21:51:07 GMT",1920,,,,,,,,,,,,,,,,,,,,,,,,,,,,,,,,,,,,,,,,,,,,,,,,,,,,,,,,
5e605620f9af8b166c70913f,0039,"Mon, 17 Feb 2020 21:31:31 GMT","Tue, 18 Feb 2020 00:37:58 GMT","Tue, 18 Feb 2020 00:19:42 GMT",0.836,2_39_79_380_2020-02-17 21:31:31.077092,0002,CA-489,2-39-79-380,America/Los_Angeles,,,,,,,,,,,,,,,,,,,,,,,,,,,,,,,,,,,,,,,,,,,,,,,,,,,,,,,,,,,,,,,,,,,,,,,,,,,,,,,,,,
5e605620f9af8b166c709140,0039,"Mon, 17 Feb 2020 22:20:40 GMT","Tue, 18 Feb 2020 02:45:39 GMT","Tue, 18 Feb 2020 00:27:27 GMT",6.47,2_39_78_365_2020-02-17 22:20:39.577262,0002,CA-321,2-39-78-365,America/Los_Angeles,000001124,400,8,20,60,"Mon, 17 Feb 2020 22:20:57 GMT",true,"Mon, 17 Feb 2020 23:20:40 GMT",1124,,,,,,,,,,,,,,,,,,,,,,,,,,,,,,,,,,,,,,,,,,,,,,,,,,,,,,,,,,,,,,,,,,,,,,,,,
5e605620f9af8b166c709141,0039,"Tue, 18 Feb 2020 00:17:38 GMT","Tue, 18 Feb 2020 07:17:46 GMT","Tue, 18 Feb 2020 06:02:10 GMT",36.936,2_39_139_28_2020-02-18 00:17:37.800316,0002,CA-303,2-39-139-28,America/Los_Angeles,000000067,250,50,200,472,"Tue, 18 Feb 2020 00:17:48 GMT",true,"Tue, 18 Feb 2020 08:09:38 GMT",67,,,,,,,,,,,,,,,,,,,,,,,,,,,,,,,,,,,,,,,,,,,,,,,,,,,,,,,,,,,,,,,,,,,,,,,,,
5e605620f9af8b166c709142,0039,"Tue, 18 Feb 2020 02:02:16 GMT","Tue, 18 Feb 2020 16:36:57 GMT","Tue, 18 Feb 2020 04:02:15 GMT",6.323,2_39_79_381_2020-02-18 02:02:03.362460,0002,CA-490,2-39-79-381,America/Los_Angeles,000001410,400,12,30,720,"Tue, 18 Feb 2020 02:02:15 GMT",true,"Tue, 18 Feb 2020 14:02:16 GMT",1410,,,,,,,,,,,,,,,,,,,,,,,,,,,,,,,,,,,,,,,,,,,,,,,,,,,,,,,,,,,,,,,,,,,,,,,,,
5e605620f9af8b166c709143,0039,"Tue, 18 Feb 2020 03:35:51 GMT","Tue, 18 Feb 2020 04:40:44 GMT","Tue, 18 Feb 2020 04:27:05 GMT",2.198,2_39_129_17_2020-02-18 03:35:51.344019,0002,CA-307,2-39-129-17,America/Los_Angeles,000004622,300,6,20,61,"Tue, 18 Feb 2020 03:36:05 GMT",true,"Tue, 18 Feb 2020 04:36:51 GMT",4622,,,,,,,,,,,,,,,,,,,,,,,,,,,,,,,,,,,,,,,,,,,,,,,,,,,,,,,,,,,,,,,,,,,,,,,,,
5e605620f9af8b166c709144,0039,"Tue, 18 Feb 2020 03:53:57 GMT","Tue, 18 Feb 2020 05:31:15 GMT","Tue, 18 Feb 2020 05:23:24 GMT",5.309,2_39_78_365_2020-02-18 03:53:57.134086,0002,CA-321,2-39-78-365,America/Los_Angeles,000001091,300,9,30,139,"Tue, 18 Feb 2020 03:54:22 GMT",true,"Tue, 18 Feb 2020 06:12:57 GMT",1091,,,,,,,,,,,,,,,,,,,,,,,,,,,,,,,,,,,,,,,,,,,,,,,,,,,,,,,,,,,,,,,,,,,,,,,,,
5e644ab5f9af8b24613386e3,0039,"Tue, 18 Feb 2020 15:59:00 GMT","Wed, 19 Feb 2020 00:23:16 GMT","Tue, 18 Feb 2020 17:54:42 GMT",6.447,2_39_139_28_2020-02-18 15:58:59.741931,0002,CA-303,2-39-139-28,America/Los_Angeles,000001564,300,12,40,459,"Tue, 18 Feb 2020 15:59:16 GMT",true,"Tue, 18 Feb 2020 23:38:00 GMT",1564,,,,,,,,,,,,,,,,,,,,,,,,,,,,,,,,,,,,,,,,,,,,,,,,,,,,,,,,,,,,,,,,,,,,,,,,,
5e644ab5f9af8b24613386e4,0039,"Tue, 18 Feb 2020 16:01:30 GMT","Wed, 19 Feb 2020 00:36:56 GMT","Tue, 18 Feb 2020 18:04:15 GMT",6.546,2_39_79_377_2020-02-18 16:01:29.589067,0002,CA-325,2-39-79-377,America/Los_Angeles,000001124,400,8,20,60,"Tue, 18 Feb 2020 16:01:47 GMT",true,"Tue, 18 Feb 2020 17:01:30 GMT",1124,,,,,,,,,,,,,,,,,,,,,,,,,,,,,,,,,,,,,,,,,,,,,,,,,,,,,,,,,,,,,,,,,,,,,,,,,
5e644ab5f9af8b24613386e5,0039,"Tue, 18 Feb 2020 16:03:42 GMT","Wed, 19 Feb 2020 01:02:11 GMT","Wed, 19 Feb 2020 00:37:09 GMT",0.875,2_39_79_380_2020-02-18 16:03:41.769531,0002,CA-489,2-39-79-380,America/Los_Angeles,,,,,,,,,,,,,,,,,,,,,,,,,,,,,,,,,,,,,,,,,,,,,,,,,,,,,,,,,,,,,,,,,,,,,,,,,,,,,,,,,,
5e644ab5f9af8b24613386e6,0039,"Tue, 18 Feb 2020 16:15:35 GMT","Wed, 19 Feb 2020 01:27:31 GMT","Wed, 19 Feb 2020 01:27:26 GMT",43.629,2_39_78_366_2020-02-18 16:15:34.653455,0002,CA-323,2-39-78-366,America/Los_Angeles,000003853,360,46.8,130,405,"Tue, 18 Feb 2020 16:17:58 GMT",true,"Tue, 18 Feb 2020 23:00:35 GMT",3853,,360,46.8,130,405,"Tue, 18 Feb 2020 16:18:26 GMT",true,"Tue, 18 Feb 2020 23:00:35 GMT",3853,,,,,,,,,,,,,,,,,,,,,,,,,,,,,,,,,,,,,,,,,,,,,,,,,,,,,,,,,,,,,,,,
5e644ab5f9af8b24613386e7,0039,"Tue, 18 Feb 2020 16:17:05 GMT","Wed, 19 Feb 2020 01:56:54 GMT","Tue, 18 Feb 2020 18:48:40 GMT",6.274,2_39_90_440_2020-02-18 16:16:46.760531,0002,CA-500,2-39-90-440,America/Los_Angeles,000005594,360,7.2,20,220,"Tue, 18 Feb 2020 16:17:05 GMT",true,"Tue, 18 Feb 2020 19:57:05 GMT",5594,,360,7.2,20,220,"Tue, 18 Feb 2020 16:17:20 GMT",true,"Tue, 18 Feb 2020 19:57:05 GMT",5594,360,7.2,20,350,"Tue, 18 Feb 2020 21:07:14 GMT",true,"Tue, 18 Feb 2020 22:07:05 GMT",5594,360,7.2,20,350,"Tue, 18 Feb 2020 21:08:11 GMT",true,"Tue, 18 Feb 2020 22:07:05 GMT",5594,,,,,,,,,,,,,,,,,,,,,,,,,,,,,,,,,,,,,,,,,,,,,,,,
5e644ab5f9af8b24613386e8,0039,"Tue, 18 Feb 2020 16:17:24 GMT","Wed, 19 Feb 2020 01:31:32 GMT","Tue, 18 Feb 2020 18:47:28 GMT",10.74,2_39_92_436_2020-02-18 16:16:11.943638,0002,CA-318,2-39-92-436,America/Los_Angeles,000002461,400,12,30,273,"Tue, 18 Feb 2020 16:17:24 GMT",true,"Tue, 18 Feb 2020 20:50:24 GMT",2461,,,,,,,,,,,,,,,,,,,,,,,,,,,,,,,,,,,,,,,,,,,,,,,,,,,,,,,,,,,,,,,,,,,,,,,,,
5e644ab5f9af8b24613386e9,0039,"Tue, 18 Feb 2020 16:33:24 GMT","Wed, 19 Feb 2020 01:20:55 GMT","Tue, 18 Feb 2020 18:05:56 GMT",4.743,2_39_79_379_2020-02-18 16:33:24.031430,0002,CA-327,2-39-79-379,America/Los_Angeles,000000751,400,28,70,720,"Tue, 18 Feb 2020 16:34:18 GMT",true,"Wed, 19 Feb 2020 04:33:24 GMT",751,,,,,,,,,,,,,,,,,,,,,,,,,,,,,,,,,,,,,,,,,,,,,,,,,,,,,,,,,,,,,,,,,,,,,,,,,
5e644ab5f9af8b24613386ea,0039,"Tue, 18 Feb 2020 16:45:56 GMT","Wed, 19 Feb 2020 02:00:47 GMT","Tue, 18 Feb 2020 17:58:42 GMT",3.729,2_39_130_31_2020-02-18 16:45:55.550109,0002,CA-306,2-39-130-31,America/Los_Angeles,000000347,600,12,20,77,"Tue, 18 Feb 2020 16:46:29 GMT",true,"Tue, 18 Feb 2020 18:02:56 GMT",347,,,,,,,,,,,,,,,,,,,,,,,,,,,,,,,,,,,,,,,,,,,,,,,,,,,,,,,,,,,,,,,,,,,,,,,,,
5e644ab5f9af8b24613386eb,0039,"Tue, 18 Feb 2020 16:47:10 GMT","Wed, 19 Feb 2020 01:57:09 GMT","Tue, 18 Feb 2020 19:44:57 GMT",17.266,2_39_89_25_2020-02-18 16:47:09.552838,0002,CA-315,2-39-89-25,America/Los_Angeles,000000431,300,21,70,219,"Tue, 18 Feb 2020 16:47:29 GMT",true,"Tue, 18 Feb 2020 20:26:10 GMT",431,,,,,,,,,,,,,,,,,,,,,,,,,,,,,,,,,,,,,,,,,,,,,,,,,,,,,,,,,,,,,,,,,,,,,,,,,
5e644ab5f9af8b24613386ec,0039,"Tue, 18 Feb 2020 16:48:34 GMT","Wed, 19 Feb 2020 02:56:52 GMT","Tue, 18 Feb 2020 21:05:17 GMT",14.202,2_39_126_560_2020-02-18 16:48:33.618182,0002,CA-506,2-39-126-560,America/Los_Angeles,000001534,250,15,60,404,"Tue, 18 Feb 2020 16:49:33 GMT",true,"Tue, 18 Feb 2020 23:32:34 GMT",1534,,,,,,,,,,,,,,,,,,,,,,,,,,,,,,,,,,,,,,,,,,,,,,,,,,,,,,,,,,,,,,,,,,,,,,,,,
5e644ab5f9af8b24613386ed,0039,"Tue, 18 Feb 2020 16:50:10 GMT","Wed, 19 Feb 2020 06:46:38 GMT","Wed, 19 Feb 2020 00:36:04 GMT",0.835,2_39_79_381_2020-02-18 16:50:09.740783,0002,CA-490,2-39-79-381,America/Los_Angeles,,,,,,,,,,,,,,,,,,,,,,,,,,,,,,,,,,,,,,,,,,,,,,,,,,,,,,,,,,,,,,,,,,,,,,,,,,,,,,,,,,
5e644ab5f9af8b24613386ee,0039,"Tue, 18 Feb 2020 16:50:27 GMT","Tue, 18 Feb 2020 19:46:35 GMT","Tue, 18 Feb 2020 18:43:35 GMT",5.098,2_39_127_19_2020-02-18 16:50:26.700004,0002,CA-309,2-39-127-19,America/Los_Angeles,000000562,325,6.5,20,188,"Tue, 18 Feb 2020 16:52:58 GMT",true,"Tue, 18 Feb 2020 19:58:27 GMT",562,,,,,,,,,,,,,,,,,,,,,,,,,,,,,,,,,,,,,,,,,,,,,,,,,,,,,,,,,,,,,,,,,,,,,,,,,
5e644ab5f9af8b24613386ef,0039,"Tue, 18 Feb 2020 17:10:05 GMT","Wed, 19 Feb 2020 01:00:31 GMT","Tue, 18 Feb 2020 17:53:04 GMT",1.733,2_39_89_439_2020-02-18 17:10:04.834078,0002,CA-501,2-39-89-439,America/Los_Angeles,000000743,400,8,20,443,"Tue, 18 Feb 2020 17:10:15 GMT",true,"Wed, 19 Feb 2020 00:33:05 GMT",743,,,,,,,,,,,,,,,,,,,,,,,,,,,,,,,,,,,,,,,,,,,,,,,,,,,,,,,,,,,,,,,,,,,,,,,,,
5e644ab5f9af8b24613386f0,0039,"Tue, 18 Feb 2020 17:10:10 GMT","Wed, 19 Feb 2020 00:32:34 GMT","Tue, 18 Feb 2020 22:01:36 GMT",11.135,2_39_78_365_2020-02-18 17:10:09.980229,0002,CA-321,2-39-78-365,America/Los_Angeles,000001095,400,16,40,444,"Tue, 18 Feb 2020 17:10:29 GMT",true,"Wed, 19 Feb 2020 00:34:10 GMT",1095,,,,,,,,,,,,,,,,,,,,,,,,,,,,,,,,,,,,,,,,,,,,,,,,,,,,,,,,,,,,,,,,,,,,,,,,,
5e644ab5f9af8b24613386f1,0039,"Tue, 18 Feb 2020 17:10:23 GMT","Wed, 19 Feb 2020 02:58:16 GMT","Tue, 18 Feb 2020 18:36:21 GMT",4.425,2_39_125_21_2020-02-18 17:10:23.378142,0002,CA-311,2-39-125-21,America/Los_Angeles,000000567,400,8,20,434,"Tue, 18 Feb 2020 17:10:32 GMT",true,"Wed, 19 Feb 2020 00:24:23 GMT",567,,,,,,,,,,,,,,,,,,,,,,,,,,,,,,,,,,,,,,,,,,,,,,,,,,,,,,,,,,,,,,,,,,,,,,,,,
5e644ab5f9af8b24613386f2,0039,"Tue, 18 Feb 2020 17:12:49 GMT","Tue, 18 Feb 2020 19:34:33 GMT","Tue, 18 Feb 2020 19:34:29 GMT",15.406,2_39_92_442_2020-02-18 17:12:48.999168,0002,CA-498,2-39-92-442,America/Los_Angeles,000000564,231,41.58,180,539,"Tue, 18 Feb 2020 17:13:32 GMT",true,"Wed, 19 Feb 2020 02:11:49 GMT",564,,,,,,,,,,,,,,,,,,,,,,,,,,,,,,,,,,,,,,,,,,,,,,,,,,,,,,,,,,,,,,,,,,,,,,,,,
5e644ab5f9af8b24613386f3,0039,"Tue, 18 Feb 2020 17:29:01 GMT","Wed, 19 Feb 2020 03:26:46 GMT","Tue, 18 Feb 2020 18:33:07 GMT",3.131,2_39_123_23_2020-02-18 17:29:01.384706,0002,CA-313,2-39-123-23,America/Los_Angeles,000002170,400,28,70,417,"Tue, 18 Feb 2020 17:29:07 GMT",true,"Wed, 19 Feb 2020 00:26:01 GMT",2170,,,,,,,,,,,,,,,,,,,,,,,,,,,,,,,,,,,,,,,,,,,,,,,,,,,,,,,,,,,,,,,,,,,,,,,,,
5e644ab5f9af8b24613386f4,0039,"Tue, 18 Feb 2020 17:45:33 GMT","Wed, 19 Feb 2020 00:16:24 GMT","Tue, 18 Feb 2020 18:32:10 GMT",4.548,2_39_124_22_2020-02-18 17:45:33.148099,0002,CA-312,2-39-124-22,America/Los_Angeles,000001912,400,20,50,392,"Tue, 18 Feb 2020 17:45:47 GMT",true,"Wed, 19 Feb 2020 00:17:33 GMT",1912,,,,,,,,,,,,,,,,,,,,,,,,,,,,,,,,,,,,,,,,,,,,,,,,,,,,,,,,,,,,,,,,,,,,,,,,,
5e644ab5f9af8b24613386f5,0039,"Tue, 18 Feb 2020 17:47:58 GMT","Wed, 19 Feb 2020 01:14:54 GMT","Tue, 18 Feb 2020 20:34:26 GMT",9.422,2_39_90_26_2020-02-18 17:47:57.581190,0002,CA-316,2-39-90-26,America/Los_Angeles,000000620,400,12,30,437,"Tue, 18 Feb 2020 17:54:50 GMT",true,"Wed, 19 Feb 2020 01:04:58 GMT",620,,,,,,,,,,,,,,,,,,,,,,,,,,,,,,,,,,,,,,,,,,,,,,,,,,,,,,,,,,,,,,,,,,,,,,,,,
5e644ab5f9af8b24613386f6,0039,"Tue, 18 Feb 2020 17:55:03 GMT","Wed, 19 Feb 2020 03:16:32 GMT","Tue, 18 Feb 2020 20:30:07 GMT",15.445,2_39_95_27_2020-02-18 17:55:03.166578,0002,CA-319,2-39-95-27,America/Los_Angeles,000000558,400,36,90,60,"Tue, 18 Feb 2020 17:55:05 GMT",true,"Tue, 18 Feb 2020 18:55:03 GMT",558,,,,,,,,,,,,,,,,,,,,,,,,,,,,,,,,,,,,,,,,,,,,,,,,,,,,,,,,,,,,,,,,,,,,,,,,,
5e644ab5f9af8b24613386f7,0039,"Tue, 18 Feb 2020 17:55:04 GMT","Wed, 19 Feb 2020 01:15:01 GMT","Tue, 18 Feb 2020 23:17:17 GMT",17.82,2_39_78_364_2020-02-18 17:55:04.450051,0002,CA-495,2-39-78-364,America/Los_Angeles,000000714,400,32,80,449,"Tue, 18 Feb 2020 17:55:23 GMT",true,"Wed, 19 Feb 2020 01:24:04 GMT",714,,,,,,,,,,,,,,,,,,,,,,,,,,,,,,,,,,,,,,,,,,,,,,,,,,,,,,,,,,,,,,,,,,,,,,,,,
5e644ab5f9af8b24613386f8,0039,"Tue, 18 Feb 2020 18:16:54 GMT","Tue, 18 Feb 2020 18:51:58 GMT","Tue, 18 Feb 2020 18:51:54 GMT",3.766,2_39_91_441_2020-02-18 18:16:54.341450,0002,CA-499,2-39-91-441,America/Los_Angeles,000000668,425,12.75,30,61,"Tue, 18 Feb 2020 18:17:03 GMT",true,"Tue, 18 Feb 2020 19:17:54 GMT",668,,,,,,,,,,,,,,,,,,,,,,,,,,,,,,,,,,,,,,,,,,,,,,,,,,,,,,,,,,,,,,,,,,,,,,,,,
5e644ab5f9af8b24613386f9,0039,"Tue, 18 Feb 2020 18:18:00 GMT","Wed, 19 Feb 2020 01:53:41 GMT","Tue, 18 Feb 2020 19:07:31 GMT",1.999,2_39_79_378_2020-02-18 18:18:00.230357,0002,CA-326,2-39-79-378,America/Los_Angeles,000000891,400,8,20,216,"Tue, 18 Feb 2020 18:18:07 GMT",true,"Tue, 18 Feb 2020 21:54:00 GMT",891,,,,,,,,,,,,,,,,,,,,,,,,,,,,,,,,,,,,,,,,,,,,,,,,,,,,,,,,,,,,,,,,,,,,,,,,,
5e644ab5f9af8b24613386fa,0039,"Tue, 18 Feb 2020 18:37:52 GMT","Tue, 18 Feb 2020 19:29:23 GMT","Tue, 18 Feb 2020 19:23:32 GMT",1.044,2_39_78_367_2020-02-18 18:37:52.488321,0002,CA-494,2-39-78-367,America/Los_Angeles,,,,,,,,,,,,,,,,,,,,,,,,,,,,,,,,,,,,,,,,,,,,,,,,,,,,,,,,,,,,,,,,,,,,,,,,,,,,,,,,,,
5e644ab5f9af8b24613386fb,0039,"Tue, 18 Feb 2020 18:39:25 GMT","Wed, 19 Feb 2020 00:46:11 GMT","Wed, 19 Feb 2020 00:46:05 GMT",24.286,2_39_78_360_2020-02-18 18:39:25.193613,0002,CA-322,2-39-78-360,America/Los_Angeles,000001137,400,36,90,344,"Tue, 18 Feb 2020 18:39:55 GMT",true,"Wed, 19 Feb 2020 00:23:25 GMT",1137,,,,,,,,,,,,,,,,,,,,,,,,,,,,,,,,,,,,,,,,,,,,,,,,,,,,,,,,,,,,,,,,,,,,,,,,,
5e644ab5f9af8b24613386fc,0039,"Tue, 18 Feb 2020 18:55:16 GMT","Wed, 19 Feb 2020 01:08:19 GMT","Tue, 18 Feb 2020 23:25:27 GMT",15.076,2_39_79_376_2020-02-18 18:55:15.714762,0002,CA-324,2-39-79-376,America/Los_Angeles,000000832,400,12,30,366,"Tue, 18 Feb 2020 18:56:08 GMT",true,"Wed, 19 Feb 2020 01:01:16 GMT",832,,,,,,,,,,,,,,,,,,,,,,,,,,,,,,,,,,,,,,,,,,,,,,,,,,,,,,,,,,,,,,,,,,,,,,,,,
5e644ab5f9af8b24613386fd,0039,"Tue, 18 Feb 2020 18:55:47 GMT","Wed, 19 Feb 2020 01:41:58 GMT","Wed, 19 Feb 2020 01:42:58 GMT",6.723,2_39_78_362_2020-02-18 18:55:47.273534,0002,CA-496,2-39-78-362,America/Los_Angeles,000005368,400,8,20,73,"Tue, 18 Feb 2020 18:56:08 GMT",true,"Tue, 18 Feb 2020 20:08:47 GMT",5368,,,,,,,,,,,,,,,,,,,,,,,,,,,,,,,,,,,,,,,,,,,,,,,,,,,,,,,,,,,,,,,,,,,,,,,,,
5e644ab5f9af8b24613386fe,0039,"Tue, 18 Feb 2020 19:34:00 GMT","Tue, 18 Feb 2020 20:05:04 GMT","Tue, 18 Feb 2020 20:04:58 GMT",1.718,2_39_88_24_2020-02-18 19:33:59.521964,0002,CA-314,2-39-88-24,America/Los_Angeles,000001093,333,6.66,20,199,"Tue, 18 Feb 2020 19:34:16 GMT",true,"Tue, 18 Feb 2020 22:53:00 GMT",1093,,,,,,,,,,,,,,,,,,,,,,,,,,,,,,,,,,,,,,,,,,,,,,,,,,,,,,,,,,,,,,,,,,,,,,,,,
5e644ab5f9af8b24613386ff,0039,"Tue, 18 Feb 2020 19:40:32 GMT","Tue, 18 Feb 2020 20:11:00 GMT","Tue, 18 Feb 2020 20:10:56 GMT",1.723,2_39_92_442_2020-02-18 19:40:31.731370,0002,CA-498,2-39-92-442,America/Los_Angeles,000000515,400,12,30,314,"Tue, 18 Feb 2020 19:40:59 GMT",true,"Wed, 19 Feb 2020 00:54:32 GMT",515,,,,,,,,,,,,,,,,,,,,,,,,,,,,,,,,,,,,,,,,,,,,,,,,,,,,,,,,,,,,,,,,,,,,,,,,,
5e644ab5f9af8b2461338700,0039,"Tue, 18 Feb 2020 19:52:30 GMT","Tue, 18 Feb 2020 21:35:53 GMT","Tue, 18 Feb 2020 21:35:48 GMT",9.569,2_39_127_19_2020-02-18 19:52:30.330645,0002,CA-309,2-39-127-19,America/Los_Angeles,000000346,400,12,30,120,"Tue, 18 Feb 2020 19:53:05 GMT",true,"Tue, 18 Feb 2020 21:52:30 GMT",346,,,,,,,,,,,,,,,,,,,,,,,,,,,,,,,,,,,,,,,,,,,,,,,,,,,,,,,,,,,,,,,,,,,,,,,,,
5e644ab5f9af8b2461338701,0039,"Tue, 18 Feb 2020 19:56:05 GMT","Wed, 19 Feb 2020 02:49:20 GMT","Tue, 18 Feb 2020 21:09:30 GMT",2.444,2_39_91_441_2020-02-18 19:56:04.770740,0002,CA-499,2-39-91-441,America/Los_Angeles,000001082,400,8,20,64,"Tue, 18 Feb 2020 19:56:30 GMT",true,"Tue, 18 Feb 2020 21:00:05 GMT",1082,,,,,,,,,,,,,,,,,,,,,,,,,,,,,,,,,,,,,,,,,,,,,,,,,,,,,,,,,,,,,,,,,,,,,,,,,
5e644ab5f9af8b2461338702,0039,"Tue, 18 Feb 2020 20:04:35 GMT","Tue, 18 Feb 2020 21:16:15 GMT","Tue, 18 Feb 2020 21:15:00 GMT",1.052,2_39_78_367_2020-02-18 20:04:34.912266,0002,CA-494,2-39-78-367,America/Los_Angeles,,,,,,,,,,,,,,,,,,,,,,,,,,,,,,,,,,,,,,,,,,,,,,,,,,,,,,,,,,,,,,,,,,,,,,,,,,,,,,,,,,
5e644ab5f9af8b2461338703,0039,"Tue, 18 Feb 2020 20:16:29 GMT","Tue, 18 Feb 2020 20:45:03 GMT","Tue, 18 Feb 2020 20:44:58 GMT",0.767,2_39_95_444_2020-02-18 20:16:28.866390,0002,CA-497,2-39-95-444,America/Los_Angeles,,,,,,,,,,,,,,,,,,,,,,,,,,,,,,,,,,,,,,,,,,,,,,,,,,,,,,,,,,,,,,,,,,,,,,,,,,,,,,,,,,
5e644ab5f9af8b2461338704,0039,"Tue, 18 Feb 2020 20:30:08 GMT","Wed, 19 Feb 2020 01:44:09 GMT","Tue, 18 Feb 2020 21:27:52 GMT",1.322,2_39_79_383_2020-02-18 20:30:08.379643,0002,CA-492,2-39-79-383,America/Los_Angeles,,,,,,,,,,,,,,,,,,,,,,,,,,,,,,,,,,,,,,,,,,,,,,,,,,,,,,,,,,,,,,,,,,,,,,,,,,,,,,,,,,
5e644ab5f9af8b2461338705,0039,"Tue, 18 Feb 2020 20:32:24 GMT","Wed, 19 Feb 2020 01:21:31 GMT","Tue, 18 Feb 2020 21:26:50 GMT",5.424,2_39_91_437_2020-02-18 20:32:23.952697,0002,CA-317,2-39-91-437,America/Los_Angeles,000001001,600,12,20,129,"Tue, 18 Feb 2020 20:32:27 GMT",true,"Tue, 18 Feb 2020 22:41:24 GMT",1001,,,,,,,,,,,,,,,,,,,,,,,,,,,,,,,,,,,,,,,,,,,,,,,,,,,,,,,,,,,,,,,,,,,,,,,,,
5e644ab5f9af8b2461338706,0039,"Tue, 18 Feb 2020 20:47:52 GMT","Tue, 18 Feb 2020 23:13:01 GMT","Tue, 18 Feb 2020 22:13:03 GMT",3.85,2_39_88_24_2020-02-18 20:47:40.159622,0002,CA-314,2-39-88-24,America/Los_Angeles,000003577,400,8,20,154,"Tue, 18 Feb 2020 20:47:52 GMT",true,"Tue, 18 Feb 2020 23:21:52 GMT",3577,,,,,,,,,,,,,,,,,,,,,,,,,,,,,,,,,,,,,,,,,,,,,,,,,,,,,,,,,,,,,,,,,,,,,,,,,
5e644ab5f9af8b2461338707,0039,"Tue, 18 Feb 2020 21:32:30 GMT","Tue, 18 Feb 2020 22:08:40 GMT","Tue, 18 Feb 2020 22:07:42 GMT",1.025,2_39_78_367_2020-02-18 21:32:29.597336,0002,CA-494,2-39-78-367,America/Los_Angeles,,,,,,,,,,,,,,,,,,,,,,,,,,,,,,,,,,,,,,,,,,,,,,,,,,,,,,,,,,,,,,,,,,,,,,,,,,,,,,,,,,
5e644ab5f9af8b2461338708,0039,"Tue, 18 Feb 2020 21:41:19 GMT","Wed, 19 Feb 2020 00:45:32 GMT","Tue, 18 Feb 2020 23:31:23 GMT",0.833,2_39_128_562_2020-02-18 21:41:19.207021,0002,CA-508,2-39-128-562,America/Los_Angeles,,,,,,,,,,,,,,,,,,,,,,,,,,,,,,,,,,,,,,,,,,,,,,,,,,,,,,,,,,,,,,,,,,,,,,,,,,,,,,,,,,
5e644ab5f9af8b2461338709,0039,"Tue, 18 Feb 2020 21:52:26 GMT","Wed, 19 Feb 2020 00:55:24 GMT","Tue, 18 Feb 2020 23:55:38 GMT",6.736,2_39_127_19_2020-02-18 21:52:25.598220,0002,CA-309,2-39-127-19,America/Los_Angeles,000000515,400,12,30,314,"Tue, 18 Feb 2020 21:53:43 GMT",true,"Wed, 19 Feb 2020 03:06:26 GMT",515,,,,,,,,,,,,,,,,,,,,,,,,,,,,,,,,,,,,,,,,,,,,,,,,,,,,,,,,,,,,,,,,,,,,,,,,,
5e644ab5f9af8b246133870a,0039,"Tue, 18 Feb 2020 22:25:11 GMT","Tue, 18 Feb 2020 23:28:06 GMT","Tue, 18 Feb 2020 23:27:03 GMT",1.055,2_39_78_367_2020-02-18 22:25:11.440729,0002,CA-494,2-39-78-367,America/Los_Angeles,,,,,,,,,,,,,,,,,,,,,,,,,,,,,,,,,,,,,,,,,,,,,,,,,,,,,,,,,,,,,,,,,,,,,,,,,,,,,,,,,,
5e644ab5f9af8b246133870b,0039,"Tue, 18 Feb 2020 23:44:34 GMT","Wed, 19 Feb 2020 00:20:06 GMT","Wed, 19 Feb 2020 00:19:24 GMT",1.04,2_39_78_367_2020-02-18 23:44:33.917877,0002,CA-494,2-39-78-367,America/Los_Angeles,,,,,,,,,,,,,,,,,,,,,,,,,,,,,,,,,,,,,,,,,,,,,,,,,,,,,,,,,,,,,,,,,,,,,,,,,,,,,,,,,,
5e644ab5f9af8b246133870c,0039,"Wed, 19 Feb 2020 00:30:49 GMT","Wed, 19 Feb 2020 01:55:40 GMT","Wed, 19 Feb 2020 01:01:01 GMT",0.84,2_39_139_28_2020-02-19 00:30:49.164615,0002,CA-303,2-39-139-28,America/Los_Angeles,,,,,,,,,,,,,,,,,,,,,,,,,,,,,,,,,,,,,,,,,,,,,,,,,,,,,,,,,,,,,,,,,,,,,,,,,,,,,,,,,,
5e644ab5f9af8b246133870d,0039,"Wed, 19 Feb 2020 00:37:29 GMT","Wed, 19 Feb 2020 01:06:28 GMT","Wed, 19 Feb 2020 01:06:22 GMT",0.594,2_39_78_367_2020-02-19 00:37:29.421599,0002,CA-494,2-39-78-367,America/Los_Angeles,,,,,,,,,,,,,,,,,,,,,,,,,,,,,,,,,,,,,,,,,,,,,,,,,,,,,,,,,,,,,,,,,,,,,,,,,,,,,,,,,,
5e644ab5f9af8b246133870e,0039,"Wed, 19 Feb 2020 01:21:10 GMT","Wed, 19 Feb 2020 02:42:45 GMT","Wed, 19 Feb 2020 01:55:19 GMT",1.254,2_39_131_30_2020-02-19 01:21:10.471513,0002,CA-305,2-39-131-30,America/Los_Angeles,000000365,333,9.99,30,104,"Wed, 19 Feb 2020 01:21:19 GMT",true,"Wed, 19 Feb 2020 03:05:10 GMT",365,,,,,,,,,,,,,,,,,,,,,,,,,,,,,,,,,,,,,,,,,,,,,,,,,,,,,,,,,,,,,,,,,,,,,,,,,
5e644ab5f9af8b246133870f,0039,"Wed, 19 Feb 2020 03:55:10 GMT","Wed, 19 Feb 2020 06:36:20 GMT","Wed, 19 Feb 2020 06:36:16 GMT",14.506,2_39_79_382_2020-02-19 03:55:10.145268,0002,CA-491,2-39-79-382,America/Los_Angeles,000004701,300,15,50,172,"Wed, 19 Feb 2020 03:55:18 GMT",true,"Wed, 19 Feb 2020 06:47:10 GMT",4701,,,,,,,,,,,,,,,,,,,,,,,,,,,,,,,,,,,,,,,,,,,,,,,,,,,,,,,,,,,,,,,,,,,,,,,,,
5e644ab5f9af8b2461338710,0039,"Wed, 19 Feb 2020 04:22:57 GMT","Wed, 19 Feb 2020 05:44:58 GMT","Wed, 19 Feb 2020 05:44:54 GMT",4.652,2_39_129_17_2020-02-19 04:22:56.998345,0002,CA-307,2-39-129-17,America/Los_Angeles,000001263,400,8,20,115,"Wed, 19 Feb 2020 04:23:39 GMT",true,"Wed, 19 Feb 2020 06:17:57 GMT",1263,,,,,,,,,,,,,,,,,,,,,,,,,,,,,,,,,,,,,,,,,,,,,,,,,,,,,,,,,,,,,,,,,,,,,,,,,
5e658e25f9af8b2865a5f4a8,0039,"Wed, 19 Feb 2020 10:16:00 GMT","Wed, 19 Feb 2020 12:50:49 GMT","Wed, 19 Feb 2020 12:50:45 GMT",13.206,2_39_139_28_2020-02-19 10:16:00.402226,0002,CA-303,2-39-139-28,America/Los_Angeles,000000300,400,32,80,638,"Wed, 19 Feb 2020 10:51:20 GMT",true,"Wed, 19 Feb 2020 20:54:00 GMT",300,,,,,,,,,,,,,,,,,,,,,,,,,,,,,,,,,,,,,,,,,,,,,,,,,,,,,,,,,,,,,,,,,,,,,,,,,
5e658e25f9af8b2865a5f4a9,0039,"Wed, 19 Feb 2020 15:47:21 GMT","Wed, 19 Feb 2020 22:21:37 GMT","Wed, 19 Feb 2020 16:56:33 GMT",3.498,2_39_131_30_2020-02-19 15:47:20.545563,0002,CA-305,2-39-131-30,America/Los_Angeles,000000347,600,12,20,77,"Wed, 19 Feb 2020 15:47:33 GMT",true,"Wed, 19 Feb 2020 17:04:21 GMT",347,,,,,,,,,,,,,,,,,,,,,,,,,,,,,,,,,,,,,,,,,,,,,,,,,,,,,,,,,,,,,,,,,,,,,,,,,
5e658e25f9af8b2865a5f4aa,0039,"Wed, 19 Feb 2020 15:48:28 GMT","Thu, 20 Feb 2020 01:52:14 GMT","Wed, 19 Feb 2020 22:50:54 GMT",3.304,2_39_79_377_2020-02-19 15:48:27.873517,0002,CA-325,2-39-79-377,America/Los_Angeles,,,,,,,,,,,,,,,,,,,,,,,,,,,,,,,,,,,,,,,,,,,,,,,,,,,,,,,,,,,,,,,,,,,,,,,,,,,,,,,,,,
5e658e25f9af8b2865a5f4ab,0039,"Wed, 19 Feb 2020 15:56:00 GMT","Wed, 19 Feb 2020 21:20:59 GMT","Wed, 19 Feb 2020 16:26:12 GMT",0.809,2_39_79_380_2020-02-19 15:56:00.164285,0002,CA-489,2-39-79-380,America/Los_Angeles,,,,,,,,,,,,,,,,,,,,,,,,,,,,,,,,,,,,,,,,,,,,,,,,,,,,,,,,,,,,,,,,,,,,,,,,,,,,,,,,,,
5e658e25f9af8b2865a5f4ac,0039,"Wed, 19 Feb 2020 16:12:01 GMT","Thu, 20 Feb 2020 01:16:04 GMT","Wed, 19 Feb 2020 18:01:44 GMT",9.406,2_39_78_366_2020-02-19 16:12:01.058468,0002,CA-323,2-39-78-366,America/Los_Angeles,000003853,360,21.6,60,405,"Wed, 19 Feb 2020 16:12:23 GMT",true,"Wed, 19 Feb 2020 22:57:01 GMT",3853,,,,,,,,,,,,,,,,,,,,,,,,,,,,,,,,,,,,,,,,,,,,,,,,,,,,,,,,,,,,,,,,,,,,,,,,,
5e658e25f9af8b2865a5f4ad,0039,"Wed, 19 Feb 2020 16:24:38 GMT","Thu, 20 Feb 2020 01:43:06 GMT","Thu, 20 Feb 2020 00:47:00 GMT",53.265,2_39_79_378_2020-02-19 16:24:37.812042,0002,CA-326,2-39-79-378,America/Los_Angeles,000003424,295,59,200,546,"Wed, 19 Feb 2020 16:25:02 GMT",true,"Thu, 20 Feb 2020 01:30:38 GMT",3424,,,,,,,,,,,,,,,,,,,,,,,,,,,,,,,,,,,,,,,,,,,,,,,,,,,,,,,,,,,,,,,,,,,,,,,,,
5e658e25f9af8b2865a5f4ae,0039,"Wed, 19 Feb 2020 16:33:11 GMT","Thu, 20 Feb 2020 01:39:54 GMT","Wed, 19 Feb 2020 19:21:55 GMT",13.043,2_39_79_376_2020-02-19 16:33:11.315653,0002,CA-324,2-39-79-376,America/Los_Angeles,000000945,400,32,80,62,"Wed, 19 Feb 2020 16:33:57 GMT",true,"Wed, 19 Feb 2020 17:35:11 GMT",945,,,,,,,,,,,,,,,,,,,,,,,,,,,,,,,,,,,,,,,,,,,,,,,,,,,,,,,,,,,,,,,,,,,,,,,,,
5e658e25f9af8b2865a5f4af,0039,"Wed, 19 Feb 2020 16:41:30 GMT","Thu, 20 Feb 2020 01:45:27 GMT","Wed, 19 Feb 2020 19:54:56 GMT",10.982,2_39_129_17_2020-02-19 16:41:29.701061,0002,CA-307,2-39-129-17,America/Los_Angeles,000000712,400,24,60,416,"Wed, 19 Feb 2020 16:41:38 GMT",true,"Wed, 19 Feb 2020 23:37:30 GMT",712,,,,,,,,,,,,,,,,,,,,,,,,,,,,,,,,,,,,,,,,,,,,,,,,,,,,,,,,,,,,,,,,,,,,,,,,,
5e658e25f9af8b2865a5f4b0,0039,"Wed, 19 Feb 2020 16:43:05 GMT","Thu, 20 Feb 2020 08:00:05 GMT","Wed, 19 Feb 2020 18:56:36 GMT",5.831,2_39_79_383_2020-02-19 16:43:05.059589,0002,CA-492,2-39-79-383,America/Los_Angeles,000001222,400,8,20,72,"Wed, 19 Feb 2020 16:43:23 GMT",true,"Wed, 19 Feb 2020 17:55:05 GMT",1222,,,,,,,,,,,,,,,,,,,,,,,,,,,,,,,,,,,,,,,,,,,,,,,,,,,,,,,,,,,,,,,,,,,,,,,,,
5e658e25f9af8b2865a5f4b1,0039,"Wed, 19 Feb 2020 16:50:43 GMT","Wed, 19 Feb 2020 20:20:37 GMT","Wed, 19 Feb 2020 18:31:29 GMT",5.29,2_39_127_19_2020-02-19 16:50:42.661074,0002,CA-309,2-39-127-19,America/Los_Angeles,000000562,325,6.5,20,188,"Wed, 19 Feb 2020 16:51:00 GMT",true,"Wed, 19 Feb 2020 19:58:43 GMT",562,,,,,,,,,,,,,,,,,,,,,,,,,,,,,,,,,,,,,,,,,,,,,,,,,,,,,,,,,,,,,,,,,,,,,,,,,
5e658e25f9af8b2865a5f4b2,0039,"Wed, 19 Feb 2020 17:00:08 GMT","Thu, 20 Feb 2020 00:37:00 GMT","Thu, 20 Feb 2020 00:38:00 GMT",2.985,2_39_78_362_2020-02-19 17:00:08.165536,0002,CA-496,2-39-78-362,America/Los_Angeles,000000858,400,8,20,254,"Wed, 19 Feb 2020 17:00:40 GMT",true,"Wed, 19 Feb 2020 21:14:08 GMT",858,,,,,,,,,,,,,,,,,,,,,,,,,,,,,,,,,,,,,,,,,,,,,,,,,,,,,,,,,,,,,,,,,,,,,,,,,
5e658e25f9af8b2865a5f4b3,0039,"Wed, 19 Feb 2020 17:05:47 GMT","Thu, 20 Feb 2020 01:14:18 GMT","Wed, 19 Feb 2020 19:59:29 GMT",9.834,2_39_90_26_2020-02-19 17:05:47.031463,0002,CA-316,2-39-90-26,America/Los_Angeles,000001364,400,28,70,182,"Wed, 19 Feb 2020 17:05:51 GMT",true,"Wed, 19 Feb 2020 20:07:47 GMT",1364,,,,,,,,,,,,,,,,,,,,,,,,,,,,,,,,,,,,,,,,,,,,,,,,,,,,,,,,,,,,,,,,,,,,,,,,,
5e658e25f9af8b2865a5f4b4,0039,"Wed, 19 Feb 2020 17:11:08 GMT","Wed, 19 Feb 2020 17:33:13 GMT","Wed, 19 Feb 2020 17:33:07 GMT",1.884,2_39_78_361_2020-02-19 17:11:08.111697,0002,CA-493,2-39-78-361,America/Los_Angeles,000004701,300,15,50,319,"Wed, 19 Feb 2020 17:11:19 GMT",true,"Wed, 19 Feb 2020 22:30:08 GMT",4701,,,,,,,,,,,,,,,,,,,,,,,,,,,,,,,,,,,,,,,,,,,,,,,,,,,,,,,,,,,,,,,,,,,,,,,,,
5e658e25f9af8b2865a5f4b5,0039,"Wed, 19 Feb 2020 17:19:08 GMT","Thu, 20 Feb 2020 03:08:08 GMT","Wed, 19 Feb 2020 18:30:07 GMT",3.645,2_39_125_21_2020-02-19 17:19:07.690586,0002,CA-311,2-39-125-21,America/Los_Angeles,000000567,400,8,20,434,"Wed, 19 Feb 2020 17:19:15 GMT",true,"Thu, 20 Feb 2020 00:33:08 GMT",567,,,,,,,,,,,,,,,,,,,,,,,,,,,,,,,,,,,,,,,,,,,,,,,,,,,,,,,,,,,,,,,,,,,,,,,,,
5e658e25f9af8b2865a5f4b6,0039,"Wed, 19 Feb 2020 17:28:17 GMT","Thu, 20 Feb 2020 01:13:49 GMT","Wed, 19 Feb 2020 23:34:23 GMT",0.897,2_39_79_381_2020-02-19 17:28:17.493939,0002,CA-490,2-39-79-381,America/Los_Angeles,,,,,,,,,,,,,,,,,,,,,,,,,,,,,,,,,,,,,,,,,,,,,,,,,,,,,,,,,,,,,,,,,,,,,,,,,,,,,,,,,,
5e658e25f9af8b2865a5f4b7,0039,"Wed, 19 Feb 2020 17:31:13 GMT","Thu, 20 Feb 2020 01:43:36 GMT","Wed, 19 Feb 2020 18:57:55 GMT",4.21,2_39_89_25_2020-02-19 17:31:13.096909,0002,CA-315,2-39-89-25,America/Los_Angeles,000000743,400,8,20,443,"Wed, 19 Feb 2020 17:31:22 GMT",true,"Thu, 20 Feb 2020 00:54:13 GMT",743,,,,,,,,,,,,,,,,,,,,,,,,,,,,,,,,,,,,,,,,,,,,,,,,,,,,,,,,,,,,,,,,,,,,,,,,,
5e658e25f9af8b2865a5f4b8,0039,"Wed, 19 Feb 2020 17:31:43 GMT","Thu, 20 Feb 2020 02:51:11 GMT","Wed, 19 Feb 2020 18:41:33 GMT",3.135,2_39_126_20_2020-02-19 17:31:43.096590,0002,CA-310,2-39-126-20,America/Los_Angeles,000001864,400,8,20,452,"Wed, 19 Feb 2020 17:31:44 GMT",true,"Thu, 20 Feb 2020 01:03:43 GMT",1864,,,,,,,,,,,,,,,,,,,,,,,,,,,,,,,,,,,,,,,,,,,,,,,,,,,,,,,,,,,,,,,,,,,,,,,,,
5e658e25f9af8b2865a5f4b9,0039,"Wed, 19 Feb 2020 17:33:13 GMT","Thu, 20 Feb 2020 06:13:27 GMT","Wed, 19 Feb 2020 18:35:20 GMT",6.213,2_39_78_363_2020-02-19 17:33:12.646012,0002,CA-320,2-39-78-363,America/Los_Angeles,000000714,400,32,80,449,"Wed, 19 Feb 2020 17:34:04 GMT",true,"Thu, 20 Feb 2020 01:02:13 GMT",714,,,,,,,,,,,,,,,,,,,,,,,,,,,,,,,,,,,,,,,,,,,,,,,,,,,,,,,,,,,,,,,,,,,,,,,,,
5e658e25f9af8b2865a5f4ba,0039,"Wed, 19 Feb 2020 17:43:56 GMT","Thu, 20 Feb 2020 00:09:08 GMT","Wed, 19 Feb 2020 19:36:30 GMT",11.29,2_39_123_23_2020-02-19 17:43:56.481965,0002,CA-313,2-39-123-23,America/Los_Angeles,000001912,400,20,50,392,"Wed, 19 Feb 2020 17:44:01 GMT",true,"Thu, 20 Feb 2020 00:15:56 GMT",1912,,,,,,,,,,,,,,,,,,,,,,,,,,,,,,,,,,,,,,,,,,,,,,,,,,,,,,,,,,,,,,,,,,,,,,,,,
5e658e25f9af8b2865a5f4bb,0039,"Wed, 19 Feb 2020 17:50:36 GMT","Wed, 19 Feb 2020 19:39:48 GMT","Wed, 19 Feb 2020 19:30:18 GMT",0.891,2_39_78_361_2020-02-19 17:50:36.298023,0002,CA-493,2-39-78-361,America/Los_Angeles,,,,,,,,,,,,,,,,,,,,,,,,,,,,,,,,,,,,,,,,,,,,,,,,,,,,,,,,,,,,,,,,,,,,,,,,,,,,,,,,,,
5e658e25f9af8b2865a5f4bc,0039,"Wed, 19 Feb 2020 17:51:04 GMT","Thu, 20 Feb 2020 03:07:16 GMT","Wed, 19 Feb 2020 19:54:41 GMT",10.962,2_39_78_365_2020-02-19 17:51:03.545942,0002,CA-321,2-39-78-365,America/Los_Angeles,000000558,400,28,70,60,"Wed, 19 Feb 2020 17:51:06 GMT",true,"Wed, 19 Feb 2020 18:51:04 GMT",558,,,,,,,,,,,,,,,,,,,,,,,,,,,,,,,,,,,,,,,,,,,,,,,,,,,,,,,,,,,,,,,,,,,,,,,,,
5e658e25f9af8b2865a5f4bd,0039,"Wed, 19 Feb 2020 18:00:59 GMT","Thu, 20 Feb 2020 01:15:58 GMT","Wed, 19 Feb 2020 19:41:04 GMT",4.063,2_39_95_444_2020-02-19 18:00:59.047447,0002,CA-497,2-39-95-444,America/Los_Angeles,000000620,400,12,30,395,"Wed, 19 Feb 2020 18:01:13 GMT",true,"Thu, 20 Feb 2020 00:35:59 GMT",620,,,,,,,,,,,,,,,,,,,,,,,,,,,,,,,,,,,,,,,,,,,,,,,,,,,,,,,,,,,,,,,,,,,,,,,,,
5e658e25f9af8b2865a5f4be,0039,"Wed, 19 Feb 2020 18:03:06 GMT","Wed, 19 Feb 2020 20:07:25 GMT","Wed, 19 Feb 2020 20:02:06 GMT",0.911,2_39_78_360_2020-02-19 18:03:05.984394,0002,CA-322,2-39-78-360,America/Los_Angeles,,,,,,,,,,,,,,,,,,,,,,,,,,,,,,,,,,,,,,,,,,,,,,,,,,,,,,,,,,,,,,,,,,,,,,,,,,,,,,,,,,
5e658e25f9af8b2865a5f4bf,0039,"Wed, 19 Feb 2020 18:21:35 GMT","Thu, 20 Feb 2020 00:30:23 GMT","Wed, 19 Feb 2020 20:11:24 GMT",10.773,2_39_95_27_2020-02-19 18:21:35.247584,0002,CA-319,2-39-95-27,America/Los_Angeles,000001095,400,16,40,342,"Wed, 19 Feb 2020 18:21:47 GMT",true,"Thu, 20 Feb 2020 00:03:35 GMT",1095,,,,,,,,,,,,,,,,,,,,,,,,,,,,,,,,,,,,,,,,,,,,,,,,,,,,,,,,,,,,,,,,,,,,,,,,,
5e658e25f9af8b2865a5f4c0,0039,"Wed, 19 Feb 2020 18:30:27 GMT","Thu, 20 Feb 2020 01:19:57 GMT","Wed, 19 Feb 2020 19:56:12 GMT",7.889,2_39_92_442_2020-02-19 18:30:26.517284,0002,CA-498,2-39-92-442,America/Los_Angeles,000000832,400,8,20,366,"Wed, 19 Feb 2020 18:31:01 GMT",true,"Thu, 20 Feb 2020 00:36:27 GMT",832,,,,,,,,,,,,,,,,,,,,,,,,,,,,,,,,,,,,,,,,,,,,,,,,,,,,,,,,,,,,,,,,,,,,,,,,,
5e658e25f9af8b2865a5f4c1,0039,"Wed, 19 Feb 2020 19:13:53 GMT","Wed, 19 Feb 2020 20:16:37 GMT","Wed, 19 Feb 2020 19:44:57 GMT",0.935,2_39_88_24_2020-02-19 19:13:53.188994,0002,CA-314,2-39-88-24,America/Los_Angeles,,,,,,,,,,,,,,,,,,,,,,,,,,,,,,,,,,,,,,,,,,,,,,,,,,,,,,,,,,,,,,,,,,,,,,,,,,,,,,,,,,
5e658e25f9af8b2865a5f4c2,0039,"Wed, 19 Feb 2020 19:14:57 GMT","Thu, 20 Feb 2020 01:50:59 GMT","Wed, 19 Feb 2020 21:08:57 GMT",6.125,2_39_90_440_2020-02-19 19:14:56.864062,0002,CA-500,2-39-90-440,America/Los_Angeles,000005368,400,8,20,73,"Wed, 19 Feb 2020 19:16:03 GMT",true,"Wed, 19 Feb 2020 20:27:57 GMT",5368,,,,,,,,,,,,,,,,,,,,,,,,,,,,,,,,,,,,,,,,,,,,,,,,,,,,,,,,,,,,,,,,,,,,,,,,,
5e658e25f9af8b2865a5f4c3,0039,"Wed, 19 Feb 2020 19:53:01 GMT","Thu, 20 Feb 2020 01:43:48 GMT","Wed, 19 Feb 2020 21:04:32 GMT",3.596,2_39_124_22_2020-02-19 19:53:01.140044,0002,CA-312,2-39-124-22,America/Los_Angeles,000002170,400,28,70,417,"Wed, 19 Feb 2020 19:53:14 GMT",true,"Thu, 20 Feb 2020 02:50:01 GMT",2170,,,,,,,,,,,,,,,,,,,,,,,,,,,,,,,,,,,,,,,,,,,,,,,,,,,,,,,,,,,,,,,,,,,,,,,,,
5e658e25f9af8b2865a5f4c4,0039,"Wed, 19 Feb 2020 19:57:17 GMT","Wed, 19 Feb 2020 23:06:24 GMT","Wed, 19 Feb 2020 23:03:23 GMT",0.885,2_39_78_361_2020-02-19 19:57:17.318406,0002,CA-493,2-39-78-361,America/Los_Angeles,,,,,,,,,,,,,,,,,,,,,,,,,,,,,,,,,,,,,,,,,,,,,,,,,,,,,,,,,,,,,,,,,,,,,,,,,,,,,,,,,,
5e658e25f9af8b2865a5f4c5,0039,"Wed, 19 Feb 2020 20:22:51 GMT","Wed, 19 Feb 2020 21:55:48 GMT","Wed, 19 Feb 2020 21:52:54 GMT",0.879,2_39_78_360_2020-02-19 20:22:51.129617,0002,CA-322,2-39-78-360,America/Los_Angeles,,,,,,,,,,,,,,,,,,,,,,,,,,,,,,,,,,,,,,,,,,,,,,,,,,,,,,,,,,,,,,,,,,,,,,,,,,,,,,,,,,
5e658e25f9af8b2865a5f4c6,0039,"Wed, 19 Feb 2020 20:36:23 GMT","Thu, 20 Feb 2020 01:55:34 GMT","Wed, 19 Feb 2020 21:18:40 GMT",1.745,2_39_88_24_2020-02-19 20:36:22.677066,0002,CA-314,2-39-88-24,America/Los_Angeles,000000891,400,8,20,216,"Wed, 19 Feb 2020 20:36:32 GMT",true,"Thu, 20 Feb 2020 00:12:23 GMT",891,,,,,,,,,,,,,,,,,,,,,,,,,,,,,,,,,,,,,,,,,,,,,,,,,,,,,,,,,,,,,,,,,,,,,,,,,
5e658e25f9af8b2865a5f4c7,0039,"Wed, 19 Feb 2020 20:50:28 GMT","Thu, 20 Feb 2020 01:10:33 GMT","Thu, 20 Feb 2020 01:10:05 GMT",27.779,2_39_91_441_2020-02-19 20:50:22.298478,0002,CA-499,2-39-91-441,America/Los_Angeles,000003449,276,5.52,20,84,"Wed, 19 Feb 2020 20:50:27 GMT",true,"Wed, 19 Feb 2020 22:14:28 GMT",3449,,276,40.02,145,85,"Wed, 19 Feb 2020 20:52:24 GMT",true,"Wed, 19 Feb 2020 22:15:28 GMT",3449,276,40.02,145,86,"Wed, 19 Feb 2020 20:52:47 GMT",true,"Wed, 19 Feb 2020 22:16:28 GMT",3449,,,,,,,,,,,,,,,,,,,,,,,,,,,,,,,,,,,,,,,,,,,,,,,,,,,,,,,,
5e658e25f9af8b2865a5f4c8,0039,"Wed, 19 Feb 2020 20:59:19 GMT","Thu, 20 Feb 2020 00:58:44 GMT","Wed, 19 Feb 2020 22:53:59 GMT",12.194,2_39_91_437_2020-02-19 20:59:19.442491,0002,CA-317,2-39-91-437,America/Los_Angeles,000001470,292,29.2,100,301,"Wed, 19 Feb 2020 20:59:35 GMT",true,"Thu, 20 Feb 2020 02:00:19 GMT",1470,,,,,,,,,,,,,,,,,,,,,,,,,,,,,,,,,,,,,,,,,,,,,,,,,,,,,,,,,,,,,,,,,,,,,,,,,
5e658e25f9af8b2865a5f4c9,0039,"Wed, 19 Feb 2020 21:00:53 GMT","Thu, 20 Feb 2020 00:23:26 GMT","Wed, 19 Feb 2020 21:27:30 GMT",1.613,2_39_127_19_2020-02-19 21:00:52.735722,0002,CA-309,2-39-127-19,America/Los_Angeles,000000751,400,28,70,720,"Wed, 19 Feb 2020 21:01:33 GMT",true,"Thu, 20 Feb 2020 09:00:53 GMT",751,,,,,,,,,,,,,,,,,,,,,,,,,,,,,,,,,,,,,,,,,,,,,,,,,,,,,,,,,,,,,,,,,,,,,,,,,
5e658e25f9af8b2865a5f4ca,0039,"Wed, 19 Feb 2020 21:15:00 GMT","Wed, 19 Feb 2020 23:51:54 GMT","Wed, 19 Feb 2020 23:34:26 GMT",4.126,2_39_123_557_2020-02-19 21:14:59.751675,0002,CA-503,2-39-123-557,America/Los_Angeles,000000668,425,4.25,10,83,"Wed, 19 Feb 2020 21:15:05 GMT",true,"Wed, 19 Feb 2020 22:38:00 GMT",668,,,,,,,,,,,,,,,,,,,,,,,,,,,,,,,,,,,,,,,,,,,,,,,,,,,,,,,,,,,,,,,,,,,,,,,,,
5e658e25f9af8b2865a5f4cb,0039,"Wed, 19 Feb 2020 21:48:38 GMT","Wed, 19 Feb 2020 23:59:35 GMT","Wed, 19 Feb 2020 23:59:27 GMT",8.513,2_39_79_380_2020-02-19 21:48:37.611445,0002,CA-489,2-39-79-380,America/Los_Angeles,000000560,400,12,30,258,"Wed, 19 Feb 2020 21:48:44 GMT",true,"Thu, 20 Feb 2020 02:06:38 GMT",560,,400,12,30,132,"Wed, 19 Feb 2020 21:48:52 GMT",true,"Thu, 20 Feb 2020 00:00:38 GMT",560,,,,,,,,,,,,,,,,,,,,,,,,,,,,,,,,,,,,,,,,,,,,,,,,,,,,,,,,,,,,,,,,
5e658e25f9af8b2865a5f4cc,0039,"Wed, 19 Feb 2020 21:59:01 GMT","Thu, 20 Feb 2020 02:52:40 GMT","Thu, 20 Feb 2020 02:52:35 GMT",14.84,2_39_130_564_2020-02-19 21:59:01.087682,0002,CA-510,2-39-130-564,America/Los_Angeles,000000667,250,42.5,170,239,"Wed, 19 Feb 2020 22:01:03 GMT",true,"Thu, 20 Feb 2020 01:58:01 GMT",667,,,,,,,,,,,,,,,,,,,,,,,,,,,,,,,,,,,,,,,,,,,,,,,,,,,,,,,,,,,,,,,,,,,,,,,,,
5e658e25f9af8b2865a5f4cd,0039,"Wed, 19 Feb 2020 22:13:13 GMT","Wed, 19 Feb 2020 22:55:21 GMT","Wed, 19 Feb 2020 22:50:47 GMT",0.893,2_39_78_360_2020-02-19 22:13:13.092759,0002,CA-322,2-39-78-360,America/Los_Angeles,,,,,,,,,,,,,,,,,,,,,,,,,,,,,,,,,,,,,,,,,,,,,,,,,,,,,,,,,,,,,,,,,,,,,,,,,,,,,,,,,,
5e658e25f9af8b2865a5f4ce,0039,"Wed, 19 Feb 2020 23:09:03 GMT","Thu, 20 Feb 2020 00:26:00 GMT","Thu, 20 Feb 2020 00:12:34 GMT",0.889,2_39_78_360_2020-02-19 23:09:03.402627,0002,CA-322,2-39-78-360,America/Los_Angeles,,,,,,,,,,,,,,,,,,,,,,,,,,,,,,,,,,,,,,,,,,,,,,,,,,,,,,,,,,,,,,,,,,,,,,,,,,,,,,,,,,
5e658e25f9af8b2865a5f4cf,0039,"Wed, 19 Feb 2020 23:51:24 GMT","Thu, 20 Feb 2020 00:57:39 GMT","Thu, 20 Feb 2020 00:57:41 GMT",6.007,2_39_78_361_2020-02-19 23:51:24.023678,0002,CA-493,2-39-78-361,America/Los_Angeles,000000431,300,15,50,149,"Wed, 19 Feb 2020 23:51:55 GMT",true,"Thu, 20 Feb 2020 02:20:24 GMT",431,,,,,,,,,,,,,,,,,,,,,,,,,,,,,,,,,,,,,,,,,,,,,,,,,,,,,,,,,,,,,,,,,,,,,,,,,
5e658e25f9af8b2865a5f4d0,0039,"Thu, 20 Feb 2020 00:05:30 GMT","Thu, 20 Feb 2020 07:08:00 GMT","Thu, 20 Feb 2020 01:08:36 GMT",2.087,2_39_88_438_2020-02-20 00:05:29.747806,0002,CA-502,2-39-88-438,America/Los_Angeles,000001082,400,8,20,64,"Thu, 20 Feb 2020 00:05:46 GMT",true,"Thu, 20 Feb 2020 01:09:30 GMT",1082,,,,,,,,,,,,,,,,,,,,,,,,,,,,,,,,,,,,,,,,,,,,,,,,,,,,,,,,,,,,,,,,,,,,,,,,,
5e658e25f9af8b2865a5f4d1,0039,"Thu, 20 Feb 2020 00:24:19 GMT","Thu, 20 Feb 2020 01:59:37 GMT","Thu, 20 Feb 2020 01:22:26 GMT",2.763,2_39_123_23_2020-02-20 00:24:18.513547,0002,CA-313,2-39-123-23,America/Los_Angeles,000001920,600,12,20,120,"Thu, 20 Feb 2020 00:24:47 GMT",true,"Thu, 20 Feb 2020 02:24:19 GMT",1920,,600,12,20,120,"Thu, 20 Feb 2020 00:24:56 GMT",true,"Thu, 20 Feb 2020 02:24:19 GMT",1920,600,12,20,110,"Thu, 20 Feb 2020 00:25:05 GMT",true,"Thu, 20 Feb 2020 02:14:19 GMT",1920,,,,,,,,,,,,,,,,,,,,,,,,,,,,,,,,,,,,,,,,,,,,,,,,,,,,,,,,
5e658e25f9af8b2865a5f4d2,0039,"Thu, 20 Feb 2020 01:36:31 GMT","Thu, 20 Feb 2020 03:04:18 GMT","Thu, 20 Feb 2020 03:02:44 GMT",9.223,2_39_78_367_2020-02-20 01:36:30.809100,0002,CA-494,2-39-78-367,America/Los_Angeles,000004701,300,15,50,174,"Thu, 20 Feb 2020 01:36:37 GMT",true,"Thu, 20 Feb 2020 04:30:31 GMT",4701,,300,15,50,174,"Thu, 20 Feb 2020 03:02:34 GMT",true,"Thu, 20 Feb 2020 04:30:31 GMT",4701,,,,,,,,,,,,,,,,,,,,,,,,,,,,,,,,,,,,,,,,,,,,,,,,,,,,,,,,,,,,,,,,
5e658e25f9af8b2865a5f4d3,0039,"Thu, 20 Feb 2020 02:55:53 GMT","Thu, 20 Feb 2020 04:27:46 GMT","Thu, 20 Feb 2020 04:27:42 GMT",6.529,2_39_131_30_2020-02-20 02:55:53.088727,0002,CA-305,2-39-131-30,America/Los_Angeles,000001564,300,12,40,139,"Thu, 20 Feb 2020 02:56:09 GMT",true,"Thu, 20 Feb 2020 05:14:53 GMT",1564,,,,,,,,,,,,,,,,,,,,,,,,,,,,,,,,,,,,,,,,,,,,,,,,,,,,,,,,,,,,,,,,,,,,,,,,,
5e658e25f9af8b2865a5f4d4,0039,"Thu, 20 Feb 2020 03:07:48 GMT","Thu, 20 Feb 2020 05:16:20 GMT","Thu, 20 Feb 2020 03:37:57 GMT",0.847,2_39_129_17_2020-02-20 03:07:48.487996,0002,CA-307,2-39-129-17,America/Los_Angeles,,,,,,,,,,,,,,,,,,,,,,,,,,,,,,,,,,,,,,,,,,,,,,,,,,,,,,,,,,,,,,,,,,,,,,,,,,,,,,,,,,
5e658e25f9af8b2865a5f4d5,0039,"Thu, 20 Feb 2020 04:21:12 GMT","Thu, 20 Feb 2020 17:53:34 GMT","Thu, 20 Feb 2020 06:22:49 GMT",6.405,2_39_127_19_2020-02-20 04:21:11.669226,0002,CA-309,2-39-127-19,America/Los_Angeles,000001410,400,12,30,720,"Thu, 20 Feb 2020 04:21:17 GMT",true,"Thu, 20 Feb 2020 16:21:12 GMT",1410,,,,,,,,,,,,,,,,,,,,,,,,,,,,,,,,,,,,,,,,,,,,,,,,,,,,,,,,,,,,,,,,,,,,,,,,,
5e658e4ef9af8b2865a5f4d7,0039,"Thu, 20 Feb 2020 15:55:01 GMT","Fri, 21 Feb 2020 01:34:35 GMT","Thu, 20 Feb 2020 17:50:54 GMT",0.928,2_39_78_366_2020-02-20 15:55:01.085174,0002,CA-323,2-39-78-366,America/Los_Angeles,,,,,,,,,,,,,,,,,,,,,,,,,,,,,,,,,,,,,,,,,,,,,,,,,,,,,,,,,,,,,,,,,,,,,,,,,,,,,,,,,,
5e658e4ef9af8b2865a5f4d8,0039,"Thu, 20 Feb 2020 15:57:22 GMT","Fri, 21 Feb 2020 00:44:22 GMT","Thu, 20 Feb 2020 17:58:05 GMT",6.392,2_39_79_377_2020-02-20 15:57:22.324140,0002,CA-325,2-39-79-377,America/Los_Angeles,000001124,400,8,20,60,"Thu, 20 Feb 2020 15:58:01 GMT",true,"Thu, 20 Feb 2020 16:57:22 GMT",1124,,,,,,,,,,,,,,,,,,,,,,,,,,,,,,,,,,,,,,,,,,,,,,,,,,,,,,,,,,,,,,,,,,,,,,,,,
5e658e4ef9af8b2865a5f4d9,0039,"Thu, 20 Feb 2020 16:29:05 GMT","Fri, 21 Feb 2020 00:47:00 GMT","Thu, 20 Feb 2020 18:16:55 GMT",9.303,2_39_79_383_2020-02-20 16:29:05.231468,0002,CA-492,2-39-79-383,America/Los_Angeles,000001470,292,11.68,40,424,"Thu, 20 Feb 2020 16:29:27 GMT",true,"Thu, 20 Feb 2020 23:33:05 GMT",1470,,,,,,,,,,,,,,,,,,,,,,,,,,,,,,,,,,,,,,,,,,,,,,,,,,,,,,,,,,,,,,,,,,,,,,,,,
5e658e4ef9af8b2865a5f4da,0039,"Thu, 20 Feb 2020 16:29:28 GMT","Thu, 20 Feb 2020 22:07:16 GMT","Thu, 20 Feb 2020 17:33:38 GMT",5.85,2_39_89_25_2020-02-20 16:29:28.419146,0002,CA-315,2-39-89-25,America/Los_Angeles,000000431,300,15,50,149,"Thu, 20 Feb 2020 16:30:00 GMT",true,"Thu, 20 Feb 2020 18:58:28 GMT",431,,,,,,,,,,,,,,,,,,,,,,,,,,,,,,,,,,,,,,,,,,,,,,,,,,,,,,,,,,,,,,,,,,,,,,,,,
5e658e4ef9af8b2865a5f4db,0039,"Thu, 20 Feb 2020 16:31:44 GMT","Fri, 21 Feb 2020 02:10:22 GMT","Thu, 20 Feb 2020 23:49:45 GMT",43.53,2_39_131_30_2020-02-20 16:31:44.500625,0002,CA-305,2-39-131-30,America/Los_Angeles,000000489,428,102.72,240,522,"Thu, 20 Feb 2020 16:32:06 GMT",true,"Fri, 21 Feb 2020 01:13:44 GMT",489,,428,102.72,240,494,"Thu, 20 Feb 2020 16:32:12 GMT",true,"Fri, 21 Feb 2020 00:45:44 GMT",489,428,102.72,240,494,"Thu, 20 Feb 2020 16:35:28 GMT",true,"Fri, 21 Feb 2020 00:45:44 GMT",489,,,,,,,,,,,,,,,,,,,,,,,,,,,,,,,,,,,,,,,,,,,,,,,,,,,,,,,,
5e658e4ef9af8b2865a5f4dc,0039,"Thu, 20 Feb 2020 16:33:12 GMT","Thu, 20 Feb 2020 21:36:38 GMT","Thu, 20 Feb 2020 18:10:20 GMT",4.41,2_39_79_382_2020-02-20 16:33:12.388024,0002,CA-491,2-39-79-382,America/Los_Angeles,000004701,300,15,50,405,"Thu, 20 Feb 2020 16:33:21 GMT",true,"Thu, 20 Feb 2020 23:18:12 GMT",4701,,,,,,,,,,,,,,,,,,,,,,,,,,,,,,,,,,,,,,,,,,,,,,,,,,,,,,,,,,,,,,,,,,,,,,,,,
5e658e4ef9af8b2865a5f4dd,0039,"Thu, 20 Feb 2020 16:35:00 GMT","Fri, 21 Feb 2020 01:32:54 GMT","Thu, 20 Feb 2020 18:55:05 GMT",13.074,2_39_95_27_2020-02-20 16:34:59.582902,0002,CA-319,2-39-95-27,America/Los_Angeles,000001153,600,24,40,434,"Thu, 20 Feb 2020 16:35:28 GMT",true,"Thu, 20 Feb 2020 23:49:00 GMT",1153,,,,,,,,,,,,,,,,,,,,,,,,,,,,,,,,,,,,,,,,,,,,,,,,,,,,,,,,,,,,,,,,,,,,,,,,,
5e658e4ef9af8b2865a5f4de,0039,"Thu, 20 Feb 2020 16:39:54 GMT","Thu, 20 Feb 2020 23:25:31 GMT","Thu, 20 Feb 2020 22:18:06 GMT",13.863,2_39_78_365_2020-02-20 16:39:53.661291,0002,CA-321,2-39-78-365,America/Los_Angeles,000000068,214,17.12,80,303,"Thu, 20 Feb 2020 16:40:21 GMT",true,"Thu, 20 Feb 2020 21:42:54 GMT",68,,,,,,,,,,,,,,,,,,,,,,,,,,,,,,,,,,,,,,,,,,,,,,,,,,,,,,,,,,,,,,,,,,,,,,,,,
5e658e4ef9af8b2865a5f4df,0039,"Thu, 20 Feb 2020 16:40:11 GMT","Fri, 21 Feb 2020 01:51:38 GMT","Thu, 20 Feb 2020 22:48:15 GMT",0.968,2_39_124_558_2020-02-20 16:40:11.417578,0002,CA-504,2-39-124-558,America/Los_Angeles,,,,,,,,,,,,,,,,,,,,,,,,,,,,,,,,,,,,,,,,,,,,,,,,,,,,,,,,,,,,,,,,,,,,,,,,,,,,,,,,,,
5e658e4ef9af8b2865a5f4e0,0039,"Thu, 20 Feb 2020 16:56:36 GMT","Fri, 21 Feb 2020 03:00:15 GMT","Thu, 20 Feb 2020 18:37:36 GMT",5.142,2_39_125_21_2020-02-20 16:56:35.729292,0002,CA-311,2-39-125-21,America/Los_Angeles,000000562,325,6.5,20,188,"Thu, 20 Feb 2020 16:56:57 GMT",true,"Thu, 20 Feb 2020 20:04:36 GMT",562,,,,,,,,,,,,,,,,,,,,,,,,,,,,,,,,,,,,,,,,,,,,,,,,,,,,,,,,,,,,,,,,,,,,,,,,,
5e658e4ef9af8b2865a5f4e1,0039,"Thu, 20 Feb 2020 16:57:44 GMT","Thu, 20 Feb 2020 17:54:52 GMT","Thu, 20 Feb 2020 17:54:46 GMT",5.521,2_39_130_31_2020-02-20 16:57:43.580771,0002,CA-306,2-39-130-31,America/Los_Angeles,000001938,400,16,40,141,"Thu, 20 Feb 2020 16:58:04 GMT",true,"Thu, 20 Feb 2020 19:18:44 GMT",1938,,,,,,,,,,,,,,,,,,,,,,,,,,,,,,,,,,,,,,,,,,,,,,,,,,,,,,,,,,,,,,,,,,,,,,,,,
5e658e4ef9af8b2865a5f4e2,0039,"Thu, 20 Feb 2020 17:07:29 GMT","Fri, 21 Feb 2020 01:59:20 GMT","Fri, 21 Feb 2020 00:19:21 GMT",0.834,2_39_89_439_2020-02-20 17:07:29.260108,0002,CA-501,2-39-89-439,America/Los_Angeles,,,,,,,,,,,,,,,,,,,,,,,,,,,,,,,,,,,,,,,,,,,,,,,,,,,,,,,,,,,,,,,,,,,,,,,,,,,,,,,,,,
5e658e4ef9af8b2865a5f4e3,0039,"Thu, 20 Feb 2020 17:19:14 GMT","Thu, 20 Feb 2020 23:38:47 GMT","Thu, 20 Feb 2020 22:47:02 GMT",11.92,2_39_78_360_2020-02-20 17:19:14.331545,0002,CA-322,2-39-78-360,America/Los_Angeles,000002461,400,12,30,273,"Thu, 20 Feb 2020 17:26:35 GMT",true,"Thu, 20 Feb 2020 21:52:14 GMT",2461,,,,,,,,,,,,,,,,,,,,,,,,,,,,,,,,,,,,,,,,,,,,,,,,,,,,,,,,,,,,,,,,,,,,,,,,,
5e658e4ef9af8b2865a5f4e4,0039,"Thu, 20 Feb 2020 17:19:16 GMT","Fri, 21 Feb 2020 02:19:39 GMT","Fri, 21 Feb 2020 02:20:39 GMT",32.244,2_39_78_362_2020-02-20 17:19:15.847680,0002,CA-496,2-39-78-362,America/Los_Angeles,000000564,231,32.34,140,550,"Thu, 20 Feb 2020 17:20:10 GMT",true,"Fri, 21 Feb 2020 02:29:16 GMT",564,,,,,,,,,,,,,,,,,,,,,,,,,,,,,,,,,,,,,,,,,,,,,,,,,,,,,,,,,,,,,,,,,,,,,,,,,
5e658e4ef9af8b2865a5f4e5,0039,"Thu, 20 Feb 2020 17:33:20 GMT","Fri, 21 Feb 2020 01:20:45 GMT","Thu, 20 Feb 2020 19:33:19 GMT",6.497,2_39_78_367_2020-02-20 17:33:20.112762,0002,CA-494,2-39-78-367,America/Los_Angeles,000005368,400,8,20,73,"Thu, 20 Feb 2020 17:36:44 GMT",true,"Thu, 20 Feb 2020 18:46:20 GMT",5368,,,,,,,,,,,,,,,,,,,,,,,,,,,,,,,,,,,,,,,,,,,,,,,,,,,,,,,,,,,,,,,,,,,,,,,,,
5e658e4ef9af8b2865a5f4e6,0039,"Thu, 20 Feb 2020 17:46:22 GMT","Thu, 20 Feb 2020 19:40:11 GMT","Thu, 20 Feb 2020 19:40:07 GMT",12.134,2_39_123_23_2020-02-20 17:46:22.031289,0002,CA-313,2-39-123-23,America/Los_Angeles,000001912,400,20,50,392,"Thu, 20 Feb 2020 17:46:36 GMT",true,"Fri, 21 Feb 2020 00:18:22 GMT",1912,,,,,,,,,,,,,,,,,,,,,,,,,,,,,,,,,,,,,,,,,,,,,,,,,,,,,,,,,,,,,,,,,,,,,,,,,
5e658e4ef9af8b2865a5f4e7,0039,"Thu, 20 Feb 2020 17:54:33 GMT","Fri, 21 Feb 2020 00:38:13 GMT","Thu, 20 Feb 2020 21:15:38 GMT",14.696,2_39_79_380_2020-02-20 17:54:32.731299,0002,CA-489,2-39-79-380,America/Los_Angeles,000001137,400,36,90,388,"Thu, 20 Feb 2020 17:54:53 GMT",true,"Fri, 21 Feb 2020 00:22:33 GMT",1137,,,,,,,,,,,,,,,,,,,,,,,,,,,,,,,,,,,,,,,,,,,,,,,,,,,,,,,,,,,,,,,,,,,,,,,,,
5e658e4ef9af8b2865a5f4e8,0039,"Thu, 20 Feb 2020 17:56:09 GMT","Thu, 20 Feb 2020 20:00:36 GMT","Thu, 20 Feb 2020 18:50:15 GMT",4.709,2_39_127_19_2020-02-20 17:56:09.058849,0002,CA-309,2-39-127-19,America/Los_Angeles,000000798,400,12,30,96,"Thu, 20 Feb 2020 17:56:25 GMT",true,"Thu, 20 Feb 2020 19:32:09 GMT",798,,,,,,,,,,,,,,,,,,,,,,,,,,,,,,,,,,,,,,,,,,,,,,,,,,,,,,,,,,,,,,,,,,,,,,,,,
5e658e4ef9af8b2865a5f4e9,0039,"Thu, 20 Feb 2020 17:58:34 GMT","Fri, 21 Feb 2020 00:18:53 GMT","Fri, 21 Feb 2020 00:18:34 GMT",0.908,2_39_78_361_2020-02-20 17:58:34.045003,0002,CA-493,2-39-78-361,America/Los_Angeles,,,,,,,,,,,,,,,,,,,,,,,,,,,,,,,,,,,,,,,,,,,,,,,,,,,,,,,,,,,,,,,,,,,,,,,,,,,,,,,,,,
5e658e4ef9af8b2865a5f4ea,0039,"Thu, 20 Feb 2020 17:59:49 GMT","Fri, 21 Feb 2020 03:14:44 GMT","Thu, 20 Feb 2020 19:49:41 GMT",11.228,2_39_95_444_2020-02-20 17:59:48.905859,0002,CA-497,2-39-95-444,America/Los_Angeles,000000558,400,24,60,60,"Thu, 20 Feb 2020 17:59:50 GMT",true,"Thu, 20 Feb 2020 18:59:49 GMT",558,,,,,,,,,,,,,,,,,,,,,,,,,,,,,,,,,,,,,,,,,,,,,,,,,,,,,,,,,,,,,,,,,,,,,,,,,
5e658e4ef9af8b2865a5f4eb,0039,"Thu, 20 Feb 2020 18:00:26 GMT","Fri, 21 Feb 2020 01:07:13 GMT","Thu, 20 Feb 2020 20:05:06 GMT",4.387,2_39_92_436_2020-02-20 18:00:26.146186,0002,CA-318,2-39-92-436,America/Los_Angeles,000000620,400,12,30,395,"Thu, 20 Feb 2020 18:10:14 GMT",true,"Fri, 21 Feb 2020 00:35:26 GMT",620,,,,,,,,,,,,,,,,,,,,,,,,,,,,,,,,,,,,,,,,,,,,,,,,,,,,,,,,,,,,,,,,,,,,,,,,,
5e658e4ef9af8b2865a5f4ec,0039,"Thu, 20 Feb 2020 18:13:45 GMT","Fri, 21 Feb 2020 02:43:37 GMT","Thu, 20 Feb 2020 19:30:39 GMT",4.004,2_39_91_437_2020-02-20 18:13:44.828543,0002,CA-317,2-39-91-437,America/Los_Angeles,000000567,400,8,20,434,"Thu, 20 Feb 2020 18:13:55 GMT",true,"Fri, 21 Feb 2020 01:27:45 GMT",567,,,,,,,,,,,,,,,,,,,,,,,,,,,,,,,,,,,,,,,,,,,,,,,,,,,,,,,,,,,,,,,,,,,,,,,,,
5e658e4ef9af8b2865a5f4ed,0039,"Thu, 20 Feb 2020 18:21:46 GMT","Fri, 21 Feb 2020 00:31:52 GMT","Thu, 20 Feb 2020 19:44:07 GMT",7.884,2_39_92_442_2020-02-20 18:21:45.583364,0002,CA-498,2-39-92-442,America/Los_Angeles,000001095,400,16,40,342,"Thu, 20 Feb 2020 18:21:54 GMT",true,"Fri, 21 Feb 2020 00:03:46 GMT",1095,,,,,,,,,,,,,,,,,,,,,,,,,,,,,,,,,,,,,,,,,,,,,,,,,,,,,,,,,,,,,,,,,,,,,,,,,
5e658e4ef9af8b2865a5f4ee,0039,"Thu, 20 Feb 2020 18:27:18 GMT","Fri, 21 Feb 2020 02:11:52 GMT","Thu, 20 Feb 2020 19:10:43 GMT",1.709,2_39_126_20_2020-02-20 18:27:18.494515,0002,CA-310,2-39-126-20,America/Los_Angeles,000000891,400,8,20,216,"Thu, 20 Feb 2020 18:27:23 GMT",true,"Thu, 20 Feb 2020 22:03:18 GMT",891,,,,,,,,,,,,,,,,,,,,,,,,,,,,,,,,,,,,,,,,,,,,,,,,,,,,,,,,,,,,,,,,,,,,,,,,,
5e658e4ef9af8b2865a5f4ef,0039,"Thu, 20 Feb 2020 18:29:13 GMT","Fri, 21 Feb 2020 03:18:39 GMT","Thu, 20 Feb 2020 20:50:21 GMT",6.407,2_39_88_438_2020-02-20 18:28:51.921421,0002,CA-502,2-39-88-438,America/Los_Angeles,000005594,360,7.2,20,350,"Thu, 20 Feb 2020 18:29:12 GMT",true,"Fri, 21 Feb 2020 00:19:13 GMT",5594,,360,7.2,20,350,"Thu, 20 Feb 2020 18:30:38 GMT",true,"Fri, 21 Feb 2020 00:19:13 GMT",5594,360,7.2,20,353,"Thu, 20 Feb 2020 18:33:19 GMT",true,"Fri, 21 Feb 2020 00:22:13 GMT",5594,360,7.2,20,198,"Thu, 20 Feb 2020 20:47:22 GMT",true,"Thu, 20 Feb 2020 21:47:13 GMT",5594,,,,,,,,,,,,,,,,,,,,,,,,,,,,,,,,,,,,,,,,,,,,,,,,
5e658e4ef9af8b2865a5f4f0,0039,"Thu, 20 Feb 2020 18:33:32 GMT","Thu, 20 Feb 2020 20:28:08 GMT","Thu, 20 Feb 2020 20:28:04 GMT",12.54,2_39_90_26_2020-02-20 18:33:31.532515,0002,CA-316,2-39-90-26,America/Los_Angeles,000001039,400,80,200,327,"Thu, 20 Feb 2020 18:33:55 GMT",true,"Fri, 21 Feb 2020 00:00:32 GMT",1039,,,,,,,,,,,,,,,,,,,,,,,,,,,,,,,,,,,,,,,,,,,,,,,,,,,,,,,,,,,,,,,,,,,,,,,,,
5e658e4ef9af8b2865a5f4f1,0039,"Thu, 20 Feb 2020 18:42:13 GMT","Fri, 21 Feb 2020 01:19:55 GMT","Thu, 20 Feb 2020 19:40:17 GMT",2.865,2_39_88_24_2020-02-20 18:42:13.416049,0002,CA-314,2-39-88-24,America/Los_Angeles,000002170,400,28,70,417,"Thu, 20 Feb 2020 18:42:23 GMT",true,"Fri, 21 Feb 2020 01:39:13 GMT",2170,,,,,,,,,,,,,,,,,,,,,,,,,,,,,,,,,,,,,,,,,,,,,,,,,,,,,,,,,,,,,,,,,,,,,,,,,
5e658e4ef9af8b2865a5f4f2,0039,"Thu, 20 Feb 2020 19:01:33 GMT","Fri, 21 Feb 2020 02:36:26 GMT","Fri, 21 Feb 2020 02:36:24 GMT",10.326,2_39_78_363_2020-02-20 19:01:33.322160,0002,CA-320,2-39-78-363,America/Los_Angeles,000000714,400,32,80,449,"Thu, 20 Feb 2020 19:01:40 GMT",true,"Fri, 21 Feb 2020 02:30:33 GMT",714,,400,32,80,362,"Thu, 20 Feb 2020 19:01:57 GMT",true,"Fri, 21 Feb 2020 01:03:33 GMT",714,,,,,,,,,,,,,,,,,,,,,,,,,,,,,,,,,,,,,,,,,,,,,,,,,,,,,,,,,,,,,,,,
5e658e4ef9af8b2865a5f4f3,0039,"Thu, 20 Feb 2020 19:17:08 GMT","Fri, 21 Feb 2020 05:36:30 GMT","Thu, 20 Feb 2020 20:08:06 GMT",1.577,2_39_91_441_2020-02-20 19:17:08.455113,0002,CA-499,2-39-91-441,America/Los_Angeles,000000324,444,8.88,20,87,"Thu, 20 Feb 2020 19:17:28 GMT",true,"Thu, 20 Feb 2020 20:44:08 GMT",324,,,,,,,,,,,,,,,,,,,,,,,,,,,,,,,,,,,,,,,,,,,,,,,,,,,,,,,,,,,,,,,,,,,,,,,,,
5e658e4ef9af8b2865a5f4f4,0039,"Thu, 20 Feb 2020 20:36:59 GMT","Fri, 21 Feb 2020 00:10:33 GMT","Thu, 20 Feb 2020 22:31:42 GMT",5.861,2_39_78_364_2020-02-20 20:36:59.207185,0002,CA-495,2-39-78-364,America/Los_Angeles,000001091,300,9,30,139,"Thu, 20 Feb 2020 20:37:15 GMT",true,"Thu, 20 Feb 2020 22:55:59 GMT",1091,,,,,,,,,,,,,,,,,,,,,,,,,,,,,,,,,,,,,,,,,,,,,,,,,,,,,,,,,,,,,,,,,,,,,,,,,
5e658e4ef9af8b2865a5f4f5,0039,"Thu, 20 Feb 2020 20:38:51 GMT","Fri, 21 Feb 2020 00:53:13 GMT","Thu, 20 Feb 2020 22:13:01 GMT",9.531,2_39_90_26_2020-02-20 20:38:50.983427,0002,CA-316,2-39-90-26,America/Los_Angeles,000001001,600,12,20,129,"Thu, 20 Feb 2020 20:39:05 GMT",true,"Thu, 20 Feb 2020 22:47:51 GMT",1001,,,,,,,,,,,,,,,,,,,,,,,,,,,,,,,,,,,,,,,,,,,,,,,,,,,,,,,,,,,,,,,,,,,,,,,,,
5e658e4ef9af8b2865a5f4f6,0039,"Thu, 20 Feb 2020 21:00:28 GMT","Thu, 20 Feb 2020 21:49:32 GMT","Thu, 20 Feb 2020 21:49:27 GMT",5.444,2_39_124_22_2020-02-20 21:00:28.437137,0002,CA-312,2-39-124-22,America/Los_Angeles,000001039,400,80,200,327,"Thu, 20 Feb 2020 21:00:44 GMT",true,"Fri, 21 Feb 2020 02:27:28 GMT",1039,,,,,,,,,,,,,,,,,,,,,,,,,,,,,,,,,,,,,,,,,,,,,,,,,,,,,,,,,,,,,,,,,,,,,,,,,
5e658e4ef9af8b2865a5f4f7,0039,"Thu, 20 Feb 2020 21:04:30 GMT","Thu, 20 Feb 2020 22:23:23 GMT","Thu, 20 Feb 2020 22:23:15 GMT",4.14,2_39_127_19_2020-02-20 21:04:30.283128,0002,CA-309,2-39-127-19,America/Los_Angeles,000001236,400,8,20,67,"Thu, 20 Feb 2020 21:07:54 GMT",true,"Thu, 20 Feb 2020 22:11:30 GMT",1236,,,,,,,,,,,,,,,,,,,,,,,,,,,,,,,,,,,,,,,,,,,,,,,,,,,,,,,,,,,,,,,,,,,,,,,,,
5e658e4ef9af8b2865a5f4f8,0039,"Thu, 20 Feb 2020 21:32:36 GMT","Fri, 21 Feb 2020 02:32:43 GMT","Fri, 21 Feb 2020 02:32:34 GMT",25.708,2_39_123_23_2020-02-20 21:32:35.527577,0002,CA-313,2-39-123-23,America/Los_Angeles,000003270,200,40,200,470,"Thu, 20 Feb 2020 22:39:29 GMT",true,"Fri, 21 Feb 2020 05:22:36 GMT",3270,,200,40,200,63,"Thu, 20 Feb 2020 22:43:20 GMT",true,"Thu, 20 Feb 2020 22:35:36 GMT",3270,,,,,,,,,,,,,,,,,,,,,,,,,,,,,,,,,,,,,,,,,,,,,,,,,,,,,,,,,,,,,,,,
5e658e4ef9af8b2865a5f4f9,0039,"Thu, 20 Feb 2020 21:46:47 GMT","Thu, 20 Feb 2020 23:05:29 GMT","Thu, 20 Feb 2020 23:06:27 GMT",0.842,2_39_79_376_2020-02-20 21:46:47.121842,0002,CA-324,2-39-79-376,America/Los_Angeles,,,,,,,,,,,,,,,,,,,,,,,,,,,,,,,,,,,,,,,,,,,,,,,,,,,,,,,,,,,,,,,,,,,,,,,,,,,,,,,,,,
5e658e4ef9af8b2865a5f4fa,0039,"Thu, 20 Feb 2020 22:56:30 GMT","Fri, 21 Feb 2020 02:27:32 GMT","Fri, 21 Feb 2020 00:59:07 GMT",7.768,2_39_79_382_2020-02-20 22:56:30.169093,0002,CA-491,2-39-79-382,America/Los_Angeles,000004701,300,15,50,206,"Thu, 20 Feb 2020 22:56:39 GMT",true,"Fri, 21 Feb 2020 02:22:30 GMT",4701,,300,15,50,206,"Fri, 21 Feb 2020 02:27:28 GMT",true,"Fri, 21 Feb 2020 02:22:30 GMT",4701,,,,,,,,,,,,,,,,,,,,,,,,,,,,,,,,,,,,,,,,,,,,,,,,,,,,,,,,,,,,,,,,
5e658e4ef9af8b2865a5f4fb,0039,"Thu, 20 Feb 2020 23:06:00 GMT","Thu, 20 Feb 2020 23:58:09 GMT","Thu, 20 Feb 2020 23:36:35 GMT",0.868,2_39_79_376_2020-02-20 23:05:59.694144,0002,CA-324,2-39-79-376,America/Los_Angeles,,,,,,,,,,,,,,,,,,,,,,,,,,,,,,,,,,,,,,,,,,,,,,,,,,,,,,,,,,,,,,,,,,,,,,,,,,,,,,,,,,
5e658e4ef9af8b2865a5f4fc,0039,"Thu, 20 Feb 2020 23:46:53 GMT","Fri, 21 Feb 2020 01:23:09 GMT","Fri, 21 Feb 2020 00:18:11 GMT",0.894,2_39_127_19_2020-02-20 23:46:52.634749,0002,CA-309,2-39-127-19,America/Los_Angeles,,,,,,,,,,,,,,,,,,,,,,,,,,,,,,,,,,,,,,,,,,,,,,,,,,,,,,,,,,,,,,,,,,,,,,,,,,,,,,,,,,
5e658e4ef9af8b2865a5f4fd,0039,"Fri, 21 Feb 2020 00:00:00 GMT","Fri, 21 Feb 2020 04:22:45 GMT","Fri, 21 Feb 2020 00:48:54 GMT",2.2,2_39_78_365_2020-02-21 00:00:00.160360,0002,CA-321,2-39-78-365,America/Los_Angeles,000001920,600,12,20,110,"Fri, 21 Feb 2020 00:00:39 GMT",true,"Fri, 21 Feb 2020 01:50:00 GMT",1920,,,,,,,,,,,,,,,,,,,,,,,,,,,,,,,,,,,,,,,,,,,,,,,,,,,,,,,,,,,,,,,,,,,,,,,,,
5e658e4ef9af8b2865a5f4fe,0039,"Fri, 21 Feb 2020 00:36:20 GMT","Fri, 21 Feb 2020 00:56:53 GMT","Fri, 21 Feb 2020 00:56:51 GMT",0.585,2_39_78_361_2020-02-21 00:36:20.101722,0002,CA-493,2-39-78-361,America/Los_Angeles,,,,,,,,,,,,,,,,,,,,,,,,,,,,,,,,,,,,,,,,,,,,,,,,,,,,,,,,,,,,,,,,,,,,,,,,,,,,,,,,,,
5e658e4ef9af8b2865a5f4ff,0039,"Fri, 21 Feb 2020 01:46:10 GMT","Fri, 21 Feb 2020 03:07:52 GMT","Fri, 21 Feb 2020 02:16:31 GMT",0.865,2_39_95_27_2020-02-21 01:46:10.305852,0002,CA-319,2-39-95-27,America/Los_Angeles,,,,,,,,,,,,,,,,,,,,,,,,,,,,,,,,,,,,,,,,,,,,,,,,,,,,,,,,,,,,,,,,,,,,,,,,,,,,,,,,,,
5e658e4ef9af8b2865a5f500,0039,"Fri, 21 Feb 2020 03:54:47 GMT","Fri, 21 Feb 2020 05:45:15 GMT","Fri, 21 Feb 2020 05:43:01 GMT",6.065,2_39_139_28_2020-02-21 03:54:47.449335,0002,CA-303,2-39-139-28,America/Los_Angeles,000001263,400,8,20,115,"Fri, 21 Feb 2020 03:55:04 GMT",true,"Fri, 21 Feb 2020 05:49:47 GMT",1263,,,,,,,,,,,,,,,,,,,,,,,,,,,,,,,,,,,,,,,,,,,,,,,,,,,,,,,,,,,,,,,,,,,,,,,,,
5e658e4ef9af8b2865a5f501,0039,"Fri, 21 Feb 2020 04:31:19 GMT","Fri, 21 Feb 2020 05:43:42 GMT","Fri, 21 Feb 2020 05:43:37 GMT",4.036,2_39_127_19_2020-02-21 04:31:19.037217,0002,CA-309,2-39-127-19,America/Los_Angeles,000004622,300,6,20,61,"Fri, 21 Feb 2020 04:31:31 GMT",true,"Fri, 21 Feb 2020 05:32:19 GMT",4622,,,,,,,,,,,,,,,,,,,,,,,,,,,,,,,,,,,,,,,,,,,,,,,,,,,,,,,,,,,,,,,,,,,,,,,,,
5e658e77f9af8b2865a5f502,0039,"Fri, 21 Feb 2020 15:02:07 GMT","Fri, 21 Feb 2020 17:21:49 GMT","Fri, 21 Feb 2020 16:56:19 GMT",5.776,2_39_89_25_2020-02-21 15:02:06.701952,0002,CA-315,2-39-89-25,America/Los_Angeles,000000743,400,8,20,443,"Fri, 21 Feb 2020 15:02:33 GMT",true,"Fri, 21 Feb 2020 22:25:07 GMT",743,,,,,,,,,,,,,,,,,,,,,,,,,,,,,,,,,,,,,,,,,,,,,,,,,,,,,,,,,,,,,,,,,,,,,,,,,
5e658e77f9af8b2865a5f503,0039,"Fri, 21 Feb 2020 15:55:59 GMT","Fri, 21 Feb 2020 17:24:11 GMT","Fri, 21 Feb 2020 16:26:58 GMT",0.837,2_39_79_380_2020-02-21 15:55:58.860842,0002,CA-489,2-39-79-380,America/Los_Angeles,,,,,,,,,,,,,,,,,,,,,,,,,,,,,,,,,,,,,,,,,,,,,,,,,,,,,,,,,,,,,,,,,,,,,,,,,,,,,,,,,,
5e658e77f9af8b2865a5f504,0039,"Fri, 21 Feb 2020 16:01:54 GMT","Sat, 22 Feb 2020 01:09:51 GMT","Fri, 21 Feb 2020 23:33:16 GMT",15.362,2_39_78_366_2020-02-21 16:01:54.217678,0002,CA-323,2-39-78-366,America/Los_Angeles,000003853,360,21.6,60,405,"Fri, 21 Feb 2020 16:02:12 GMT",true,"Fri, 21 Feb 2020 22:46:54 GMT",3853,,,,,,,,,,,,,,,,,,,,,,,,,,,,,,,,,,,,,,,,,,,,,,,,,,,,,,,,,,,,,,,,,,,,,,,,,
5e658e77f9af8b2865a5f505,0039,"Fri, 21 Feb 2020 16:09:09 GMT","Fri, 21 Feb 2020 21:55:24 GMT","Fri, 21 Feb 2020 17:27:26 GMT",3.645,2_39_131_30_2020-02-21 16:09:08.924901,0002,CA-305,2-39-131-30,America/Los_Angeles,000001564,300,12,40,139,"Fri, 21 Feb 2020 16:09:24 GMT",true,"Fri, 21 Feb 2020 18:28:09 GMT",1564,,,,,,,,,,,,,,,,,,,,,,,,,,,,,,,,,,,,,,,,,,,,,,,,,,,,,,,,,,,,,,,,,,,,,,,,,
5e658e77f9af8b2865a5f506,0039,"Fri, 21 Feb 2020 16:15:37 GMT","Fri, 21 Feb 2020 22:56:59 GMT","Fri, 21 Feb 2020 17:59:35 GMT",5.742,2_39_129_17_2020-02-21 16:15:37.453973,0002,CA-307,2-39-129-17,America/Los_Angeles,000004947,380,7.6,20,414,"Fri, 21 Feb 2020 16:17:08 GMT",true,"Fri, 21 Feb 2020 23:09:37 GMT",4947,,,,,,,,,,,,,,,,,,,,,,,,,,,,,,,,,,,,,,,,,,,,,,,,,,,,,,,,,,,,,,,,,,,,,,,,,
5e658e77f9af8b2865a5f507,0039,"Fri, 21 Feb 2020 16:29:44 GMT","Fri, 21 Feb 2020 22:13:45 GMT","Fri, 21 Feb 2020 18:56:42 GMT",0.909,2_39_79_381_2020-02-21 16:29:43.742994,0002,CA-490,2-39-79-381,America/Los_Angeles,,,,,,,,,,,,,,,,,,,,,,,,,,,,,,,,,,,,,,,,,,,,,,,,,,,,,,,,,,,,,,,,,,,,,,,,,,,,,,,,,,
5e658e77f9af8b2865a5f508,0039,"Fri, 21 Feb 2020 16:30:02 GMT","Sat, 22 Feb 2020 00:45:15 GMT","Sat, 22 Feb 2020 00:44:59 GMT",19.876,2_39_79_382_2020-02-21 16:30:02.490523,0002,CA-491,2-39-79-382,America/Los_Angeles,000001154,400,20,50,447,"Fri, 21 Feb 2020 16:30:48 GMT",true,"Fri, 21 Feb 2020 23:57:02 GMT",1154,,,,,,,,,,,,,,,,,,,,,,,,,,,,,,,,,,,,,,,,,,,,,,,,,,,,,,,,,,,,,,,,,,,,,,,,,
5e658e77f9af8b2865a5f509,0039,"Fri, 21 Feb 2020 16:30:20 GMT","Fri, 21 Feb 2020 18:07:44 GMT","Fri, 21 Feb 2020 17:01:15 GMT",0.779,2_39_79_379_2020-02-21 16:30:19.612354,0002,CA-327,2-39-79-379,America/Los_Angeles,000006097,400,8,20,84,"Fri, 21 Feb 2020 17:47:48 GMT",true,"Fri, 21 Feb 2020 17:54:20 GMT",6097,,,,,,,,,,,,,,,,,,,,,,,,,,,,,,,,,,,,,,,,,,,,,,,,,,,,,,,,,,,,,,,,,,,,,,,,,
5e658e77f9af8b2865a5f50a,0039,"Fri, 21 Feb 2020 16:33:36 GMT","Fri, 21 Feb 2020 19:44:24 GMT","Fri, 21 Feb 2020 16:52:18 GMT",1.142,2_39_79_377_2020-02-21 16:33:36.189206,0002,CA-325,2-39-79-377,America/Los_Angeles,000000751,400,28,70,720,"Fri, 21 Feb 2020 16:33:48 GMT",true,"Sat, 22 Feb 2020 04:33:36 GMT",751,,,,,,,,,,,,,,,,,,,,,,,,,,,,,,,,,,,,,,,,,,,,,,,,,,,,,,,,,,,,,,,,,,,,,,,,,
5e658e77f9af8b2865a5f50b,0039,"Fri, 21 Feb 2020 16:35:34 GMT","Sat, 22 Feb 2020 00:47:16 GMT","Sat, 22 Feb 2020 00:30:04 GMT",13.824,2_39_78_367_2020-02-21 16:35:34.345174,0002,CA-494,2-39-78-367,America/Los_Angeles,000001470,292,17.52,60,424,"Fri, 21 Feb 2020 16:36:04 GMT",true,"Fri, 21 Feb 2020 23:39:34 GMT",1470,,,,,,,,,,,,,,,,,,,,,,,,,,,,,,,,,,,,,,,,,,,,,,,,,,,,,,,,,,,,,,,,,,,,,,,,,
5e658e77f9af8b2865a5f50c,0039,"Fri, 21 Feb 2020 16:39:18 GMT","Sat, 22 Feb 2020 01:26:14 GMT","Fri, 21 Feb 2020 17:04:32 GMT",0.829,2_39_138_29_2020-02-21 16:39:18.013391,0002,CA-304,2-39-138-29,America/Los_Angeles,000001366,400,8,20,60,"Fri, 21 Feb 2020 16:41:19 GMT",true,"Fri, 21 Feb 2020 17:39:18 GMT",1366,,,,,,,,,,,,,,,,,,,,,,,,,,,,,,,,,,,,,,,,,,,,,,,,,,,,,,,,,,,,,,,,,,,,,,,,,
5e658e77f9af8b2865a5f50d,0039,"Fri, 21 Feb 2020 16:40:57 GMT","Sat, 22 Feb 2020 02:43:45 GMT","Fri, 21 Feb 2020 19:18:18 GMT",8.879,2_39_127_19_2020-02-21 16:40:57.240411,0002,CA-309,2-39-127-19,America/Los_Angeles,000000712,400,24,60,416,"Fri, 21 Feb 2020 16:40:58 GMT",true,"Fri, 21 Feb 2020 23:36:57 GMT",712,,,,,,,,,,,,,,,,,,,,,,,,,,,,,,,,,,,,,,,,,,,,,,,,,,,,,,,,,,,,,,,,,,,,,,,,,
5e658e77f9af8b2865a5f50e,0039,"Fri, 21 Feb 2020 16:41:22 GMT","Fri, 21 Feb 2020 23:32:07 GMT","Fri, 21 Feb 2020 18:27:45 GMT",4.434,2_39_79_383_2020-02-21 16:41:21.701929,0002,CA-492,2-39-79-383,America/Los_Angeles,000004701,300,9,30,206,"Fri, 21 Feb 2020 16:41:29 GMT",true,"Fri, 21 Feb 2020 20:07:22 GMT",4701,,,,,,,,,,,,,,,,,,,,,,,,,,,,,,,,,,,,,,,,,,,,,,,,,,,,,,,,,,,,,,,,,,,,,,,,,
5e658e77f9af8b2865a5f50f,0039,"Fri, 21 Feb 2020 16:41:45 GMT","Sat, 22 Feb 2020 03:47:16 GMT","Fri, 21 Feb 2020 18:18:25 GMT",5.092,2_39_130_31_2020-02-21 16:41:44.981480,0002,CA-306,2-39-130-31,America/Los_Angeles,000000562,325,6.5,20,188,"Fri, 21 Feb 2020 16:42:58 GMT",true,"Fri, 21 Feb 2020 19:49:45 GMT",562,,,,,,,,,,,,,,,,,,,,,,,,,,,,,,,,,,,,,,,,,,,,,,,,,,,,,,,,,,,,,,,,,,,,,,,,,
5e658e77f9af8b2865a5f510,0039,"Fri, 21 Feb 2020 16:45:11 GMT","Fri, 21 Feb 2020 23:52:21 GMT","Fri, 21 Feb 2020 23:43:36 GMT",12.955,2_39_91_441_2020-02-21 16:45:10.611767,0002,CA-499,2-39-91-441,America/Los_Angeles,000002149,250,15,60,333,"Fri, 21 Feb 2020 16:45:30 GMT",true,"Fri, 21 Feb 2020 22:18:11 GMT",2149,,,,,,,,,,,,,,,,,,,,,,,,,,,,,,,,,,,,,,,,,,,,,,,,,,,,,,,,,,,,,,,,,,,,,,,,,
5e658e77f9af8b2865a5f511,0039,"Fri, 21 Feb 2020 16:54:58 GMT","Fri, 21 Feb 2020 17:43:54 GMT","Fri, 21 Feb 2020 17:27:55 GMT",2.882,2_39_95_27_2020-02-21 16:54:44.970194,0002,CA-319,2-39-95-27,America/Los_Angeles,000002461,400,12,30,273,"Fri, 21 Feb 2020 16:54:58 GMT",true,"Fri, 21 Feb 2020 21:27:58 GMT",2461,,,,,,,,,,,,,,,,,,,,,,,,,,,,,,,,,,,,,,,,,,,,,,,,,,,,,,,,,,,,,,,,,,,,,,,,,
5e658e77f9af8b2865a5f512,0039,"Fri, 21 Feb 2020 17:06:07 GMT","Fri, 21 Feb 2020 17:24:21 GMT","Fri, 21 Feb 2020 17:24:17 GMT",0.515,2_39_78_365_2020-02-21 17:06:07.042278,0002,CA-321,2-39-78-365,America/Los_Angeles,,,,,,,,,,,,,,,,,,,,,,,,,,,,,,,,,,,,,,,,,,,,,,,,,,,,,,,,,,,,,,,,,,,,,,,,,,,,,,,,,,
5e658e77f9af8b2865a5f513,0039,"Fri, 21 Feb 2020 17:08:21 GMT","Sat, 22 Feb 2020 02:43:46 GMT","Fri, 21 Feb 2020 18:59:16 GMT",5.961,2_39_125_21_2020-02-21 17:08:21.091769,0002,CA-311,2-39-125-21,America/Los_Angeles,000000567,400,8,20,434,"Fri, 21 Feb 2020 17:08:30 GMT",true,"Sat, 22 Feb 2020 00:22:21 GMT",567,,,,,,,,,,,,,,,,,,,,,,,,,,,,,,,,,,,,,,,,,,,,,,,,,,,,,,,,,,,,,,,,,,,,,,,,,
5e658e77f9af8b2865a5f514,0039,"Fri, 21 Feb 2020 17:17:52 GMT","Fri, 21 Feb 2020 23:38:59 GMT","Fri, 21 Feb 2020 20:46:58 GMT",11.507,2_39_78_361_2020-02-21 17:17:52.019439,0002,CA-493,2-39-78-361,America/Los_Angeles,000000671,267,26.7,100,198,"Fri, 21 Feb 2020 17:30:11 GMT",true,"Fri, 21 Feb 2020 20:35:52 GMT",671,,267,26.7,100,280,"Fri, 21 Feb 2020 17:30:31 GMT",true,"Fri, 21 Feb 2020 21:57:52 GMT",671,,,,,,,,,,,,,,,,,,,,,,,,,,,,,,,,,,,,,,,,,,,,,,,,,,,,,,,,,,,,,,,,
5e658e77f9af8b2865a5f515,0039,"Fri, 21 Feb 2020 17:21:26 GMT","Sat, 22 Feb 2020 00:27:02 GMT","Fri, 21 Feb 2020 19:23:12 GMT",5.349,2_39_124_22_2020-02-21 17:21:26.182074,0002,CA-312,2-39-124-22,America/Los_Angeles,000000620,400,12,30,458,"Fri, 21 Feb 2020 17:21:52 GMT",true,"Sat, 22 Feb 2020 00:59:26 GMT",620,,,,,,,,,,,,,,,,,,,,,,,,,,,,,,,,,,,,,,,,,,,,,,,,,,,,,,,,,,,,,,,,,,,,,,,,,
5e658e77f9af8b2865a5f516,0039,"Fri, 21 Feb 2020 17:22:16 GMT","Fri, 21 Feb 2020 21:43:38 GMT","Fri, 21 Feb 2020 21:44:38 GMT",6.409,2_39_78_362_2020-02-21 17:22:02.709392,0002,CA-496,2-39-78-362,America/Los_Angeles,000005368,400,8,20,73,"Fri, 21 Feb 2020 17:22:15 GMT",true,"Fri, 21 Feb 2020 18:35:16 GMT",5368,,,,,,,,,,,,,,,,,,,,,,,,,,,,,,,,,,,,,,,,,,,,,,,,,,,,,,,,,,,,,,,,,,,,,,,,,
5e658e77f9af8b2865a5f517,0039,"Fri, 21 Feb 2020 17:23:50 GMT","Fri, 21 Feb 2020 19:10:06 GMT","Fri, 21 Feb 2020 17:54:45 GMT",0.837,2_39_91_437_2020-02-21 17:23:49.902703,0002,CA-317,2-39-91-437,America/Los_Angeles,,,,,,,,,,,,,,,,,,,,,,,,,,,,,,,,,,,,,,,,,,,,,,,,,,,,,,,,,,,,,,,,,,,,,,,,,,,,,,,,,,
5e658e77f9af8b2865a5f518,0039,"Fri, 21 Feb 2020 17:32:02 GMT","Sat, 22 Feb 2020 00:51:36 GMT","Fri, 21 Feb 2020 21:51:34 GMT",16.229,2_39_78_365_2020-02-21 17:32:02.252375,0002,CA-321,2-39-78-365,America/Los_Angeles,000002961,225,22.5,100,459,"Fri, 21 Feb 2020 17:32:08 GMT",true,"Sat, 22 Feb 2020 01:11:02 GMT",2961,,,,,,,,,,,,,,,,,,,,,,,,,,,,,,,,,,,,,,,,,,,,,,,,,,,,,,,,,,,,,,,,,,,,,,,,,
5e658e77f9af8b2865a5f519,0039,"Fri, 21 Feb 2020 17:47:45 GMT","Sat, 22 Feb 2020 00:09:53 GMT","Fri, 21 Feb 2020 19:55:18 GMT",13.263,2_39_123_23_2020-02-21 17:47:44.985694,0002,CA-313,2-39-123-23,America/Los_Angeles,000001912,400,20,50,392,"Fri, 21 Feb 2020 17:47:58 GMT",true,"Sat, 22 Feb 2020 00:19:45 GMT",1912,,,,,,,,,,,,,,,,,,,,,,,,,,,,,,,,,,,,,,,,,,,,,,,,,,,,,,,,,,,,,,,,,,,,,,,,,
5e658e77f9af8b2865a5f51a,0039,"Fri, 21 Feb 2020 17:54:36 GMT","Sat, 22 Feb 2020 05:15:44 GMT","Fri, 21 Feb 2020 18:46:20 GMT",1.626,2_39_92_436_2020-02-21 17:54:35.713185,0002,CA-318,2-39-92-436,America/Los_Angeles,000000324,444,8.88,20,87,"Fri, 21 Feb 2020 17:54:56 GMT",true,"Fri, 21 Feb 2020 19:21:36 GMT",324,,,,,,,,,,,,,,,,,,,,,,,,,,,,,,,,,,,,,,,,,,,,,,,,,,,,,,,,,,,,,,,,,,,,,,,,,
5e658e77f9af8b2865a5f51b,0039,"Fri, 21 Feb 2020 17:59:04 GMT","Fri, 21 Feb 2020 23:58:39 GMT","Fri, 21 Feb 2020 19:05:12 GMT",7.33,2_39_95_27_2020-02-21 17:59:03.969523,0002,CA-319,2-39-95-27,America/Los_Angeles,000000714,400,32,80,362,"Fri, 21 Feb 2020 17:59:11 GMT",true,"Sat, 22 Feb 2020 00:01:04 GMT",714,,400,32,80,330,"Fri, 21 Feb 2020 17:59:29 GMT",true,"Fri, 21 Feb 2020 23:29:04 GMT",714,,,,,,,,,,,,,,,,,,,,,,,,,,,,,,,,,,,,,,,,,,,,,,,,,,,,,,,,,,,,,,,,
5e658e77f9af8b2865a5f51c,0039,"Fri, 21 Feb 2020 18:06:36 GMT","Sat, 22 Feb 2020 01:52:55 GMT","Sat, 22 Feb 2020 00:46:02 GMT",9.297,2_39_78_364_2020-02-21 18:06:36.171788,0002,CA-495,2-39-78-364,America/Los_Angeles,000001095,400,16,40,447,"Fri, 21 Feb 2020 18:06:45 GMT",true,"Sat, 22 Feb 2020 01:33:36 GMT",1095,,,,,,,,,,,,,,,,,,,,,,,,,,,,,,,,,,,,,,,,,,,,,,,,,,,,,,,,,,,,,,,,,,,,,,,,,
5e658e77f9af8b2865a5f51d,0039,"Fri, 21 Feb 2020 18:28:26 GMT","Fri, 21 Feb 2020 22:44:54 GMT","Fri, 21 Feb 2020 21:23:19 GMT",15.892,2_39_79_376_2020-02-21 18:28:26.204438,0002,CA-324,2-39-79-376,America/Los_Angeles,000000515,400,16,40,314,"Fri, 21 Feb 2020 18:29:39 GMT",true,"Fri, 21 Feb 2020 23:42:26 GMT",515,,,,,,,,,,,,,,,,,,,,,,,,,,,,,,,,,,,,,,,,,,,,,,,,,,,,,,,,,,,,,,,,,,,,,,,,,
5e658e77f9af8b2865a5f51e,0039,"Fri, 21 Feb 2020 19:31:19 GMT","Fri, 21 Feb 2020 23:06:20 GMT","Fri, 21 Feb 2020 20:01:38 GMT",0.865,2_39_92_442_2020-02-21 19:31:18.549300,0002,CA-498,2-39-92-442,America/Los_Angeles,,,,,,,,,,,,,,,,,,,,,,,,,,,,,,,,,,,,,,,,,,,,,,,,,,,,,,,,,,,,,,,,,,,,,,,,,,,,,,,,,,
5e658e77f9af8b2865a5f51f,0039,"Fri, 21 Feb 2020 19:57:31 GMT","Mon, 24 Feb 2020 00:59:22 GMT","Sun, 23 Feb 2020 14:47:03 GMT",1.071,2_39_91_437_2020-02-21 19:57:31.014414,0002,CA-317,2-39-91-437,America/Los_Angeles,,,,,,,,,,,,,,,,,,,,,,,,,,,,,,,,,,,,,,,,,,,,,,,,,,,,,,,,,,,,,,,,,,,,,,,,,,,,,,,,,,
5e658e77f9af8b2865a5f520,0039,"Fri, 21 Feb 2020 20:12:56 GMT","Sat, 22 Feb 2020 01:36:17 GMT","Fri, 21 Feb 2020 22:36:58 GMT",15.864,2_39_90_440_2020-02-21 20:12:56.409413,0002,CA-500,2-39-90-440,America/Los_Angeles,000003270,200,40,200,63,"Fri, 21 Feb 2020 20:14:20 GMT",true,"Fri, 21 Feb 2020 21:15:56 GMT",3270,,,,,,,,,,,,,,,,,,,,,,,,,,,,,,,,,,,,,,,,,,,,,,,,,,,,,,,,,,,,,,,,,,,,,,,,,
5e658e77f9af8b2865a5f521,0039,"Fri, 21 Feb 2020 20:42:20 GMT","Sat, 22 Feb 2020 02:05:09 GMT","Fri, 21 Feb 2020 21:13:15 GMT",0.89,2_39_79_379_2020-02-21 20:42:20.008344,0002,CA-327,2-39-79-379,America/Los_Angeles,,,,,,,,,,,,,,,,,,,,,,,,,,,,,,,,,,,,,,,,,,,,,,,,,,,,,,,,,,,,,,,,,,,,,,,,,,,,,,,,,,
5e658e77f9af8b2865a5f522,0039,"Fri, 21 Feb 2020 20:59:12 GMT","Sat, 22 Feb 2020 01:17:27 GMT","Sat, 22 Feb 2020 00:02:49 GMT",19.568,2_39_79_377_2020-02-21 20:59:12.158339,0002,CA-325,2-39-79-377,America/Los_Angeles,000000832,400,20,50,244,"Fri, 21 Feb 2020 20:59:41 GMT",true,"Sat, 22 Feb 2020 01:03:12 GMT",832,,,,,,,,,,,,,,,,,,,,,,,,,,,,,,,,,,,,,,,,,,,,,,,,,,,,,,,,,,,,,,,,,,,,,,,,,
5e658e77f9af8b2865a5f523,0039,"Fri, 21 Feb 2020 21:18:37 GMT","Fri, 21 Feb 2020 23:59:23 GMT","Fri, 21 Feb 2020 22:24:16 GMT",2.089,2_39_78_360_2020-02-21 21:18:37.402937,0002,CA-322,2-39-78-360,America/Los_Angeles,000000560,400,12,30,132,"Fri, 21 Feb 2020 21:19:01 GMT",true,"Fri, 21 Feb 2020 23:30:37 GMT",560,,,,,,,,,,,,,,,,,,,,,,,,,,,,,,,,,,,,,,,,,,,,,,,,,,,,,,,,,,,,,,,,,,,,,,,,,
5e658e77f9af8b2865a5f524,0039,"Fri, 21 Feb 2020 21:44:24 GMT","Sat, 22 Feb 2020 00:10:41 GMT","Fri, 21 Feb 2020 22:15:33 GMT",0.887,2_39_128_18_2020-02-21 21:44:24.480427,0002,CA-308,2-39-128-18,America/Los_Angeles,,,,,,,,,,,,,,,,,,,,,,,,,,,,,,,,,,,,,,,,,,,,,,,,,,,,,,,,,,,,,,,,,,,,,,,,,,,,,,,,,,
5e658e77f9af8b2865a5f525,0039,"Fri, 21 Feb 2020 21:44:52 GMT","Fri, 21 Feb 2020 23:58:31 GMT","Fri, 21 Feb 2020 22:15:33 GMT",0.837,2_39_88_438_2020-02-21 21:44:51.615608,0002,CA-502,2-39-88-438,America/Los_Angeles,,,,,,,,,,,,,,,,,,,,,,,,,,,,,,,,,,,,,,,,,,,,,,,,,,,,,,,,,,,,,,,,,,,,,,,,,,,,,,,,,,
5e658e77f9af8b2865a5f526,0039,"Fri, 21 Feb 2020 22:09:29 GMT","Fri, 21 Feb 2020 23:00:49 GMT","Fri, 21 Feb 2020 23:01:48 GMT",0.893,2_39_78_362_2020-02-21 22:09:28.675486,0002,CA-496,2-39-78-362,America/Los_Angeles,,,,,,,,,,,,,,,,,,,,,,,,,,,,,,,,,,,,,,,,,,,,,,,,,,,,,,,,,,,,,,,,,,,,,,,,,,,,,,,,,,
5e658e77f9af8b2865a5f527,0039,"Sat, 22 Feb 2020 00:04:10 GMT","Sat, 22 Feb 2020 01:26:41 GMT","Sat, 22 Feb 2020 01:26:36 GMT",9.013,2_39_129_17_2020-02-22 00:03:46.485437,0002,CA-307,2-39-129-17,America/Los_Angeles,000000364,400,24,60,75,"Sat, 22 Feb 2020 00:04:10 GMT",true,"Sat, 22 Feb 2020 01:19:10 GMT",364,,,,,,,,,,,,,,,,,,,,,,,,,,,,,,,,,,,,,,,,,,,,,,,,,,,,,,,,,,,,,,,,,,,,,,,,,
5e658e77f9af8b2865a5f528,0039,"Sat, 22 Feb 2020 01:14:05 GMT","Sat, 22 Feb 2020 01:58:54 GMT","Sat, 22 Feb 2020 01:58:50 GMT",2.604,2_39_78_366_2020-02-22 01:14:05.499954,0002,CA-323,2-39-78-366,America/Los_Angeles,000005368,400,8,20,73,"Sat, 22 Feb 2020 01:16:00 GMT",true,"Sat, 22 Feb 2020 02:27:05 GMT",5368,,,,,,,,,,,,,,,,,,,,,,,,,,,,,,,,,,,,,,,,,,,,,,,,,,,,,,,,,,,,,,,,,,,,,,,,,
5e658e77f9af8b2865a5f529,0039,"Sat, 22 Feb 2020 01:29:43 GMT","Sat, 22 Feb 2020 04:23:26 GMT","Sat, 22 Feb 2020 04:23:22 GMT",9.508,2_39_79_377_2020-02-22 01:29:43.287842,0002,CA-325,2-39-79-377,America/Los_Angeles,000002170,400,28,70,417,"Sat, 22 Feb 2020 01:30:01 GMT",true,"Sat, 22 Feb 2020 08:26:43 GMT",2170,,,,,,,,,,,,,,,,,,,,,,,,,,,,,,,,,,,,,,,,,,,,,,,,,,,,,,,,,,,,,,,,,,,,,,,,,
5e658e77f9af8b2865a5f52a,0039,"Sat, 22 Feb 2020 03:47:43 GMT","Sat, 22 Feb 2020 13:48:17 GMT","Sat, 22 Feb 2020 06:49:50 GMT",20.185,2_39_89_25_2020-02-22 03:47:43.046968,0002,CA-315,2-39-89-25,America/Los_Angeles,000000300,400,32,80,638,"Sat, 22 Feb 2020 03:48:15 GMT",true,"Sat, 22 Feb 2020 14:25:43 GMT",300,,,,,,,,,,,,,,,,,,,,,,,,,,,,,,,,,,,,,,,,,,,,,,,,,,,,,,,,,,,,,,,,,,,,,,,,,
5e66df90f9af8b2abde9d6e4,0039,"Sat, 22 Feb 2020 16:40:08 GMT","Sat, 22 Feb 2020 19:50:04 GMT","Sat, 22 Feb 2020 17:10:51 GMT",0.937,2_39_139_28_2020-02-22 16:40:07.599294,0002,CA-303,2-39-139-28,America/Los_Angeles,,,,,,,,,,,,,,,,,,,,,,,,,,,,,,,,,,,,,,,,,,,,,,,,,,,,,,,,,,,,,,,,,,,,,,,,,,,,,,,,,,
5e66df90f9af8b2abde9d6e5,0039,"Sat, 22 Feb 2020 16:43:35 GMT","Sat, 22 Feb 2020 20:05:01 GMT","Sat, 22 Feb 2020 17:13:47 GMT",0.848,2_39_79_379_2020-02-22 16:43:34.937706,0002,CA-327,2-39-79-379,America/Los_Angeles,,,,,,,,,,,,,,,,,,,,,,,,,,,,,,,,,,,,,,,,,,,,,,,,,,,,,,,,,,,,,,,,,,,,,,,,,,,,,,,,,,
5e66df90f9af8b2abde9d6e6,0039,"Sat, 22 Feb 2020 16:49:21 GMT","Sat, 22 Feb 2020 19:44:27 GMT","Sat, 22 Feb 2020 18:46:03 GMT",6.494,2_39_131_30_2020-02-22 16:49:20.846719,0002,CA-305,2-39-131-30,America/Los_Angeles,000002087,400,20,50,146,"Sat, 22 Feb 2020 16:52:18 GMT",true,"Sat, 22 Feb 2020 19:15:21 GMT",2087,,400,20,50,199,"Sat, 22 Feb 2020 16:53:05 GMT",true,"Sat, 22 Feb 2020 20:08:21 GMT",2087,400,20,50,237,"Sat, 22 Feb 2020 17:12:36 GMT",true,"Sat, 22 Feb 2020 20:46:21 GMT",2087,,,,,,,,,,,,,,,,,,,,,,,,,,,,,,,,,,,,,,,,,,,,,,,,,,,,,,,,
5e66df90f9af8b2abde9d6e7,0039,"Sat, 22 Feb 2020 16:52:49 GMT","Sat, 22 Feb 2020 18:52:16 GMT","Sat, 22 Feb 2020 18:52:04 GMT",6.54,2_39_129_17_2020-02-22 16:52:48.510550,0002,CA-307,2-39-129-17,America/Los_Angeles,000003877,350,21,60,60,"Sat, 22 Feb 2020 17:05:15 GMT",true,"Sat, 22 Feb 2020 17:52:49 GMT",3877,,350,21,60,67,"Sat, 22 Feb 2020 17:08:39 GMT",true,"Sat, 22 Feb 2020 17:59:49 GMT",3877,350,21,60,68,"Sat, 22 Feb 2020 17:15:08 GMT",true,"Sat, 22 Feb 2020 18:00:49 GMT",3877,350,21,60,74,"Sat, 22 Feb 2020 18:02:30 GMT",true,"Sat, 22 Feb 2020 18:06:49 GMT",3877,350,21,60,87,"Sat, 22 Feb 2020 18:21:46 GMT",true,"Sat, 22 Feb 2020 18:19:49 GMT",3877,350,21,60,106,"Sat, 22 Feb 2020 18:30:19 GMT",true,"Sat, 22 Feb 2020 18:38:49 GMT",3877,350,21,60,106,"Sat, 22 Feb 2020 18:51:59 GMT",true,"Sat, 22 Feb 2020 18:38:49 GMT",3877,,,,,,,,,,,,,,,,,,,,,,,,
5e66df90f9af8b2abde9d6e8,0039,"Sat, 22 Feb 2020 17:26:51 GMT","Sat, 22 Feb 2020 19:16:44 GMT","Sat, 22 Feb 2020 18:49:08 GMT",3.979,2_39_89_25_2020-02-22 17:26:51.387100,0002,CA-315,2-39-89-25,America/Los_Angeles,000000743,400,8,20,106,"Sat, 22 Feb 2020 17:27:07 GMT",true,"Sat, 22 Feb 2020 19:12:51 GMT",743,,,,,,,,,,,,,,,,,,,,,,,,,,,,,,,,,,,,,,,,,,,,,,,,,,,,,,,,,,,,,,,,,,,,,,,,,
5e66df90f9af8b2abde9d6e9,0039,"Sat, 22 Feb 2020 17:40:31 GMT","Sat, 22 Feb 2020 18:20:11 GMT","Sat, 22 Feb 2020 18:16:26 GMT",3.375,2_39_138_29_2020-02-22 17:40:31.414984,0002,CA-304,2-39-138-29,America/Los_Angeles,000002950,400,12,30,60,"Sat, 22 Feb 2020 17:40:39 GMT",true,"Sat, 22 Feb 2020 18:40:31 GMT",2950,,400,12,30,60,"Sat, 22 Feb 2020 18:20:09 GMT",true,"Sat, 22 Feb 2020 18:40:31 GMT",2950,,,,,,,,,,,,,,,,,,,,,,,,,,,,,,,,,,,,,,,,,,,,,,,,,,,,,,,,,,,,,,,,
5e66df90f9af8b2abde9d6ea,0039,"Sat, 22 Feb 2020 17:59:31 GMT","Sat, 22 Feb 2020 19:15:22 GMT","Sat, 22 Feb 2020 19:15:18 GMT",8.456,2_39_127_19_2020-02-22 17:59:31.241458,0002,CA-309,2-39-127-19,America/Los_Angeles,000000248,250,10,40,117,"Sat, 22 Feb 2020 17:59:51 GMT",true,"Sat, 22 Feb 2020 19:56:31 GMT",248,,,,,,,,,,,,,,,,,,,,,,,,,,,,,,,,,,,,,,,,,,,,,,,,,,,,,,,,,,,,,,,,,,,,,,,,,
5e66df90f9af8b2abde9d6eb,0039,"Sat, 22 Feb 2020 18:56:06 GMT","Sat, 22 Feb 2020 20:02:41 GMT","Sat, 22 Feb 2020 19:32:35 GMT",1.399,2_39_129_17_2020-02-22 18:56:06.078099,0002,CA-307,2-39-129-17,America/Los_Angeles,000000365,333,9.99,30,104,"Sat, 22 Feb 2020 18:56:22 GMT",true,"Sat, 22 Feb 2020 20:40:06 GMT",365,,,,,,,,,,,,,,,,,,,,,,,,,,,,,,,,,,,,,,,,,,,,,,,,,,,,,,,,,,,,,,,,,,,,,,,,,
5e66df90f9af8b2abde9d6ec,0039,"Sat, 22 Feb 2020 20:51:04 GMT","Sat, 22 Feb 2020 22:35:14 GMT","Sat, 22 Feb 2020 22:32:16 GMT",4.917,2_39_79_380_2020-02-22 20:51:03.631290,0002,CA-489,2-39-79-380,America/Los_Angeles,000003389,400,8,20,190,"Sat, 22 Feb 2020 20:56:09 GMT",true,"Sun, 23 Feb 2020 00:01:04 GMT",3389,,,,,,,,,,,,,,,,,,,,,,,,,,,,,,,,,,,,,,,,,,,,,,,,,,,,,,,,,,,,,,,,,,,,,,,,,
5e66df90f9af8b2abde9d6ed,0039,"Sat, 22 Feb 2020 22:17:07 GMT","Sun, 23 Feb 2020 00:00:06 GMT","Sat, 22 Feb 2020 23:53:47 GMT",9.91,2_39_139_28_2020-02-22 22:17:07.325397,0002,CA-303,2-39-139-28,America/Los_Angeles,000000818,400,16,40,135,"Sat, 22 Feb 2020 22:17:11 GMT",true,"Sun, 23 Feb 2020 00:32:07 GMT",818,,,,,,,,,,,,,,,,,,,,,,,,,,,,,,,,,,,,,,,,,,,,,,,,,,,,,,,,,,,,,,,,,,,,,,,,,
5e66df90f9af8b2abde9d6ee,0039,"Sun, 23 Feb 2020 00:22:12 GMT","Sun, 23 Feb 2020 02:33:57 GMT","Sun, 23 Feb 2020 02:33:53 GMT",6.861,2_39_89_25_2020-02-23 00:22:12.280051,0002,CA-315,2-39-89-25,America/Los_Angeles,000001920,600,12,20,110,"Sun, 23 Feb 2020 00:23:12 GMT",true,"Sun, 23 Feb 2020 02:12:12 GMT",1920,,600,12,20,110,"Sun, 23 Feb 2020 00:23:26 GMT",true,"Sun, 23 Feb 2020 02:12:12 GMT",1920,,,,,,,,,,,,,,,,,,,,,,,,,,,,,,,,,,,,,,,,,,,,,,,,,,,,,,,,,,,,,,,,
5e66df90f9af8b2abde9d6ef,0039,"Sun, 23 Feb 2020 01:45:40 GMT","Sun, 23 Feb 2020 23:21:02 GMT","Sun, 23 Feb 2020 05:02:18 GMT",20.722,2_39_92_442_2020-02-23 01:45:40.278510,0002,CA-498,2-39-92-442,America/Los_Angeles,000000292,200,36,180,685,"Sun, 23 Feb 2020 01:46:12 GMT",true,"Sun, 23 Feb 2020 13:10:40 GMT",292,,,,,,,,,,,,,,,,,,,,,,,,,,,,,,,,,,,,,,,,,,,,,,,,,,,,,,,,,,,,,,,,,,,,,,,,,
5e66df90f9af8b2abde9d6f0,0039,"Sun, 23 Feb 2020 03:02:43 GMT","Sun, 23 Feb 2020 04:14:26 GMT","Sun, 23 Feb 2020 04:14:18 GMT",3.881,2_39_131_30_2020-02-23 03:02:43.079253,0002,CA-305,2-39-131-30,America/Los_Angeles,000005758,400,12,30,111,"Sun, 23 Feb 2020 03:06:53 GMT",true,"Sun, 23 Feb 2020 04:53:43 GMT",5758,,,,,,,,,,,,,,,,,,,,,,,,,,,,,,,,,,,,,,,,,,,,,,,,,,,,,,,,,,,,,,,,,,,,,,,,,
5e66df90f9af8b2abde9d6f1,0039,"Sun, 23 Feb 2020 03:20:18 GMT","Sun, 23 Feb 2020 05:50:22 GMT","Sun, 23 Feb 2020 03:50:53 GMT",0.805,2_39_139_28_2020-02-23 03:20:17.707866,0002,CA-303,2-39-139-28,America/Los_Angeles,,,,,,,,,,,,,,,,,,,,,,,,,,,,,,,,,,,,,,,,,,,,,,,,,,,,,,,,,,,,,,,,,,,,,,,,,,,,,,,,,,
5e683122f9af8b2fd54c09db,0039,"Sun, 23 Feb 2020 20:35:13 GMT","Sun, 23 Feb 2020 22:20:06 GMT","Sun, 23 Feb 2020 22:12:13 GMT",5.235,2_39_131_30_2020-02-23 20:35:13.002701,0002,CA-305,2-39-131-30,America/Los_Angeles,000005758,400,8,20,88,"Sun, 23 Feb 2020 20:41:13 GMT",true,"Sun, 23 Feb 2020 22:03:13 GMT",5758,,,,,,,,,,,,,,,,,,,,,,,,,,,,,,,,,,,,,,,,,,,,,,,,,,,,,,,,,,,,,,,,,,,,,,,,,
5e683122f9af8b2fd54c09dc,0039,"Sun, 23 Feb 2020 22:17:30 GMT","Mon, 24 Feb 2020 00:01:44 GMT","Sun, 23 Feb 2020 22:48:25 GMT",0.883,2_39_139_28_2020-02-23 22:17:30.460988,0002,CA-303,2-39-139-28,America/Los_Angeles,,,,,,,,,,,,,,,,,,,,,,,,,,,,,,,,,,,,,,,,,,,,,,,,,,,,,,,,,,,,,,,,,,,,,,,,,,,,,,,,,,
5e683122f9af8b2fd54c09dd,0039,"Mon, 24 Feb 2020 01:41:14 GMT","Mon, 24 Feb 2020 01:59:15 GMT","Mon, 24 Feb 2020 01:59:09 GMT",0.525,2_39_125_21_2020-02-24 01:41:14.249664,0002,CA-311,2-39-125-21,America/Los_Angeles,,,,,,,,,,,,,,,,,,,,,,,,,,,,,,,,,,,,,,,,,,,,,,,,,,,,,,,,,,,,,,,,,,,,,,,,,,,,,,,,,,
5e683122f9af8b2fd54c09de,0039,"Mon, 24 Feb 2020 02:27:06 GMT","Mon, 24 Feb 2020 05:19:30 GMT","Mon, 24 Feb 2020 04:59:20 GMT",15.045,2_39_127_19_2020-02-24 02:27:05.924935,0002,CA-309,2-39-127-19,America/Los_Angeles,000001099,400,32,80,170,"Mon, 24 Feb 2020 02:29:42 GMT",true,"Mon, 24 Feb 2020 05:17:06 GMT",1099,,,,,,,,,,,,,,,,,,,,,,,,,,,,,,,,,,,,,,,,,,,,,,,,,,,,,,,,,,,,,,,,,,,,,,,,,
5e683122f9af8b2fd54c09df,0039,"Mon, 24 Feb 2020 02:37:51 GMT","Mon, 24 Feb 2020 03:08:59 GMT","Mon, 24 Feb 2020 03:08:27 GMT",0.878,2_39_125_21_2020-02-24 02:37:51.087834,0002,CA-311,2-39-125-21,America/Los_Angeles,,,,,,,,,,,,,,,,,,,,,,,,,,,,,,,,,,,,,,,,,,,,,,,,,,,,,,,,,,,,,,,,,,,,,,,,,,,,,,,,,,
5e6c259ff9af8b3cc29176f5,0039,"Mon, 24 Feb 2020 14:38:51 GMT","Tue, 25 Feb 2020 01:53:50 GMT","Mon, 24 Feb 2020 19:13:19 GMT",28.692,2_39_139_28_2020-02-24 14:38:51.501947,0002,CA-303,2-39-139-28,America/Los_Angeles,000000710,400,64,160,273,"Mon, 24 Feb 2020 14:39:12 GMT",true,"Mon, 24 Feb 2020 19:11:51 GMT",710,,,,,,,,,,,,,,,,,,,,,,,,,,,,,,,,,,,,,,,,,,,,,,,,,,,,,,,,,,,,,,,,,,,,,,,,,
5e6c259ff9af8b3cc29176f6,0039,"Mon, 24 Feb 2020 15:49:01 GMT","Mon, 24 Feb 2020 21:40:52 GMT","Mon, 24 Feb 2020 17:14:21 GMT",3.01,2_39_79_382_2020-02-24 15:49:01.410287,0002,CA-491,2-39-79-382,America/Los_Angeles,000004701,300,9,30,307,"Mon, 24 Feb 2020 15:49:07 GMT",true,"Mon, 24 Feb 2020 20:56:01 GMT",4701,,,,,,,,,,,,,,,,,,,,,,,,,,,,,,,,,,,,,,,,,,,,,,,,,,,,,,,,,,,,,,,,,,,,,,,,,
5e6c259ff9af8b3cc29176f7,0039,"Mon, 24 Feb 2020 15:50:38 GMT","Mon, 24 Feb 2020 16:34:58 GMT","Mon, 24 Feb 2020 16:21:02 GMT",0.811,2_39_79_380_2020-02-24 15:50:38.277426,0002,CA-489,2-39-79-380,America/Los_Angeles,,,,,,,,,,,,,,,,,,,,,,,,,,,,,,,,,,,,,,,,,,,,,,,,,,,,,,,,,,,,,,,,,,,,,,,,,,,,,,,,,,
5e6c259ff9af8b3cc29176f8,0039,"Mon, 24 Feb 2020 16:08:32 GMT","Tue, 25 Feb 2020 05:05:34 GMT","Mon, 24 Feb 2020 18:13:54 GMT",6.225,2_39_95_27_2020-02-24 16:08:11.345075,0002,CA-319,2-39-95-27,America/Los_Angeles,000005594,360,7.2,20,198,"Mon, 24 Feb 2020 16:08:31 GMT",true,"Mon, 24 Feb 2020 19:26:32 GMT",5594,,360,7.2,20,198,"Mon, 24 Feb 2020 16:08:46 GMT",true,"Mon, 24 Feb 2020 19:26:32 GMT",5594,360,7.2,20,198,"Mon, 24 Feb 2020 16:08:55 GMT",true,"Mon, 24 Feb 2020 19:26:32 GMT",5594,,,,,,,,,,,,,,,,,,,,,,,,,,,,,,,,,,,,,,,,,,,,,,,,,,,,,,,,
5e6c259ff9af8b3cc29176f9,0039,"Mon, 24 Feb 2020 16:11:51 GMT","Mon, 24 Feb 2020 23:57:15 GMT","Mon, 24 Feb 2020 23:50:33 GMT",0.889,2_39_78_366_2020-02-24 16:11:50.941075,0002,CA-323,2-39-78-366,America/Los_Angeles,,,,,,,,,,,,,,,,,,,,,,,,,,,,,,,,,,,,,,,,,,,,,,,,,,,,,,,,,,,,,,,,,,,,,,,,,,,,,,,,,,
5e6c259ff9af8b3cc29176fa,0039,"Mon, 24 Feb 2020 16:19:45 GMT","Tue, 25 Feb 2020 01:10:33 GMT","Tue, 25 Feb 2020 00:27:31 GMT",0.931,2_39_79_381_2020-02-24 16:19:44.549013,0002,CA-490,2-39-79-381,America/Los_Angeles,,,,,,,,,,,,,,,,,,,,,,,,,,,,,,,,,,,,,,,,,,,,,,,,,,,,,,,,,,,,,,,,,,,,,,,,,,,,,,,,,,
5e6c259ff9af8b3cc29176fb,0039,"Mon, 24 Feb 2020 16:28:27 GMT","Tue, 25 Feb 2020 01:11:59 GMT","Mon, 24 Feb 2020 18:26:13 GMT",5.088,2_39_131_30_2020-02-24 16:28:27.434125,0002,CA-305,2-39-131-30,America/Los_Angeles,000000620,400,8,20,523,"Mon, 24 Feb 2020 16:29:00 GMT",true,"Tue, 25 Feb 2020 01:11:27 GMT",620,,,,,,,,,,,,,,,,,,,,,,,,,,,,,,,,,,,,,,,,,,,,,,,,,,,,,,,,,,,,,,,,,,,,,,,,,
5e6c259ff9af8b3cc29176fc,0039,"Mon, 24 Feb 2020 16:45:57 GMT","Tue, 25 Feb 2020 02:23:37 GMT","Mon, 24 Feb 2020 20:14:36 GMT",11.46,2_39_124_558_2020-02-24 16:45:57.047638,0002,CA-504,2-39-124-558,America/Los_Angeles,000001534,250,15,60,404,"Mon, 24 Feb 2020 16:47:49 GMT",true,"Mon, 24 Feb 2020 23:29:57 GMT",1534,,,,,,,,,,,,,,,,,,,,,,,,,,,,,,,,,,,,,,,,,,,,,,,,,,,,,,,,,,,,,,,,,,,,,,,,,
5e6c259ff9af8b3cc29176fd,0039,"Mon, 24 Feb 2020 16:46:20 GMT","Mon, 24 Feb 2020 23:51:29 GMT","Mon, 24 Feb 2020 21:59:55 GMT",26.17,2_39_78_367_2020-02-24 16:46:19.686611,0002,CA-494,2-39-78-367,America/Los_Angeles,000001470,292,26.28,90,424,"Mon, 24 Feb 2020 16:46:56 GMT",true,"Mon, 24 Feb 2020 23:50:20 GMT",1470,,,,,,,,,,,,,,,,,,,,,,,,,,,,,,,,,,,,,,,,,,,,,,,,,,,,,,,,,,,,,,,,,,,,,,,,,
5e6c259ff9af8b3cc29176fe,0039,"Mon, 24 Feb 2020 16:48:15 GMT","Tue, 25 Feb 2020 01:23:33 GMT","Tue, 25 Feb 2020 00:26:47 GMT",13.67,2_39_78_363_2020-02-24 16:48:15.047042,0002,CA-320,2-39-78-363,America/Los_Angeles,000000945,400,32,80,62,"Mon, 24 Feb 2020 16:48:27 GMT",true,"Mon, 24 Feb 2020 17:50:15 GMT",945,,,,,,,,,,,,,,,,,,,,,,,,,,,,,,,,,,,,,,,,,,,,,,,,,,,,,,,,,,,,,,,,,,,,,,,,,
5e6c259ff9af8b3cc29176ff,0039,"Mon, 24 Feb 2020 16:53:33 GMT","Tue, 25 Feb 2020 03:06:00 GMT","Mon, 24 Feb 2020 18:42:48 GMT",5.54,2_39_78_360_2020-02-24 16:53:33.131701,0002,CA-322,2-39-78-360,America/Los_Angeles,000002244,400,8,20,60,"Mon, 24 Feb 2020 16:54:56 GMT",true,"Mon, 24 Feb 2020 17:53:33 GMT",2244,,,,,,,,,,,,,,,,,,,,,,,,,,,,,,,,,,,,,,,,,,,,,,,,,,,,,,,,,,,,,,,,,,,,,,,,,
5e6c259ff9af8b3cc2917700,0039,"Mon, 24 Feb 2020 17:06:05 GMT","Tue, 25 Feb 2020 01:17:49 GMT","Mon, 24 Feb 2020 18:43:24 GMT",4.7,2_39_89_25_2020-02-24 17:06:05.372308,0002,CA-315,2-39-89-25,America/Los_Angeles,000000743,400,8,20,473,"Mon, 24 Feb 2020 17:06:23 GMT",true,"Tue, 25 Feb 2020 00:59:05 GMT",743,,,,,,,,,,,,,,,,,,,,,,,,,,,,,,,,,,,,,,,,,,,,,,,,,,,,,,,,,,,,,,,,,,,,,,,,,
5e6c259ff9af8b3cc2917701,0039,"Mon, 24 Feb 2020 17:18:37 GMT","Tue, 25 Feb 2020 02:38:24 GMT","Mon, 24 Feb 2020 18:42:45 GMT",4.472,2_39_127_19_2020-02-24 17:18:37.480240,0002,CA-309,2-39-127-19,America/Los_Angeles,000000567,400,8,20,434,"Mon, 24 Feb 2020 17:18:47 GMT",true,"Tue, 25 Feb 2020 00:32:37 GMT",567,,,,,,,,,,,,,,,,,,,,,,,,,,,,,,,,,,,,,,,,,,,,,,,,,,,,,,,,,,,,,,,,,,,,,,,,,
5e6c259ff9af8b3cc2917702,0039,"Mon, 24 Feb 2020 17:20:12 GMT","Tue, 25 Feb 2020 00:36:25 GMT","Mon, 24 Feb 2020 19:16:57 GMT",5.738,2_39_92_442_2020-02-24 17:20:11.571108,0002,CA-498,2-39-92-442,America/Los_Angeles,000000686,400,8,20,60,"Mon, 24 Feb 2020 17:21:09 GMT",true,"Mon, 24 Feb 2020 18:20:12 GMT",686,,,,,,,,,,,,,,,,,,,,,,,,,,,,,,,,,,,,,,,,,,,,,,,,,,,,,,,,,,,,,,,,,,,,,,,,,
5e6c259ff9af8b3cc2917703,0039,"Mon, 24 Feb 2020 17:47:02 GMT","Tue, 25 Feb 2020 02:37:42 GMT","Mon, 24 Feb 2020 18:53:34 GMT",6.979,2_39_92_436_2020-02-24 17:47:01.709861,0002,CA-318,2-39-92-436,America/Los_Angeles,000000714,400,32,80,330,"Mon, 24 Feb 2020 17:47:21 GMT",true,"Mon, 24 Feb 2020 23:17:02 GMT",714,,,,,,,,,,,,,,,,,,,,,,,,,,,,,,,,,,,,,,,,,,,,,,,,,,,,,,,,,,,,,,,,,,,,,,,,,
5e6c259ff9af8b3cc2917704,0039,"Mon, 24 Feb 2020 17:47:09 GMT","Tue, 25 Feb 2020 03:15:01 GMT","Mon, 24 Feb 2020 19:35:58 GMT",11.1,2_39_90_26_2020-02-24 17:47:09.045034,0002,CA-316,2-39-90-26,America/Los_Angeles,000000558,400,24,60,60,"Mon, 24 Feb 2020 17:47:11 GMT",true,"Mon, 24 Feb 2020 18:47:09 GMT",558,,,,,,,,,,,,,,,,,,,,,,,,,,,,,,,,,,,,,,,,,,,,,,,,,,,,,,,,,,,,,,,,,,,,,,,,,
5e6c259ff9af8b3cc2917705,0039,"Mon, 24 Feb 2020 17:58:48 GMT","Tue, 25 Feb 2020 00:01:44 GMT","Mon, 24 Feb 2020 19:22:15 GMT",4.162,2_39_123_23_2020-02-24 17:58:47.861017,0002,CA-313,2-39-123-23,America/Los_Angeles,000002170,400,28,70,417,"Mon, 24 Feb 2020 17:59:22 GMT",true,"Tue, 25 Feb 2020 00:55:48 GMT",2170,,,,,,,,,,,,,,,,,,,,,,,,,,,,,,,,,,,,,,,,,,,,,,,,,,,,,,,,,,,,,,,,,,,,,,,,,
5e6c259ff9af8b3cc2917706,0039,"Mon, 24 Feb 2020 18:09:48 GMT","Mon, 24 Feb 2020 22:43:33 GMT","Mon, 24 Feb 2020 19:54:33 GMT",11.108,2_39_95_444_2020-02-24 18:09:47.629441,0002,CA-497,2-39-95-444,America/Los_Angeles,000001087,400,32,80,311,"Mon, 24 Feb 2020 18:09:50 GMT",true,"Mon, 24 Feb 2020 23:20:48 GMT",1087,,,,,,,,,,,,,,,,,,,,,,,,,,,,,,,,,,,,,,,,,,,,,,,,,,,,,,,,,,,,,,,,,,,,,,,,,
5e6c259ff9af8b3cc2917707,0039,"Mon, 24 Feb 2020 18:26:47 GMT","Tue, 25 Feb 2020 02:03:46 GMT","Mon, 24 Feb 2020 20:27:01 GMT",11.647,2_39_125_21_2020-02-24 18:26:46.584435,0002,CA-311,2-39-125-21,America/Los_Angeles,000001095,400,16,40,447,"Mon, 24 Feb 2020 18:26:55 GMT",true,"Tue, 25 Feb 2020 01:53:47 GMT",1095,,,,,,,,,,,,,,,,,,,,,,,,,,,,,,,,,,,,,,,,,,,,,,,,,,,,,,,,,,,,,,,,,,,,,,,,,
5e6c259ff9af8b3cc2917708,0039,"Mon, 24 Feb 2020 18:41:00 GMT","Tue, 25 Feb 2020 01:51:59 GMT","Mon, 24 Feb 2020 23:40:53 GMT",29.888,2_39_91_437_2020-02-24 18:40:59.927507,0002,CA-317,2-39-91-437,America/Los_Angeles,000002961,225,22.5,100,459,"Mon, 24 Feb 2020 18:41:10 GMT",true,"Tue, 25 Feb 2020 02:20:00 GMT",2961,,225,40.05,178,280,"Mon, 24 Feb 2020 22:22:54 GMT",true,"Mon, 24 Feb 2020 23:21:00 GMT",2961,,,,,,,,,,,,,,,,,,,,,,,,,,,,,,,,,,,,,,,,,,,,,,,,,,,,,,,,,,,,,,,,
5e6c259ff9af8b3cc2917709,0039,"Mon, 24 Feb 2020 19:16:47 GMT","Tue, 25 Feb 2020 01:12:26 GMT","Tue, 25 Feb 2020 00:44:19 GMT",4.904,2_39_79_380_2020-02-24 19:16:47.509095,0002,CA-489,2-39-79-380,America/Los_Angeles,000002149,250,5,20,336,"Mon, 24 Feb 2020 19:17:14 GMT",true,"Tue, 25 Feb 2020 00:52:47 GMT",2149,,,,,,,,,,,,,,,,,,,,,,,,,,,,,,,,,,,,,,,,,,,,,,,,,,,,,,,,,,,,,,,,,,,,,,,,,
5e6c259ff9af8b3cc291770a,0039,"Mon, 24 Feb 2020 19:23:52 GMT","Tue, 25 Feb 2020 00:39:35 GMT","Mon, 24 Feb 2020 21:14:28 GMT",11.139,2_39_79_378_2020-02-24 19:23:51.837828,0002,CA-326,2-39-79-378,America/Los_Angeles,000000832,400,20,50,313,"Mon, 24 Feb 2020 19:24:31 GMT",true,"Tue, 25 Feb 2020 00:36:52 GMT",832,,,,,,,,,,,,,,,,,,,,,,,,,,,,,,,,,,,,,,,,,,,,,,,,,,,,,,,,,,,,,,,,,,,,,,,,,
5e6c259ff9af8b3cc291770b,0039,"Mon, 24 Feb 2020 20:45:00 GMT","Tue, 25 Feb 2020 02:33:57 GMT","Mon, 24 Feb 2020 23:26:06 GMT",6.885,2_39_79_376_2020-02-24 20:45:00.163207,0002,CA-324,2-39-79-376,America/Los_Angeles,000001124,400,8,20,60,"Mon, 24 Feb 2020 20:45:19 GMT",true,"Mon, 24 Feb 2020 21:45:00 GMT",1124,,,,,,,,,,,,,,,,,,,,,,,,,,,,,,,,,,,,,,,,,,,,,,,,,,,,,,,,,,,,,,,,,,,,,,,,,
5e6c259ff9af8b3cc291770c,0039,"Mon, 24 Feb 2020 21:23:55 GMT","Tue, 25 Feb 2020 00:11:40 GMT","Mon, 24 Feb 2020 22:52:58 GMT",9.035,2_39_124_22_2020-02-24 21:23:55.124838,0002,CA-312,2-39-124-22,America/Los_Angeles,000001912,400,20,50,392,"Mon, 24 Feb 2020 21:23:55 GMT",true,"Tue, 25 Feb 2020 03:55:55 GMT",1912,,400,16,40,151,"Mon, 24 Feb 2020 21:24:48 GMT",true,"Mon, 24 Feb 2020 23:54:55 GMT",1912,,,,,,,,,,,,,,,,,,,,,,,,,,,,,,,,,,,,,,,,,,,,,,,,,,,,,,,,,,,,,,,,
5e6c259ff9af8b3cc291770d,0039,"Mon, 24 Feb 2020 21:51:10 GMT","Tue, 25 Feb 2020 00:38:23 GMT","Tue, 25 Feb 2020 00:21:02 GMT",0.887,2_39_79_382_2020-02-24 21:51:10.277818,0002,CA-491,2-39-79-382,America/Los_Angeles,,,,,,,,,,,,,,,,,,,,,,,,,,,,,,,,,,,,,,,,,,,,,,,,,,,,,,,,,,,,,,,,,,,,,,,,,,,,,,,,,,
5e6c259ff9af8b3cc291770e,0039,"Mon, 24 Feb 2020 22:11:31 GMT","Tue, 25 Feb 2020 01:19:38 GMT","Mon, 24 Feb 2020 23:41:53 GMT",4.392,2_39_88_24_2020-02-24 22:11:31.311179,0002,CA-314,2-39-88-24,America/Los_Angeles,000003389,400,8,20,198,"Mon, 24 Feb 2020 22:12:33 GMT",true,"Tue, 25 Feb 2020 01:29:31 GMT",3389,,,,,,,,,,,,,,,,,,,,,,,,,,,,,,,,,,,,,,,,,,,,,,,,,,,,,,,,,,,,,,,,,,,,,,,,,
5e6c259ff9af8b3cc291770f,0039,"Mon, 24 Feb 2020 22:17:51 GMT","Tue, 25 Feb 2020 03:18:59 GMT","Mon, 24 Feb 2020 23:27:43 GMT",2.339,2_39_91_441_2020-02-24 22:17:51.127715,0002,CA-499,2-39-91-441,America/Los_Angeles,000001082,400,8,20,64,"Mon, 24 Feb 2020 22:18:13 GMT",true,"Mon, 24 Feb 2020 23:21:51 GMT",1082,,,,,,,,,,,,,,,,,,,,,,,,,,,,,,,,,,,,,,,,,,,,,,,,,,,,,,,,,,,,,,,,,,,,,,,,,
5e6c259ff9af8b3cc2917710,0039,"Mon, 24 Feb 2020 23:30:44 GMT","Tue, 25 Feb 2020 00:31:33 GMT","Tue, 25 Feb 2020 00:27:08 GMT",0.883,2_39_123_557_2020-02-24 23:30:43.635523,0002,CA-503,2-39-123-557,America/Los_Angeles,,,,,,,,,,,,,,,,,,,,,,,,,,,,,,,,,,,,,,,,,,,,,,,,,,,,,,,,,,,,,,,,,,,,,,,,,,,,,,,,,,
5e6c259ff9af8b3cc2917711,0039,"Tue, 25 Feb 2020 06:47:04 GMT","Tue, 25 Feb 2020 13:03:13 GMT","Tue, 25 Feb 2020 11:42:29 GMT",31.879,2_39_127_19_2020-02-25 06:47:03.878786,0002,CA-309,2-39-127-19,America/Los_Angeles,000000300,400,32,80,638,"Tue, 25 Feb 2020 06:47:23 GMT",true,"Tue, 25 Feb 2020 17:25:04 GMT",300,,,,,,,,,,,,,,,,,,,,,,,,,,,,,,,,,,,,,,,,,,,,,,,,,,,,,,,,,,,,,,,,,,,,,,,,,
5e6c25c3f9af8b3cc2917712,0039,"Tue, 25 Feb 2020 13:03:30 GMT","Tue, 25 Feb 2020 15:26:13 GMT","Tue, 25 Feb 2020 15:26:10 GMT",14.197,2_39_126_20_2020-02-25 13:03:30.398177,0002,CA-310,2-39-126-20,America/Los_Angeles,000000300,400,32,80,435,"Tue, 25 Feb 2020 13:03:38 GMT",true,"Tue, 25 Feb 2020 20:18:30 GMT",300,,,,,,,,,,,,,,,,,,,,,,,,,,,,,,,,,,,,,,,,,,,,,,,,,,,,,,,,,,,,,,,,,,,,,,,,,
5e6c25c3f9af8b3cc2917713,0039,"Tue, 25 Feb 2020 15:48:49 GMT","Tue, 25 Feb 2020 21:48:36 GMT","Tue, 25 Feb 2020 18:12:03 GMT",8.263,2_39_79_382_2020-02-25 15:48:48.856722,0002,CA-491,2-39-79-382,America/Los_Angeles,000004701,300,9,30,307,"Tue, 25 Feb 2020 15:48:54 GMT",true,"Tue, 25 Feb 2020 20:55:49 GMT",4701,,,,,,,,,,,,,,,,,,,,,,,,,,,,,,,,,,,,,,,,,,,,,,,,,,,,,,,,,,,,,,,,,,,,,,,,,
5e6c25c3f9af8b3cc2917714,0039,"Tue, 25 Feb 2020 16:08:13 GMT","Tue, 25 Feb 2020 23:45:44 GMT","Tue, 25 Feb 2020 22:28:34 GMT",0.88,2_39_79_380_2020-02-25 16:08:13.004188,0002,CA-489,2-39-79-380,America/Los_Angeles,,,,,,,,,,,,,,,,,,,,,,,,,,,,,,,,,,,,,,,,,,,,,,,,,,,,,,,,,,,,,,,,,,,,,,,,,,,,,,,,,,
5e6c25c3f9af8b3cc2917715,0039,"Tue, 25 Feb 2020 16:38:32 GMT","Wed, 26 Feb 2020 01:08:24 GMT","Tue, 25 Feb 2020 16:59:41 GMT",1.279,2_39_79_379_2020-02-25 16:38:32.420117,0002,CA-327,2-39-79-379,America/Los_Angeles,000000751,400,28,70,720,"Tue, 25 Feb 2020 16:39:19 GMT",true,"Wed, 26 Feb 2020 04:38:32 GMT",751,,,,,,,,,,,,,,,,,,,,,,,,,,,,,,,,,,,,,,,,,,,,,,,,,,,,,,,,,,,,,,,,,,,,,,,,,
5e6c25c3f9af8b3cc2917716,0039,"Tue, 25 Feb 2020 16:44:55 GMT","Wed, 26 Feb 2020 00:21:50 GMT","Tue, 25 Feb 2020 18:30:23 GMT",4.957,2_39_92_442_2020-02-25 16:44:54.972986,0002,CA-498,2-39-92-442,America/Los_Angeles,000000686,400,8,20,95,"Tue, 25 Feb 2020 16:45:12 GMT",true,"Tue, 25 Feb 2020 18:19:55 GMT",686,,,,,,,,,,,,,,,,,,,,,,,,,,,,,,,,,,,,,,,,,,,,,,,,,,,,,,,,,,,,,,,,,,,,,,,,,
5e6c25c3f9af8b3cc2917717,0039,"Tue, 25 Feb 2020 16:50:39 GMT","Tue, 25 Feb 2020 21:50:21 GMT","Tue, 25 Feb 2020 18:54:31 GMT",13.266,2_39_95_444_2020-02-25 16:50:39.284857,0002,CA-497,2-39-95-444,America/Los_Angeles,000001470,292,17.52,60,266,"Tue, 25 Feb 2020 16:51:43 GMT",true,"Tue, 25 Feb 2020 21:16:39 GMT",1470,,,,,,,,,,,,,,,,,,,,,,,,,,,,,,,,,,,,,,,,,,,,,,,,,,,,,,,,,,,,,,,,,,,,,,,,,
5e6c25c3f9af8b3cc2917718,0039,"Tue, 25 Feb 2020 16:52:11 GMT","Wed, 26 Feb 2020 01:16:32 GMT","Tue, 25 Feb 2020 21:04:27 GMT",13.548,2_39_79_383_2020-02-25 16:51:47.949894,0002,CA-492,2-39-79-383,America/Los_Angeles,000000671,267,26.7,100,280,"Tue, 25 Feb 2020 16:52:11 GMT",true,"Tue, 25 Feb 2020 21:32:11 GMT",671,,,,,,,,,,,,,,,,,,,,,,,,,,,,,,,,,,,,,,,,,,,,,,,,,,,,,,,,,,,,,,,,,,,,,,,,,
5e6c25c3f9af8b3cc2917719,0039,"Tue, 25 Feb 2020 16:53:17 GMT","Wed, 26 Feb 2020 05:48:41 GMT","Tue, 25 Feb 2020 18:54:43 GMT",5.982,2_39_90_440_2020-02-25 16:53:17.270090,0002,CA-500,2-39-90-440,America/Los_Angeles,000001222,400,8,20,72,"Tue, 25 Feb 2020 16:53:28 GMT",true,"Tue, 25 Feb 2020 18:05:17 GMT",1222,,,,,,,,,,,,,,,,,,,,,,,,,,,,,,,,,,,,,,,,,,,,,,,,,,,,,,,,,,,,,,,,,,,,,,,,,
5e6c25c3f9af8b3cc291771a,0039,"Tue, 25 Feb 2020 17:02:35 GMT","Wed, 26 Feb 2020 00:20:32 GMT","Tue, 25 Feb 2020 18:27:07 GMT",3.955,2_39_89_25_2020-02-25 17:02:35.505585,0002,CA-315,2-39-89-25,America/Los_Angeles,000000743,400,8,20,473,"Tue, 25 Feb 2020 17:02:47 GMT",true,"Wed, 26 Feb 2020 00:55:35 GMT",743,,400,8,20,441,"Tue, 25 Feb 2020 17:03:10 GMT",true,"Wed, 26 Feb 2020 00:23:35 GMT",743,,,,,,,,,,,,,,,,,,,,,,,,,,,,,,,,,,,,,,,,,,,,,,,,,,,,,,,,,,,,,,,,
5e6c25c3f9af8b3cc291771b,0039,"Tue, 25 Feb 2020 17:03:50 GMT","Tue, 25 Feb 2020 20:14:42 GMT","Tue, 25 Feb 2020 19:12:25 GMT",2.576,2_39_95_27_2020-02-25 17:03:50.390718,0002,CA-319,2-39-95-27,America/Los_Angeles,000006049,267,2.67,10,179,"Tue, 25 Feb 2020 17:06:01 GMT",true,"Tue, 25 Feb 2020 20:02:50 GMT",6049,,267,2.67,10,92,"Tue, 25 Feb 2020 19:09:16 GMT",true,"Tue, 25 Feb 2020 18:35:50 GMT",6049,,,,,,,,,,,,,,,,,,,,,,,,,,,,,,,,,,,,,,,,,,,,,,,,,,,,,,,,,,,,,,,,
5e6c25c3f9af8b3cc291771c,0039,"Tue, 25 Feb 2020 17:07:55 GMT","Wed, 26 Feb 2020 00:34:35 GMT","Tue, 25 Feb 2020 19:09:08 GMT",6.919,2_39_79_377_2020-02-25 17:07:55.427000,0002,CA-325,2-39-79-377,America/Los_Angeles,000001137,400,32,80,417,"Tue, 25 Feb 2020 17:08:28 GMT",true,"Wed, 26 Feb 2020 00:04:55 GMT",1137,,,,,,,,,,,,,,,,,,,,,,,,,,,,,,,,,,,,,,,,,,,,,,,,,,,,,,,,,,,,,,,,,,,,,,,,,
5e6c25c3f9af8b3cc291771d,0039,"Tue, 25 Feb 2020 17:08:27 GMT","Wed, 26 Feb 2020 03:11:19 GMT","Tue, 25 Feb 2020 19:02:39 GMT",6.062,2_39_127_19_2020-02-25 17:08:27.103637,0002,CA-309,2-39-127-19,America/Los_Angeles,000000567,400,8,20,434,"Tue, 25 Feb 2020 17:08:34 GMT",true,"Wed, 26 Feb 2020 00:22:27 GMT",567,,,,,,,,,,,,,,,,,,,,,,,,,,,,,,,,,,,,,,,,,,,,,,,,,,,,,,,,,,,,,,,,,,,,,,,,,
5e6c25c3f9af8b3cc291771e,0039,"Tue, 25 Feb 2020 17:15:23 GMT","Tue, 25 Feb 2020 20:39:39 GMT","Tue, 25 Feb 2020 18:51:21 GMT",4.942,2_39_125_21_2020-02-25 17:15:22.912135,0002,CA-311,2-39-125-21,America/Los_Angeles,000000562,325,6.5,20,163,"Tue, 25 Feb 2020 17:15:48 GMT",true,"Tue, 25 Feb 2020 19:58:23 GMT",562,,,,,,,,,,,,,,,,,,,,,,,,,,,,,,,,,,,,,,,,,,,,,,,,,,,,,,,,,,,,,,,,,,,,,,,,,
5e6c25c3f9af8b3cc291771f,0039,"Tue, 25 Feb 2020 17:41:08 GMT","Wed, 26 Feb 2020 01:09:31 GMT","Wed, 26 Feb 2020 00:29:03 GMT",0.928,2_39_79_378_2020-02-25 17:41:07.815784,0002,CA-326,2-39-79-378,America/Los_Angeles,,,,,,,,,,,,,,,,,,,,,,,,,,,,,,,,,,,,,,,,,,,,,,,,,,,,,,,,,,,,,,,,,,,,,,,,,,,,,,,,,,
5e6c25c3f9af8b3cc2917720,0039,"Tue, 25 Feb 2020 17:44:56 GMT","Wed, 26 Feb 2020 00:21:50 GMT","Wed, 26 Feb 2020 00:18:50 GMT",4.894,2_39_78_361_2020-02-25 17:44:55.897760,0002,CA-493,2-39-78-361,America/Los_Angeles,000002149,250,5,20,336,"Tue, 25 Feb 2020 17:44:59 GMT",true,"Tue, 25 Feb 2020 23:20:56 GMT",2149,,,,,,,,,,,,,,,,,,,,,,,,,,,,,,,,,,,,,,,,,,,,,,,,,,,,,,,,,,,,,,,,,,,,,,,,,
5e6c25c3f9af8b3cc2917721,0039,"Tue, 25 Feb 2020 17:45:42 GMT","Wed, 26 Feb 2020 00:55:33 GMT","Wed, 26 Feb 2020 00:30:20 GMT",0.78,2_39_79_376_2020-02-25 17:45:42.161398,0002,CA-324,2-39-79-376,America/Los_Angeles,,,,,,,,,,,,,,,,,,,,,,,,,,,,,,,,,,,,,,,,,,,,,,,,,,,,,,,,,,,,,,,,,,,,,,,,,,,,,,,,,,
5e6c25c3f9af8b3cc2917722,0039,"Tue, 25 Feb 2020 17:47:25 GMT","Wed, 26 Feb 2020 03:09:02 GMT","Tue, 25 Feb 2020 19:41:02 GMT",11.116,2_39_90_26_2020-02-25 17:47:24.957703,0002,CA-316,2-39-90-26,America/Los_Angeles,000000558,400,24,60,60,"Tue, 25 Feb 2020 17:47:31 GMT",true,"Tue, 25 Feb 2020 18:47:25 GMT",558,,,,,,,,,,,,,,,,,,,,,,,,,,,,,,,,,,,,,,,,,,,,,,,,,,,,,,,,,,,,,,,,,,,,,,,,,
5e6c25c3f9af8b3cc2917723,0039,"Tue, 25 Feb 2020 17:47:37 GMT","Wed, 26 Feb 2020 02:36:15 GMT","Tue, 25 Feb 2020 18:45:12 GMT",1.834,2_39_92_436_2020-02-25 17:47:36.783365,0002,CA-318,2-39-92-436,America/Los_Angeles,000000324,444,8.88,20,101,"Tue, 25 Feb 2020 17:47:45 GMT",true,"Tue, 25 Feb 2020 19:28:37 GMT",324,,,,,,,,,,,,,,,,,,,,,,,,,,,,,,,,,,,,,,,,,,,,,,,,,,,,,,,,,,,,,,,,,,,,,,,,,
5e6c25c3f9af8b3cc2917724,0039,"Tue, 25 Feb 2020 17:49:48 GMT","Wed, 26 Feb 2020 02:37:31 GMT","Tue, 25 Feb 2020 18:49:22 GMT",6.368,2_39_78_360_2020-02-25 17:49:47.614663,0002,CA-322,2-39-78-360,America/Los_Angeles,000000714,400,32,80,412,"Tue, 25 Feb 2020 17:50:07 GMT",true,"Wed, 26 Feb 2020 00:41:48 GMT",714,,,,,,,,,,,,,,,,,,,,,,,,,,,,,,,,,,,,,,,,,,,,,,,,,,,,,,,,,,,,,,,,,,,,,,,,,
5e6c25c3f9af8b3cc2917725,0039,"Tue, 25 Feb 2020 17:52:23 GMT","Tue, 25 Feb 2020 23:40:24 GMT","Tue, 25 Feb 2020 19:39:25 GMT",11.109,2_39_124_22_2020-02-25 17:52:22.948100,0002,CA-312,2-39-124-22,America/Los_Angeles,000001912,400,16,40,151,"Tue, 25 Feb 2020 17:52:33 GMT",true,"Tue, 25 Feb 2020 20:23:23 GMT",1912,,400,16,40,368,"Tue, 25 Feb 2020 17:52:42 GMT",true,"Wed, 26 Feb 2020 00:00:23 GMT",1912,400,20,50,368,"Tue, 25 Feb 2020 17:52:48 GMT",true,"Wed, 26 Feb 2020 00:00:23 GMT",1912,,,,,,,,,,,,,,,,,,,,,,,,,,,,,,,,,,,,,,,,,,,,,,,,,,,,,,,,
5e6c25c3f9af8b3cc2917726,0039,"Tue, 25 Feb 2020 17:55:23 GMT","Tue, 25 Feb 2020 19:56:22 GMT","Tue, 25 Feb 2020 19:09:39 GMT",2.479,2_39_123_23_2020-02-25 17:55:22.593043,0002,CA-313,2-39-123-23,America/Los_Angeles,000001082,400,8,20,64,"Tue, 25 Feb 2020 17:56:05 GMT",true,"Tue, 25 Feb 2020 18:59:23 GMT",1082,,,,,,,,,,,,,,,,,,,,,,,,,,,,,,,,,,,,,,,,,,,,,,,,,,,,,,,,,,,,,,,,,,,,,,,,,
5e6c25c3f9af8b3cc2917727,0039,"Tue, 25 Feb 2020 17:59:38 GMT","Wed, 26 Feb 2020 02:48:49 GMT","Tue, 25 Feb 2020 18:49:48 GMT",2.485,2_39_88_24_2020-02-25 17:59:38.508554,0002,CA-314,2-39-88-24,America/Los_Angeles,000002170,400,28,70,417,"Tue, 25 Feb 2020 17:59:46 GMT",true,"Wed, 26 Feb 2020 00:56:38 GMT",2170,,,,,,,,,,,,,,,,,,,,,,,,,,,,,,,,,,,,,,,,,,,,,,,,,,,,,,,,,,,,,,,,,,,,,,,,,
5e6c25c3f9af8b3cc2917728,0039,"Tue, 25 Feb 2020 18:24:48 GMT","Wed, 26 Feb 2020 02:05:05 GMT","Tue, 25 Feb 2020 21:34:47 GMT",12.113,2_39_78_363_2020-02-25 18:24:48.201369,0002,CA-320,2-39-78-363,America/Los_Angeles,000001095,400,16,40,447,"Tue, 25 Feb 2020 18:25:04 GMT",true,"Wed, 26 Feb 2020 01:51:48 GMT",1095,,,,,,,,,,,,,,,,,,,,,,,,,,,,,,,,,,,,,,,,,,,,,,,,,,,,,,,,,,,,,,,,,,,,,,,,,
5e6c25c3f9af8b3cc2917729,0039,"Tue, 25 Feb 2020 18:32:14 GMT","Wed, 26 Feb 2020 02:07:48 GMT","Tue, 25 Feb 2020 21:44:27 GMT",7.902,2_39_78_366_2020-02-25 18:32:13.970300,0002,CA-323,2-39-78-366,America/Los_Angeles,000000677,325,19.5,60,71,"Tue, 25 Feb 2020 18:33:28 GMT",true,"Tue, 25 Feb 2020 19:43:14 GMT",677,,,,,,,,,,,,,,,,,,,,,,,,,,,,,,,,,,,,,,,,,,,,,,,,,,,,,,,,,,,,,,,,,,,,,,,,,
5e6c25c3f9af8b3cc291772a,0039,"Tue, 25 Feb 2020 19:14:26 GMT","Tue, 25 Feb 2020 20:40:40 GMT","Tue, 25 Feb 2020 20:17:22 GMT",0.821,2_39_78_365_2020-02-25 19:14:26.205396,0002,CA-321,2-39-78-365,America/Los_Angeles,,,,,,,,,,,,,,,,,,,,,,,,,,,,,,,,,,,,,,,,,,,,,,,,,,,,,,,,,,,,,,,,,,,,,,,,,,,,,,,,,,
5e6c25c3f9af8b3cc291772b,0039,"Tue, 25 Feb 2020 20:23:32 GMT","Tue, 25 Feb 2020 22:25:11 GMT","Tue, 25 Feb 2020 22:22:29 GMT",5.987,2_39_123_23_2020-02-25 20:23:32.483339,0002,CA-313,2-39-123-23,America/Los_Angeles,000001366,400,8,20,60,"Tue, 25 Feb 2020 20:23:48 GMT",true,"Tue, 25 Feb 2020 21:23:32 GMT",1366,,,,,,,,,,,,,,,,,,,,,,,,,,,,,,,,,,,,,,,,,,,,,,,,,,,,,,,,,,,,,,,,,,,,,,,,,
5e6c25c3f9af8b3cc291772c,0039,"Tue, 25 Feb 2020 20:26:44 GMT","Wed, 26 Feb 2020 02:33:44 GMT","Tue, 25 Feb 2020 21:31:36 GMT",2.092,2_39_91_441_2020-02-25 20:26:43.576136,0002,CA-499,2-39-91-441,America/Los_Angeles,000000710,400,8,20,286,"Tue, 25 Feb 2020 20:27:08 GMT",true,"Wed, 26 Feb 2020 01:12:44 GMT",710,,,,,,,,,,,,,,,,,,,,,,,,,,,,,,,,,,,,,,,,,,,,,,,,,,,,,,,,,,,,,,,,,,,,,,,,,
5e6c25c3f9af8b3cc291772d,0039,"Tue, 25 Feb 2020 20:38:20 GMT","Wed, 26 Feb 2020 01:26:24 GMT","Tue, 25 Feb 2020 22:41:21 GMT",6.632,2_39_95_27_2020-02-25 20:38:20.301824,0002,CA-319,2-39-95-27,America/Los_Angeles,000001124,400,8,20,60,"Tue, 25 Feb 2020 20:38:52 GMT",true,"Tue, 25 Feb 2020 21:38:20 GMT",1124,,,,,,,,,,,,,,,,,,,,,,,,,,,,,,,,,,,,,,,,,,,,,,,,,,,,,,,,,,,,,,,,,,,,,,,,,
5e6c25c3f9af8b3cc291772e,0039,"Tue, 25 Feb 2020 20:55:33 GMT","Wed, 26 Feb 2020 01:09:51 GMT","Tue, 25 Feb 2020 22:48:06 GMT",5.704,2_39_125_21_2020-02-25 20:55:32.527944,0002,CA-311,2-39-125-21,America/Los_Angeles,000000620,400,8,20,254,"Tue, 25 Feb 2020 20:55:44 GMT",true,"Wed, 26 Feb 2020 01:09:33 GMT",620,,,,,,,,,,,,,,,,,,,,,,,,,,,,,,,,,,,,,,,,,,,,,,,,,,,,,,,,,,,,,,,,,,,,,,,,,
5e6c25c3f9af8b3cc291772f,0039,"Tue, 25 Feb 2020 21:02:28 GMT","Tue, 25 Feb 2020 21:42:25 GMT","Tue, 25 Feb 2020 21:42:21 GMT",2.208,2_39_78_365_2020-02-25 21:02:28.002587,0002,CA-321,2-39-78-365,America/Los_Angeles,000001093,333,6.66,20,199,"Tue, 25 Feb 2020 21:03:32 GMT",true,"Wed, 26 Feb 2020 00:21:28 GMT",1093,,,,,,,,,,,,,,,,,,,,,,,,,,,,,,,,,,,,,,,,,,,,,,,,,,,,,,,,,,,,,,,,,,,,,,,,,
5e6c25c3f9af8b3cc2917730,0039,"Tue, 25 Feb 2020 21:20:40 GMT","Wed, 26 Feb 2020 00:41:51 GMT","Wed, 26 Feb 2020 00:29:01 GMT",7.92,2_39_88_438_2020-02-25 21:20:40.105347,0002,CA-502,2-39-88-438,America/Los_Angeles,000006049,267,8.01,30,327,"Tue, 25 Feb 2020 21:21:19 GMT",true,"Wed, 26 Feb 2020 02:47:40 GMT",6049,,267,8.01,30,204,"Tue, 25 Feb 2020 21:22:36 GMT",true,"Wed, 26 Feb 2020 00:44:40 GMT",6049,267,8.01,30,63,"Wed, 26 Feb 2020 00:05:39 GMT",true,"Tue, 25 Feb 2020 22:23:40 GMT",6049,267,8.01,30,63,"Wed, 26 Feb 2020 00:06:22 GMT",true,"Tue, 25 Feb 2020 22:23:40 GMT",6049,,,,,,,,,,,,,,,,,,,,,,,,,,,,,,,,,,,,,,,,,,,,,,,,
5e6c25c3f9af8b3cc2917731,0039,"Tue, 25 Feb 2020 21:33:53 GMT","Tue, 25 Feb 2020 22:23:44 GMT","Tue, 25 Feb 2020 22:04:56 GMT",0.844,2_39_123_557_2020-02-25 21:33:52.604497,0002,CA-503,2-39-123-557,America/Los_Angeles,,,,,,,,,,,,,,,,,,,,,,,,,,,,,,,,,,,,,,,,,,,,,,,,,,,,,,,,,,,,,,,,,,,,,,,,,,,,,,,,,,
5e6c25c3f9af8b3cc2917732,0039,"Tue, 25 Feb 2020 21:40:48 GMT","Tue, 25 Feb 2020 23:43:51 GMT","Tue, 25 Feb 2020 23:31:28 GMT",5.535,2_39_83_387_2020-02-25 21:40:48.396145,0002,CA-149,2-39-83-387,America/Los_Angeles,000000752,425,12.75,30,440,"Tue, 25 Feb 2020 21:43:25 GMT",true,"Wed, 26 Feb 2020 05:00:48 GMT",752,,425,12.75,30,440,"Tue, 25 Feb 2020 23:42:50 GMT",true,"Wed, 26 Feb 2020 05:00:48 GMT",752,,,,,,,,,,,,,,,,,,,,,,,,,,,,,,,,,,,,,,,,,,,,,,,,,,,,,,,,,,,,,,,,
5e6c25c3f9af8b3cc2917733,0039,"Tue, 25 Feb 2020 23:27:35 GMT","Wed, 26 Feb 2020 00:17:04 GMT","Wed, 26 Feb 2020 00:16:27 GMT",2.237,2_39_78_365_2020-02-25 23:27:35.137116,0002,CA-321,2-39-78-365,America/Los_Angeles,000004861,375,7.5,20,222,"Tue, 25 Feb 2020 23:28:45 GMT",true,"Wed, 26 Feb 2020 03:09:35 GMT",4861,,375,7.5,20,222,"Wed, 26 Feb 2020 00:16:12 GMT",true,"Wed, 26 Feb 2020 03:09:35 GMT",4861,375,7.5,20,222,"Wed, 26 Feb 2020 00:16:29 GMT",true,"Wed, 26 Feb 2020 03:09:35 GMT",4861,375,7.5,20,222,"Wed, 26 Feb 2020 00:17:03 GMT",true,"Wed, 26 Feb 2020 03:09:35 GMT",4861,,,,,,,,,,,,,,,,,,,,,,,,,,,,,,,,,,,,,,,,,,,,,,,,
5e6c25c3f9af8b3cc2917734,0039,"Wed, 26 Feb 2020 00:07:59 GMT","Wed, 26 Feb 2020 01:07:45 GMT","Wed, 26 Feb 2020 00:38:19 GMT",0.862,2_39_124_22_2020-02-26 00:07:58.822385,0002,CA-312,2-39-124-22,America/Los_Angeles,,,,,,,,,,,,,,,,,,,,,,,,,,,,,,,,,,,,,,,,,,,,,,,,,,,,,,,,,,,,,,,,,,,,,,,,,,,,,,,,,,
5e6c25c3f9af8b3cc2917735,0039,"Wed, 26 Feb 2020 00:32:59 GMT","Wed, 26 Feb 2020 01:21:00 GMT","Wed, 26 Feb 2020 01:20:56 GMT",2.612,2_39_138_29_2020-02-26 00:32:59.299908,0002,CA-304,2-39-138-29,America/Los_Angeles,000001366,400,8,20,60,"Wed, 26 Feb 2020 00:33:49 GMT",true,"Wed, 26 Feb 2020 01:32:59 GMT",1366,,,,,,,,,,,,,,,,,,,,,,,,,,,,,,,,,,,,,,,,,,,,,,,,,,,,,,,,,,,,,,,,,,,,,,,,,
5e6c25c3f9af8b3cc2917736,0039,"Wed, 26 Feb 2020 00:39:13 GMT","Wed, 26 Feb 2020 01:25:59 GMT","Wed, 26 Feb 2020 01:19:47 GMT",0.922,2_39_78_361_2020-02-26 00:39:12.829041,0002,CA-493,2-39-78-361,America/Los_Angeles,,,,,,,,,,,,,,,,,,,,,,,,,,,,,,,,,,,,,,,,,,,,,,,,,,,,,,,,,,,,,,,,,,,,,,,,,,,,,,,,,,
5e6c25c3f9af8b3cc2917737,0039,"Wed, 26 Feb 2020 00:42:09 GMT","Wed, 26 Feb 2020 02:30:59 GMT","Wed, 26 Feb 2020 02:30:51 GMT",5.805,2_39_130_31_2020-02-26 00:42:09.397862,0002,CA-306,2-39-130-31,America/Los_Angeles,000001920,600,12,20,110,"Wed, 26 Feb 2020 00:42:38 GMT",true,"Wed, 26 Feb 2020 02:32:09 GMT",1920,,600,12,20,110,"Wed, 26 Feb 2020 00:42:44 GMT",true,"Wed, 26 Feb 2020 02:32:09 GMT",1920,600,12,20,107,"Wed, 26 Feb 2020 00:43:01 GMT",true,"Wed, 26 Feb 2020 02:29:09 GMT",1920,,,,,,,,,,,,,,,,,,,,,,,,,,,,,,,,,,,,,,,,,,,,,,,,,,,,,,,,
5e6c25c3f9af8b3cc2917738,0039,"Wed, 26 Feb 2020 01:17:17 GMT","Wed, 26 Feb 2020 02:43:00 GMT","Wed, 26 Feb 2020 01:52:32 GMT",1.283,2_39_128_18_2020-02-26 01:17:16.767905,0002,CA-308,2-39-128-18,America/Los_Angeles,000000365,333,9.99,30,104,"Wed, 26 Feb 2020 01:17:35 GMT",true,"Wed, 26 Feb 2020 03:01:17 GMT",365,,,,,,,,,,,,,,,,,,,,,,,,,,,,,,,,,,,,,,,,,,,,,,,,,,,,,,,,,,,,,,,,,,,,,,,,,
5e6c25c3f9af8b3cc2917739,0039,"Wed, 26 Feb 2020 02:45:41 GMT","Wed, 26 Feb 2020 14:57:49 GMT","Wed, 26 Feb 2020 04:42:46 GMT",12.172,2_39_79_377_2020-02-26 02:45:40.905237,0002,CA-325,2-39-79-377,America/Los_Angeles,000000754,300,15,50,199,"Wed, 26 Feb 2020 02:45:45 GMT",true,"Wed, 26 Feb 2020 06:04:41 GMT",754,,,,,,,,,,,,,,,,,,,,,,,,,,,,,,,,,,,,,,,,,,,,,,,,,,,,,,,,,,,,,,,,,,,,,,,,,
5e6c25c3f9af8b3cc291773a,0039,"Wed, 26 Feb 2020 04:23:42 GMT","Wed, 26 Feb 2020 05:40:40 GMT","Wed, 26 Feb 2020 05:40:36 GMT",4.279,2_39_139_28_2020-02-26 04:23:41.955486,0002,CA-303,2-39-139-28,America/Los_Angeles,000001263,400,8,20,115,"Wed, 26 Feb 2020 04:23:57 GMT",true,"Wed, 26 Feb 2020 06:18:42 GMT",1263,,,,,,,,,,,,,,,,,,,,,,,,,,,,,,,,,,,,,,,,,,,,,,,,,,,,,,,,,,,,,,,,,,,,,,,,,
5e6c25c3f9af8b3cc291773b,0039,"Wed, 26 Feb 2020 04:28:47 GMT","Wed, 26 Feb 2020 06:46:43 GMT","Wed, 26 Feb 2020 06:46:38 GMT",14.144,2_39_124_22_2020-02-26 04:28:47.374148,0002,CA-312,2-39-124-22,America/Los_Angeles,000001099,400,36,90,152,"Wed, 26 Feb 2020 04:29:37 GMT",true,"Wed, 26 Feb 2020 07:00:47 GMT",1099,,,,,,,,,,,,,,,,,,,,,,,,,,,,,,,,,,,,,,,,,,,,,,,,,,,,,,,,,,,,,,,,,,,,,,,,,
5e6c25e9f9af8b3cc291773c,0039,"Wed, 26 Feb 2020 08:11:13 GMT","Wed, 26 Feb 2020 18:36:56 GMT","Wed, 26 Feb 2020 14:58:49 GMT",10.09,2_39_90_26_2020-02-26 08:11:13.217961,0002,CA-316,2-39-90-26,America/Los_Angeles,000001093,333,6.66,20,199,"Wed, 26 Feb 2020 08:13:09 GMT",true,"Wed, 26 Feb 2020 11:30:13 GMT",1093,,333,9.99,30,438,"Wed, 26 Feb 2020 08:13:29 GMT",true,"Wed, 26 Feb 2020 15:29:13 GMT",1093,,,,,,,,,,,,,,,,,,,,,,,,,,,,,,,,,,,,,,,,,,,,,,,,,,,,,,,,,,,,,,,,
5e6c25e9f9af8b3cc291773d,0039,"Wed, 26 Feb 2020 14:48:10 GMT","Thu, 27 Feb 2020 20:00:02 GMT","Wed, 26 Feb 2020 19:12:23 GMT",14.770036111111112,2_39_79_383_2020-02-26 14:48:10.450989,0002,CA-492,2-39-79-383,America/Los_Angeles,000004913,400,20,50,720,"Wed, 26 Feb 2020 14:48:42 GMT",true,"Thu, 27 Feb 2020 02:48:10 GMT",4913,,,,,,,,,,,,,,,,,,,,,,,,,,,,,,,,,,,,,,,,,,,,,,,,,,,,,,,,,,,,,,,,,,,,,,,,,
5e6c25e9f9af8b3cc291773e,0039,"Wed, 26 Feb 2020 15:41:40 GMT","Wed, 26 Feb 2020 16:44:08 GMT","Wed, 26 Feb 2020 16:44:03 GMT",6.33,2_39_129_17_2020-02-26 15:41:28.615507,0002,CA-307,2-39-129-17,America/Los_Angeles,000001938,400,16,40,141,"Wed, 26 Feb 2020 15:41:40 GMT",true,"Wed, 26 Feb 2020 18:02:40 GMT",1938,,,,,,,,,,,,,,,,,,,,,,,,,,,,,,,,,,,,,,,,,,,,,,,,,,,,,,,,,,,,,,,,,,,,,,,,,
5e6c25e9f9af8b3cc291773f,0039,"Wed, 26 Feb 2020 15:56:27 GMT","Thu, 27 Feb 2020 01:46:42 GMT","Thu, 27 Feb 2020 01:05:42 GMT",0.846,2_39_79_380_2020-02-26 15:56:27.314467,0002,CA-489,2-39-79-380,America/Los_Angeles,,,,,,,,,,,,,,,,,,,,,,,,,,,,,,,,,,,,,,,,,,,,,,,,,,,,,,,,,,,,,,,,,,,,,,,,,,,,,,,,,,
5e6c25e9f9af8b3cc2917740,0039,"Wed, 26 Feb 2020 15:59:54 GMT","Wed, 26 Feb 2020 23:10:42 GMT","Wed, 26 Feb 2020 17:18:50 GMT",3.119,2_39_79_382_2020-02-26 15:59:54.118703,0002,CA-491,2-39-79-382,America/Los_Angeles,000004701,300,9,30,307,"Wed, 26 Feb 2020 16:00:06 GMT",true,"Wed, 26 Feb 2020 21:06:54 GMT",4701,,,,,,,,,,,,,,,,,,,,,,,,,,,,,,,,,,,,,,,,,,,,,,,,,,,,,,,,,,,,,,,,,,,,,,,,,
5e6c25e9f9af8b3cc2917741,0039,"Wed, 26 Feb 2020 16:12:17 GMT","Thu, 27 Feb 2020 04:15:01 GMT","Wed, 26 Feb 2020 17:47:42 GMT",4.644,2_39_95_27_2020-02-26 16:11:52.047298,0002,CA-319,2-39-95-27,America/Los_Angeles,000005594,360,7.2,20,198,"Wed, 26 Feb 2020 16:12:16 GMT",true,"Wed, 26 Feb 2020 19:30:17 GMT",5594,,,,,,,,,,,,,,,,,,,,,,,,,,,,,,,,,,,,,,,,,,,,,,,,,,,,,,,,,,,,,,,,,,,,,,,,,
5e6c25e9f9af8b3cc2917742,0039,"Wed, 26 Feb 2020 16:15:46 GMT","Thu, 27 Feb 2020 01:39:06 GMT","Thu, 27 Feb 2020 01:08:51 GMT",50.304,2_39_78_366_2020-02-26 16:15:46.074296,0002,CA-323,2-39-78-366,America/Los_Angeles,000003853,360,50.4,140,520,"Wed, 26 Feb 2020 16:16:13 GMT",true,"Thu, 27 Feb 2020 00:55:46 GMT",3853,,,,,,,,,,,,,,,,,,,,,,,,,,,,,,,,,,,,,,,,,,,,,,,,,,,,,,,,,,,,,,,,,,,,,,,,,
5e6c25e9f9af8b3cc2917743,0039,"Wed, 26 Feb 2020 16:21:54 GMT","Thu, 27 Feb 2020 01:51:20 GMT","Thu, 27 Feb 2020 01:05:21 GMT",0.874,2_39_79_379_2020-02-26 16:21:54.291234,0002,CA-327,2-39-79-379,America/Los_Angeles,,,,,,,,,,,,,,,,,,,,,,,,,,,,,,,,,,,,,,,,,,,,,,,,,,,,,,,,,,,,,,,,,,,,,,,,,,,,,,,,,,
5e6c25e9f9af8b3cc2917744,0039,"Wed, 26 Feb 2020 16:40:13 GMT","Wed, 26 Feb 2020 22:25:02 GMT","Wed, 26 Feb 2020 18:36:00 GMT",5.844,2_39_130_31_2020-02-26 16:40:13.142461,0002,CA-306,2-39-130-31,America/Los_Angeles,000001366,400,8,20,60,"Wed, 26 Feb 2020 16:40:24 GMT",true,"Wed, 26 Feb 2020 17:40:13 GMT",1366,,,,,,,,,,,,,,,,,,,,,,,,,,,,,,,,,,,,,,,,,,,,,,,,,,,,,,,,,,,,,,,,,,,,,,,,,
5e6c25e9f9af8b3cc2917745,0039,"Wed, 26 Feb 2020 16:48:57 GMT","Thu, 27 Feb 2020 00:30:20 GMT","Thu, 27 Feb 2020 00:31:20 GMT",14.385,2_39_78_362_2020-02-26 16:48:56.835155,0002,CA-496,2-39-78-362,America/Los_Angeles,000001470,292,23.36,80,266,"Wed, 26 Feb 2020 16:49:12 GMT",true,"Wed, 26 Feb 2020 21:14:57 GMT",1470,,,,,,,,,,,,,,,,,,,,,,,,,,,,,,,,,,,,,,,,,,,,,,,,,,,,,,,,,,,,,,,,,,,,,,,,,
5e6c25e9f9af8b3cc2917746,0039,"Wed, 26 Feb 2020 16:52:37 GMT","Thu, 27 Feb 2020 01:31:52 GMT","Wed, 26 Feb 2020 19:34:46 GMT",8.95,2_39_128_562_2020-02-26 16:52:37.108551,0002,CA-508,2-39-128-562,America/Los_Angeles,000001534,250,10,40,404,"Wed, 26 Feb 2020 16:53:11 GMT",true,"Wed, 26 Feb 2020 23:36:37 GMT",1534,,,,,,,,,,,,,,,,,,,,,,,,,,,,,,,,,,,,,,,,,,,,,,,,,,,,,,,,,,,,,,,,,,,,,,,,,
5e6c25e9f9af8b3cc2917747,0039,"Wed, 26 Feb 2020 16:56:08 GMT","Thu, 27 Feb 2020 03:13:19 GMT","Wed, 26 Feb 2020 18:43:57 GMT",5.639,2_39_127_19_2020-02-26 16:56:07.549745,0002,CA-309,2-39-127-19,America/Los_Angeles,000000562,325,6.5,20,195,"Wed, 26 Feb 2020 16:56:28 GMT",true,"Wed, 26 Feb 2020 20:11:08 GMT",562,,,,,,,,,,,,,,,,,,,,,,,,,,,,,,,,,,,,,,,,,,,,,,,,,,,,,,,,,,,,,,,,,,,,,,,,,
5e6c25e9f9af8b3cc2917748,0039,"Wed, 26 Feb 2020 17:04:20 GMT","Thu, 27 Feb 2020 00:24:47 GMT","Wed, 26 Feb 2020 18:40:01 GMT",5.031,2_39_79_377_2020-02-26 17:04:20.286210,0002,CA-325,2-39-79-377,America/Los_Angeles,000000858,400,8,20,254,"Wed, 26 Feb 2020 17:04:30 GMT",true,"Wed, 26 Feb 2020 21:18:20 GMT",858,,,,,,,,,,,,,,,,,,,,,,,,,,,,,,,,,,,,,,,,,,,,,,,,,,,,,,,,,,,,,,,,,,,,,,,,,
5e6c25e9f9af8b3cc2917749,0039,"Wed, 26 Feb 2020 17:07:30 GMT","Thu, 27 Feb 2020 00:37:40 GMT","Wed, 26 Feb 2020 18:31:58 GMT",4.055,2_39_89_25_2020-02-26 17:07:30.386552,0002,CA-315,2-39-89-25,America/Los_Angeles,000000743,400,8,20,441,"Wed, 26 Feb 2020 17:08:24 GMT",true,"Thu, 27 Feb 2020 00:28:30 GMT",743,,,,,,,,,,,,,,,,,,,,,,,,,,,,,,,,,,,,,,,,,,,,,,,,,,,,,,,,,,,,,,,,,,,,,,,,,
5e6c25e9f9af8b3cc291774a,0039,"Wed, 26 Feb 2020 17:11:34 GMT","Thu, 27 Feb 2020 03:22:15 GMT","Wed, 26 Feb 2020 19:03:53 GMT",5.939,2_39_125_21_2020-02-26 17:11:34.360069,0002,CA-311,2-39-125-21,America/Los_Angeles,000000567,400,8,20,434,"Wed, 26 Feb 2020 17:11:45 GMT",true,"Thu, 27 Feb 2020 00:25:34 GMT",567,,400,8,20,438,"Wed, 26 Feb 2020 17:16:12 GMT",true,"Thu, 27 Feb 2020 00:29:34 GMT",567,,,,,,,,,,,,,,,,,,,,,,,,,,,,,,,,,,,,,,,,,,,,,,,,,,,,,,,,,,,,,,,,
5e6c25e9f9af8b3cc291774b,0039,"Wed, 26 Feb 2020 17:18:41 GMT","Thu, 27 Feb 2020 04:01:25 GMT","Thu, 27 Feb 2020 03:19:45 GMT",0.874,2_39_79_376_2020-02-26 17:18:40.761579,0002,CA-324,2-39-79-376,America/Los_Angeles,,,,,,,,,,,,,,,,,,,,,,,,,,,,,,,,,,,,,,,,,,,,,,,,,,,,,,,,,,,,,,,,,,,,,,,,,,,,,,,,,,
5e6c25e9f9af8b3cc291774c,0039,"Wed, 26 Feb 2020 17:28:16 GMT","Thu, 27 Feb 2020 01:11:02 GMT","Wed, 26 Feb 2020 19:06:18 GMT",4.205,2_39_124_22_2020-02-26 17:28:16.317960,0002,CA-312,2-39-124-22,America/Los_Angeles,000000620,400,8,20,441,"Wed, 26 Feb 2020 17:28:39 GMT",true,"Thu, 27 Feb 2020 00:49:16 GMT",620,,,,,,,,,,,,,,,,,,,,,,,,,,,,,,,,,,,,,,,,,,,,,,,,,,,,,,,,,,,,,,,,,,,,,,,,,
5e6c25e9f9af8b3cc291774d,0039,"Wed, 26 Feb 2020 17:42:18 GMT","Thu, 27 Feb 2020 01:36:15 GMT","Wed, 26 Feb 2020 19:46:30 GMT",5.726,2_39_123_23_2020-02-26 17:42:18.436824,0002,CA-313,2-39-123-23,America/Los_Angeles,000001364,400,28,70,182,"Wed, 26 Feb 2020 17:42:26 GMT",true,"Wed, 26 Feb 2020 20:44:18 GMT",1364,,,,,,,,,,,,,,,,,,,,,,,,,,,,,,,,,,,,,,,,,,,,,,,,,,,,,,,,,,,,,,,,,,,,,,,,,
5e6c25e9f9af8b3cc291774e,0039,"Wed, 26 Feb 2020 17:42:56 GMT","Wed, 26 Feb 2020 20:28:31 GMT","Wed, 26 Feb 2020 19:51:15 GMT",13.325,2_39_126_20_2020-02-26 17:42:52.428658,0002,CA-310,2-39-126-20,America/Los_Angeles,000001912,400,20,50,368,"Wed, 26 Feb 2020 17:42:55 GMT",true,"Wed, 26 Feb 2020 23:50:56 GMT",1912,,,,,,,,,,,,,,,,,,,,,,,,,,,,,,,,,,,,,,,,,,,,,,,,,,,,,,,,,,,,,,,,,,,,,,,,,
5e6c25e9f9af8b3cc291774f,0039,"Wed, 26 Feb 2020 17:46:22 GMT","Thu, 27 Feb 2020 03:13:45 GMT","Wed, 26 Feb 2020 19:47:55 GMT",10.927,2_39_91_437_2020-02-26 17:46:21.685168,0002,CA-317,2-39-91-437,America/Los_Angeles,000000558,400,24,60,60,"Wed, 26 Feb 2020 17:46:25 GMT",true,"Wed, 26 Feb 2020 18:46:22 GMT",558,,,,,,,,,,,,,,,,,,,,,,,,,,,,,,,,,,,,,,,,,,,,,,,,,,,,,,,,,,,,,,,,,,,,,,,,,
5e6c25e9f9af8b3cc2917750,0039,"Wed, 26 Feb 2020 17:50:37 GMT","Thu, 27 Feb 2020 01:59:32 GMT","Thu, 27 Feb 2020 01:38:33 GMT",0.861,2_39_78_360_2020-02-26 17:50:37.212822,0002,CA-322,2-39-78-360,America/Los_Angeles,,,,,,,,,,,,,,,,,,,,,,,,,,,,,,,,,,,,,,,,,,,,,,,,,,,,,,,,,,,,,,,,,,,,,,,,,,,,,,,,,,
5e6c25e9f9af8b3cc2917751,0039,"Wed, 26 Feb 2020 18:00:50 GMT","Wed, 26 Feb 2020 20:50:37 GMT","Wed, 26 Feb 2020 20:33:35 GMT",16.578310833333333,2_39_79_378_2020-02-26 18:00:49.750193,0002,CA-326,2-39-79-378,America/Los_Angeles,000000832,400,16,40,162,"Wed, 26 Feb 2020 18:01:23 GMT",true,"Wed, 26 Feb 2020 20:42:50 GMT",832,,,,,,,,,,,,,,,,,,,,,,,,,,,,,,,,,,,,,,,,,,,,,,,,,,,,,,,,,,,,,,,,,,,,,,,,,
5e6c25e9f9af8b3cc2917752,0039,"Wed, 26 Feb 2020 18:04:32 GMT","Thu, 27 Feb 2020 00:30:12 GMT","Thu, 27 Feb 2020 00:11:18 GMT",12.354,2_39_78_363_2020-02-26 18:04:28.227460,0002,CA-320,2-39-78-363,America/Los_Angeles,000001095,400,16,40,447,"Wed, 26 Feb 2020 18:04:32 GMT",true,"Thu, 27 Feb 2020 01:31:32 GMT",1095,,400,16,40,370,"Wed, 26 Feb 2020 18:04:37 GMT",true,"Thu, 27 Feb 2020 00:14:32 GMT",1095,,,,,,,,,,,,,,,,,,,,,,,,,,,,,,,,,,,,,,,,,,,,,,,,,,,,,,,,,,,,,,,,
5e6c25e9f9af8b3cc2917753,0039,"Wed, 26 Feb 2020 18:23:05 GMT","Thu, 27 Feb 2020 01:51:36 GMT","Thu, 27 Feb 2020 01:51:31 GMT",49.667,2_39_88_24_2020-02-26 18:23:04.839060,0002,CA-314,2-39-88-24,America/Los_Angeles,000000489,428,102.72,240,494,"Wed, 26 Feb 2020 18:23:19 GMT",true,"Thu, 27 Feb 2020 02:37:05 GMT",489,,428,102.72,240,432,"Wed, 26 Feb 2020 18:23:34 GMT",true,"Thu, 27 Feb 2020 01:35:05 GMT",489,428,102.72,240,424,"Wed, 26 Feb 2020 18:23:56 GMT",true,"Thu, 27 Feb 2020 01:27:05 GMT",489,,,,,,,,,,,,,,,,,,,,,,,,,,,,,,,,,,,,,,,,,,,,,,,,,,,,,,,,
5e6c25e9f9af8b3cc2917754,0039,"Wed, 26 Feb 2020 18:25:46 GMT","Thu, 27 Feb 2020 02:38:22 GMT","Wed, 26 Feb 2020 19:20:36 GMT",2.438,2_39_92_436_2020-02-26 18:25:46.130929,0002,CA-318,2-39-92-436,America/Los_Angeles,000001864,400,8,20,452,"Wed, 26 Feb 2020 18:25:51 GMT",true,"Thu, 27 Feb 2020 01:57:46 GMT",1864,,400,12,30,391,"Wed, 26 Feb 2020 18:26:05 GMT",true,"Thu, 27 Feb 2020 00:56:46 GMT",1864,,,,,,,,,,,,,,,,,,,,,,,,,,,,,,,,,,,,,,,,,,,,,,,,,,,,,,,,,,,,,,,,
5e6c25e9f9af8b3cc2917755,0039,"Wed, 26 Feb 2020 18:36:17 GMT","Wed, 26 Feb 2020 20:51:31 GMT","Wed, 26 Feb 2020 20:45:06 GMT",4.137,2_39_78_365_2020-02-26 18:36:17.018130,0002,CA-321,2-39-78-365,America/Los_Angeles,000000668,425,4.25,10,83,"Wed, 26 Feb 2020 18:36:28 GMT",true,"Wed, 26 Feb 2020 19:59:17 GMT",668,,,,,,,,,,,,,,,,,,,,,,,,,,,,,,,,,,,,,,,,,,,,,,,,,,,,,,,,,,,,,,,,,,,,,,,,,
5e6c25e9f9af8b3cc2917756,0039,"Wed, 26 Feb 2020 18:42:34 GMT","Wed, 26 Feb 2020 22:35:05 GMT","Wed, 26 Feb 2020 22:22:01 GMT",3.157,2_39_78_367_2020-02-26 18:42:33.976063,0002,CA-494,2-39-78-367,America/Los_Angeles,000002170,400,28,70,417,"Wed, 26 Feb 2020 18:42:39 GMT",true,"Thu, 27 Feb 2020 01:39:34 GMT",2170,,,,,,,,,,,,,,,,,,,,,,,,,,,,,,,,,,,,,,,,,,,,,,,,,,,,,,,,,,,,,,,,,,,,,,,,,
5e6c25e9f9af8b3cc2917757,0039,"Wed, 26 Feb 2020 18:50:04 GMT","Thu, 27 Feb 2020 00:58:04 GMT","Thu, 27 Feb 2020 00:41:23 GMT",0.839,2_39_90_26_2020-02-26 18:50:04.256750,0002,CA-316,2-39-90-26,America/Los_Angeles,,,,,,,,,,,,,,,,,,,,,,,,,,,,,,,,,,,,,,,,,,,,,,,,,,,,,,,,,,,,,,,,,,,,,,,,,,,,,,,,,,
5e6c25e9f9af8b3cc2917758,0039,"Wed, 26 Feb 2020 20:33:52 GMT","Thu, 27 Feb 2020 01:16:25 GMT","Thu, 27 Feb 2020 01:08:57 GMT",1.021,2_39_78_364_2020-02-26 20:33:52.478899,0002,CA-495,2-39-78-364,America/Los_Angeles,,,,,,,,,,,,,,,,,,,,,,,,,,,,,,,,,,,,,,,,,,,,,,,,,,,,,,,,,,,,,,,,,,,,,,,,,,,,,,,,,,
5e6c25e9f9af8b3cc2917759,0039,"Wed, 26 Feb 2020 20:34:29 GMT","Thu, 27 Feb 2020 03:46:24 GMT","Wed, 26 Feb 2020 21:40:29 GMT",2.204,2_39_126_20_2020-02-26 20:34:29.417187,0002,CA-310,2-39-126-20,America/Los_Angeles,000001082,400,8,20,64,"Wed, 26 Feb 2020 20:34:59 GMT",true,"Wed, 26 Feb 2020 21:38:29 GMT",1082,,,,,,,,,,,,,,,,,,,,,,,,,,,,,,,,,,,,,,,,,,,,,,,,,,,,,,,,,,,,,,,,,,,,,,,,,
5e6c25e9f9af8b3cc291775a,0039,"Wed, 26 Feb 2020 20:37:47 GMT","Thu, 27 Feb 2020 01:24:20 GMT","Wed, 26 Feb 2020 22:45:23 GMT",7.161,2_39_90_440_2020-02-26 20:37:47.310601,0002,CA-500,2-39-90-440,America/Los_Angeles,000001091,300,9,30,139,"Wed, 26 Feb 2020 20:38:11 GMT",true,"Wed, 26 Feb 2020 22:56:47 GMT",1091,,,,,,,,,,,,,,,,,,,,,,,,,,,,,,,,,,,,,,,,,,,,,,,,,,,,,,,,,,,,,,,,,,,,,,,,,
5e6c25e9f9af8b3cc291775b,0039,"Wed, 26 Feb 2020 20:45:47 GMT","Thu, 27 Feb 2020 00:40:03 GMT","Wed, 26 Feb 2020 21:54:20 GMT",2.2,2_39_91_441_2020-02-26 20:45:46.689059,0002,CA-499,2-39-91-441,America/Los_Angeles,000000710,400,8,20,286,"Wed, 26 Feb 2020 20:46:12 GMT",true,"Thu, 27 Feb 2020 01:31:47 GMT",710,,,,,,,,,,,,,,,,,,,,,,,,,,,,,,,,,,,,,,,,,,,,,,,,,,,,,,,,,,,,,,,,,,,,,,,,,
5e6c25e9f9af8b3cc291775c,0039,"Wed, 26 Feb 2020 21:10:46 GMT","Wed, 26 Feb 2020 23:59:34 GMT","Wed, 26 Feb 2020 22:19:43 GMT",2.241,2_39_79_378_2020-02-26 21:10:45.826250,0002,CA-326,2-39-79-378,America/Los_Angeles,000000560,400,12,30,132,"Wed, 26 Feb 2020 21:11:11 GMT",true,"Wed, 26 Feb 2020 23:22:46 GMT",560,,,,,,,,,,,,,,,,,,,,,,,,,,,,,,,,,,,,,,,,,,,,,,,,,,,,,,,,,,,,,,,,,,,,,,,,,
5e6c25e9f9af8b3cc291775d,0039,"Wed, 26 Feb 2020 21:18:42 GMT","Thu, 27 Feb 2020 03:03:01 GMT","Wed, 26 Feb 2020 23:25:27 GMT",6.788,2_39_78_365_2020-02-26 21:18:41.543205,0002,CA-321,2-39-78-365,America/Los_Angeles,000001124,400,8,20,60,"Wed, 26 Feb 2020 21:19:04 GMT",true,"Wed, 26 Feb 2020 22:18:42 GMT",1124,,,,,,,,,,,,,,,,,,,,,,,,,,,,,,,,,,,,,,,,,,,,,,,,,,,,,,,,,,,,,,,,,,,,,,,,,
5e6c25e9f9af8b3cc291775e,0039,"Wed, 26 Feb 2020 22:38:49 GMT","Thu, 27 Feb 2020 01:53:16 GMT","Thu, 27 Feb 2020 01:38:50 GMT",0.726923536439364,2_39_78_367_2020-02-26 22:38:48.747405,0002,CA-494,2-39-78-367,America/Los_Angeles,,,,,,,,,,,,,,,,,,,,,,,,,,,,,,,,,,,,,,,,,,,,,,,,,,,,,,,,,,,,,,,,,,,,,,,,,,,,,,,,,,
5e6c25e9f9af8b3cc291775f,0039,"Wed, 26 Feb 2020 23:38:44 GMT","Thu, 27 Feb 2020 01:05:02 GMT","Thu, 27 Feb 2020 00:37:54 GMT",2.855,2_39_79_382_2020-02-26 23:38:43.768326,0002,CA-491,2-39-79-382,America/Los_Angeles,000001920,600,12,20,107,"Wed, 26 Feb 2020 23:39:00 GMT",true,"Thu, 27 Feb 2020 01:25:44 GMT",1920,,600,12,20,107,"Wed, 26 Feb 2020 23:39:07 GMT",true,"Thu, 27 Feb 2020 01:25:44 GMT",1920,600,12,20,105,"Wed, 26 Feb 2020 23:39:21 GMT",true,"Thu, 27 Feb 2020 01:23:44 GMT",1920,,,,,,,,,,,,,,,,,,,,,,,,,,,,,,,,,,,,,,,,,,,,,,,,,,,,,,,,
5e6c25e9f9af8b3cc2917760,0039,"Thu, 27 Feb 2020 00:37:55 GMT","Thu, 27 Feb 2020 04:36:16 GMT","Thu, 27 Feb 2020 03:22:14 GMT",11.67,2_39_79_377_2020-02-27 00:37:54.583253,0002,CA-325,2-39-79-377,America/Los_Angeles,000001137,400,24,60,214,"Thu, 27 Feb 2020 00:39:21 GMT",true,"Thu, 27 Feb 2020 04:11:55 GMT",1137,,,,,,,,,,,,,,,,,,,,,,,,,,,,,,,,,,,,,,,,,,,,,,,,,,,,,,,,,,,,,,,,,,,,,,,,,
5e6c25e9f9af8b3cc2917761,0039,"Thu, 27 Feb 2020 00:56:15 GMT","Thu, 27 Feb 2020 03:30:04 GMT","Thu, 27 Feb 2020 02:50:07 GMT",5.707,2_39_138_29_2020-02-27 00:56:14.736952,0002,CA-304,2-39-138-29,America/Los_Angeles,000001366,400,8,20,60,"Thu, 27 Feb 2020 00:56:54 GMT",true,"Thu, 27 Feb 2020 01:56:15 GMT",1366,,,,,,,,,,,,,,,,,,,,,,,,,,,,,,,,,,,,,,,,,,,,,,,,,,,,,,,,,,,,,,,,,,,,,,,,,
5e6c25e9f9af8b3cc2917762,0039,"Thu, 27 Feb 2020 01:54:02 GMT","Thu, 27 Feb 2020 03:07:35 GMT","Thu, 27 Feb 2020 02:56:29 GMT",5.886,2_39_79_382_2020-02-27 01:54:01.600211,0002,CA-491,2-39-79-382,America/Los_Angeles,000004701,300,6,20,86,"Thu, 27 Feb 2020 01:54:10 GMT",true,"Thu, 27 Feb 2020 03:20:02 GMT",4701,,,,,,,,,,,,,,,,,,,,,,,,,,,,,,,,,,,,,,,,,,,,,,,,,,,,,,,,,,,,,,,,,,,,,,,,,
5e6c25e9f9af8b3cc2917763,0039,"Thu, 27 Feb 2020 02:59:45 GMT","Thu, 27 Feb 2020 04:36:33 GMT","Thu, 27 Feb 2020 04:36:29 GMT",6.151,2_39_139_28_2020-02-27 02:59:44.762294,0002,CA-303,2-39-139-28,America/Los_Angeles,000001564,300,12,40,139,"Thu, 27 Feb 2020 02:59:47 GMT",true,"Thu, 27 Feb 2020 05:18:45 GMT",1564,,,,,,,,,,,,,,,,,,,,,,,,,,,,,,,,,,,,,,,,,,,,,,,,,,,,,,,,,,,,,,,,,,,,,,,,,
5e6c25e9f9af8b3cc2917764,0039,"Thu, 27 Feb 2020 03:44:20 GMT","Thu, 27 Feb 2020 06:14:56 GMT","Thu, 27 Feb 2020 06:14:51 GMT",15.263,2_39_129_17_2020-02-27 03:44:19.871162,0002,CA-307,2-39-129-17,America/Los_Angeles,000001099,400,36,90,171,"Thu, 27 Feb 2020 03:45:05 GMT",true,"Thu, 27 Feb 2020 06:35:20 GMT",1099,,,,,,,,,,,,,,,,,,,,,,,,,,,,,,,,,,,,,,,,,,,,,,,,,,,,,,,,,,,,,,,,,,,,,,,,,
5e6c25e9f9af8b3cc2917765,0039,"Thu, 27 Feb 2020 04:49:41 GMT","Thu, 27 Feb 2020 05:50:19 GMT","Thu, 27 Feb 2020 05:20:33 GMT",0.87,2_39_139_28_2020-02-27 04:49:41.287233,0002,CA-303,2-39-139-28,America/Los_Angeles,,,,,,,,,,,,,,,,,,,,,,,,,,,,,,,,,,,,,,,,,,,,,,,,,,,,,,,,,,,,,,,,,,,,,,,,,,,,,,,,,,
5e6d771af9af8b40886ec466,0039,"Thu, 27 Feb 2020 15:56:02 GMT","Fri, 28 Feb 2020 01:27:50 GMT","Fri, 28 Feb 2020 00:46:02 GMT",2.75,2_39_78_366_2020-02-27 15:56:01.732189,0002,CA-323,2-39-78-366,America/Los_Angeles,000003853,360,28.8,80,520,"Thu, 27 Feb 2020 15:57:55 GMT",true,"Fri, 28 Feb 2020 00:36:02 GMT",3853,,,,,,,,,,,,,,,,,,,,,,,,,,,,,,,,,,,,,,,,,,,,,,,,,,,,,,,,,,,,,,,,,,,,,,,,,
5e6d771af9af8b40886ec467,0039,"Thu, 27 Feb 2020 15:56:06 GMT","Thu, 27 Feb 2020 22:47:21 GMT","Thu, 27 Feb 2020 20:36:58 GMT",3.316,2_39_79_382_2020-02-27 15:56:05.803259,0002,CA-491,2-39-79-382,America/Los_Angeles,000004701,300,9,30,416,"Thu, 27 Feb 2020 15:56:09 GMT",true,"Thu, 27 Feb 2020 22:52:06 GMT",4701,,,,,,,,,,,,,,,,,,,,,,,,,,,,,,,,,,,,,,,,,,,,,,,,,,,,,,,,,,,,,,,,,,,,,,,,,
5e6d771af9af8b40886ec468,0039,"Thu, 27 Feb 2020 16:04:45 GMT","Fri, 28 Feb 2020 03:07:44 GMT","Thu, 27 Feb 2020 20:36:56 GMT",1.632,2_39_79_380_2020-02-27 16:04:45.257237,0002,CA-489,2-39-79-380,America/Los_Angeles,,,,,,,,,,,,,,,,,,,,,,,,,,,,,,,,,,,,,,,,,,,,,,,,,,,,,,,,,,,,,,,,,,,,,,,,,,,,,,,,,,
5e6d771af9af8b40886ec469,0039,"Thu, 27 Feb 2020 16:20:25 GMT","Thu, 27 Feb 2020 22:11:48 GMT","Thu, 27 Feb 2020 22:11:43 GMT",15.803,2_39_79_376_2020-02-27 16:20:21.547525,0002,CA-324,2-39-79-376,America/Los_Angeles,000003424,295,29.5,100,546,"Thu, 27 Feb 2020 16:20:25 GMT",true,"Fri, 28 Feb 2020 01:26:25 GMT",3424,,,,,,,,,,,,,,,,,,,,,,,,,,,,,,,,,,,,,,,,,,,,,,,,,,,,,,,,,,,,,,,,,,,,,,,,,
5e6d771af9af8b40886ec46a,0039,"Thu, 27 Feb 2020 16:26:27 GMT","Fri, 28 Feb 2020 00:43:36 GMT","Thu, 27 Feb 2020 20:49:30 GMT",0.6908228793307026,2_39_78_364_2020-02-27 16:26:27.472403,0002,CA-495,2-39-78-364,America/Los_Angeles,000001470,292,17.52,60,266,"Thu, 27 Feb 2020 16:27:03 GMT",true,"Thu, 27 Feb 2020 20:52:27 GMT",1470,,,,,,,,,,,,,,,,,,,,,,,,,,,,,,,,,,,,,,,,,,,,,,,,,,,,,,,,,,,,,,,,,,,,,,,,,
5e6d771af9af8b40886ec46b,0039,"Thu, 27 Feb 2020 16:34:19 GMT","Fri, 28 Feb 2020 01:14:21 GMT","Thu, 27 Feb 2020 20:36:58 GMT",0.723,2_39_79_379_2020-02-27 16:34:19.482901,0002,CA-327,2-39-79-379,America/Los_Angeles,,,,,,,,,,,,,,,,,,,,,,,,,,,,,,,,,,,,,,,,,,,,,,,,,,,,,,,,,,,,,,,,,,,,,,,,,,,,,,,,,,
5e6d771af9af8b40886ec46c,0039,"Thu, 27 Feb 2020 16:34:29 GMT","Thu, 27 Feb 2020 23:14:47 GMT","Thu, 27 Feb 2020 21:55:18 GMT",1.978,2_39_78_365_2020-02-27 16:34:29.507240,0002,CA-321,2-39-78-365,America/Los_Angeles,000000068,214,12.84,60,303,"Thu, 27 Feb 2020 16:35:01 GMT",true,"Thu, 27 Feb 2020 21:37:29 GMT",68,,,,,,,,,,,,,,,,,,,,,,,,,,,,,,,,,,,,,,,,,,,,,,,,,,,,,,,,,,,,,,,,,,,,,,,,,
5e6d771af9af8b40886ec46d,0039,"Thu, 27 Feb 2020 16:41:59 GMT","Fri, 28 Feb 2020 02:27:33 GMT","Thu, 27 Feb 2020 20:36:57 GMT",4.535,2_39_139_28_2020-02-27 16:41:32.839982,0002,CA-303,2-39-139-28,America/Los_Angeles,000000712,400,16,40,343,"Thu, 27 Feb 2020 16:41:59 GMT",true,"Thu, 27 Feb 2020 22:24:59 GMT",712,,,,,,,,,,,,,,,,,,,,,,,,,,,,,,,,,,,,,,,,,,,,,,,,,,,,,,,,,,,,,,,,,,,,,,,,,
5e6d771af9af8b40886ec46e,0039,"Thu, 27 Feb 2020 16:43:26 GMT","Fri, 28 Feb 2020 00:07:32 GMT","Thu, 27 Feb 2020 21:54:08 GMT",13.09,2_39_79_377_2020-02-27 16:43:25.755640,0002,CA-325,2-39-79-377,America/Los_Angeles,000000945,400,32,80,62,"Thu, 27 Feb 2020 16:43:27 GMT",true,"Thu, 27 Feb 2020 17:45:26 GMT",945,,,,,,,,,,,,,,,,,,,,,,,,,,,,,,,,,,,,,,,,,,,,,,,,,,,,,,,,,,,,,,,,,,,,,,,,,
5e6d771af9af8b40886ec46f,0039,"Thu, 27 Feb 2020 16:48:23 GMT","Thu, 27 Feb 2020 22:47:38 GMT","Thu, 27 Feb 2020 20:36:55 GMT",2.448,2_39_130_31_2020-02-27 16:48:23.053669,0002,CA-306,2-39-130-31,America/Los_Angeles,000001366,400,8,20,60,"Thu, 27 Feb 2020 16:48:41 GMT",true,"Thu, 27 Feb 2020 17:48:23 GMT",1366,,,,,,,,,,,,,,,,,,,,,,,,,,,,,,,,,,,,,,,,,,,,,,,,,,,,,,,,,,,,,,,,,,,,,,,,,
5e6d771af9af8b40886ec470,0039,"Thu, 27 Feb 2020 16:48:46 GMT","Fri, 28 Feb 2020 03:12:36 GMT","Thu, 27 Feb 2020 20:36:56 GMT",5.388,2_39_127_19_2020-02-27 16:48:45.871865,0002,CA-309,2-39-127-19,America/Los_Angeles,000000562,325,6.5,20,195,"Thu, 27 Feb 2020 16:49:00 GMT",true,"Thu, 27 Feb 2020 20:03:46 GMT",562,,,,,,,,,,,,,,,,,,,,,,,,,,,,,,,,,,,,,,,,,,,,,,,,,,,,,,,,,,,,,,,,,,,,,,,,,
5e6d771af9af8b40886ec471,0039,"Thu, 27 Feb 2020 16:53:03 GMT","Thu, 27 Feb 2020 22:54:10 GMT","Thu, 27 Feb 2020 22:54:02 GMT",7.524,2_39_78_361_2020-02-27 16:52:56.199674,0002,CA-493,2-39-78-361,America/Los_Angeles,000000671,267,26.7,100,352,"Thu, 27 Feb 2020 16:53:03 GMT",true,"Thu, 27 Feb 2020 22:45:03 GMT",671,,,,,,,,,,,,,,,,,,,,,,,,,,,,,,,,,,,,,,,,,,,,,,,,,,,,,,,,,,,,,,,,,,,,,,,,,
5e6d771af9af8b40886ec472,0039,"Thu, 27 Feb 2020 17:04:10 GMT","Fri, 28 Feb 2020 00:37:16 GMT","Thu, 27 Feb 2020 20:36:56 GMT",5.562,2_39_89_25_2020-02-27 17:04:10.113429,0002,CA-315,2-39-89-25,America/Los_Angeles,,,,,,,,,,,,,,,,,,,,,,,,,,,,,,,,,,,,,,,,,,,,,,,,,,,,,,,,,,,,,,,,,,,,,,,,,,,,,,,,,,
5e6d771af9af8b40886ec473,0039,"Thu, 27 Feb 2020 17:09:51 GMT","Fri, 28 Feb 2020 03:05:52 GMT","Thu, 27 Feb 2020 21:33:00 GMT",11.05,2_39_91_441_2020-02-27 17:09:31.739552,0002,CA-499,2-39-91-441,America/Los_Angeles,000000558,400,24,60,60,"Thu, 27 Feb 2020 17:09:50 GMT",true,"Thu, 27 Feb 2020 18:09:51 GMT",558,,,,,,,,,,,,,,,,,,,,,,,,,,,,,,,,,,,,,,,,,,,,,,,,,,,,,,,,,,,,,,,,,,,,,,,,,
5e6d771af9af8b40886ec474,0039,"Thu, 27 Feb 2020 17:25:21 GMT","Thu, 27 Feb 2020 23:06:41 GMT","Thu, 27 Feb 2020 22:16:50 GMT",13.433,2_39_126_20_2020-02-27 17:24:52.023852,0002,CA-310,2-39-126-20,America/Los_Angeles,000001912,400,20,50,368,"Thu, 27 Feb 2020 17:25:21 GMT",true,"Thu, 27 Feb 2020 23:33:21 GMT",1912,,,,,,,,,,,,,,,,,,,,,,,,,,,,,,,,,,,,,,,,,,,,,,,,,,,,,,,,,,,,,,,,,,,,,,,,,
5e6d771af9af8b40886ec475,0039,"Thu, 27 Feb 2020 17:33:06 GMT","Thu, 27 Feb 2020 21:30:16 GMT","Thu, 27 Feb 2020 21:09:53 GMT",1.285,2_39_78_363_2020-02-27 17:33:05.850218,0002,CA-320,2-39-78-363,America/Los_Angeles,000000714,400,32,80,412,"Thu, 27 Feb 2020 17:33:19 GMT",true,"Fri, 28 Feb 2020 00:25:06 GMT",714,,,,,,,,,,,,,,,,,,,,,,,,,,,,,,,,,,,,,,,,,,,,,,,,,,,,,,,,,,,,,,,,,,,,,,,,,
5e6d771af9af8b40886ec476,0039,"Thu, 27 Feb 2020 17:33:58 GMT","Fri, 28 Feb 2020 00:12:01 GMT","Thu, 27 Feb 2020 22:50:50 GMT",8.802,2_39_79_378_2020-02-27 17:33:58.446056,0002,CA-326,2-39-79-378,America/Los_Angeles,000001137,400,32,80,403,"Thu, 27 Feb 2020 17:38:02 GMT",true,"Fri, 28 Feb 2020 00:16:58 GMT",1137,,,,,,,,,,,,,,,,,,,,,,,,,,,,,,,,,,,,,,,,,,,,,,,,,,,,,,,,,,,,,,,,,,,,,,,,,
5e6d771af9af8b40886ec477,0039,"Thu, 27 Feb 2020 18:22:51 GMT","Fri, 28 Feb 2020 01:29:12 GMT","Thu, 27 Feb 2020 20:36:55 GMT",2.831,2_39_91_437_2020-02-27 18:22:51.241183,0002,CA-317,2-39-91-437,America/Los_Angeles,000002170,400,28,70,417,"Thu, 27 Feb 2020 18:23:03 GMT",true,"Fri, 28 Feb 2020 01:19:51 GMT",2170,,,,,,,,,,,,,,,,,,,,,,,,,,,,,,,,,,,,,,,,,,,,,,,,,,,,,,,,,,,,,,,,,,,,,,,,,
5e6d771af9af8b40886ec478,0039,"Thu, 27 Feb 2020 18:25:54 GMT","Fri, 28 Feb 2020 01:44:44 GMT","Thu, 27 Feb 2020 21:48:17 GMT",7.675,2_39_95_27_2020-02-27 18:25:54.480717,0002,CA-319,2-39-95-27,America/Los_Angeles,000001524,400,12,30,129,"Thu, 27 Feb 2020 18:26:21 GMT",true,"Thu, 27 Feb 2020 20:34:54 GMT",1524,,,,,,,,,,,,,,,,,,,,,,,,,,,,,,,,,,,,,,,,,,,,,,,,,,,,,,,,,,,,,,,,,,,,,,,,,
5e6d771af9af8b40886ec479,0039,"Thu, 27 Feb 2020 18:26:54 GMT","Fri, 28 Feb 2020 00:23:55 GMT","Thu, 27 Feb 2020 22:14:43 GMT",11.42,2_39_90_440_2020-02-27 18:26:44.826894,0002,CA-500,2-39-90-440,America/Los_Angeles,000001095,400,16,40,370,"Thu, 27 Feb 2020 18:26:53 GMT",true,"Fri, 28 Feb 2020 00:36:54 GMT",1095,,,,,,,,,,,,,,,,,,,,,,,,,,,,,,,,,,,,,,,,,,,,,,,,,,,,,,,,,,,,,,,,,,,,,,,,,
5e6d771af9af8b40886ec47a,0039,"Thu, 27 Feb 2020 18:38:20 GMT","Fri, 28 Feb 2020 01:40:31 GMT","Thu, 27 Feb 2020 21:46:41 GMT",6.096,2_39_123_23_2020-02-27 18:38:20.112146,0002,CA-313,2-39-123-23,America/Los_Angeles,000000567,400,8,20,665,"Thu, 27 Feb 2020 18:38:24 GMT",true,"Fri, 28 Feb 2020 05:43:20 GMT",567,,400,8,20,402,"Thu, 27 Feb 2020 18:38:52 GMT",true,"Fri, 28 Feb 2020 01:20:20 GMT",567,400,8,20,61,"Thu, 27 Feb 2020 18:40:10 GMT",true,"Thu, 27 Feb 2020 19:39:20 GMT",567,400,8,20,61,"Thu, 27 Feb 2020 19:43:02 GMT",true,"Thu, 27 Feb 2020 19:39:20 GMT",567,,,,,,,,,,,,,,,,,,,,,,,,,,,,,,,,,,,,,,,,,,,,,,,,
5e6d771af9af8b40886ec47b,0039,"Thu, 27 Feb 2020 19:08:34 GMT","Fri, 28 Feb 2020 05:29:49 GMT","Thu, 27 Feb 2020 22:35:06 GMT",13.923,2_39_89_439_2020-02-27 19:08:34.203918,0002,CA-501,2-39-89-439,America/Los_Angeles,000000069,400,40,100,363,"Thu, 27 Feb 2020 19:08:55 GMT",true,"Fri, 28 Feb 2020 01:11:34 GMT",69,,,,,,,,,,,,,,,,,,,,,,,,,,,,,,,,,,,,,,,,,,,,,,,,,,,,,,,,,,,,,,,,,,,,,,,,,
5e6d771af9af8b40886ec47c,0039,"Thu, 27 Feb 2020 20:00:11 GMT","Fri, 28 Feb 2020 00:54:45 GMT","Thu, 27 Feb 2020 23:23:15 GMT",0.7456287335718179,2_39_78_360_2020-02-27 20:00:11.291573,0002,CA-322,2-39-78-360,America/Los_Angeles,,,,,,,,,,,,,,,,,,,,,,,,,,,,,,,,,,,,,,,,,,,,,,,,,,,,,,,,,,,,,,,,,,,,,,,,,,,,,,,,,,
5e6d771af9af8b40886ec47d,0039,"Thu, 27 Feb 2020 20:04:53 GMT","Fri, 28 Feb 2020 02:41:03 GMT","Thu, 27 Feb 2020 22:05:51 GMT",3.872,2_39_90_26_2020-02-27 20:04:52.754044,0002,CA-316,2-39-90-26,America/Los_Angeles,000000958,200,4,20,570,"Thu, 27 Feb 2020 20:06:09 GMT",true,"Fri, 28 Feb 2020 05:34:53 GMT",958,,,,,,,,,,,,,,,,,,,,,,,,,,,,,,,,,,,,,,,,,,,,,,,,,,,,,,,,,,,,,,,,,,,,,,,,,
5e6d771af9af8b40886ec47e,0039,"Thu, 27 Feb 2020 21:05:19 GMT","Thu, 27 Feb 2020 22:55:52 GMT","Thu, 27 Feb 2020 22:55:47 GMT",11.709,2_39_125_21_2020-02-27 21:05:19.445361,0002,CA-311,2-39-125-21,America/Los_Angeles,000001039,400,80,200,327,"Thu, 27 Feb 2020 21:05:38 GMT",true,"Fri, 28 Feb 2020 02:32:19 GMT",1039,,,,,,,,,,,,,,,,,,,,,,,,,,,,,,,,,,,,,,,,,,,,,,,,,,,,,,,,,,,,,,,,,,,,,,,,,
5e6d771af9af8b40886ec47f,0039,"Thu, 27 Feb 2020 21:07:36 GMT","Fri, 28 Feb 2020 04:20:45 GMT","Thu, 27 Feb 2020 21:41:13 GMT",1.675,2_39_95_444_2020-02-27 21:07:35.534715,0002,CA-497,2-39-95-444,America/Los_Angeles,000001091,300,9,30,139,"Thu, 27 Feb 2020 21:07:49 GMT",true,"Thu, 27 Feb 2020 23:26:36 GMT",1091,,,,,,,,,,,,,,,,,,,,,,,,,,,,,,,,,,,,,,,,,,,,,,,,,,,,,,,,,,,,,,,,,,,,,,,,,
5e6d771af9af8b40886ec480,0039,"Thu, 27 Feb 2020 21:36:21 GMT","Fri, 28 Feb 2020 01:29:23 GMT","Thu, 27 Feb 2020 23:47:46 GMT",14.324,2_39_88_438_2020-02-27 21:36:21.238235,0002,CA-502,2-39-88-438,America/Los_Angeles,000003176,400,20,50,260,"Thu, 27 Feb 2020 21:37:14 GMT",true,"Fri, 28 Feb 2020 01:56:21 GMT",3176,,,,,,,,,,,,,,,,,,,,,,,,,,,,,,,,,,,,,,,,,,,,,,,,,,,,,,,,,,,,,,,,,,,,,,,,,
5e6d771af9af8b40886ec481,0039,"Thu, 27 Feb 2020 21:51:49 GMT","Fri, 28 Feb 2020 03:00:15 GMT","Thu, 27 Feb 2020 23:57:11 GMT",6.884,2_39_78_363_2020-02-27 21:51:49.398641,0002,CA-320,2-39-78-363,America/Los_Angeles,000001124,400,8,20,60,"Thu, 27 Feb 2020 21:52:41 GMT",true,"Thu, 27 Feb 2020 22:51:49 GMT",1124,,,,,,,,,,,,,,,,,,,,,,,,,,,,,,,,,,,,,,,,,,,,,,,,,,,,,,,,,,,,,,,,,,,,,,,,,
5e6d771af9af8b40886ec482,0039,"Thu, 27 Feb 2020 22:18:02 GMT","Thu, 27 Feb 2020 23:37:23 GMT","Thu, 27 Feb 2020 23:37:18 GMT",4.252,2_39_124_22_2020-02-27 22:18:01.989844,0002,CA-312,2-39-124-22,America/Los_Angeles,000001236,400,8,20,67,"Thu, 27 Feb 2020 22:19:16 GMT",true,"Thu, 27 Feb 2020 23:25:02 GMT",1236,,,,,,,,,,,,,,,,,,,,,,,,,,,,,,,,,,,,,,,,,,,,,,,,,,,,,,,,,,,,,,,,,,,,,,,,,
5e6d771af9af8b40886ec483,0039,"Thu, 27 Feb 2020 22:49:24 GMT","Thu, 27 Feb 2020 23:45:45 GMT","Thu, 27 Feb 2020 23:03:39 GMT",1.161,2_39_130_31_2020-02-27 22:49:24.399869,0002,CA-306,2-39-130-31,America/Los_Angeles,000000630,400,24,60,76,"Thu, 27 Feb 2020 22:49:36 GMT",true,"Fri, 28 Feb 2020 00:05:24 GMT",630,,,,,,,,,,,,,,,,,,,,,,,,,,,,,,,,,,,,,,,,,,,,,,,,,,,,,,,,,,,,,,,,,,,,,,,,,
5e6d771af9af8b40886ec484,0039,"Fri, 28 Feb 2020 00:08:53 GMT","Fri, 28 Feb 2020 02:11:14 GMT","Fri, 28 Feb 2020 02:11:09 GMT",13.537,2_39_92_436_2020-02-28 00:08:53.492289,0002,CA-318,2-39-92-436,America/Los_Angeles,000001039,400,40,100,327,"Fri, 28 Feb 2020 00:09:09 GMT",true,"Fri, 28 Feb 2020 05:35:53 GMT",1039,,,,,,,,,,,,,,,,,,,,,,,,,,,,,,,,,,,,,,,,,,,,,,,,,,,,,,,,,,,,,,,,,,,,,,,,,
5e6d771af9af8b40886ec485,0039,"Fri, 28 Feb 2020 00:21:23 GMT","Fri, 28 Feb 2020 02:26:53 GMT","Fri, 28 Feb 2020 01:13:39 GMT",2.472,2_39_125_21_2020-02-28 00:21:22.781455,0002,CA-311,2-39-125-21,America/Los_Angeles,000001920,600,12,20,105,"Fri, 28 Feb 2020 00:22:16 GMT",true,"Fri, 28 Feb 2020 02:06:23 GMT",1920,,600,12,20,105,"Fri, 28 Feb 2020 00:22:20 GMT",true,"Fri, 28 Feb 2020 02:06:23 GMT",1920,600,12,20,102,"Fri, 28 Feb 2020 00:22:30 GMT",true,"Fri, 28 Feb 2020 02:03:23 GMT",1920,600,12,20,122,"Fri, 28 Feb 2020 00:22:36 GMT",true,"Fri, 28 Feb 2020 02:23:23 GMT",1920,,,,,,,,,,,,,,,,,,,,,,,,,,,,,,,,,,,,,,,,,,,,,,,,
5e6d771af9af8b40886ec486,0039,"Fri, 28 Feb 2020 00:51:26 GMT","Fri, 28 Feb 2020 01:48:35 GMT","Fri, 28 Feb 2020 01:39:34 GMT",2.077,2_39_130_31_2020-02-28 00:51:26.363587,0002,CA-306,2-39-130-31,America/Los_Angeles,000001366,400,8,20,60,"Fri, 28 Feb 2020 00:51:36 GMT",true,"Fri, 28 Feb 2020 01:51:26 GMT",1366,,,,,,,,,,,,,,,,,,,,,,,,,,,,,,,,,,,,,,,,,,,,,,,,,,,,,,,,,,,,,,,,,,,,,,,,,
5e6d771af9af8b40886ec487,0039,"Fri, 28 Feb 2020 01:44:25 GMT","Fri, 28 Feb 2020 03:01:48 GMT","Fri, 28 Feb 2020 02:14:42 GMT",0.833,2_39_131_30_2020-02-28 01:44:25.454941,0002,CA-305,2-39-131-30,America/Los_Angeles,,,,,,,,,,,,,,,,,,,,,,,,,,,,,,,,,,,,,,,,,,,,,,,,,,,,,,,,,,,,,,,,,,,,,,,,,,,,,,,,,,
5e6d771af9af8b40886ec488,0039,"Fri, 28 Feb 2020 03:20:35 GMT","Fri, 28 Feb 2020 06:09:15 GMT","Fri, 28 Feb 2020 06:09:10 GMT",9.559,2_39_91_437_2020-02-28 03:20:34.861142,0002,CA-317,2-39-91-437,America/Los_Angeles,000001108,400,20,50,163,"Fri, 28 Feb 2020 03:23:54 GMT",true,"Fri, 28 Feb 2020 06:03:35 GMT",1108,,,,,,,,,,,,,,,,,,,,,,,,,,,,,,,,,,,,,,,,,,,,,,,,,,,,,,,,,,,,,,,,,,,,,,,,,
5e6d771af9af8b40886ec489,0039,"Fri, 28 Feb 2020 04:27:33 GMT","Fri, 28 Feb 2020 05:53:15 GMT","Fri, 28 Feb 2020 05:16:12 GMT",2.737,2_39_139_28_2020-02-28 04:27:32.892471,0002,CA-303,2-39-139-28,America/Los_Angeles,000001263,400,8,20,115,"Fri, 28 Feb 2020 04:27:49 GMT",true,"Fri, 28 Feb 2020 06:22:33 GMT",1263,,,,,,,,,,,,,,,,,,,,,,,,,,,,,,,,,,,,,,,,,,,,,,,,,,,,,,,,,,,,,,,,,,,,,,,,,
5e6ec8a0f9af8b4466ea156b,0039,"Fri, 28 Feb 2020 14:46:27 GMT","Fri, 28 Feb 2020 22:12:33 GMT","Fri, 28 Feb 2020 18:57:33 GMT",13.25,2_39_79_383_2020-02-28 14:46:27.514748,0002,CA-492,2-39-79-383,America/Los_Angeles,000004913,400,20,50,358,"Fri, 28 Feb 2020 14:47:04 GMT",true,"Fri, 28 Feb 2020 20:44:27 GMT",4913,,,,,,,,,,,,,,,,,,,,,,,,,,,,,,,,,,,,,,,,,,,,,,,,,,,,,,,,,,,,,,,,,,,,,,,,,
5e6ec8a0f9af8b4466ea156c,0039,"Fri, 28 Feb 2020 15:01:12 GMT","Sat, 29 Feb 2020 01:09:02 GMT","Fri, 28 Feb 2020 16:24:12 GMT",3.988,2_39_89_25_2020-02-28 14:58:14.180120,0002,CA-315,2-39-89-25,America/Los_Angeles,000000743,400,8,20,441,"Fri, 28 Feb 2020 15:01:12 GMT",true,"Fri, 28 Feb 2020 22:22:12 GMT",743,,,,,,,,,,,,,,,,,,,,,,,,,,,,,,,,,,,,,,,,,,,,,,,,,,,,,,,,,,,,,,,,,,,,,,,,,
5e6ec8a0f9af8b4466ea156d,0039,"Fri, 28 Feb 2020 15:39:20 GMT","Sat, 29 Feb 2020 00:48:39 GMT","Fri, 28 Feb 2020 16:52:26 GMT",2.786,2_39_79_382_2020-02-28 15:39:19.620945,0002,CA-491,2-39-79-382,America/Los_Angeles,000004701,300,9,30,416,"Fri, 28 Feb 2020 15:39:21 GMT",true,"Fri, 28 Feb 2020 22:35:20 GMT",4701,,,,,,,,,,,,,,,,,,,,,,,,,,,,,,,,,,,,,,,,,,,,,,,,,,,,,,,,,,,,,,,,,,,,,,,,,
5e6ec8a0f9af8b4466ea156e,0039,"Fri, 28 Feb 2020 15:43:41 GMT","Sat, 29 Feb 2020 03:08:59 GMT","Sat, 29 Feb 2020 00:20:02 GMT",1.218,2_39_79_380_2020-02-28 15:43:41.049763,0002,CA-489,2-39-79-380,America/Los_Angeles,,,,,,,,,,,,,,,,,,,,,,,,,,,,,,,,,,,,,,,,,,,,,,,,,,,,,,,,,,,,,,,,,,,,,,,,,,,,,,,,,,
5e6ec8a0f9af8b4466ea156f,0039,"Fri, 28 Feb 2020 16:00:03 GMT","Fri, 28 Feb 2020 20:50:05 GMT","Fri, 28 Feb 2020 17:17:09 GMT",3.443,2_39_138_29_2020-02-28 16:00:02.806029,0002,CA-304,2-39-138-29,America/Los_Angeles,000001564,300,12,40,139,"Fri, 28 Feb 2020 16:00:18 GMT",true,"Fri, 28 Feb 2020 18:19:03 GMT",1564,,,,,,,,,,,,,,,,,,,,,,,,,,,,,,,,,,,,,,,,,,,,,,,,,,,,,,,,,,,,,,,,,,,,,,,,,
5e6ec8a0f9af8b4466ea1570,0039,"Fri, 28 Feb 2020 16:09:56 GMT","Sat, 29 Feb 2020 03:08:37 GMT","Fri, 28 Feb 2020 20:45:11 GMT",0.982,2_39_79_378_2020-02-28 16:09:56.010263,0002,CA-326,2-39-79-378,America/Los_Angeles,,,,,,,,,,,,,,,,,,,,,,,,,,,,,,,,,,,,,,,,,,,,,,,,,,,,,,,,,,,,,,,,,,,,,,,,,,,,,,,,,,
5e6ec8a0f9af8b4466ea1571,0039,"Fri, 28 Feb 2020 16:14:21 GMT","Fri, 28 Feb 2020 20:58:17 GMT","Fri, 28 Feb 2020 17:43:00 GMT",8.092,2_39_78_366_2020-02-28 16:14:20.648058,0002,CA-323,2-39-78-366,America/Los_Angeles,000003853,360,18,50,520,"Fri, 28 Feb 2020 16:14:24 GMT",true,"Sat, 29 Feb 2020 00:54:21 GMT",3853,,,,,,,,,,,,,,,,,,,,,,,,,,,,,,,,,,,,,,,,,,,,,,,,,,,,,,,,,,,,,,,,,,,,,,,,,
5e6ec8a0f9af8b4466ea1572,0039,"Fri, 28 Feb 2020 16:31:00 GMT","Sat, 29 Feb 2020 00:20:59 GMT","Fri, 28 Feb 2020 16:56:41 GMT",0.697,2_39_79_379_2020-02-28 16:31:00.216077,0002,CA-327,2-39-79-379,America/Los_Angeles,,,,,,,,,,,,,,,,,,,,,,,,,,,,,,,,,,,,,,,,,,,,,,,,,,,,,,,,,,,,,,,,,,,,,,,,,,,,,,,,,,
5e6ec8a0f9af8b4466ea1573,0039,"Fri, 28 Feb 2020 16:35:27 GMT","Sat, 29 Feb 2020 01:58:51 GMT","Fri, 28 Feb 2020 18:17:15 GMT",5.341,2_39_139_28_2020-02-28 16:35:27.446464,0002,CA-303,2-39-139-28,America/Los_Angeles,000000562,325,6.5,20,196,"Fri, 28 Feb 2020 16:36:03 GMT",true,"Fri, 28 Feb 2020 19:51:27 GMT",562,,,,,,,,,,,,,,,,,,,,,,,,,,,,,,,,,,,,,,,,,,,,,,,,,,,,,,,,,,,,,,,,,,,,,,,,,
5e6ec8a0f9af8b4466ea1574,0039,"Fri, 28 Feb 2020 16:40:09 GMT","Fri, 28 Feb 2020 21:05:27 GMT","Fri, 28 Feb 2020 20:57:07 GMT",11.282,2_39_78_367_2020-02-28 16:40:09.076239,0002,CA-494,2-39-78-367,America/Los_Angeles,000001470,292,11.68,40,266,"Fri, 28 Feb 2020 16:40:41 GMT",true,"Fri, 28 Feb 2020 21:06:09 GMT",1470,,,,,,,,,,,,,,,,,,,,,,,,,,,,,,,,,,,,,,,,,,,,,,,,,,,,,,,,,,,,,,,,,,,,,,,,,
5e6ec8a0f9af8b4466ea1575,0039,"Fri, 28 Feb 2020 16:40:33 GMT","Sat, 29 Feb 2020 00:20:02 GMT","Fri, 28 Feb 2020 19:55:48 GMT",19.455,2_39_91_437_2020-02-28 16:40:32.870689,0002,CA-317,2-39-91-437,America/Los_Angeles,000001039,400,40,100,327,"Fri, 28 Feb 2020 16:41:58 GMT",true,"Fri, 28 Feb 2020 22:07:33 GMT",1039,,,,,,,,,,,,,,,,,,,,,,,,,,,,,,,,,,,,,,,,,,,,,,,,,,,,,,,,,,,,,,,,,,,,,,,,,
5e6ec8a0f9af8b4466ea1576,0039,"Fri, 28 Feb 2020 16:48:32 GMT","Fri, 28 Feb 2020 23:03:48 GMT","Fri, 28 Feb 2020 18:50:44 GMT",6.47,2_39_79_377_2020-02-28 16:48:31.794610,0002,CA-325,2-39-79-377,America/Los_Angeles,000001410,400,12,30,493,"Fri, 28 Feb 2020 16:49:24 GMT",true,"Sat, 29 Feb 2020 01:01:32 GMT",1410,,,,,,,,,,,,,,,,,,,,,,,,,,,,,,,,,,,,,,,,,,,,,,,,,,,,,,,,,,,,,,,,,,,,,,,,,
5e6ec8a0f9af8b4466ea1577,0039,"Fri, 28 Feb 2020 17:03:03 GMT","Sat, 29 Feb 2020 01:52:22 GMT","Sat, 29 Feb 2020 01:52:17 GMT",7.217,2_39_78_365_2020-02-28 17:03:03.229375,0002,CA-321,2-39-78-365,America/Los_Angeles,000000714,400,32,80,412,"Fri, 28 Feb 2020 17:03:34 GMT",true,"Fri, 28 Feb 2020 23:55:03 GMT",714,,,,,,,,,,,,,,,,,,,,,,,,,,,,,,,,,,,,,,,,,,,,,,,,,,,,,,,,,,,,,,,,,,,,,,,,,
5e6ec8a0f9af8b4466ea1578,0039,"Fri, 28 Feb 2020 17:08:22 GMT","Sat, 29 Feb 2020 01:20:06 GMT","Fri, 28 Feb 2020 19:19:16 GMT",14.47,2_39_125_21_2020-02-28 17:08:21.908145,0002,CA-311,2-39-125-21,America/Los_Angeles,000002961,225,38.25,170,576,"Fri, 28 Feb 2020 17:08:50 GMT",true,"Sat, 29 Feb 2020 02:44:22 GMT",2961,,,,,,,,,,,,,,,,,,,,,,,,,,,,,,,,,,,,,,,,,,,,,,,,,,,,,,,,,,,,,,,,,,,,,,,,,
5e6ec8a0f9af8b4466ea1579,0039,"Fri, 28 Feb 2020 17:14:35 GMT","Sat, 29 Feb 2020 01:41:53 GMT","Fri, 28 Feb 2020 18:35:26 GMT",3.952,2_39_130_31_2020-02-28 17:14:35.090320,0002,CA-306,2-39-130-31,America/Los_Angeles,000001366,400,8,20,60,"Fri, 28 Feb 2020 17:14:48 GMT",true,"Fri, 28 Feb 2020 18:14:35 GMT",1366,,,,,,,,,,,,,,,,,,,,,,,,,,,,,,,,,,,,,,,,,,,,,,,,,,,,,,,,,,,,,,,,,,,,,,,,,
5e6ec8a0f9af8b4466ea157a,0039,"Fri, 28 Feb 2020 17:24:43 GMT","Sat, 29 Feb 2020 04:35:58 GMT","Fri, 28 Feb 2020 18:38:53 GMT",3.979,2_39_129_17_2020-02-28 17:24:43.215664,0002,CA-307,2-39-129-17,America/Los_Angeles,000000567,400,8,20,61,"Fri, 28 Feb 2020 17:24:58 GMT",true,"Fri, 28 Feb 2020 18:25:43 GMT",567,,,,,,,,,,,,,,,,,,,,,,,,,,,,,,,,,,,,,,,,,,,,,,,,,,,,,,,,,,,,,,,,,,,,,,,,,
5e6ec8a0f9af8b4466ea157b,0039,"Fri, 28 Feb 2020 17:38:54 GMT","Fri, 28 Feb 2020 18:43:24 GMT","Fri, 28 Feb 2020 18:43:19 GMT",3.465,2_39_127_19_2020-02-28 17:38:53.963812,0002,CA-309,2-39-127-19,America/Los_Angeles,000001236,400,8,20,136,"Fri, 28 Feb 2020 17:39:19 GMT",true,"Fri, 28 Feb 2020 19:54:54 GMT",1236,,,,,,,,,,,,,,,,,,,,,,,,,,,,,,,,,,,,,,,,,,,,,,,,,,,,,,,,,,,,,,,,,,,,,,,,,
5e6ec8a0f9af8b4466ea157c,0039,"Fri, 28 Feb 2020 17:40:54 GMT","Sat, 29 Feb 2020 04:19:25 GMT","Fri, 28 Feb 2020 19:11:34 GMT",4.262,2_39_95_27_2020-02-28 17:40:53.569867,0002,CA-319,2-39-95-27,America/Los_Angeles,000005594,360,7.2,20,198,"Fri, 28 Feb 2020 17:44:03 GMT",true,"Fri, 28 Feb 2020 20:58:54 GMT",5594,,360,7.2,20,61,"Fri, 28 Feb 2020 22:45:49 GMT",true,"Fri, 28 Feb 2020 18:41:54 GMT",5594,,,,,,,,,,,,,,,,,,,,,,,,,,,,,,,,,,,,,,,,,,,,,,,,,,,,,,,,,,,,,,,,
5e6ec8a0f9af8b4466ea157d,0039,"Fri, 28 Feb 2020 17:42:41 GMT","Fri, 28 Feb 2020 22:08:40 GMT","Fri, 28 Feb 2020 18:41:27 GMT",1.865,2_39_92_436_2020-02-28 17:42:40.738571,0002,CA-318,2-39-92-436,America/Los_Angeles,000000324,444,8.88,20,101,"Fri, 28 Feb 2020 17:42:51 GMT",true,"Fri, 28 Feb 2020 19:23:41 GMT",324,,,,,,,,,,,,,,,,,,,,,,,,,,,,,,,,,,,,,,,,,,,,,,,,,,,,,,,,,,,,,,,,,,,,,,,,,
5e6ec8a0f9af8b4466ea157e,0039,"Fri, 28 Feb 2020 17:50:39 GMT","Sat, 29 Feb 2020 03:14:01 GMT","Fri, 28 Feb 2020 19:44:35 GMT",10.807,2_39_78_360_2020-02-28 17:50:39.218090,0002,CA-322,2-39-78-360,America/Los_Angeles,000000558,400,20,50,60,"Fri, 28 Feb 2020 17:50:41 GMT",true,"Fri, 28 Feb 2020 18:50:39 GMT",558,,,,,,,,,,,,,,,,,,,,,,,,,,,,,,,,,,,,,,,,,,,,,,,,,,,,,,,,,,,,,,,,,,,,,,,,,
5e6ec8a0f9af8b4466ea157f,0039,"Fri, 28 Feb 2020 17:56:25 GMT","Fri, 28 Feb 2020 19:14:25 GMT","Fri, 28 Feb 2020 19:14:23 GMT",3.137,2_39_78_363_2020-02-28 17:56:25.246166,0002,CA-320,2-39-78-363,America/Los_Angeles,000001471,400,16,40,173,"Fri, 28 Feb 2020 17:56:49 GMT",true,"Fri, 28 Feb 2020 20:49:25 GMT",1471,,,,,,,,,,,,,,,,,,,,,,,,,,,,,,,,,,,,,,,,,,,,,,,,,,,,,,,,,,,,,,,,,,,,,,,,,
5e6ec8a0f9af8b4466ea1580,0039,"Fri, 28 Feb 2020 17:56:32 GMT","Fri, 28 Feb 2020 22:01:18 GMT","Fri, 28 Feb 2020 19:19:03 GMT",4.164,2_39_126_20_2020-02-28 17:56:32.199889,0002,CA-310,2-39-126-20,America/Los_Angeles,000001481,400,8,20,61,"Fri, 28 Feb 2020 18:09:43 GMT",true,"Fri, 28 Feb 2020 18:57:32 GMT",1481,,,,,,,,,,,,,,,,,,,,,,,,,,,,,,,,,,,,,,,,,,,,,,,,,,,,,,,,,,,,,,,,,,,,,,,,,
5e6ec8a0f9af8b4466ea1581,0039,"Fri, 28 Feb 2020 18:00:58 GMT","Fri, 28 Feb 2020 22:10:48 GMT","Fri, 28 Feb 2020 20:52:38 GMT",1.178,2_39_79_376_2020-02-28 18:00:57.638649,0002,CA-324,2-39-79-376,America/Los_Angeles,,,,,,,,,,,,,,,,,,,,,,,,,,,,,,,,,,,,,,,,,,,,,,,,,,,,,,,,,,,,,,,,,,,,,,,,,,,,,,,,,,
5e6ec8a0f9af8b4466ea1582,0039,"Fri, 28 Feb 2020 18:02:56 GMT","Fri, 28 Feb 2020 21:22:40 GMT","Fri, 28 Feb 2020 20:52:38 GMT",1.176,2_39_123_23_2020-02-28 18:02:56.297891,0002,CA-313,2-39-123-23,America/Los_Angeles,,,,,,,,,,,,,,,,,,,,,,,,,,,,,,,,,,,,,,,,,,,,,,,,,,,,,,,,,,,,,,,,,,,,,,,,,,,,,,,,,,
5e6ec8a0f9af8b4466ea1583,0039,"Fri, 28 Feb 2020 18:15:15 GMT","Sat, 29 Feb 2020 01:39:48 GMT","Fri, 28 Feb 2020 22:03:47 GMT",12.035,2_39_78_364_2020-02-28 18:15:15.259374,0002,CA-495,2-39-78-364,America/Los_Angeles,000001095,400,16,40,444,"Fri, 28 Feb 2020 18:15:24 GMT",true,"Sat, 29 Feb 2020 01:39:15 GMT",1095,,,,,,,,,,,,,,,,,,,,,,,,,,,,,,,,,,,,,,,,,,,,,,,,,,,,,,,,,,,,,,,,,,,,,,,,,
5e6ec8a0f9af8b4466ea1584,0039,"Fri, 28 Feb 2020 18:44:38 GMT","Fri, 28 Feb 2020 20:21:18 GMT","Fri, 28 Feb 2020 20:21:13 GMT",10.781,2_39_88_24_2020-02-28 18:44:37.970651,0002,CA-314,2-39-88-24,America/Los_Angeles,000001316,400,44,110,88,"Fri, 28 Feb 2020 18:45:37 GMT",true,"Fri, 28 Feb 2020 20:12:38 GMT",1316,,,,,,,,,,,,,,,,,,,,,,,,,,,,,,,,,,,,,,,,,,,,,,,,,,,,,,,,,,,,,,,,,,,,,,,,,
5e6ec8a0f9af8b4466ea1585,0039,"Fri, 28 Feb 2020 19:02:13 GMT","Sat, 29 Feb 2020 01:53:34 GMT","Fri, 28 Feb 2020 20:38:46 GMT",9.802,2_39_92_442_2020-02-28 19:02:13.450842,0002,CA-498,2-39-92-442,America/Los_Angeles,000003270,200,40,200,63,"Fri, 28 Feb 2020 19:02:58 GMT",true,"Fri, 28 Feb 2020 20:05:13 GMT",3270,,,,,,,,,,,,,,,,,,,,,,,,,,,,,,,,,,,,,,,,,,,,,,,,,,,,,,,,,,,,,,,,,,,,,,,,,
5e6ec8a0f9af8b4466ea1586,0039,"Fri, 28 Feb 2020 19:11:23 GMT","Sat, 29 Feb 2020 01:20:14 GMT","Sat, 29 Feb 2020 00:15:51 GMT",31.417,2_39_127_19_2020-02-28 19:11:08.932994,0002,CA-309,2-39-127-19,America/Los_Angeles,000001244,600,48,80,477,"Fri, 28 Feb 2020 19:11:22 GMT",true,"Sat, 29 Feb 2020 03:08:23 GMT",1244,,,,,,,,,,,,,,,,,,,,,,,,,,,,,,,,,,,,,,,,,,,,,,,,,,,,,,,,,,,,,,,,,,,,,,,,,
5e6ec8a0f9af8b4466ea1587,0039,"Fri, 28 Feb 2020 20:06:25 GMT","Sat, 29 Feb 2020 02:34:00 GMT","Fri, 28 Feb 2020 22:19:32 GMT",6.983,2_39_78_363_2020-02-28 20:06:24.780373,0002,CA-320,2-39-78-363,America/Los_Angeles,000001124,400,8,20,60,"Fri, 28 Feb 2020 20:06:43 GMT",true,"Fri, 28 Feb 2020 21:06:25 GMT",1124,,,,,,,,,,,,,,,,,,,,,,,,,,,,,,,,,,,,,,,,,,,,,,,,,,,,,,,,,,,,,,,,,,,,,,,,,
5e6ec8a0f9af8b4466ea1588,0039,"Fri, 28 Feb 2020 20:35:27 GMT","Fri, 28 Feb 2020 20:54:02 GMT","Fri, 28 Feb 2020 20:53:59 GMT",0.825,2_39_124_22_2020-02-28 20:35:26.870849,0002,CA-312,2-39-124-22,America/Los_Angeles,000000311,250,22.5,90,90,"Fri, 28 Feb 2020 20:35:52 GMT",true,"Fri, 28 Feb 2020 22:05:27 GMT",311,,,,,,,,,,,,,,,,,,,,,,,,,,,,,,,,,,,,,,,,,,,,,,,,,,,,,,,,,,,,,,,,,,,,,,,,,
5e6ec8a0f9af8b4466ea1589,0039,"Fri, 28 Feb 2020 21:17:17 GMT","Sat, 29 Feb 2020 00:40:47 GMT","Sat, 29 Feb 2020 00:39:38 GMT",7.888,2_39_78_366_2020-02-28 21:17:17.267956,0002,CA-323,2-39-78-366,America/Los_Angeles,000001089,400,8,20,114,"Fri, 28 Feb 2020 21:18:48 GMT",true,"Fri, 28 Feb 2020 23:11:17 GMT",1089,,,,,,,,,,,,,,,,,,,,,,,,,,,,,,,,,,,,,,,,,,,,,,,,,,,,,,,,,,,,,,,,,,,,,,,,,
5e6ec8a0f9af8b4466ea158a,0039,"Fri, 28 Feb 2020 21:36:50 GMT","Sat, 29 Feb 2020 00:59:03 GMT","Sat, 29 Feb 2020 00:44:55 GMT",19.881,2_39_90_26_2020-02-28 21:36:49.630607,0002,CA-316,2-39-90-26,America/Los_Angeles,000000832,400,20,50,199,"Fri, 28 Feb 2020 21:37:26 GMT",true,"Sat, 29 Feb 2020 00:55:50 GMT",832,,,,,,,,,,,,,,,,,,,,,,,,,,,,,,,,,,,,,,,,,,,,,,,,,,,,,,,,,,,,,,,,,,,,,,,,,
5e6ec8a0f9af8b4466ea158b,0039,"Fri, 28 Feb 2020 22:02:31 GMT","Sat, 29 Feb 2020 00:18:31 GMT","Sat, 29 Feb 2020 00:18:27 GMT",8.509,2_39_95_444_2020-02-28 22:02:30.691122,0002,CA-497,2-39-95-444,America/Los_Angeles,000006435,400,8,20,193,"Fri, 28 Feb 2020 22:10:31 GMT",true,"Sat, 29 Feb 2020 01:15:31 GMT",6435,,400,12,30,289,"Sat, 29 Feb 2020 00:03:58 GMT",true,"Sat, 29 Feb 2020 02:51:31 GMT",6435,,,,,,,,,,,,,,,,,,,,,,,,,,,,,,,,,,,,,,,,,,,,,,,,,,,,,,,,,,,,,,,,
5e6ec8a0f9af8b4466ea158c,0039,"Fri, 28 Feb 2020 23:21:53 GMT","Sat, 29 Feb 2020 00:42:09 GMT","Sat, 29 Feb 2020 00:39:50 GMT",0.886,2_39_126_20_2020-02-28 23:21:53.211892,0002,CA-310,2-39-126-20,America/Los_Angeles,,,,,,,,,,,,,,,,,,,,,,,,,,,,,,,,,,,,,,,,,,,,,,,,,,,,,,,,,,,,,,,,,,,,,,,,,,,,,,,,,,
5e6ec8a0f9af8b4466ea158d,0039,"Fri, 28 Feb 2020 23:45:15 GMT","Sat, 29 Feb 2020 02:48:22 GMT","Sat, 29 Feb 2020 00:11:50 GMT",0.559,2_39_123_23_2020-02-28 23:45:15.428037,0002,CA-313,2-39-123-23,America/Los_Angeles,,,,,,,,,,,,,,,,,,,,,,,,,,,,,,,,,,,,,,,,,,,,,,,,,,,,,,,,,,,,,,,,,,,,,,,,,,,,,,,,,,
5e6ec8a0f9af8b4466ea158e,0039,"Sat, 29 Feb 2020 04:26:57 GMT","Sat, 29 Feb 2020 05:18:18 GMT","Sat, 29 Feb 2020 05:18:13 GMT",2.997,2_39_78_363_2020-02-29 04:26:41.263220,0002,CA-320,2-39-78-363,America/Los_Angeles,000000461,350,7,20,274,"Sat, 29 Feb 2020 04:26:56 GMT",true,"Sat, 29 Feb 2020 09:00:57 GMT",461,,,,,,,,,,,,,,,,,,,,,,,,,,,,,,,,,,,,,,,,,,,,,,,,,,,,,,,,,,,,,,,,,,,,,,,,,
5e701a0df9af8b4841ae7d56,0039,"Sat, 29 Feb 2020 16:40:37 GMT","Sat, 29 Feb 2020 18:36:44 GMT","Sat, 29 Feb 2020 18:32:39 GMT",7.346,2_39_126_20_2020-02-29 16:40:36.940912,0002,CA-310,2-39-126-20,America/Los_Angeles,000000300,400,32,80,435,"Sat, 29 Feb 2020 16:40:43 GMT",true,"Sat, 29 Feb 2020 23:55:37 GMT",300,,,,,,,,,,,,,,,,,,,,,,,,,,,,,,,,,,,,,,,,,,,,,,,,,,,,,,,,,,,,,,,,,,,,,,,,,
5e701a0df9af8b4841ae7d57,0039,"Sat, 29 Feb 2020 17:37:13 GMT","Sat, 29 Feb 2020 18:38:46 GMT","Sat, 29 Feb 2020 18:38:41 GMT",3.297,2_39_131_30_2020-02-29 17:37:13.423046,0002,CA-305,2-39-131-30,America/Los_Angeles,000000365,333,9.99,30,104,"Sat, 29 Feb 2020 17:37:24 GMT",true,"Sat, 29 Feb 2020 19:21:13 GMT",365,,,,,,,,,,,,,,,,,,,,,,,,,,,,,,,,,,,,,,,,,,,,,,,,,,,,,,,,,,,,,,,,,,,,,,,,,
5e701a0df9af8b4841ae7d58,0039,"Sat, 29 Feb 2020 17:59:43 GMT","Sat, 29 Feb 2020 18:59:21 GMT","Sat, 29 Feb 2020 18:59:16 GMT",6.688,2_39_139_28_2020-02-29 17:59:42.934382,0002,CA-303,2-39-139-28,America/Los_Angeles,000000248,250,12.5,50,117,"Sat, 29 Feb 2020 18:00:00 GMT",true,"Sat, 29 Feb 2020 19:56:43 GMT",248,,,,,,,,,,,,,,,,,,,,,,,,,,,,,,,,,,,,,,,,,,,,,,,,,,,,,,,,,,,,,,,,,,,,,,,,,
5e701a0df9af8b4841ae7d59,0039,"Sat, 29 Feb 2020 18:06:44 GMT","Sat, 29 Feb 2020 19:41:42 GMT","Sat, 29 Feb 2020 19:36:53 GMT",4.46,2_39_89_25_2020-02-29 18:06:43.954085,0002,CA-315,2-39-89-25,America/Los_Angeles,000000743,400,8,20,50,"Sat, 29 Feb 2020 18:07:09 GMT",true,"Sat, 29 Feb 2020 18:56:44 GMT",743,,,,,,,,,,,,,,,,,,,,,,,,,,,,,,,,,,,,,,,,,,,,,,,,,,,,,,,,,,,,,,,,,,,,,,,,,
5e701a0df9af8b4841ae7d5b,0039,"Sat, 29 Feb 2020 19:51:51 GMT","Sat, 29 Feb 2020 21:55:19 GMT","Sat, 29 Feb 2020 21:22:29 GMT",9.193,2_39_129_17_2020-02-29 19:52:46.437306,0002,CA-307,2-39-129-17,America/Los_Angeles,000002290,425,29.75,70,446,"Sat, 29 Feb 2020 19:52:56 GMT",true,"Sun, 01 Mar 2020 03:17:51 GMT",2290,,,,,,,,,,,,,,,,,,,,,,,,,,,,,,,,,,,,,,,,,,,,,,,,,,,,,,,,,,,,,,,,,,,,,,,,,
5e701a0df9af8b4841ae7d5a,0039,"Sat, 29 Feb 2020 19:52:17 GMT","Sun, 01 Mar 2020 00:45:33 GMT","Sun, 01 Mar 2020 00:21:41 GMT",15.569,2_39_79_379_2020-02-29 19:52:17.313893,0002,CA-327,2-39-79-379,America/Los_Angeles,000001384,400,36,90,132,"Sat, 29 Feb 2020 19:52:29 GMT",true,"Sat, 29 Feb 2020 22:04:17 GMT",1384,,,,,,,,,,,,,,,,,,,,,,,,,,,,,,,,,,,,,,,,,,,,,,,,,,,,,,,,,,,,,,,,,,,,,,,,,
5e701a0df9af8b4841ae7d5c,0039,"Sat, 29 Feb 2020 20:09:02 GMT","Sat, 29 Feb 2020 22:02:04 GMT","Sat, 29 Feb 2020 21:31:04 GMT",7.942,2_39_138_29_2020-02-29 20:09:02.329201,0002,CA-304,2-39-138-29,America/Los_Angeles,000000798,400,16,40,87,"Sat, 29 Feb 2020 20:09:43 GMT",true,"Sat, 29 Feb 2020 21:36:02 GMT",798,,,,,,,,,,,,,,,,,,,,,,,,,,,,,,,,,,,,,,,,,,,,,,,,,,,,,,,,,,,,,,,,,,,,,,,,,
5e701a0df9af8b4841ae7d5d,0039,"Sat, 29 Feb 2020 21:38:42 GMT","Sun, 01 Mar 2020 00:30:15 GMT","Sat, 29 Feb 2020 22:09:33 GMT",0.856,2_39_123_23_2020-02-29 21:38:41.676309,0002,CA-313,2-39-123-23,America/Los_Angeles,,,,,,,,,,,,,,,,,,,,,,,,,,,,,,,,,,,,,,,,,,,,,,,,,,,,,,,,,,,,,,,,,,,,,,,,,,,,,,,,,,
5e701a0df9af8b4841ae7d5e,0039,"Sat, 29 Feb 2020 23:11:35 GMT","Sun, 01 Mar 2020 01:15:55 GMT","Sun, 01 Mar 2020 01:15:51 GMT",6.79,2_39_127_19_2020-02-29 23:11:34.757595,0002,CA-309,2-39-127-19,America/Los_Angeles,000001920,600,12,20,122,"Sat, 29 Feb 2020 23:12:11 GMT",true,"Sun, 01 Mar 2020 01:13:35 GMT",1920,,600,12,20,122,"Sat, 29 Feb 2020 23:12:17 GMT",true,"Sun, 01 Mar 2020 01:13:35 GMT",1920,600,12,20,116,"Sat, 29 Feb 2020 23:12:29 GMT",true,"Sun, 01 Mar 2020 01:07:35 GMT",1920,,,,,,,,,,,,,,,,,,,,,,,,,,,,,,,,,,,,,,,,,,,,,,,,,,,,,,,,
5e701a0df9af8b4841ae7d5f,0039,"Sat, 29 Feb 2020 23:35:14 GMT","Sun, 01 Mar 2020 02:16:25 GMT","Sun, 01 Mar 2020 02:16:48 GMT",10.08,2_39_131_30_2020-02-29 23:35:14.284641,0002,CA-305,2-39-131-30,America/Los_Angeles,000000300,400,32,80,435,"Sat, 29 Feb 2020 23:35:20 GMT",true,"Sun, 01 Mar 2020 06:50:14 GMT",300,,,,,,,,,,,,,,,,,,,,,,,,,,,,,,,,,,,,,,,,,,,,,,,,,,,,,,,,,,,,,,,,,,,,,,,,,
5e716b8ff9af8b4c101331b1,0039,"Sun, 01 Mar 2020 18:00:01 GMT","Sun, 01 Mar 2020 19:46:44 GMT","Sun, 01 Mar 2020 19:29:39 GMT",4.445,2_39_89_25_2020-03-01 18:00:00.896001,0002,CA-315,2-39-89-25,America/Los_Angeles,000000743,400,8,20,50,"Sun, 01 Mar 2020 18:01:08 GMT",true,"Sun, 01 Mar 2020 18:50:01 GMT",743,,,,,,,,,,,,,,,,,,,,,,,,,,,,,,,,,,,,,,,,,,,,,,,,,,,,,,,,,,,,,,,,,,,,,,,,,
5e716b8ff9af8b4c101331b2,0039,"Sun, 01 Mar 2020 18:39:34 GMT","Sun, 01 Mar 2020 19:43:32 GMT","Sun, 01 Mar 2020 19:43:28 GMT",3.416,2_39_139_28_2020-03-01 18:39:34.304186,0002,CA-303,2-39-139-28,America/Los_Angeles,000001236,400,8,20,136,"Sun, 01 Mar 2020 18:43:05 GMT",true,"Sun, 01 Mar 2020 20:55:34 GMT",1236,,,,,,,,,,,,,,,,,,,,,,,,,,,,,,,,,,,,,,,,,,,,,,,,,,,,,,,,,,,,,,,,,,,,,,,,,
5e716b8ff9af8b4c101331b3,0039,"Mon, 02 Mar 2020 00:05:02 GMT","Mon, 02 Mar 2020 03:29:29 GMT","Mon, 02 Mar 2020 03:29:24 GMT",22.251,2_39_79_377_2020-03-02 00:05:01.883847,0002,CA-325,2-39-79-377,America/Los_Angeles,000000248,250,32.5,130,375,"Mon, 02 Mar 2020 00:05:23 GMT",true,"Mon, 02 Mar 2020 06:20:02 GMT",248,,,,,,,,,,,,,,,,,,,,,,,,,,,,,,,,,,,,,,,,,,,,,,,,,,,,,,,,,,,,,,,,,,,,,,,,,
5e716b8ff9af8b4c101331b4,0039,"Mon, 02 Mar 2020 00:25:28 GMT","Tue, 03 Mar 2020 19:37:08 GMT","Mon, 02 Mar 2020 04:26:50 GMT",13.599,2_39_79_383_2020-03-02 00:25:27.894882,0002,CA-492,2-39-79-383,America/Los_Angeles,000004913,400,20,50,720,"Mon, 02 Mar 2020 00:26:53 GMT",true,"Mon, 02 Mar 2020 12:25:28 GMT",4913,,,,,,,,,,,,,,,,,,,,,,,,,,,,,,,,,,,,,,,,,,,,,,,,,,,,,,,,,,,,,,,,,,,,,,,,,
5e716b8ff9af8b4c101331b5,0039,"Mon, 02 Mar 2020 01:29:47 GMT","Mon, 02 Mar 2020 01:48:58 GMT","Mon, 02 Mar 2020 01:48:53 GMT",0.541,2_39_127_19_2020-03-02 01:29:46.877948,0002,CA-309,2-39-127-19,America/Los_Angeles,,,,,,,,,,,,,,,,,,,,,,,,,,,,,,,,,,,,,,,,,,,,,,,,,,,,,,,,,,,,,,,,,,,,,,,,,,,,,,,,,,
5e716b8ff9af8b4c101331b6,0039,"Mon, 02 Mar 2020 02:00:29 GMT","Mon, 02 Mar 2020 02:51:27 GMT","Mon, 02 Mar 2020 02:51:23 GMT",5.659,2_39_123_23_2020-03-02 02:00:29.343031,0002,CA-313,2-39-123-23,America/Los_Angeles,000005855,400,20,50,73,"Mon, 02 Mar 2020 02:00:55 GMT",true,"Mon, 02 Mar 2020 03:13:29 GMT",5855,,,,,,,,,,,,,,,,,,,,,,,,,,,,,,,,,,,,,,,,,,,,,,,,,,,,,,,,,,,,,,,,,,,,,,,,,
5e716b8ff9af8b4c101331b7,0039,"Mon, 02 Mar 2020 02:41:34 GMT","Mon, 02 Mar 2020 04:33:21 GMT","Mon, 02 Mar 2020 03:46:46 GMT",6.472,2_39_128_18_2020-03-02 02:41:33.837334,0002,CA-308,2-39-128-18,America/Los_Angeles,000001099,400,16,40,94,"Mon, 02 Mar 2020 02:42:38 GMT",true,"Mon, 02 Mar 2020 04:15:34 GMT",1099,,,,,,,,,,,,,,,,,,,,,,,,,,,,,,,,,,,,,,,,,,,,,,,,,,,,,,,,,,,,,,,,,,,,,,,,,
5e72bd1bf9af8b73fde9e375,0039,"Mon, 02 Mar 2020 14:20:08 GMT","Tue, 03 Mar 2020 01:03:19 GMT","Mon, 02 Mar 2020 19:11:24 GMT",25.355,2_39_139_28_2020-03-02 14:20:07.586004,0002,CA-303,2-39-139-28,America/Los_Angeles,000000710,400,52,130,316,"Mon, 02 Mar 2020 14:22:17 GMT",true,"Mon, 02 Mar 2020 19:36:08 GMT",710,,,,,,,,,,,,,,,,,,,,,,,,,,,,,,,,,,,,,,,,,,,,,,,,,,,,,,,,,,,,,,,,,,,,,,,,,
5e72bd1bf9af8b73fde9e376,0039,"Mon, 02 Mar 2020 15:43:33 GMT","Mon, 02 Mar 2020 21:36:15 GMT","Mon, 02 Mar 2020 19:11:25 GMT",4.573,2_39_79_382_2020-03-02 15:43:33.117969,0002,CA-491,2-39-79-382,America/Los_Angeles,000004701,300,9,30,416,"Mon, 02 Mar 2020 15:43:36 GMT",true,"Mon, 02 Mar 2020 22:39:33 GMT",4701,,,,,,,,,,,,,,,,,,,,,,,,,,,,,,,,,,,,,,,,,,,,,,,,,,,,,,,,,,,,,,,,,,,,,,,,,
5e72bd1bf9af8b73fde9e377,0039,"Mon, 02 Mar 2020 15:55:52 GMT","Mon, 02 Mar 2020 22:26:39 GMT","Mon, 02 Mar 2020 20:23:30 GMT",0.865,2_39_79_380_2020-03-02 15:55:52.276523,0002,CA-489,2-39-79-380,America/Los_Angeles,,,,,,,,,,,,,,,,,,,,,,,,,,,,,,,,,,,,,,,,,,,,,,,,,,,,,,,,,,,,,,,,,,,,,,,,,,,,,,,,,,
5e72bd1bf9af8b73fde9e378,0039,"Mon, 02 Mar 2020 16:07:11 GMT","Tue, 03 Mar 2020 04:48:52 GMT","Mon, 02 Mar 2020 19:11:24 GMT",4.554,2_39_90_26_2020-03-02 16:06:48.346763,0002,CA-316,2-39-90-26,America/Los_Angeles,000005594,360,7.2,20,61,"Mon, 02 Mar 2020 16:07:11 GMT",true,"Mon, 02 Mar 2020 17:08:11 GMT",5594,,360,7.2,20,244,"Mon, 02 Mar 2020 19:10:04 GMT",true,"Mon, 02 Mar 2020 20:11:11 GMT",5594,,,,,,,,,,,,,,,,,,,,,,,,,,,,,,,,,,,,,,,,,,,,,,,,,,,,,,,,,,,,,,,,
5e72bd1bf9af8b73fde9e379,0039,"Mon, 02 Mar 2020 16:12:41 GMT","Tue, 03 Mar 2020 01:09:32 GMT","Mon, 02 Mar 2020 19:11:22 GMT",10.228,2_39_78_366_2020-03-02 16:12:40.814238,0002,CA-323,2-39-78-366,America/Los_Angeles,000003853,360,18,50,520,"Mon, 02 Mar 2020 16:13:03 GMT",true,"Tue, 03 Mar 2020 00:52:41 GMT",3853,,,,,,,,,,,,,,,,,,,,,,,,,,,,,,,,,,,,,,,,,,,,,,,,,,,,,,,,,,,,,,,,,,,,,,,,,
5e72bd1bf9af8b73fde9e37a,0039,"Mon, 02 Mar 2020 16:27:37 GMT","Mon, 02 Mar 2020 19:04:19 GMT",,0.835,2_39_83_386_2020-03-02 16:27:36.677204,0002,CA-212,2-39-83-386,America/Los_Angeles,000004595,400,40,100,552,"Mon, 02 Mar 2020 19:03:45 GMT",true,"Tue, 03 Mar 2020 01:39:37 GMT",4595,,,,,,,,,,,,,,,,,,,,,,,,,,,,,,,,,,,,,,,,,,,,,,,,,,,,,,,,,,,,,,,,,,,,,,,,,
5e72bd1bf9af8b73fde9e37b,0039,"Mon, 02 Mar 2020 16:36:02 GMT","Tue, 03 Mar 2020 00:52:53 GMT","Tue, 03 Mar 2020 00:16:09 GMT",18.762,2_39_78_367_2020-03-02 16:36:02.224639,0002,CA-494,2-39-78-367,America/Los_Angeles,000001470,292,26.28,90,266,"Mon, 02 Mar 2020 16:37:00 GMT",true,"Mon, 02 Mar 2020 21:02:02 GMT",1470,,,,,,,,,,,,,,,,,,,,,,,,,,,,,,,,,,,,,,,,,,,,,,,,,,,,,,,,,,,,,,,,,,,,,,,,,
5e72bd1bf9af8b73fde9e37c,0039,"Mon, 02 Mar 2020 16:40:08 GMT","Mon, 02 Mar 2020 19:52:49 GMT","Mon, 02 Mar 2020 19:25:10 GMT",4.867,2_39_78_364_2020-03-02 16:40:08.106540,0002,CA-495,2-39-78-364,America/Los_Angeles,000002149,250,5,20,408,"Mon, 02 Mar 2020 16:40:28 GMT",true,"Mon, 02 Mar 2020 23:28:08 GMT",2149,,,,,,,,,,,,,,,,,,,,,,,,,,,,,,,,,,,,,,,,,,,,,,,,,,,,,,,,,,,,,,,,,,,,,,,,,
5e72bd1bf9af8b73fde9e37d,0039,"Mon, 02 Mar 2020 16:44:21 GMT","Tue, 03 Mar 2020 02:07:09 GMT","Mon, 02 Mar 2020 20:42:49 GMT",11.787,2_39_131_30_2020-03-02 16:44:21.212074,0002,CA-305,2-39-131-30,America/Los_Angeles,000000712,400,16,40,343,"Mon, 02 Mar 2020 17:24:25 GMT",true,"Mon, 02 Mar 2020 22:27:21 GMT",712,,400,16,40,343,"Mon, 02 Mar 2020 17:24:40 GMT",true,"Mon, 02 Mar 2020 22:27:21 GMT",712,,,,,,,,,,,,,,,,,,,,,,,,,,,,,,,,,,,,,,,,,,,,,,,,,,,,,,,,,,,,,,,,
5e72bd1bf9af8b73fde9e37e,0039,"Mon, 02 Mar 2020 16:59:38 GMT","Mon, 02 Mar 2020 23:58:20 GMT","Mon, 02 Mar 2020 22:29:24 GMT",22.632,2_39_79_376_2020-03-02 16:59:38.417723,0002,CA-324,2-39-79-376,America/Los_Angeles,000001137,400,40,100,428,"Mon, 02 Mar 2020 17:01:01 GMT",true,"Tue, 03 Mar 2020 00:07:38 GMT",1137,,,,,,,,,,,,,,,,,,,,,,,,,,,,,,,,,,,,,,,,,,,,,,,,,,,,,,,,,,,,,,,,,,,,,,,,,
5e72bd1bf9af8b73fde9e37f,0039,"Mon, 02 Mar 2020 17:01:18 GMT","Mon, 02 Mar 2020 22:29:17 GMT","Mon, 02 Mar 2020 19:11:24 GMT",5.089,2_39_127_19_2020-03-02 17:01:18.204032,0002,CA-309,2-39-127-19,America/Los_Angeles,000000562,325,6.5,20,196,"Mon, 02 Mar 2020 17:01:45 GMT",true,"Mon, 02 Mar 2020 20:17:18 GMT",562,,,,,,,,,,,,,,,,,,,,,,,,,,,,,,,,,,,,,,,,,,,,,,,,,,,,,,,,,,,,,,,,,,,,,,,,,
5e72bd1bf9af8b73fde9e380,0039,"Mon, 02 Mar 2020 17:08:09 GMT","Tue, 03 Mar 2020 01:21:05 GMT","Tue, 03 Mar 2020 00:18:28 GMT",9.713,2_39_126_560_2020-03-02 17:08:09.356334,0002,CA-506,2-39-126-560,America/Los_Angeles,000001534,250,10,40,404,"Mon, 02 Mar 2020 21:39:07 GMT",true,"Mon, 02 Mar 2020 23:52:09 GMT",1534,,,,,,,,,,,,,,,,,,,,,,,,,,,,,,,,,,,,,,,,,,,,,,,,,,,,,,,,,,,,,,,,,,,,,,,,,
5e72bd1bf9af8b73fde9e381,0039,"Mon, 02 Mar 2020 17:14:13 GMT","Tue, 03 Mar 2020 03:08:09 GMT","Mon, 02 Mar 2020 19:11:22 GMT",3.804,2_39_125_21_2020-03-02 17:14:12.857233,0002,CA-311,2-39-125-21,America/Los_Angeles,000000567,400,8,20,61,"Mon, 02 Mar 2020 17:14:22 GMT",true,"Mon, 02 Mar 2020 18:15:13 GMT",567,,,,,,,,,,,,,,,,,,,,,,,,,,,,,,,,,,,,,,,,,,,,,,,,,,,,,,,,,,,,,,,,,,,,,,,,,
5e72bd1bf9af8b73fde9e382,0039,"Mon, 02 Mar 2020 17:22:01 GMT","Mon, 02 Mar 2020 20:19:41 GMT","Mon, 02 Mar 2020 19:11:22 GMT",6.596,2_39_123_23_2020-03-02 17:22:01.376767,0002,CA-313,2-39-123-23,America/Los_Angeles,000001912,400,20,50,368,"Mon, 02 Mar 2020 17:22:05 GMT",true,"Mon, 02 Mar 2020 23:30:01 GMT",1912,,,,,,,,,,,,,,,,,,,,,,,,,,,,,,,,,,,,,,,,,,,,,,,,,,,,,,,,,,,,,,,,,,,,,,,,,
5e72bd1bf9af8b73fde9e383,0039,"Mon, 02 Mar 2020 17:27:23 GMT","Tue, 03 Mar 2020 01:52:15 GMT","Mon, 02 Mar 2020 19:31:51 GMT",10.873,2_39_78_365_2020-03-02 17:27:22.776905,0002,CA-321,2-39-78-365,America/Los_Angeles,000000714,400,32,80,412,"Mon, 02 Mar 2020 17:27:33 GMT",true,"Tue, 03 Mar 2020 00:19:23 GMT",714,,400,32,80,461,"Mon, 02 Mar 2020 17:28:33 GMT",true,"Tue, 03 Mar 2020 01:08:23 GMT",714,,,,,,,,,,,,,,,,,,,,,,,,,,,,,,,,,,,,,,,,,,,,,,,,,,,,,,,,,,,,,,,,
5e72bd1bf9af8b73fde9e384,0039,"Mon, 02 Mar 2020 17:47:02 GMT","Mon, 02 Mar 2020 21:54:55 GMT","Mon, 02 Mar 2020 21:54:50 GMT",25.812,2_39_91_441_2020-03-02 17:47:02.076187,0002,CA-499,2-39-91-441,America/Los_Angeles,000002972,400,36,90,263,"Mon, 02 Mar 2020 17:47:37 GMT",true,"Mon, 02 Mar 2020 22:10:02 GMT",2972,,400,36,90,263,"Mon, 02 Mar 2020 17:48:07 GMT",true,"Mon, 02 Mar 2020 22:10:02 GMT",2972,400,20,50,201,"Mon, 02 Mar 2020 17:48:26 GMT",true,"Mon, 02 Mar 2020 21:08:02 GMT",2972,400,20,50,201,"Mon, 02 Mar 2020 17:48:49 GMT",true,"Mon, 02 Mar 2020 21:08:02 GMT",2972,400,28,70,424,"Mon, 02 Mar 2020 20:25:27 GMT",true,"Tue, 03 Mar 2020 00:51:02 GMT",2972,400,28,70,403,"Mon, 02 Mar 2020 20:25:37 GMT",true,"Tue, 03 Mar 2020 00:30:02 GMT",2972,,,,,,,,,,,,,,,,,,,,,,,,,,,,,,,,
5e72bd1bf9af8b73fde9e385,0039,"Mon, 02 Mar 2020 17:47:13 GMT","Tue, 03 Mar 2020 04:22:36 GMT","Mon, 02 Mar 2020 19:45:02 GMT",5.889,2_39_95_444_2020-03-02 17:47:13.133758,0002,CA-497,2-39-95-444,America/Los_Angeles,000001222,400,8,20,72,"Mon, 02 Mar 2020 17:47:30 GMT",true,"Mon, 02 Mar 2020 18:59:13 GMT",1222,,,,,,,,,,,,,,,,,,,,,,,,,,,,,,,,,,,,,,,,,,,,,,,,,,,,,,,,,,,,,,,,,,,,,,,,,
5e72bd1bf9af8b73fde9e386,0039,"Mon, 02 Mar 2020 18:19:14 GMT","Tue, 03 Mar 2020 01:59:20 GMT","Mon, 02 Mar 2020 20:03:24 GMT",10.084,2_39_95_27_2020-03-02 18:19:14.413624,0002,CA-319,2-39-95-27,America/Los_Angeles,000001095,400,16,40,444,"Mon, 02 Mar 2020 18:19:30 GMT",true,"Tue, 03 Mar 2020 01:43:14 GMT",1095,,,,,,,,,,,,,,,,,,,,,,,,,,,,,,,,,,,,,,,,,,,,,,,,,,,,,,,,,,,,,,,,,,,,,,,,,
5e72bd1bf9af8b73fde9e387,0039,"Mon, 02 Mar 2020 18:27:57 GMT","Tue, 03 Mar 2020 02:22:08 GMT","Tue, 03 Mar 2020 01:57:45 GMT",0.925,2_39_91_437_2020-03-02 18:27:56.622806,0002,CA-317,2-39-91-437,America/Los_Angeles,,,,,,,,,,,,,,,,,,,,,,,,,,,,,,,,,,,,,,,,,,,,,,,,,,,,,,,,,,,,,,,,,,,,,,,,,,,,,,,,,,
5e72bd1bf9af8b73fde9e388,0039,"Mon, 02 Mar 2020 18:33:45 GMT","Tue, 03 Mar 2020 03:14:05 GMT","Mon, 02 Mar 2020 21:05:27 GMT",12.992,2_39_78_360_2020-03-02 18:33:44.929553,0002,CA-322,2-39-78-360,America/Los_Angeles,000000558,400,28,70,60,"Mon, 02 Mar 2020 18:33:49 GMT",true,"Mon, 02 Mar 2020 19:33:45 GMT",558,,,,,,,,,,,,,,,,,,,,,,,,,,,,,,,,,,,,,,,,,,,,,,,,,,,,,,,,,,,,,,,,,,,,,,,,,
5e72bd1bf9af8b73fde9e389,0039,"Mon, 02 Mar 2020 18:34:07 GMT","Tue, 03 Mar 2020 01:27:18 GMT","Mon, 02 Mar 2020 20:15:27 GMT",4.869,2_39_90_440_2020-03-02 18:34:06.822620,0002,CA-500,2-39-90-440,America/Los_Angeles,000000743,400,8,20,501,"Mon, 02 Mar 2020 18:34:17 GMT",true,"Tue, 03 Mar 2020 02:55:07 GMT",743,,,,,,,,,,,,,,,,,,,,,,,,,,,,,,,,,,,,,,,,,,,,,,,,,,,,,,,,,,,,,,,,,,,,,,,,,
5e72bd1bf9af8b73fde9e38a,0039,"Mon, 02 Mar 2020 18:40:16 GMT","Mon, 02 Mar 2020 23:07:43 GMT","Mon, 02 Mar 2020 22:07:09 GMT",3.892,2_39_88_24_2020-03-02 18:40:16.161849,0002,CA-314,2-39-88-24,America/Los_Angeles,000000668,400,4,10,424,"Mon, 02 Mar 2020 18:40:31 GMT",true,"Tue, 03 Mar 2020 01:44:16 GMT",668,,,,,,,,,,,,,,,,,,,,,,,,,,,,,,,,,,,,,,,,,,,,,,,,,,,,,,,,,,,,,,,,,,,,,,,,,
5e72bd1bf9af8b73fde9e38b,0039,"Mon, 02 Mar 2020 19:08:03 GMT","Tue, 03 Mar 2020 01:07:31 GMT","Tue, 03 Mar 2020 01:07:26 GMT",39.501,2_39_126_20_2020-03-02 19:08:02.816162,0002,CA-310,2-39-126-20,America/Los_Angeles,000004595,400,40,100,552,"Mon, 02 Mar 2020 19:11:15 GMT",true,"Tue, 03 Mar 2020 04:20:03 GMT",4595,,400,40,100,552,"Tue, 03 Mar 2020 01:07:12 GMT",true,"Tue, 03 Mar 2020 04:20:03 GMT",4595,,,,,,,,,,,,,,,,,,,,,,,,,,,,,,,,,,,,,,,,,,,,,,,,,,,,,,,,,,,,,,,,
5e72bd1bf9af8b73fde9e38c,0039,"Mon, 02 Mar 2020 19:21:33 GMT","Mon, 02 Mar 2020 19:54:00 GMT","Mon, 02 Mar 2020 19:53:55 GMT",3.391,2_39_124_22_2020-03-02 19:21:33.280101,0002,CA-312,2-39-124-22,America/Los_Angeles,000000300,400,32,80,435,"Mon, 02 Mar 2020 19:21:59 GMT",true,"Tue, 03 Mar 2020 02:36:33 GMT",300,,,,,,,,,,,,,,,,,,,,,,,,,,,,,,,,,,,,,,,,,,,,,,,,,,,,,,,,,,,,,,,,,,,,,,,,,
5e72bd1bf9af8b73fde9e38d,0039,"Mon, 02 Mar 2020 19:57:52 GMT","Tue, 03 Mar 2020 01:03:12 GMT","Tue, 03 Mar 2020 00:27:16 GMT",27.87,2_39_79_378_2020-03-02 19:57:51.597945,0002,CA-326,2-39-79-378,America/Los_Angeles,000000832,400,28,70,290,"Mon, 02 Mar 2020 19:58:12 GMT",true,"Tue, 03 Mar 2020 00:47:52 GMT",832,,,,,,,,,,,,,,,,,,,,,,,,,,,,,,,,,,,,,,,,,,,,,,,,,,,,,,,,,,,,,,,,,,,,,,,,,
5e72bd1bf9af8b73fde9e38e,0039,"Mon, 02 Mar 2020 20:48:46 GMT","Mon, 02 Mar 2020 23:27:08 GMT","Mon, 02 Mar 2020 21:42:26 GMT",2.371,2_39_124_22_2020-03-02 20:48:46.404376,0002,CA-312,2-39-124-22,America/Los_Angeles,000000891,400,8,20,216,"Mon, 02 Mar 2020 20:49:21 GMT",true,"Tue, 03 Mar 2020 00:24:46 GMT",891,,,,,,,,,,,,,,,,,,,,,,,,,,,,,,,,,,,,,,,,,,,,,,,,,,,,,,,,,,,,,,,,,,,,,,,,,
5e72bd1bf9af8b73fde9e38f,0039,"Mon, 02 Mar 2020 21:14:25 GMT","Tue, 03 Mar 2020 02:20:05 GMT","Mon, 02 Mar 2020 23:49:32 GMT",6.604,2_39_92_436_2020-03-02 21:14:24.595868,0002,CA-318,2-39-92-436,America/Los_Angeles,000001124,400,8,20,60,"Mon, 02 Mar 2020 21:15:06 GMT",true,"Mon, 02 Mar 2020 22:14:25 GMT",1124,,,,,,,,,,,,,,,,,,,,,,,,,,,,,,,,,,,,,,,,,,,,,,,,,,,,,,,,,,,,,,,,,,,,,,,,,
5e72bd1bf9af8b73fde9e390,0039,"Mon, 02 Mar 2020 21:32:55 GMT","Tue, 03 Mar 2020 01:15:42 GMT","Mon, 02 Mar 2020 22:24:04 GMT",2.257,2_39_123_23_2020-03-02 21:32:54.816304,0002,CA-313,2-39-123-23,America/Los_Angeles,000001366,400,8,20,60,"Mon, 02 Mar 2020 21:33:11 GMT",true,"Mon, 02 Mar 2020 22:32:55 GMT",1366,,,,,,,,,,,,,,,,,,,,,,,,,,,,,,,,,,,,,,,,,,,,,,,,,,,,,,,,,,,,,,,,,,,,,,,,,
5e72bd1bf9af8b73fde9e391,0039,"Mon, 02 Mar 2020 21:43:54 GMT","Tue, 03 Mar 2020 03:02:18 GMT","Mon, 02 Mar 2020 22:50:13 GMT",2.2,2_39_79_381_2020-03-02 21:43:54.214145,0002,CA-490,2-39-79-381,America/Los_Angeles,000001082,400,8,20,64,"Mon, 02 Mar 2020 21:44:25 GMT",true,"Mon, 02 Mar 2020 22:47:54 GMT",1082,,,,,,,,,,,,,,,,,,,,,,,,,,,,,,,,,,,,,,,,,,,,,,,,,,,,,,,,,,,,,,,,,,,,,,,,,
5e72bd1bf9af8b73fde9e392,0039,"Mon, 02 Mar 2020 21:46:04 GMT","Mon, 02 Mar 2020 22:59:31 GMT","Mon, 02 Mar 2020 22:59:26 GMT",3.839,2_39_78_364_2020-03-02 21:46:04.312567,0002,CA-495,2-39-78-364,America/Los_Angeles,000001236,400,8,20,136,"Mon, 02 Mar 2020 21:49:27 GMT",true,"Tue, 03 Mar 2020 00:02:04 GMT",1236,,,,,,,,,,,,,,,,,,,,,,,,,,,,,,,,,,,,,,,,,,,,,,,,,,,,,,,,,,,,,,,,,,,,,,,,,
5e72bd1bf9af8b73fde9e393,0039,"Mon, 02 Mar 2020 22:01:24 GMT","Tue, 03 Mar 2020 02:52:17 GMT","Tue, 03 Mar 2020 00:26:28 GMT",8.341,2_39_79_382_2020-03-02 22:01:24.185088,0002,CA-491,2-39-79-382,America/Los_Angeles,000000515,400,12,30,250,"Mon, 02 Mar 2020 22:01:55 GMT",true,"Tue, 03 Mar 2020 02:11:24 GMT",515,,,,,,,,,,,,,,,,,,,,,,,,,,,,,,,,,,,,,,,,,,,,,,,,,,,,,,,,,,,,,,,,,,,,,,,,,
5e72bd1bf9af8b73fde9e394,0039,"Mon, 02 Mar 2020 22:34:06 GMT","Tue, 03 Mar 2020 01:02:29 GMT","Mon, 02 Mar 2020 23:04:49 GMT",0.893,2_39_83_386_2020-03-02 22:34:05.806745,0002,CA-212,2-39-83-386,America/Los_Angeles,,,,,,,,,,,,,,,,,,,,,,,,,,,,,,,,,,,,,,,,,,,,,,,,,,,,,,,,,,,,,,,,,,,,,,,,,,,,,,,,,,
5e72bd1bf9af8b73fde9e395,0039,"Mon, 02 Mar 2020 23:29:24 GMT","Tue, 03 Mar 2020 00:48:25 GMT","Tue, 03 Mar 2020 00:37:34 GMT",6.789,2_39_127_19_2020-03-02 23:29:24.003257,0002,CA-309,2-39-127-19,America/Los_Angeles,000002290,425,29.75,70,446,"Mon, 02 Mar 2020 23:29:32 GMT",true,"Tue, 03 Mar 2020 06:55:24 GMT",2290,,,,,,,,,,,,,,,,,,,,,,,,,,,,,,,,,,,,,,,,,,,,,,,,,,,,,,,,,,,,,,,,,,,,,,,,,
5e72bd1bf9af8b73fde9e396,0039,"Mon, 02 Mar 2020 23:49:17 GMT","Tue, 03 Mar 2020 01:04:37 GMT","Tue, 03 Mar 2020 01:04:28 GMT",3.787,2_39_79_380_2020-03-02 23:49:16.660483,0002,CA-489,2-39-79-380,America/Los_Angeles,000002291,400,8,20,408,"Mon, 02 Mar 2020 23:58:29 GMT",true,"Tue, 03 Mar 2020 06:37:17 GMT",2291,,,,,,,,,,,,,,,,,,,,,,,,,,,,,,,,,,,,,,,,,,,,,,,,,,,,,,,,,,,,,,,,,,,,,,,,,
5e72bd1bf9af8b73fde9e397,0039,"Tue, 03 Mar 2020 00:57:16 GMT","Tue, 03 Mar 2020 02:52:12 GMT","Tue, 03 Mar 2020 02:12:44 GMT",3.728,2_39_88_24_2020-03-03 00:57:15.967922,0002,CA-314,2-39-88-24,America/Los_Angeles,000001920,600,12,20,116,"Tue, 03 Mar 2020 00:58:43 GMT",true,"Tue, 03 Mar 2020 02:53:16 GMT",1920,,600,12,20,116,"Tue, 03 Mar 2020 00:58:48 GMT",true,"Tue, 03 Mar 2020 02:53:16 GMT",1920,600,12,20,109,"Tue, 03 Mar 2020 00:58:56 GMT",true,"Tue, 03 Mar 2020 02:46:16 GMT",1920,,,,,,,,,,,,,,,,,,,,,,,,,,,,,,,,,,,,,,,,,,,,,,,,,,,,,,,,
5e72bd1bf9af8b73fde9e398,0039,"Tue, 03 Mar 2020 01:12:59 GMT","Tue, 03 Mar 2020 03:27:49 GMT","Tue, 03 Mar 2020 03:12:30 GMT",6.096,2_39_127_19_2020-03-03 01:12:46.554916,0002,CA-309,2-39-127-19,America/Los_Angeles,000003577,400,8,20,184,"Tue, 03 Mar 2020 01:12:58 GMT",true,"Tue, 03 Mar 2020 04:16:59 GMT",3577,,,,,,,,,,,,,,,,,,,,,,,,,,,,,,,,,,,,,,,,,,,,,,,,,,,,,,,,,,,,,,,,,,,,,,,,,
5e72bd1bf9af8b73fde9e399,0039,"Tue, 03 Mar 2020 01:40:16 GMT","Tue, 03 Mar 2020 04:09:26 GMT","Tue, 03 Mar 2020 04:10:24 GMT",0.904,2_39_129_17_2020-03-03 01:40:16.076284,0002,CA-307,2-39-129-17,America/Los_Angeles,,,,,,,,,,,,,,,,,,,,,,,,,,,,,,,,,,,,,,,,,,,,,,,,,,,,,,,,,,,,,,,,,,,,,,,,,,,,,,,,,,
5e72bd1bf9af8b73fde9e39a,0039,"Tue, 03 Mar 2020 04:10:38 GMT","Tue, 03 Mar 2020 05:12:38 GMT","Tue, 03 Mar 2020 05:12:57 GMT",0.898,2_39_128_18_2020-03-03 04:10:37.910882,0002,CA-308,2-39-128-18,America/Los_Angeles,,,,,,,,,,,,,,,,,,,,,,,,,,,,,,,,,,,,,,,,,,,,,,,,,,,,,,,,,,,,,,,,,,,,,,,,,,,,,,,,,,
5e740e9ff9af8b7848854fc2,0039,"Tue, 03 Mar 2020 14:23:35 GMT","Wed, 04 Mar 2020 01:03:56 GMT","Tue, 03 Mar 2020 15:29:11 GMT",3.259,2_39_79_381_2020-03-03 14:23:34.551179,0002,CA-490,2-39-79-381,America/Los_Angeles,000001007,400,16,40,466,"Tue, 03 Mar 2020 14:23:52 GMT",true,"Tue, 03 Mar 2020 22:09:35 GMT",1007,,400,16,40,466,"Wed, 04 Mar 2020 01:02:50 GMT",true,"Tue, 03 Mar 2020 22:09:35 GMT",1007,,,,,,,,,,,,,,,,,,,,,,,,,,,,,,,,,,,,,,,,,,,,,,,,,,,,,,,,,,,,,,,,
5e740e9ff9af8b7848854fc3,0039,"Tue, 03 Mar 2020 15:54:43 GMT","Wed, 04 Mar 2020 00:25:37 GMT","Tue, 03 Mar 2020 18:40:16 GMT",11.41,2_39_79_382_2020-03-03 15:54:42.538253,0002,CA-491,2-39-79-382,America/Los_Angeles,000004701,300,12,40,441,"Tue, 03 Mar 2020 15:54:50 GMT",true,"Tue, 03 Mar 2020 23:15:43 GMT",4701,,,,,,,,,,,,,,,,,,,,,,,,,,,,,,,,,,,,,,,,,,,,,,,,,,,,,,,,,,,,,,,,,,,,,,,,,
5e740e9ff9af8b7848854fc4,0039,"Tue, 03 Mar 2020 16:01:26 GMT","Tue, 03 Mar 2020 23:46:15 GMT","Tue, 03 Mar 2020 23:47:13 GMT",0.815,2_39_79_380_2020-03-03 16:01:26.391749,0002,CA-489,2-39-79-380,America/Los_Angeles,,,,,,,,,,,,,,,,,,,,,,,,,,,,,,,,,,,,,,,,,,,,,,,,,,,,,,,,,,,,,,,,,,,,,,,,,,,,,,,,,,
5e740e9ff9af8b7848854fc5,0039,"Tue, 03 Mar 2020 16:10:31 GMT","Wed, 04 Mar 2020 00:41:02 GMT","Tue, 03 Mar 2020 17:41:17 GMT",3.993,2_39_139_28_2020-03-03 16:10:31.120263,0002,CA-303,2-39-139-28,America/Los_Angeles,000001564,300,12,40,83,"Tue, 03 Mar 2020 16:10:35 GMT",true,"Tue, 03 Mar 2020 17:33:31 GMT",1564,,,,,,,,,,,,,,,,,,,,,,,,,,,,,,,,,,,,,,,,,,,,,,,,,,,,,,,,,,,,,,,,,,,,,,,,,
5e740e9ff9af8b7848854fc6,0039,"Tue, 03 Mar 2020 16:14:56 GMT","Wed, 04 Mar 2020 01:38:08 GMT","Tue, 03 Mar 2020 20:34:23 GMT",0.855,2_39_78_366_2020-03-03 16:14:55.559738,0002,CA-323,2-39-78-366,America/Los_Angeles,,,,,,,,,,,,,,,,,,,,,,,,,,,,,,,,,,,,,,,,,,,,,,,,,,,,,,,,,,,,,,,,,,,,,,,,,,,,,,,,,,
5e740e9ff9af8b7848854fc7,0039,"Tue, 03 Mar 2020 16:32:54 GMT","Wed, 04 Mar 2020 01:07:53 GMT","Tue, 03 Mar 2020 17:48:30 GMT",4.745,2_39_79_379_2020-03-03 16:32:54.489023,0002,CA-327,2-39-79-379,America/Los_Angeles,000000751,400,28,70,720,"Tue, 03 Mar 2020 16:33:17 GMT",true,"Wed, 04 Mar 2020 04:32:54 GMT",751,,,,,,,,,,,,,,,,,,,,,,,,,,,,,,,,,,,,,,,,,,,,,,,,,,,,,,,,,,,,,,,,,,,,,,,,,
5e740e9ff9af8b7848854fc8,0039,"Tue, 03 Mar 2020 16:35:09 GMT","Wed, 04 Mar 2020 02:32:14 GMT","Tue, 03 Mar 2020 18:10:35 GMT",5.039,2_39_131_30_2020-03-03 16:35:09.355798,0002,CA-305,2-39-131-30,America/Los_Angeles,000000562,325,6.5,20,196,"Tue, 03 Mar 2020 16:35:30 GMT",true,"Tue, 03 Mar 2020 19:51:09 GMT",562,,,,,,,,,,,,,,,,,,,,,,,,,,,,,,,,,,,,,,,,,,,,,,,,,,,,,,,,,,,,,,,,,,,,,,,,,
5e740e9ff9af8b7848854fc9,0039,"Tue, 03 Mar 2020 16:49:48 GMT","Wed, 04 Mar 2020 02:12:24 GMT","Tue, 03 Mar 2020 19:03:07 GMT",4.587,2_39_91_437_2020-03-03 16:49:48.114129,0002,CA-317,2-39-91-437,America/Los_Angeles,000000712,400,16,40,343,"Tue, 03 Mar 2020 17:53:17 GMT",true,"Tue, 03 Mar 2020 22:32:48 GMT",712,,,,,,,,,,,,,,,,,,,,,,,,,,,,,,,,,,,,,,,,,,,,,,,,,,,,,,,,,,,,,,,,,,,,,,,,,
5e740e9ff9af8b7848854fca,0039,"Tue, 03 Mar 2020 16:57:02 GMT","Wed, 04 Mar 2020 02:21:48 GMT","Tue, 03 Mar 2020 19:56:00 GMT",7.312,2_39_79_378_2020-03-03 16:57:02.205699,0002,CA-326,2-39-79-378,America/Los_Angeles,000000677,325,19.5,60,71,"Tue, 03 Mar 2020 18:09:37 GMT",true,"Tue, 03 Mar 2020 18:08:02 GMT",677,,325,19.5,60,71,"Tue, 03 Mar 2020 18:12:53 GMT",true,"Tue, 03 Mar 2020 18:08:02 GMT",677,,,,,,,,,,,,,,,,,,,,,,,,,,,,,,,,,,,,,,,,,,,,,,,,,,,,,,,,,,,,,,,,
5e740e9ff9af8b7848854fcb,0039,"Tue, 03 Mar 2020 17:05:47 GMT","Wed, 04 Mar 2020 00:47:38 GMT","Tue, 03 Mar 2020 18:35:21 GMT",9.869,2_39_95_444_2020-03-03 17:05:46.563708,0002,CA-497,2-39-95-444,America/Los_Angeles,000001470,292,14.6,50,266,"Tue, 03 Mar 2020 17:05:57 GMT",true,"Tue, 03 Mar 2020 21:31:47 GMT",1470,,,,,,,,,,,,,,,,,,,,,,,,,,,,,,,,,,,,,,,,,,,,,,,,,,,,,,,,,,,,,,,,,,,,,,,,,
5e740e9ff9af8b7848854fcc,0039,"Tue, 03 Mar 2020 17:06:44 GMT","Wed, 04 Mar 2020 02:35:14 GMT","Tue, 03 Mar 2020 18:26:11 GMT",7.529,2_39_89_25_2020-03-03 17:06:43.591988,0002,CA-315,2-39-89-25,America/Los_Angeles,000000431,300,21,70,270,"Tue, 03 Mar 2020 17:07:02 GMT",true,"Tue, 03 Mar 2020 21:36:44 GMT",431,,,,,,,,,,,,,,,,,,,,,,,,,,,,,,,,,,,,,,,,,,,,,,,,,,,,,,,,,,,,,,,,,,,,,,,,,
5e740e9ff9af8b7848854fcd,0039,"Tue, 03 Mar 2020 17:17:40 GMT","Wed, 04 Mar 2020 03:14:34 GMT","Tue, 03 Mar 2020 19:03:32 GMT",5.742,2_39_127_19_2020-03-03 17:17:40.203845,0002,CA-309,2-39-127-19,America/Los_Angeles,000000567,400,8,20,61,"Tue, 03 Mar 2020 17:17:48 GMT",true,"Tue, 03 Mar 2020 18:18:40 GMT",567,,400,8,20,418,"Tue, 03 Mar 2020 17:19:01 GMT",true,"Wed, 04 Mar 2020 00:15:40 GMT",567,,,,,,,,,,,,,,,,,,,,,,,,,,,,,,,,,,,,,,,,,,,,,,,,,,,,,,,,,,,,,,,,
5e740e9ff9af8b7848854fce,0039,"Tue, 03 Mar 2020 17:26:16 GMT","Wed, 04 Mar 2020 00:01:43 GMT","Tue, 03 Mar 2020 18:52:38 GMT",4.269,2_39_90_440_2020-03-03 17:26:16.114497,0002,CA-500,2-39-90-440,America/Los_Angeles,000000743,400,8,20,501,"Tue, 03 Mar 2020 17:26:33 GMT",true,"Wed, 04 Mar 2020 01:47:16 GMT",743,,,,,,,,,,,,,,,,,,,,,,,,,,,,,,,,,,,,,,,,,,,,,,,,,,,,,,,,,,,,,,,,,,,,,,,,,
5e740e9ff9af8b7848854fcf,0039,"Tue, 03 Mar 2020 17:36:37 GMT","Wed, 04 Mar 2020 00:05:53 GMT","Tue, 03 Mar 2020 18:32:45 GMT",5.6,2_39_125_21_2020-03-03 17:36:36.589144,0002,CA-311,2-39-125-21,America/Los_Angeles,000001912,400,20,50,368,"Tue, 03 Mar 2020 17:36:39 GMT",true,"Tue, 03 Mar 2020 23:44:37 GMT",1912,,,,,,,,,,,,,,,,,,,,,,,,,,,,,,,,,,,,,,,,,,,,,,,,,,,,,,,,,,,,,,,,,,,,,,,,,
5e740e9ff9af8b7848854fd0,0039,"Tue, 03 Mar 2020 18:08:28 GMT","Wed, 04 Mar 2020 02:03:31 GMT","Tue, 03 Mar 2020 19:31:13 GMT",7.974,2_39_92_436_2020-03-03 18:08:28.178149,0002,CA-318,2-39-92-436,America/Los_Angeles,000001095,400,16,40,444,"Tue, 03 Mar 2020 18:08:39 GMT",true,"Wed, 04 Mar 2020 01:32:28 GMT",1095,,,,,,,,,,,,,,,,,,,,,,,,,,,,,,,,,,,,,,,,,,,,,,,,,,,,,,,,,,,,,,,,,,,,,,,,,
5e740e9ff9af8b7848854fd1,0039,"Tue, 03 Mar 2020 18:08:47 GMT","Wed, 04 Mar 2020 01:10:30 GMT","Tue, 03 Mar 2020 20:32:53 GMT",9.604,2_39_79_376_2020-03-03 18:08:47.338861,0002,CA-324,2-39-79-376,America/Los_Angeles,000001137,400,28,70,368,"Tue, 03 Mar 2020 18:09:02 GMT",true,"Wed, 04 Mar 2020 00:16:47 GMT",1137,,,,,,,,,,,,,,,,,,,,,,,,,,,,,,,,,,,,,,,,,,,,,,,,,,,,,,,,,,,,,,,,,,,,,,,,,
5e740e9ff9af8b7848854fd2,0039,"Tue, 03 Mar 2020 18:31:42 GMT","Tue, 03 Mar 2020 19:46:39 GMT","Tue, 03 Mar 2020 19:44:05 GMT",6.77,2_39_123_23_2020-03-03 18:31:42.466906,0002,CA-313,2-39-123-23,America/Los_Angeles,000000798,400,16,40,102,"Tue, 03 Mar 2020 18:32:27 GMT",true,"Tue, 03 Mar 2020 20:13:42 GMT",798,,,,,,,,,,,,,,,,,,,,,,,,,,,,,,,,,,,,,,,,,,,,,,,,,,,,,,,,,,,,,,,,,,,,,,,,,
5e740e9ff9af8b7848854fd3,0039,"Tue, 03 Mar 2020 18:35:15 GMT","Wed, 04 Mar 2020 02:44:27 GMT","Wed, 04 Mar 2020 02:44:22 GMT",7.106,2_39_78_360_2020-03-03 18:35:15.123216,0002,CA-322,2-39-78-360,America/Los_Angeles,000000714,400,32,80,461,"Tue, 03 Mar 2020 18:35:31 GMT",true,"Wed, 04 Mar 2020 02:16:15 GMT",714,,,,,,,,,,,,,,,,,,,,,,,,,,,,,,,,,,,,,,,,,,,,,,,,,,,,,,,,,,,,,,,,,,,,,,,,,
5e740e9ff9af8b7848854fd4,0039,"Tue, 03 Mar 2020 18:52:41 GMT","Wed, 04 Mar 2020 00:53:19 GMT","Tue, 03 Mar 2020 19:57:02 GMT",2.154,2_39_88_24_2020-03-03 18:52:40.707815,0002,CA-314,2-39-88-24,America/Los_Angeles,000001082,400,8,20,64,"Tue, 03 Mar 2020 18:52:49 GMT",true,"Tue, 03 Mar 2020 19:56:41 GMT",1082,,,,,,,,,,,,,,,,,,,,,,,,,,,,,,,,,,,,,,,,,,,,,,,,,,,,,,,,,,,,,,,,,,,,,,,,,
5e740e9ff9af8b7848854fd5,0039,"Tue, 03 Mar 2020 19:06:54 GMT","Tue, 03 Mar 2020 20:34:38 GMT","Tue, 03 Mar 2020 19:37:14 GMT",0.908,2_39_124_22_2020-03-03 19:06:54.389470,0002,CA-312,2-39-124-22,America/Los_Angeles,,,,,,,,,,,,,,,,,,,,,,,,,,,,,,,,,,,,,,,,,,,,,,,,,,,,,,,,,,,,,,,,,,,,,,,,,,,,,,,,,,
5e740e9ff9af8b7848854fd6,0039,"Tue, 03 Mar 2020 19:20:20 GMT","Tue, 03 Mar 2020 21:12:11 GMT","Tue, 03 Mar 2020 19:51:24 GMT",0.776,2_39_90_26_2020-03-03 19:20:20.265476,0002,CA-316,2-39-90-26,America/Los_Angeles,,,,,,,,,,,,,,,,,,,,,,,,,,,,,,,,,,,,,,,,,,,,,,,,,,,,,,,,,,,,,,,,,,,,,,,,,,,,,,,,,,
5e740e9ff9af8b7848854fd7,0039,"Tue, 03 Mar 2020 19:48:21 GMT","Wed, 04 Mar 2020 00:12:31 GMT","Wed, 04 Mar 2020 00:12:26 GMT",14.845,2_39_79_383_2020-03-03 19:48:21.440417,0002,CA-492,2-39-79-383,America/Los_Angeles,000000671,267,26.7,100,352,"Tue, 03 Mar 2020 19:48:43 GMT",true,"Wed, 04 Mar 2020 01:40:21 GMT",671,,,,,,,,,,,,,,,,,,,,,,,,,,,,,,,,,,,,,,,,,,,,,,,,,,,,,,,,,,,,,,,,,,,,,,,,,
5e740e9ff9af8b7848854fd8,0039,"Tue, 03 Mar 2020 19:52:02 GMT","Tue, 03 Mar 2020 20:47:56 GMT","Tue, 03 Mar 2020 20:47:51 GMT",2.582,2_39_123_23_2020-03-03 19:51:46.814877,0002,CA-313,2-39-123-23,America/Los_Angeles,000001093,333,9.99,30,438,"Tue, 03 Mar 2020 19:52:01 GMT",true,"Wed, 04 Mar 2020 03:10:02 GMT",1093,,,,,,,,,,,,,,,,,,,,,,,,,,,,,,,,,,,,,,,,,,,,,,,,,,,,,,,,,,,,,,,,,,,,,,,,,
5e740e9ff9af8b7848854fd9,0039,"Tue, 03 Mar 2020 20:19:34 GMT","Wed, 04 Mar 2020 02:23:25 GMT","Tue, 03 Mar 2020 22:28:48 GMT",7.225,2_39_92_442_2020-03-03 20:19:33.762130,0002,CA-498,2-39-92-442,America/Los_Angeles,000000515,400,12,30,250,"Tue, 03 Mar 2020 20:20:05 GMT",true,"Wed, 04 Mar 2020 00:29:34 GMT",515,,,,,,,,,,,,,,,,,,,,,,,,,,,,,,,,,,,,,,,,,,,,,,,,,,,,,,,,,,,,,,,,,,,,,,,,,
5e740e9ff9af8b7848854fda,0039,"Tue, 03 Mar 2020 20:38:51 GMT","Wed, 04 Mar 2020 00:30:34 GMT","Tue, 03 Mar 2020 22:04:26 GMT",4.211,2_39_124_22_2020-03-03 20:38:51.453407,0002,CA-312,2-39-124-22,America/Los_Angeles,000001366,400,8,20,60,"Tue, 03 Mar 2020 20:39:00 GMT",true,"Tue, 03 Mar 2020 21:38:51 GMT",1366,,,,,,,,,,,,,,,,,,,,,,,,,,,,,,,,,,,,,,,,,,,,,,,,,,,,,,,,,,,,,,,,,,,,,,,,,
5e740e9ff9af8b7848854fdb,0039,"Tue, 03 Mar 2020 20:57:27 GMT","Wed, 04 Mar 2020 02:53:38 GMT","Wed, 04 Mar 2020 00:27:53 GMT",22.948,2_39_123_23_2020-03-03 20:57:26.977715,0002,CA-313,2-39-123-23,America/Los_Angeles,000003270,200,40,200,63,"Tue, 03 Mar 2020 21:00:03 GMT",true,"Tue, 03 Mar 2020 22:00:27 GMT",3270,,,,,,,,,,,,,,,,,,,,,,,,,,,,,,,,,,,,,,,,,,,,,,,,,,,,,,,,,,,,,,,,,,,,,,,,,
5e740e9ff9af8b7848854fdc,0039,"Tue, 03 Mar 2020 20:59:57 GMT","Wed, 04 Mar 2020 00:55:57 GMT","Tue, 03 Mar 2020 21:30:53 GMT",0.864,2_39_95_27_2020-03-03 20:59:57.468559,0002,CA-319,2-39-95-27,America/Los_Angeles,,,,,,,,,,,,,,,,,,,,,,,,,,,,,,,,,,,,,,,,,,,,,,,,,,,,,,,,,,,,,,,,,,,,,,,,,,,,,,,,,,
5e740e9ff9af8b7848854fdd,0039,"Tue, 03 Mar 2020 21:26:35 GMT","Wed, 04 Mar 2020 03:14:23 GMT","Wed, 04 Mar 2020 01:33:58 GMT",0.901,2_39_78_363_2020-03-03 21:26:35.303907,0002,CA-320,2-39-78-363,America/Los_Angeles,,,,,,,,,,,,,,,,,,,,,,,,,,,,,,,,,,,,,,,,,,,,,,,,,,,,,,,,,,,,,,,,,,,,,,,,,,,,,,,,,,
5e740e9ff9af8b7848854fde,0039,"Tue, 03 Mar 2020 21:54:31 GMT","Wed, 04 Mar 2020 02:44:53 GMT","Tue, 03 Mar 2020 23:42:41 GMT",0.895,2_39_91_441_2020-03-03 21:54:31.104781,0002,CA-499,2-39-91-441,America/Los_Angeles,,,,,,,,,,,,,,,,,,,,,,,,,,,,,,,,,,,,,,,,,,,,,,,,,,,,,,,,,,,,,,,,,,,,,,,,,,,,,,,,,,
5e740e9ff9af8b7848854fdf,0039,"Tue, 03 Mar 2020 22:09:18 GMT","Wed, 04 Mar 2020 02:23:09 GMT","Tue, 03 Mar 2020 22:40:22 GMT",0.882,2_39_123_557_2020-03-03 22:09:18.122500,0002,CA-503,2-39-123-557,America/Los_Angeles,,,,,,,,,,,,,,,,,,,,,,,,,,,,,,,,,,,,,,,,,,,,,,,,,,,,,,,,,,,,,,,,,,,,,,,,,,,,,,,,,,
5e740e9ff9af8b7848854fe0,0039,"Tue, 03 Mar 2020 23:46:34 GMT","Wed, 04 Mar 2020 00:47:47 GMT","Wed, 04 Mar 2020 00:47:39 GMT",2.766,2_39_79_380_2020-03-03 23:46:34.296620,0002,CA-489,2-39-79-380,America/Los_Angeles,000003389,400,8,20,198,"Tue, 03 Mar 2020 23:46:54 GMT",true,"Wed, 04 Mar 2020 03:04:34 GMT",3389,,,,,,,,,,,,,,,,,,,,,,,,,,,,,,,,,,,,,,,,,,,,,,,,,,,,,,,,,,,,,,,,,,,,,,,,,
5e740e9ff9af8b7848854fe1,0039,"Wed, 04 Mar 2020 01:14:32 GMT","Wed, 04 Mar 2020 02:42:05 GMT","Wed, 04 Mar 2020 02:42:00 GMT",4.572,2_39_139_28_2020-03-04 01:14:31.692921,0002,CA-303,2-39-139-28,America/Los_Angeles,000000365,333,9.99,30,104,"Wed, 04 Mar 2020 01:14:44 GMT",true,"Wed, 04 Mar 2020 02:58:32 GMT",365,,,,,,,,,,,,,,,,,,,,,,,,,,,,,,,,,,,,,,,,,,,,,,,,,,,,,,,,,,,,,,,,,,,,,,,,,
5e740e9ff9af8b7848854fe2,0039,"Wed, 04 Mar 2020 04:21:03 GMT","Wed, 04 Mar 2020 05:47:45 GMT","Wed, 04 Mar 2020 05:47:40 GMT",4.813,2_39_139_28_2020-03-04 04:21:03.232138,0002,CA-303,2-39-139-28,America/Los_Angeles,000001263,400,8,20,115,"Wed, 04 Mar 2020 04:22:30 GMT",true,"Wed, 04 Mar 2020 06:16:03 GMT",1263,,,,,,,,,,,,,,,,,,,,,,,,,,,,,,,,,,,,,,,,,,,,,,,,,,,,,,,,,,,,,,,,,,,,,,,,,
5e756020f9af8b7bfd91e205,0039,"Wed, 04 Mar 2020 14:44:53 GMT","Thu, 05 Mar 2020 21:02:14 GMT","Wed, 04 Mar 2020 18:48:58 GMT",13.595,2_39_79_383_2020-03-04 14:44:52.748157,0002,CA-492,2-39-79-383,America/Los_Angeles,000004913,400,20,50,634,"Wed, 04 Mar 2020 14:45:18 GMT",true,"Thu, 05 Mar 2020 01:18:53 GMT",4913,,,,,,,,,,,,,,,,,,,,,,,,,,,,,,,,,,,,,,,,,,,,,,,,,,,,,,,,,,,,,,,,,,,,,,,,,
5e756020f9af8b7bfd91e206,0039,"Wed, 04 Mar 2020 15:19:13 GMT","Thu, 05 Mar 2020 01:04:24 GMT","Wed, 04 Mar 2020 17:00:17 GMT",10.441,2_39_139_28_2020-03-04 15:19:12.758016,0002,CA-303,2-39-139-28,America/Los_Angeles,000000630,400,24,60,244,"Wed, 04 Mar 2020 15:19:22 GMT",true,"Wed, 04 Mar 2020 19:23:13 GMT",630,,,,,,,,,,,,,,,,,,,,,,,,,,,,,,,,,,,,,,,,,,,,,,,,,,,,,,,,,,,,,,,,,,,,,,,,,
5e756020f9af8b7bfd91e207,0039,"Wed, 04 Mar 2020 16:09:11 GMT","Wed, 04 Mar 2020 21:13:00 GMT","Wed, 04 Mar 2020 16:39:39 GMT",0.819,2_39_79_380_2020-03-04 16:09:10.712036,0002,CA-489,2-39-79-380,America/Los_Angeles,,,,,,,,,,,,,,,,,,,,,,,,,,,,,,,,,,,,,,,,,,,,,,,,,,,,,,,,,,,,,,,,,,,,,,,,,,,,,,,,,,
5e756020f9af8b7bfd91e208,0039,"Wed, 04 Mar 2020 16:16:24 GMT","Thu, 05 Mar 2020 04:03:38 GMT","Wed, 04 Mar 2020 16:47:28 GMT",0.838,2_39_89_25_2020-03-04 16:16:24.466221,0002,CA-315,2-39-89-25,America/Los_Angeles,,,,,,,,,,,,,,,,,,,,,,,,,,,,,,,,,,,,,,,,,,,,,,,,,,,,,,,,,,,,,,,,,,,,,,,,,,,,,,,,,,
5e756020f9af8b7bfd91e209,0039,"Wed, 04 Mar 2020 16:35:44 GMT","Wed, 04 Mar 2020 20:24:00 GMT","Wed, 04 Mar 2020 18:54:47 GMT",5.591,2_39_78_365_2020-03-04 16:35:43.530631,0002,CA-321,2-39-78-365,America/Los_Angeles,000000562,325,6.5,20,196,"Wed, 04 Mar 2020 16:36:19 GMT",true,"Wed, 04 Mar 2020 19:51:44 GMT",562,,,,,,,,,,,,,,,,,,,,,,,,,,,,,,,,,,,,,,,,,,,,,,,,,,,,,,,,,,,,,,,,,,,,,,,,,
5e756020f9af8b7bfd91e20a,0039,"Wed, 04 Mar 2020 16:45:47 GMT","Thu, 05 Mar 2020 01:36:47 GMT","Wed, 04 Mar 2020 18:02:52 GMT",4.298,2_39_129_17_2020-03-04 16:45:46.830825,0002,CA-307,2-39-129-17,America/Los_Angeles,000000712,400,16,40,343,"Wed, 04 Mar 2020 16:46:14 GMT",true,"Wed, 04 Mar 2020 22:28:47 GMT",712,,,,,,,,,,,,,,,,,,,,,,,,,,,,,,,,,,,,,,,,,,,,,,,,,,,,,,,,,,,,,,,,,,,,,,,,,
5e756020f9af8b7bfd91e20b,0039,"Wed, 04 Mar 2020 16:49:00 GMT","Thu, 05 Mar 2020 01:24:07 GMT","Wed, 04 Mar 2020 17:15:35 GMT",0.92,2_39_138_29_2020-03-04 16:48:59.825542,0002,CA-304,2-39-138-29,America/Los_Angeles,000001366,400,8,20,60,"Wed, 04 Mar 2020 16:49:22 GMT",true,"Wed, 04 Mar 2020 17:49:00 GMT",1366,,,,,,,,,,,,,,,,,,,,,,,,,,,,,,,,,,,,,,,,,,,,,,,,,,,,,,,,,,,,,,,,,,,,,,,,,
5e756020f9af8b7bfd91e20c,0039,"Wed, 04 Mar 2020 16:50:40 GMT","Thu, 05 Mar 2020 00:34:26 GMT","Thu, 05 Mar 2020 00:35:25 GMT",9.016,2_39_78_362_2020-03-04 16:50:40.054426,0002,CA-496,2-39-78-362,America/Los_Angeles,000001470,292,17.52,60,266,"Wed, 04 Mar 2020 16:51:14 GMT",true,"Wed, 04 Mar 2020 21:16:40 GMT",1470,,,,,,,,,,,,,,,,,,,,,,,,,,,,,,,,,,,,,,,,,,,,,,,,,,,,,,,,,,,,,,,,,,,,,,,,,
5e756020f9af8b7bfd91e20d,0039,"Wed, 04 Mar 2020 16:59:49 GMT","Thu, 05 Mar 2020 00:57:21 GMT","Wed, 04 Mar 2020 17:29:57 GMT",0.829,2_39_79_376_2020-03-04 16:59:48.844435,0002,CA-324,2-39-79-376,America/Los_Angeles,,,,,,,,,,,,,,,,,,,,,,,,,,,,,,,,,,,,,,,,,,,,,,,,,,,,,,,,,,,,,,,,,,,,,,,,,,,,,,,,,,
5e756020f9af8b7bfd91e20e,0039,"Wed, 04 Mar 2020 17:03:36 GMT","Thu, 05 Mar 2020 00:07:33 GMT","Wed, 04 Mar 2020 19:11:24 GMT",13.189,2_39_128_18_2020-03-04 17:03:36.056633,0002,CA-308,2-39-128-18,America/Los_Angeles,000001912,400,20,50,368,"Wed, 04 Mar 2020 17:03:46 GMT",true,"Wed, 04 Mar 2020 23:11:36 GMT",1912,,,,,,,,,,,,,,,,,,,,,,,,,,,,,,,,,,,,,,,,,,,,,,,,,,,,,,,,,,,,,,,,,,,,,,,,,
5e756020f9af8b7bfd91e20f,0039,"Wed, 04 Mar 2020 17:10:27 GMT","Thu, 05 Mar 2020 00:33:42 GMT","Wed, 04 Mar 2020 18:38:15 GMT",4.307,2_39_90_440_2020-03-04 17:10:26.694118,0002,CA-500,2-39-90-440,America/Los_Angeles,000000743,400,8,20,501,"Wed, 04 Mar 2020 17:10:34 GMT",true,"Thu, 05 Mar 2020 01:31:27 GMT",743,,,,,,,,,,,,,,,,,,,,,,,,,,,,,,,,,,,,,,,,,,,,,,,,,,,,,,,,,,,,,,,,,,,,,,,,,
5e756020f9af8b7bfd91e210,0039,"Wed, 04 Mar 2020 17:13:21 GMT","Wed, 04 Mar 2020 23:19:50 GMT","Wed, 04 Mar 2020 17:43:37 GMT",0.857,2_39_127_19_2020-03-04 17:13:20.955784,0002,CA-309,2-39-127-19,America/Los_Angeles,,,,,,,,,,,,,,,,,,,,,,,,,,,,,,,,,,,,,,,,,,,,,,,,,,,,,,,,,,,,,,,,,,,,,,,,,,,,,,,,,,
5e756020f9af8b7bfd91e211,0039,"Wed, 04 Mar 2020 17:14:13 GMT","Wed, 04 Mar 2020 22:04:54 GMT","Wed, 04 Mar 2020 21:11:06 GMT",0.864,2_39_123_23_2020-03-04 17:14:12.794268,0002,CA-313,2-39-123-23,America/Los_Angeles,,,,,,,,,,,,,,,,,,,,,,,,,,,,,,,,,,,,,,,,,,,,,,,,,,,,,,,,,,,,,,,,,,,,,,,,,,,,,,,,,,
5e756020f9af8b7bfd91e212,0039,"Wed, 04 Mar 2020 17:15:32 GMT","Thu, 05 Mar 2020 03:24:06 GMT","Wed, 04 Mar 2020 19:03:18 GMT",5.806,2_39_125_21_2020-03-04 17:15:31.712825,0002,CA-311,2-39-125-21,America/Los_Angeles,000000567,400,8,20,418,"Wed, 04 Mar 2020 17:15:41 GMT",true,"Thu, 05 Mar 2020 00:13:32 GMT",567,,,,,,,,,,,,,,,,,,,,,,,,,,,,,,,,,,,,,,,,,,,,,,,,,,,,,,,,,,,,,,,,,,,,,,,,,
5e756020f9af8b7bfd91e213,0039,"Wed, 04 Mar 2020 17:22:15 GMT","Thu, 05 Mar 2020 00:00:03 GMT","Wed, 04 Mar 2020 18:41:22 GMT",2.969,2_39_79_382_2020-03-04 17:22:14.527339,0002,CA-491,2-39-79-382,America/Los_Angeles,000004701,300,9,30,352,"Wed, 04 Mar 2020 17:22:21 GMT",true,"Wed, 04 Mar 2020 23:14:15 GMT",4701,,,,,,,,,,,,,,,,,,,,,,,,,,,,,,,,,,,,,,,,,,,,,,,,,,,,,,,,,,,,,,,,,,,,,,,,,
5e756020f9af8b7bfd91e214,0039,"Wed, 04 Mar 2020 17:29:44 GMT","Thu, 05 Mar 2020 01:12:07 GMT","Wed, 04 Mar 2020 19:16:07 GMT",3.948,2_39_91_437_2020-03-04 17:29:44.133912,0002,CA-317,2-39-91-437,America/Los_Angeles,000001364,400,28,70,182,"Wed, 04 Mar 2020 17:29:50 GMT",true,"Wed, 04 Mar 2020 20:31:44 GMT",1364,,,,,,,,,,,,,,,,,,,,,,,,,,,,,,,,,,,,,,,,,,,,,,,,,,,,,,,,,,,,,,,,,,,,,,,,,
5e756020f9af8b7bfd91e215,0039,"Wed, 04 Mar 2020 17:30:02 GMT","Thu, 05 Mar 2020 01:08:55 GMT","Thu, 05 Mar 2020 00:17:25 GMT",1.132,2_39_79_377_2020-03-04 17:30:02.092903,0002,CA-325,2-39-79-377,America/Los_Angeles,,,,,,,,,,,,,,,,,,,,,,,,,,,,,,,,,,,,,,,,,,,,,,,,,,,,,,,,,,,,,,,,,,,,,,,,,,,,,,,,,,
5e756020f9af8b7bfd91e216,0039,"Wed, 04 Mar 2020 17:31:31 GMT","Thu, 05 Mar 2020 01:21:10 GMT","Wed, 04 Mar 2020 20:56:46 GMT",15.391,2_39_78_360_2020-03-04 17:31:31.052383,0002,CA-322,2-39-78-360,America/Los_Angeles,000003853,360,32.4,90,452,"Wed, 04 Mar 2020 17:32:01 GMT",true,"Thu, 05 Mar 2020 01:03:31 GMT",3853,,,,,,,,,,,,,,,,,,,,,,,,,,,,,,,,,,,,,,,,,,,,,,,,,,,,,,,,,,,,,,,,,,,,,,,,,
5e756020f9af8b7bfd91e217,0039,"Wed, 04 Mar 2020 17:35:49 GMT","Thu, 05 Mar 2020 02:07:49 GMT","Wed, 04 Mar 2020 20:37:46 GMT",10.313,2_39_78_366_2020-03-04 17:35:49.188099,0002,CA-323,2-39-78-366,America/Los_Angeles,000000677,325,19.5,60,71,"Wed, 04 Mar 2020 17:36:53 GMT",true,"Wed, 04 Mar 2020 18:46:49 GMT",677,,325,19.5,60,301,"Wed, 04 Mar 2020 21:27:36 GMT",true,"Wed, 04 Mar 2020 22:36:49 GMT",677,,,,,,,,,,,,,,,,,,,,,,,,,,,,,,,,,,,,,,,,,,,,,,,,,,,,,,,,,,,,,,,,
5e756020f9af8b7bfd91e218,0039,"Wed, 04 Mar 2020 17:36:02 GMT","Thu, 05 Mar 2020 02:18:46 GMT","Wed, 04 Mar 2020 19:42:23 GMT",14.226,2_39_95_27_2020-03-04 17:36:01.718496,0002,CA-319,2-39-95-27,America/Los_Angeles,000000714,400,32,80,461,"Wed, 04 Mar 2020 17:36:12 GMT",true,"Thu, 05 Mar 2020 01:17:02 GMT",714,,400,32,80,403,"Wed, 04 Mar 2020 17:36:26 GMT",true,"Thu, 05 Mar 2020 00:19:02 GMT",714,,,,,,,,,,,,,,,,,,,,,,,,,,,,,,,,,,,,,,,,,,,,,,,,,,,,,,,,,,,,,,,,
5e756020f9af8b7bfd91e219,0039,"Wed, 04 Mar 2020 17:45:01 GMT","Thu, 05 Mar 2020 01:16:38 GMT","Wed, 04 Mar 2020 20:00:34 GMT",7.547,2_39_126_20_2020-03-04 17:45:00.945264,0002,CA-310,2-39-126-20,America/Los_Angeles,000000620,400,8,20,441,"Wed, 04 Mar 2020 17:45:26 GMT",true,"Thu, 05 Mar 2020 01:06:01 GMT",620,,,,,,,,,,,,,,,,,,,,,,,,,,,,,,,,,,,,,,,,,,,,,,,,,,,,,,,,,,,,,,,,,,,,,,,,,
5e756020f9af8b7bfd91e21a,0039,"Wed, 04 Mar 2020 17:50:16 GMT","Wed, 04 Mar 2020 23:20:30 GMT","Wed, 04 Mar 2020 19:49:16 GMT",12.519,2_39_123_557_2020-03-04 17:50:15.939787,0002,CA-503,2-39-123-557,America/Los_Angeles,000000668,400,16,40,424,"Wed, 04 Mar 2020 17:51:06 GMT",true,"Thu, 05 Mar 2020 00:54:16 GMT",668,,400,16,40,424,"Wed, 04 Mar 2020 18:19:55 GMT",true,"Thu, 05 Mar 2020 00:54:16 GMT",668,,,,,,,,,,,,,,,,,,,,,,,,,,,,,,,,,,,,,,,,,,,,,,,,,,,,,,,,,,,,,,,,
5e756020f9af8b7bfd91e21b,0039,"Wed, 04 Mar 2020 17:50:40 GMT","Thu, 05 Mar 2020 03:15:30 GMT","Wed, 04 Mar 2020 19:43:46 GMT",11.64,2_39_92_436_2020-03-04 17:50:39.997512,0002,CA-318,2-39-92-436,America/Los_Angeles,000000558,400,24,60,60,"Wed, 04 Mar 2020 17:50:43 GMT",true,"Wed, 04 Mar 2020 18:50:40 GMT",558,,,,,,,,,,,,,,,,,,,,,,,,,,,,,,,,,,,,,,,,,,,,,,,,,,,,,,,,,,,,,,,,,,,,,,,,,
5e756020f9af8b7bfd91e21c,0039,"Wed, 04 Mar 2020 18:09:39 GMT","Thu, 05 Mar 2020 02:09:18 GMT","Wed, 04 Mar 2020 20:12:16 GMT",12.317,2_39_88_24_2020-03-04 18:09:39.495323,0002,CA-314,2-39-88-24,America/Los_Angeles,000001095,400,16,40,444,"Wed, 04 Mar 2020 18:09:47 GMT",true,"Thu, 05 Mar 2020 01:33:39 GMT",1095,,,,,,,,,,,,,,,,,,,,,,,,,,,,,,,,,,,,,,,,,,,,,,,,,,,,,,,,,,,,,,,,,,,,,,,,,
5e756020f9af8b7bfd91e21d,0039,"Wed, 04 Mar 2020 18:26:07 GMT","Wed, 04 Mar 2020 19:29:22 GMT","Wed, 04 Mar 2020 19:22:44 GMT",5.524,2_39_124_22_2020-03-04 18:26:07.211283,0002,CA-312,2-39-124-22,America/Los_Angeles,000000710,400,24,60,94,"Wed, 04 Mar 2020 18:26:38 GMT",true,"Wed, 04 Mar 2020 20:00:07 GMT",710,,,,,,,,,,,,,,,,,,,,,,,,,,,,,,,,,,,,,,,,,,,,,,,,,,,,,,,,,,,,,,,,,,,,,,,,,
5e756020f9af8b7bfd91e21e,0039,"Wed, 04 Mar 2020 20:28:05 GMT","Thu, 05 Mar 2020 01:38:21 GMT","Wed, 04 Mar 2020 20:41:05 GMT",0.896,2_39_124_22_2020-03-04 20:28:05.170797,0002,CA-312,2-39-124-22,America/Los_Angeles,000000710,400,24,60,94,"Wed, 04 Mar 2020 20:28:34 GMT",true,"Wed, 04 Mar 2020 22:02:05 GMT",710,,,,,,,,,,,,,,,,,,,,,,,,,,,,,,,,,,,,,,,,,,,,,,,,,,,,,,,,,,,,,,,,,,,,,,,,,
5e756020f9af8b7bfd91e21f,0039,"Wed, 04 Mar 2020 20:57:56 GMT","Wed, 04 Mar 2020 23:59:28 GMT","Wed, 04 Mar 2020 22:19:38 GMT",4.115,2_39_78_367_2020-03-04 20:57:55.806549,0002,CA-494,2-39-78-367,America/Los_Angeles,000000891,400,8,20,216,"Wed, 04 Mar 2020 20:58:00 GMT",true,"Thu, 05 Mar 2020 00:33:56 GMT",891,,,,,,,,,,,,,,,,,,,,,,,,,,,,,,,,,,,,,,,,,,,,,,,,,,,,,,,,,,,,,,,,,,,,,,,,,
5e756020f9af8b7bfd91e220,0039,"Wed, 04 Mar 2020 21:09:28 GMT","Thu, 05 Mar 2020 03:29:02 GMT","Wed, 04 Mar 2020 23:07:29 GMT",6.489,2_39_91_441_2020-03-04 21:09:28.255011,0002,CA-499,2-39-91-441,America/Los_Angeles,000001124,400,8,20,60,"Wed, 04 Mar 2020 21:09:49 GMT",true,"Wed, 04 Mar 2020 22:09:28 GMT",1124,,,,,,,,,,,,,,,,,,,,,,,,,,,,,,,,,,,,,,,,,,,,,,,,,,,,,,,,,,,,,,,,,,,,,,,,,
5e756020f9af8b7bfd91e221,0039,"Wed, 04 Mar 2020 22:09:38 GMT","Thu, 05 Mar 2020 03:50:03 GMT","Thu, 05 Mar 2020 03:49:58 GMT",38.057,2_39_123_23_2020-03-04 22:09:28.431781,0002,CA-313,2-39-123-23,America/Los_Angeles,000002743,240,60,250,577,"Wed, 04 Mar 2020 22:09:38 GMT",true,"Thu, 05 Mar 2020 07:46:38 GMT",2743,,,,,,,,,,,,,,,,,,,,,,,,,,,,,,,,,,,,,,,,,,,,,,,,,,,,,,,,,,,,,,,,,,,,,,,,,
5e756020f9af8b7bfd91e222,0039,"Wed, 04 Mar 2020 22:13:48 GMT","Thu, 05 Mar 2020 01:38:39 GMT","Wed, 04 Mar 2020 23:45:01 GMT",4.762,2_39_90_26_2020-03-04 22:13:47.805247,0002,CA-316,2-39-90-26,America/Los_Angeles,000002170,400,28,70,417,"Wed, 04 Mar 2020 22:14:14 GMT",true,"Thu, 05 Mar 2020 05:10:48 GMT",2170,,,,,,,,,,,,,,,,,,,,,,,,,,,,,,,,,,,,,,,,,,,,,,,,,,,,,,,,,,,,,,,,,,,,,,,,,
5e756020f9af8b7bfd91e223,0039,"Thu, 05 Mar 2020 04:48:55 GMT","Thu, 05 Mar 2020 05:58:44 GMT","Thu, 05 Mar 2020 05:58:39 GMT",3.885,2_39_131_30_2020-03-05 04:48:55.007446,0002,CA-305,2-39-131-30,America/Los_Angeles,000004622,300,6,20,61,"Thu, 05 Mar 2020 04:49:21 GMT",true,"Thu, 05 Mar 2020 05:49:55 GMT",4622,,,,,,,,,,,,,,,,,,,,,,,,,,,,,,,,,,,,,,,,,,,,,,,,,,,,,,,,,,,,,,,,,,,,,,,,,
5e76b19ff9af8b7fd368f9c7,0039,"Thu, 05 Mar 2020 15:41:47 GMT","Thu, 05 Mar 2020 17:05:12 GMT","Thu, 05 Mar 2020 17:03:58 GMT",0.885,2_39_78_366_2020-03-05 15:41:47.502212,0002,CA-323,2-39-78-366,America/Los_Angeles,,,,,,,,,,,,,,,,,,,,,,,,,,,,,,,,,,,,,,,,,,,,,,,,,,,,,,,,,,,,,,,,,,,,,,,,,,,,,,,,,,
5e76b19ff9af8b7fd368f9c8,0039,"Thu, 05 Mar 2020 15:47:51 GMT","Fri, 06 Mar 2020 01:30:11 GMT","Thu, 05 Mar 2020 17:55:23 GMT",6.69,2_39_79_382_2020-03-05 15:47:51.518370,0002,CA-491,2-39-79-382,America/Los_Angeles,000004701,300,9,30,480,"Thu, 05 Mar 2020 15:48:05 GMT",true,"Thu, 05 Mar 2020 23:47:51 GMT",4701,,,,,,,,,,,,,,,,,,,,,,,,,,,,,,,,,,,,,,,,,,,,,,,,,,,,,,,,,,,,,,,,,,,,,,,,,
5e76b19ff9af8b7fd368f9c9,0039,"Thu, 05 Mar 2020 16:15:36 GMT","Thu, 05 Mar 2020 23:20:44 GMT","Thu, 05 Mar 2020 22:06:35 GMT",35.069,2_39_79_376_2020-03-05 16:15:36.067823,0002,CA-324,2-39-79-376,America/Los_Angeles,000003424,295,50.15,170,503,"Thu, 05 Mar 2020 16:15:54 GMT",true,"Fri, 06 Mar 2020 00:38:36 GMT",3424,,,,,,,,,,,,,,,,,,,,,,,,,,,,,,,,,,,,,,,,,,,,,,,,,,,,,,,,,,,,,,,,,,,,,,,,,
5e76b19ff9af8b7fd368f9ca,0039,"Thu, 05 Mar 2020 16:22:46 GMT","Thu, 05 Mar 2020 22:13:14 GMT","Thu, 05 Mar 2020 22:10:20 GMT",1.253,2_39_79_380_2020-03-05 16:22:46.031798,0002,CA-489,2-39-79-380,America/Los_Angeles,,,,,,,,,,,,,,,,,,,,,,,,,,,,,,,,,,,,,,,,,,,,,,,,,,,,,,,,,,,,,,,,,,,,,,,,,,,,,,,,,,
5e76b19ff9af8b7fd368f9cb,0039,"Thu, 05 Mar 2020 16:42:38 GMT","Fri, 06 Mar 2020 01:42:51 GMT","Thu, 05 Mar 2020 18:04:58 GMT",4.313,2_39_139_28_2020-03-05 16:42:38.146343,0002,CA-303,2-39-139-28,America/Los_Angeles,000000712,400,12,30,343,"Thu, 05 Mar 2020 16:42:46 GMT",true,"Thu, 05 Mar 2020 22:25:38 GMT",712,,,,,,,,,,,,,,,,,,,,,,,,,,,,,,,,,,,,,,,,,,,,,,,,,,,,,,,,,,,,,,,,,,,,,,,,,
5e76b19ff9af8b7fd368f9cc,0039,"Thu, 05 Mar 2020 16:43:10 GMT","Thu, 05 Mar 2020 19:06:03 GMT","Thu, 05 Mar 2020 19:07:02 GMT",9.817213261647103,2_39_78_362_2020-03-05 16:43:10.433942,0002,CA-496,2-39-78-362,America/Los_Angeles,000001470,292,20.44,70,266,"Thu, 05 Mar 2020 16:45:39 GMT",true,"Thu, 05 Mar 2020 21:09:10 GMT",1470,,,,,,,,,,,,,,,,,,,,,,,,,,,,,,,,,,,,,,,,,,,,,,,,,,,,,,,,,,,,,,,,,,,,,,,,,
5e76b19ff9af8b7fd368f9cd,0039,"Thu, 05 Mar 2020 16:46:27 GMT","Fri, 06 Mar 2020 01:06:20 GMT","Thu, 05 Mar 2020 18:14:53 GMT",3.946,2_39_131_30_2020-03-05 16:46:27.193339,0002,CA-305,2-39-131-30,America/Los_Angeles,000001366,400,8,20,60,"Thu, 05 Mar 2020 16:46:41 GMT",true,"Thu, 05 Mar 2020 17:46:27 GMT",1366,,,,,,,,,,,,,,,,,,,,,,,,,,,,,,,,,,,,,,,,,,,,,,,,,,,,,,,,,,,,,,,,,,,,,,,,,
5e76b19ff9af8b7fd368f9ce,0039,"Thu, 05 Mar 2020 16:50:46 GMT","Thu, 05 Mar 2020 18:05:58 GMT","Thu, 05 Mar 2020 17:59:33 GMT",1.3686290322577859,2_39_78_363_2020-03-05 16:50:45.843167,0002,CA-320,2-39-78-363,America/Los_Angeles,,,,,,,,,,,,,,,,,,,,,,,,,,,,,,,,,,,,,,,,,,,,,,,,,,,,,,,,,,,,,,,,,,,,,,,,,,,,,,,,,,
5e76b19ff9af8b7fd368f9cf,0039,"Thu, 05 Mar 2020 17:00:11 GMT","Fri, 06 Mar 2020 01:20:19 GMT","Thu, 05 Mar 2020 19:45:41 GMT",14.619,2_39_91_437_2020-03-05 17:00:11.265388,0002,CA-317,2-39-91-437,America/Los_Angeles,000000431,300,21,70,270,"Thu, 05 Mar 2020 17:00:31 GMT",true,"Thu, 05 Mar 2020 21:30:11 GMT",431,,,,,,,,,,,,,,,,,,,,,,,,,,,,,,,,,,,,,,,,,,,,,,,,,,,,,,,,,,,,,,,,,,,,,,,,,
5e76b19ff9af8b7fd368f9d0,0039,"Thu, 05 Mar 2020 17:06:22 GMT","Fri, 06 Mar 2020 01:22:30 GMT","Thu, 05 Mar 2020 17:36:11 GMT",0.823,2_39_79_379_2020-03-05 17:06:22.562956,0002,CA-327,2-39-79-379,America/Los_Angeles,,,,,,,,,,,,,,,,,,,,,,,,,,,,,,,,,,,,,,,,,,,,,,,,,,,,,,,,,,,,,,,,,,,,,,,,,,,,,,,,,,
5e76b19ff9af8b7fd368f9d1,0039,"Thu, 05 Mar 2020 17:09:24 GMT","Fri, 06 Mar 2020 01:17:15 GMT","Thu, 05 Mar 2020 18:57:29 GMT",5.224,2_39_89_25_2020-03-05 17:09:24.354256,0002,CA-315,2-39-89-25,America/Los_Angeles,000000743,400,8,20,457,"Thu, 05 Mar 2020 17:10:23 GMT",true,"Fri, 06 Mar 2020 00:46:24 GMT",743,,,,,,,,,,,,,,,,,,,,,,,,,,,,,,,,,,,,,,,,,,,,,,,,,,,,,,,,,,,,,,,,,,,,,,,,,
5e76b19ff9af8b7fd368f9d2,0039,"Thu, 05 Mar 2020 17:20:28 GMT","Fri, 06 Mar 2020 00:43:22 GMT","Thu, 05 Mar 2020 17:59:05 GMT",1.485,2_39_90_440_2020-03-05 17:20:28.100396,0002,CA-500,2-39-90-440,America/Los_Angeles,000003447,375,15,40,420,"Thu, 05 Mar 2020 17:21:53 GMT",true,"Fri, 06 Mar 2020 00:20:28 GMT",3447,,,,,,,,,,,,,,,,,,,,,,,,,,,,,,,,,,,,,,,,,,,,,,,,,,,,,,,,,,,,,,,,,,,,,,,,,
5e76b19ff9af8b7fd368f9d3,0039,"Thu, 05 Mar 2020 17:33:44 GMT","Fri, 06 Mar 2020 02:21:39 GMT","Fri, 06 Mar 2020 02:21:15 GMT",1.195,2_39_95_27_2020-03-05 17:33:44.518940,0002,CA-319,2-39-95-27,America/Los_Angeles,,,,,,,,,,,,,,,,,,,,,,,,,,,,,,,,,,,,,,,,,,,,,,,,,,,,,,,,,,,,,,,,,,,,,,,,,,,,,,,,,,
5e76b19ff9af8b7fd368f9d4,0039,"Thu, 05 Mar 2020 17:34:28 GMT","Fri, 06 Mar 2020 01:10:13 GMT","Fri, 06 Mar 2020 01:05:21 GMT",1.19,2_39_125_21_2020-03-05 17:34:29.789062,0002,CA-311,2-39-125-21,America/Los_Angeles,,,,,,,,,,,,,,,,,,,,,,,,,,,,,,,,,,,,,,,,,,,,,,,,,,,,,,,,,,,,,,,,,,,,,,,,,,,,,,,,,,
5e76b19ff9af8b7fd368f9d5,0039,"Thu, 05 Mar 2020 17:37:09 GMT","Fri, 06 Mar 2020 00:37:10 GMT","Fri, 06 Mar 2020 00:35:29 GMT",1.395,2_39_78_365_2020-03-05 17:37:09.405216,0002,CA-321,2-39-78-365,America/Los_Angeles,,,,,,,,,,,,,,,,,,,,,,,,,,,,,,,,,,,,,,,,,,,,,,,,,,,,,,,,,,,,,,,,,,,,,,,,,,,,,,,,,,
5e76b19ff9af8b7fd368f9d6,0039,"Thu, 05 Mar 2020 17:39:47 GMT","Thu, 05 Mar 2020 18:57:59 GMT","Thu, 05 Mar 2020 18:54:08 GMT",0.928,2_39_78_366_2020-03-05 17:39:47.343016,0002,CA-323,2-39-78-366,America/Los_Angeles,,,,,,,,,,,,,,,,,,,,,,,,,,,,,,,,,,,,,,,,,,,,,,,,,,,,,,,,,,,,,,,,,,,,,,,,,,,,,,,,,,
5e76b19ff9af8b7fd368f9d7,0039,"Thu, 05 Mar 2020 17:42:39 GMT","Fri, 06 Mar 2020 01:39:47 GMT","Fri, 06 Mar 2020 01:24:58 GMT",1.354,2_39_79_381_2020-03-05 17:42:39.019243,0002,CA-490,2-39-79-381,America/Los_Angeles,,,,,,,,,,,,,,,,,,,,,,,,,,,,,,,,,,,,,,,,,,,,,,,,,,,,,,,,,,,,,,,,,,,,,,,,,,,,,,,,,,
5e76b19ff9af8b7fd368f9d8,0039,"Thu, 05 Mar 2020 17:43:24 GMT","Fri, 06 Mar 2020 02:53:16 GMT","Thu, 05 Mar 2020 18:35:27 GMT",1.521,2_39_90_26_2020-03-05 17:43:23.827125,0002,CA-316,2-39-90-26,America/Los_Angeles,000000324,444,8.88,20,101,"Thu, 05 Mar 2020 17:44:44 GMT",true,"Thu, 05 Mar 2020 19:24:24 GMT",324,,444,8.88,20,101,"Thu, 05 Mar 2020 17:45:19 GMT",true,"Thu, 05 Mar 2020 19:24:24 GMT",324,,,,,,,,,,,,,,,,,,,,,,,,,,,,,,,,,,,,,,,,,,,,,,,,,,,,,,,,,,,,,,,,
5e76b19ff9af8b7fd368f9d9,0039,"Thu, 05 Mar 2020 17:45:29 GMT","Fri, 06 Mar 2020 01:45:12 GMT","Thu, 05 Mar 2020 21:55:38 GMT",17.762,2_39_78_361_2020-03-05 17:45:29.132151,0002,CA-493,2-39-78-361,America/Los_Angeles,000001137,400,40,100,401,"Thu, 05 Mar 2020 17:45:49 GMT",true,"Fri, 06 Mar 2020 00:26:29 GMT",1137,,,,,,,,,,,,,,,,,,,,,,,,,,,,,,,,,,,,,,,,,,,,,,,,,,,,,,,,,,,,,,,,,,,,,,,,,
5e76b19ff9af8b7fd368f9da,0039,"Thu, 05 Mar 2020 17:55:33 GMT","Fri, 06 Mar 2020 01:11:30 GMT","Thu, 05 Mar 2020 20:05:38 GMT",6.293,2_39_123_23_2020-03-05 17:55:33.434004,0002,CA-313,2-39-123-23,America/Los_Angeles,000005594,360,7.2,20,244,"Thu, 05 Mar 2020 17:56:02 GMT",true,"Thu, 05 Mar 2020 21:59:33 GMT",5594,,,,,,,,,,,,,,,,,,,,,,,,,,,,,,,,,,,,,,,,,,,,,,,,,,,,,,,,,,,,,,,,,,,,,,,,,
5e76b19ff9af8b7fd368f9db,0039,"Thu, 05 Mar 2020 18:17:21 GMT","Thu, 05 Mar 2020 18:53:09 GMT","Thu, 05 Mar 2020 18:52:09 GMT",0.948,2_39_78_363_2020-03-05 18:17:21.082226,0002,CA-320,2-39-78-363,America/Los_Angeles,,,,,,,,,,,,,,,,,,,,,,,,,,,,,,,,,,,,,,,,,,,,,,,,,,,,,,,,,,,,,,,,,,,,,,,,,,,,,,,,,,
5e76b19ff9af8b7fd368f9dc,0039,"Thu, 05 Mar 2020 18:20:39 GMT","Fri, 06 Mar 2020 02:16:46 GMT","Thu, 05 Mar 2020 20:31:52 GMT",7.078,2_39_95_444_2020-03-05 18:20:22.677540,0002,CA-497,2-39-95-444,America/Los_Angeles,000000515,400,12,30,250,"Thu, 05 Mar 2020 18:20:39 GMT",true,"Thu, 05 Mar 2020 22:30:39 GMT",515,,400,12,30,250,"Thu, 05 Mar 2020 18:20:43 GMT",true,"Thu, 05 Mar 2020 22:30:39 GMT",515,400,12,30,250,"Thu, 05 Mar 2020 18:21:14 GMT",true,"Thu, 05 Mar 2020 22:30:39 GMT",515,,,,,,,,,,,,,,,,,,,,,,,,,,,,,,,,,,,,,,,,,,,,,,,,,,,,,,,,
5e76b19ff9af8b7fd368f9dd,0039,"Thu, 05 Mar 2020 18:21:20 GMT","Fri, 06 Mar 2020 01:42:03 GMT","Thu, 05 Mar 2020 20:14:49 GMT",3.5,2_39_91_441_2020-03-05 18:21:20.576347,0002,CA-499,2-39-91-441,America/Los_Angeles,000001095,400,16,40,444,"Thu, 05 Mar 2020 18:21:25 GMT",true,"Fri, 06 Mar 2020 01:45:20 GMT",1095,,,,,,,,,,,,,,,,,,,,,,,,,,,,,,,,,,,,,,,,,,,,,,,,,,,,,,,,,,,,,,,,,,,,,,,,,
5e76b19ff9af8b7fd368f9de,0039,"Thu, 05 Mar 2020 18:25:12 GMT","Thu, 05 Mar 2020 18:59:43 GMT","Thu, 05 Mar 2020 18:59:11 GMT",3.071,2_39_124_22_2020-03-05 18:25:11.923981,0002,CA-312,2-39-124-22,America/Los_Angeles,000000668,400,12,30,424,"Thu, 05 Mar 2020 18:25:20 GMT",true,"Fri, 06 Mar 2020 01:29:12 GMT",668,,,,,,,,,,,,,,,,,,,,,,,,,,,,,,,,,,,,,,,,,,,,,,,,,,,,,,,,,,,,,,,,,,,,,,,,,
5e76b19ff9af8b7fd368f9df,0039,"Thu, 05 Mar 2020 18:40:19 GMT","Fri, 06 Mar 2020 02:46:13 GMT","Thu, 05 Mar 2020 21:00:04 GMT",3.622,2_39_88_24_2020-03-05 18:40:18.887502,0002,CA-314,2-39-88-24,America/Los_Angeles,000000567,400,8,20,418,"Thu, 05 Mar 2020 18:40:20 GMT",true,"Fri, 06 Mar 2020 01:38:19 GMT",567,,,,,,,,,,,,,,,,,,,,,,,,,,,,,,,,,,,,,,,,,,,,,,,,,,,,,,,,,,,,,,,,,,,,,,,,,
5e76b19ff9af8b7fd368f9e0,0039,"Thu, 05 Mar 2020 19:10:11 GMT","Thu, 05 Mar 2020 20:25:13 GMT","Thu, 05 Mar 2020 20:22:45 GMT",0.893,2_39_78_363_2020-03-05 19:10:11.143508,0002,CA-320,2-39-78-363,America/Los_Angeles,,,,,,,,,,,,,,,,,,,,,,,,,,,,,,,,,,,,,,,,,,,,,,,,,,,,,,,,,,,,,,,,,,,,,,,,,,,,,,,,,,
5e76b19ff9af8b7fd368f9e1,0039,"Thu, 05 Mar 2020 19:13:00 GMT","Thu, 05 Mar 2020 22:15:25 GMT","Thu, 05 Mar 2020 22:13:36 GMT",1.028,2_39_78_366_2020-03-05 19:13:00.153424,0002,CA-323,2-39-78-366,America/Los_Angeles,,,,,,,,,,,,,,,,,,,,,,,,,,,,,,,,,,,,,,,,,,,,,,,,,,,,,,,,,,,,,,,,,,,,,,,,,,,,,,,,,,
5e76b19ff9af8b7fd368f9e2,0039,"Thu, 05 Mar 2020 19:19:22 GMT","Fri, 06 Mar 2020 00:09:58 GMT","Fri, 06 Mar 2020 00:09:44 GMT",15.705,2_39_92_436_2020-03-05 19:17:47.102205,0002,CA-318,2-39-92-436,America/Los_Angeles,000001090,400,20,50,317,"Thu, 05 Mar 2020 19:19:21 GMT",true,"Fri, 06 Mar 2020 00:36:22 GMT",1090,,,,,,,,,,,,,,,,,,,,,,,,,,,,,,,,,,,,,,,,,,,,,,,,,,,,,,,,,,,,,,,,,,,,,,,,,
5e76b19ff9af8b7fd368f9e3,0039,"Thu, 05 Mar 2020 19:20:44 GMT","Fri, 06 Mar 2020 00:02:19 GMT","Fri, 06 Mar 2020 00:03:14 GMT",1.2034707287894952,2_39_78_362_2020-03-05 19:20:43.853899,0002,CA-496,2-39-78-362,America/Los_Angeles,,,,,,,,,,,,,,,,,,,,,,,,,,,,,,,,,,,,,,,,,,,,,,,,,,,,,,,,,,,,,,,,,,,,,,,,,,,,,,,,,,
5e76b19ff9af8b7fd368f9e4,0039,"Thu, 05 Mar 2020 19:26:29 GMT","Thu, 05 Mar 2020 20:31:46 GMT","Thu, 05 Mar 2020 20:31:29 GMT",6.033,2_39_124_22_2020-03-05 19:26:28.848051,0002,CA-312,2-39-124-22,America/Los_Angeles,000002284,250,10,40,93,"Thu, 05 Mar 2020 19:32:10 GMT",true,"Thu, 05 Mar 2020 20:59:29 GMT",2284,,250,20,80,93,"Thu, 05 Mar 2020 19:32:56 GMT",true,"Thu, 05 Mar 2020 20:59:29 GMT",2284,250,20,80,93,"Thu, 05 Mar 2020 20:31:22 GMT",true,"Thu, 05 Mar 2020 20:59:29 GMT",2284,,,,,,,,,,,,,,,,,,,,,,,,,,,,,,,,,,,,,,,,,,,,,,,,,,,,,,,,
5e76b19ff9af8b7fd368f9e5,0039,"Thu, 05 Mar 2020 19:54:59 GMT","Thu, 05 Mar 2020 23:15:17 GMT","Thu, 05 Mar 2020 23:14:23 GMT",21.349,2_39_78_364_2020-03-05 19:54:58.660376,0002,CA-495,2-39-78-364,America/Los_Angeles,000001208,364,40.04,110,353,"Thu, 05 Mar 2020 19:55:18 GMT",true,"Fri, 06 Mar 2020 01:47:59 GMT",1208,,,,,,,,,,,,,,,,,,,,,,,,,,,,,,,,,,,,,,,,,,,,,,,,,,,,,,,,,,,,,,,,,,,,,,,,,
5e76b19ff9af8b7fd368f9e6,0039,"Thu, 05 Mar 2020 20:41:30 GMT","Thu, 05 Mar 2020 21:20:21 GMT","Thu, 05 Mar 2020 21:19:55 GMT",0.976,2_39_78_363_2020-03-05 20:41:29.805142,0002,CA-320,2-39-78-363,America/Los_Angeles,,,,,,,,,,,,,,,,,,,,,,,,,,,,,,,,,,,,,,,,,,,,,,,,,,,,,,,,,,,,,,,,,,,,,,,,,,,,,,,,,,
5e76b19ff9af8b7fd368f9e7,0039,"Thu, 05 Mar 2020 21:06:03 GMT","Thu, 05 Mar 2020 21:40:12 GMT","Thu, 05 Mar 2020 21:39:59 GMT",0.932,2_39_79_383_2020-03-05 21:06:02.765577,0002,CA-492,2-39-79-383,America/Los_Angeles,,,,,,,,,,,,,,,,,,,,,,,,,,,,,,,,,,,,,,,,,,,,,,,,,,,,,,,,,,,,,,,,,,,,,,,,,,,,,,,,,,
5e76b19ff9af8b7fd368f9e8,0039,"Thu, 05 Mar 2020 21:26:07 GMT","Fri, 06 Mar 2020 00:46:10 GMT","Fri, 06 Mar 2020 00:00:12 GMT",14.034,2_39_78_363_2020-03-05 21:26:06.514484,0002,CA-320,2-39-78-363,America/Los_Angeles,000000630,400,24,60,244,"Thu, 05 Mar 2020 21:26:46 GMT",true,"Fri, 06 Mar 2020 01:30:07 GMT",630,,,,,,,,,,,,,,,,,,,,,,,,,,,,,,,,,,,,,,,,,,,,,,,,,,,,,,,,,,,,,,,,,,,,,,,,,
5e76b19ff9af8b7fd368f9e9,0039,"Thu, 05 Mar 2020 22:19:25 GMT","Fri, 06 Mar 2020 01:44:22 GMT","Fri, 06 Mar 2020 00:43:35 GMT",7.771,2_39_127_19_2020-03-05 22:19:07.028718,0002,CA-309,2-39-127-19,America/Los_Angeles,000006481,429,8.58,20,264,"Thu, 05 Mar 2020 22:19:26 GMT",true,"Fri, 06 Mar 2020 02:43:25 GMT",6481,,429,8.58,20,264,"Thu, 05 Mar 2020 22:20:14 GMT",true,"Fri, 06 Mar 2020 02:43:25 GMT",6481,429,8.58,20,264,"Thu, 05 Mar 2020 22:20:30 GMT",true,"Fri, 06 Mar 2020 02:43:25 GMT",6481,429,8.58,20,233,"Fri, 06 Mar 2020 01:12:39 GMT",true,"Fri, 06 Mar 2020 02:12:25 GMT",6481,,,,,,,,,,,,,,,,,,,,,,,,,,,,,,,,,,,,,,,,,,,,,,,,
5e76b19ff9af8b7fd368f9ea,0039,"Thu, 05 Mar 2020 22:32:31 GMT","Thu, 05 Mar 2020 23:33:01 GMT","Thu, 05 Mar 2020 23:29:33 GMT",0.983,2_39_78_366_2020-03-05 22:32:31.431426,0002,CA-323,2-39-78-366,America/Los_Angeles,,,,,,,,,,,,,,,,,,,,,,,,,,,,,,,,,,,,,,,,,,,,,,,,,,,,,,,,,,,,,,,,,,,,,,,,,,,,,,,,,,
5e76b19ff9af8b7fd368f9eb,0039,"Thu, 05 Mar 2020 23:12:33 GMT","Fri, 06 Mar 2020 01:41:37 GMT","Fri, 06 Mar 2020 01:41:33 GMT",15.876,2_39_79_380_2020-03-05 23:12:32.852119,0002,CA-489,2-39-79-380,America/Los_Angeles,000003176,400,20,50,260,"Thu, 05 Mar 2020 23:13:41 GMT",true,"Fri, 06 Mar 2020 03:32:33 GMT",3176,,,,,,,,,,,,,,,,,,,,,,,,,,,,,,,,,,,,,,,,,,,,,,,,,,,,,,,,,,,,,,,,,,,,,,,,,
5e76b19ff9af8b7fd368f9ec,0039,"Fri, 06 Mar 2020 00:03:09 GMT","Fri, 06 Mar 2020 02:30:39 GMT","Fri, 06 Mar 2020 02:06:57 GMT",6.038,2_39_78_360_2020-03-06 00:03:08.606001,0002,CA-322,2-39-78-360,America/Los_Angeles,000002244,400,8,20,60,"Fri, 06 Mar 2020 00:03:56 GMT",true,"Fri, 06 Mar 2020 01:03:09 GMT",2244,,,,,,,,,,,,,,,,,,,,,,,,,,,,,,,,,,,,,,,,,,,,,,,,,,,,,,,,,,,,,,,,,,,,,,,,,
5e76b19ff9af8b7fd368f9ed,0039,"Fri, 06 Mar 2020 00:05:11 GMT","Fri, 06 Mar 2020 00:49:34 GMT","Fri, 06 Mar 2020 00:40:43 GMT",0.9712305854238583,2_39_78_366_2020-03-06 00:05:11.258948,0002,CA-323,2-39-78-366,America/Los_Angeles,,,,,,,,,,,,,,,,,,,,,,,,,,,,,,,,,,,,,,,,,,,,,,,,,,,,,,,,,,,,,,,,,,,,,,,,,,,,,,,,,,
5e76b19ff9af8b7fd368f9ee,0039,"Fri, 06 Mar 2020 01:38:03 GMT","Fri, 06 Mar 2020 03:06:50 GMT","Fri, 06 Mar 2020 02:30:15 GMT",0.937,2_39_138_29_2020-03-06 01:38:02.701987,0002,CA-304,2-39-138-29,America/Los_Angeles,,,,,,,,,,,,,,,,,,,,,,,,,,,,,,,,,,,,,,,,,,,,,,,,,,,,,,,,,,,,,,,,,,,,,,,,,,,,,,,,,,
5e76b19ff9af8b7fd368f9ef,0039,"Fri, 06 Mar 2020 03:01:57 GMT","Fri, 06 Mar 2020 04:38:05 GMT","Fri, 06 Mar 2020 04:14:48 GMT",3.443,2_39_127_19_2020-03-06 03:01:12.636495,0002,CA-309,2-39-127-19,America/Los_Angeles,000004622,300,6,20,61,"Fri, 06 Mar 2020 03:01:57 GMT",true,"Fri, 06 Mar 2020 04:02:57 GMT",4622,,,,,,,,,,,,,,,,,,,,,,,,,,,,,,,,,,,,,,,,,,,,,,,,,,,,,,,,,,,,,,,,,,,,,,,,,
5e76b19ff9af8b7fd368f9f0,0039,"Fri, 06 Mar 2020 04:22:26 GMT","Fri, 06 Mar 2020 05:57:15 GMT","Fri, 06 Mar 2020 05:21:54 GMT",3.361,2_39_139_28_2020-03-06 04:22:25.588652,0002,CA-303,2-39-139-28,America/Los_Angeles,000001263,400,8,20,115,"Fri, 06 Mar 2020 04:22:42 GMT",true,"Fri, 06 Mar 2020 06:17:26 GMT",1263,,,,,,,,,,,,,,,,,,,,,,,,,,,,,,,,,,,,,,,,,,,,,,,,,,,,,,,,,,,,,,,,,,,,,,,,,
5e7954a3f9af8b090600ec50,0039,"Fri, 06 Mar 2020 14:04:41 GMT","Fri, 06 Mar 2020 15:40:14 GMT","Fri, 06 Mar 2020 15:32:03 GMT",4.335,2_39_89_25_2020-03-06 14:05:10.041864,0002,CA-315,2-39-89-25,America/Los_Angeles,000000743,400,8,20,72,"Fri, 06 Mar 2020 14:05:25 GMT",true,"Fri, 06 Mar 2020 15:16:41 GMT",743,,,,,,,,,,,,,,,,,,,,,,,,,,,,,,,,,,,,,,,,,,,,,,,,,,,,,,,,,,,,,,,,,,,,,,,,,
5e7954a3f9af8b090600ec51,0039,"Fri, 06 Mar 2020 15:03:53 GMT","Fri, 06 Mar 2020 16:23:09 GMT","Fri, 06 Mar 2020 16:15:27 GMT",0.879,2_39_79_380_2020-03-06 15:03:53.472625,0002,CA-489,2-39-79-380,America/Los_Angeles,,,,,,,,,,,,,,,,,,,,,,,,,,,,,,,,,,,,,,,,,,,,,,,,,,,,,,,,,,,,,,,,,,,,,,,,,,,,,,,,,,
5e7954a3f9af8b090600ec52,0039,"Fri, 06 Mar 2020 15:38:51 GMT","Sat, 07 Mar 2020 00:25:27 GMT","Fri, 06 Mar 2020 16:28:47 GMT",0.873,2_39_79_382_2020-03-06 15:38:51.237894,0002,CA-491,2-39-79-382,America/Los_Angeles,,,,,,,,,,,,,,,,,,,,,,,,,,,,,,,,,,,,,,,,,,,,,,,,,,,,,,,,,,,,,,,,,,,,,,,,,,,,,,,,,,
5e7954a3f9af8b090600ec53,0039,"Fri, 06 Mar 2020 15:45:46 GMT","Fri, 06 Mar 2020 19:22:25 GMT","Fri, 06 Mar 2020 17:45:21 GMT",7.158,2_39_78_366_2020-03-06 15:45:46.103519,0002,CA-323,2-39-78-366,America/Los_Angeles,000003853,360,18,50,452,"Fri, 06 Mar 2020 15:46:46 GMT",true,"Fri, 06 Mar 2020 23:17:46 GMT",3853,,,,,,,,,,,,,,,,,,,,,,,,,,,,,,,,,,,,,,,,,,,,,,,,,,,,,,,,,,,,,,,,,,,,,,,,,
5e7954a3f9af8b090600ec54,0039,"Fri, 06 Mar 2020 15:56:14 GMT","Sat, 07 Mar 2020 00:15:08 GMT","Fri, 06 Mar 2020 17:14:27 GMT",3.649078888888889,2_39_139_28_2020-03-06 15:56:14.105947,0002,CA-303,2-39-139-28,America/Los_Angeles,000001564,300,12,40,341,"Fri, 06 Mar 2020 15:56:24 GMT",true,"Fri, 06 Mar 2020 21:37:14 GMT",1564,,,,,,,,,,,,,,,,,,,,,,,,,,,,,,,,,,,,,,,,,,,,,,,,,,,,,,,,,,,,,,,,,,,,,,,,,
5e7954a3f9af8b090600ec55,0039,"Fri, 06 Mar 2020 16:10:57 GMT","Sat, 07 Mar 2020 02:00:41 GMT","Fri, 06 Mar 2020 17:26:28 GMT",2.827,2_39_79_383_2020-03-06 16:10:56.932602,0002,CA-492,2-39-79-383,America/Los_Angeles,000004701,300,9,30,480,"Fri, 06 Mar 2020 16:10:58 GMT",true,"Sat, 07 Mar 2020 00:10:57 GMT",4701,,300,9,30,480,"Sat, 07 Mar 2020 02:00:35 GMT",true,"Sat, 07 Mar 2020 00:10:57 GMT",4701,,,,,,,,,,,,,,,,,,,,,,,,,,,,,,,,,,,,,,,,,,,,,,,,,,,,,,,,,,,,,,,,
5e7954a3f9af8b090600ec56,0039,"Fri, 06 Mar 2020 16:13:04 GMT","Sat, 07 Mar 2020 00:58:23 GMT","Fri, 06 Mar 2020 17:58:29 GMT",5.668,2_39_131_30_2020-03-06 16:12:51.264116,0002,CA-305,2-39-131-30,America/Los_Angeles,000004947,380,7.6,20,414,"Fri, 06 Mar 2020 16:13:04 GMT",true,"Fri, 06 Mar 2020 23:07:04 GMT",4947,,,,,,,,,,,,,,,,,,,,,,,,,,,,,,,,,,,,,,,,,,,,,,,,,,,,,,,,,,,,,,,,,,,,,,,,,
5e7954a3f9af8b090600ec57,0039,"Fri, 06 Mar 2020 16:29:18 GMT","Sat, 07 Mar 2020 02:01:58 GMT","Sat, 07 Mar 2020 01:40:22 GMT",1.324,2_39_79_379_2020-03-06 16:29:19.071796,0002,CA-327,2-39-79-379,America/Los_Angeles,,,,,,,,,,,,,,,,,,,,,,,,,,,,,,,,,,,,,,,,,,,,,,,,,,,,,,,,,,,,,,,,,,,,,,,,,,,,,,,,,,
5e7954a3f9af8b090600ec58,0039,"Fri, 06 Mar 2020 16:34:42 GMT","Fri, 06 Mar 2020 23:21:31 GMT","Fri, 06 Mar 2020 23:18:21 GMT",1.278,2_39_127_19_2020-03-06 16:34:41.899920,0002,CA-309,2-39-127-19,America/Los_Angeles,,,,,,,,,,,,,,,,,,,,,,,,,,,,,,,,,,,,,,,,,,,,,,,,,,,,,,,,,,,,,,,,,,,,,,,,,,,,,,,,,,
5e7954a3f9af8b090600ec59,0039,"Fri, 06 Mar 2020 16:59:41 GMT","Fri, 06 Mar 2020 19:20:14 GMT","Fri, 06 Mar 2020 18:30:11 GMT",8.829,2_39_91_437_2020-03-06 16:59:34.723239,0002,CA-317,2-39-91-437,America/Los_Angeles,000002461,400,12,30,273,"Fri, 06 Mar 2020 16:59:41 GMT",true,"Fri, 06 Mar 2020 21:32:41 GMT",2461,,,,,,,,,,,,,,,,,,,,,,,,,,,,,,,,,,,,,,,,,,,,,,,,,,,,,,,,,,,,,,,,,,,,,,,,,
5e7954a3f9af8b090600ec5a,0039,"Fri, 06 Mar 2020 17:00:12 GMT","Fri, 06 Mar 2020 17:08:12 GMT","Fri, 06 Mar 2020 17:07:56 GMT",0.751,2_39_130_31_2020-03-06 17:00:11.609325,0002,CA-306,2-39-130-31,America/Los_Angeles,000000311,250,52.5,210,90,"Fri, 06 Mar 2020 17:01:14 GMT",true,"Fri, 06 Mar 2020 18:30:12 GMT",311,,,,,,,,,,,,,,,,,,,,,,,,,,,,,,,,,,,,,,,,,,,,,,,,,,,,,,,,,,,,,,,,,,,,,,,,,
5e7954a3f9af8b090600ec5b,0039,"Fri, 06 Mar 2020 17:12:42 GMT","Sat, 07 Mar 2020 02:03:58 GMT","Sat, 07 Mar 2020 02:03:55 GMT",7.369,2_39_78_365_2020-03-06 17:12:41.604361,0002,CA-321,2-39-78-365,America/Los_Angeles,000000714,400,32,80,403,"Fri, 06 Mar 2020 17:12:48 GMT",true,"Fri, 06 Mar 2020 23:55:42 GMT",714,,400,32,80,440,"Fri, 06 Mar 2020 17:13:23 GMT",true,"Sat, 07 Mar 2020 00:32:42 GMT",714,,,,,,,,,,,,,,,,,,,,,,,,,,,,,,,,,,,,,,,,,,,,,,,,,,,,,,,,,,,,,,,,
5e7954a3f9af8b090600ec5c,0039,"Fri, 06 Mar 2020 17:15:59 GMT","Sat, 07 Mar 2020 04:28:05 GMT","Fri, 06 Mar 2020 18:21:48 GMT",3.143,2_39_123_23_2020-03-06 17:15:59.416916,0002,CA-313,2-39-123-23,America/Los_Angeles,000002170,400,28,70,417,"Fri, 06 Mar 2020 17:16:07 GMT",true,"Sat, 07 Mar 2020 00:12:59 GMT",2170,,,,,,,,,,,,,,,,,,,,,,,,,,,,,,,,,,,,,,,,,,,,,,,,,,,,,,,,,,,,,,,,,,,,,,,,,
5e7954a3f9af8b090600ec5d,0039,"Fri, 06 Mar 2020 17:18:20 GMT","Sat, 07 Mar 2020 01:45:23 GMT","Fri, 06 Mar 2020 21:49:01 GMT",19.63,2_39_79_377_2020-03-06 17:18:19.958220,0002,CA-325,2-39-79-377,America/Los_Angeles,000000515,400,24,60,250,"Fri, 06 Mar 2020 17:19:33 GMT",true,"Fri, 06 Mar 2020 21:28:20 GMT",515,,400,24,60,250,"Fri, 06 Mar 2020 17:20:32 GMT",true,"Fri, 06 Mar 2020 21:28:20 GMT",515,,,,,,,,,,,,,,,,,,,,,,,,,,,,,,,,,,,,,,,,,,,,,,,,,,,,,,,,,,,,,,,,
5e7954a3f9af8b090600ec5e,0039,"Fri, 06 Mar 2020 17:22:21 GMT","Sat, 07 Mar 2020 02:31:32 GMT","Fri, 06 Mar 2020 21:29:55 GMT",20.986,2_39_78_363_2020-03-06 17:22:20.995894,0002,CA-320,2-39-78-363,America/Los_Angeles,000001274,400,32,80,330,"Fri, 06 Mar 2020 17:23:34 GMT",true,"Fri, 06 Mar 2020 22:52:21 GMT",1274,,,,,,,,,,,,,,,,,,,,,,,,,,,,,,,,,,,,,,,,,,,,,,,,,,,,,,,,,,,,,,,,,,,,,,,,,
5e7954a3f9af8b090600ec5f,0039,"Fri, 06 Mar 2020 17:25:45 GMT","Sat, 07 Mar 2020 02:06:34 GMT","Fri, 06 Mar 2020 19:50:14 GMT",15.581,2_39_89_25_2020-03-06 17:25:44.841953,0002,CA-315,2-39-89-25,America/Los_Angeles,000002961,225,38.25,170,720,"Fri, 06 Mar 2020 17:25:53 GMT",true,"Sat, 07 Mar 2020 05:25:45 GMT",2961,,,,,,,,,,,,,,,,,,,,,,,,,,,,,,,,,,,,,,,,,,,,,,,,,,,,,,,,,,,,,,,,,,,,,,,,,
5e7954a3f9af8b090600ec60,0039,"Fri, 06 Mar 2020 17:32:55 GMT","Sat, 07 Mar 2020 03:53:13 GMT","Fri, 06 Mar 2020 18:48:02 GMT",3.609,2_39_125_21_2020-03-06 17:32:55.226086,0002,CA-311,2-39-125-21,America/Los_Angeles,000000567,400,8,20,418,"Fri, 06 Mar 2020 17:35:30 GMT",true,"Sat, 07 Mar 2020 00:30:55 GMT",567,,,,,,,,,,,,,,,,,,,,,,,,,,,,,,,,,,,,,,,,,,,,,,,,,,,,,,,,,,,,,,,,,,,,,,,,,
5e7954a3f9af8b090600ec61,0039,"Fri, 06 Mar 2020 17:50:15 GMT","Sat, 07 Mar 2020 01:42:58 GMT","Fri, 06 Mar 2020 19:23:00 GMT",4.293,2_39_90_440_2020-03-06 17:50:14.659026,0002,CA-500,2-39-90-440,America/Los_Angeles,000000743,400,8,20,395,"Fri, 06 Mar 2020 17:50:33 GMT",true,"Sat, 07 Mar 2020 00:25:15 GMT",743,,,,,,,,,,,,,,,,,,,,,,,,,,,,,,,,,,,,,,,,,,,,,,,,,,,,,,,,,,,,,,,,,,,,,,,,,
5e7954a3f9af8b090600ec62,0039,"Fri, 06 Mar 2020 17:55:16 GMT","Fri, 06 Mar 2020 20:21:39 GMT","Fri, 06 Mar 2020 20:14:44 GMT",3.465,2_39_126_20_2020-03-06 17:55:15.961878,0002,CA-310,2-39-126-20,America/Los_Angeles,000000620,400,8,20,441,"Fri, 06 Mar 2020 17:55:27 GMT",true,"Sat, 07 Mar 2020 01:16:16 GMT",620,,,,,,,,,,,,,,,,,,,,,,,,,,,,,,,,,,,,,,,,,,,,,,,,,,,,,,,,,,,,,,,,,,,,,,,,,
5e7954a3f9af8b090600ec63,0039,"Fri, 06 Mar 2020 17:55:19 GMT","Sat, 07 Mar 2020 00:01:29 GMT","Sat, 07 Mar 2020 00:02:29 GMT",12.666,2_39_78_362_2020-03-06 17:55:19.756813,0002,CA-496,2-39-78-362,America/Los_Angeles,000001470,292,17.52,60,266,"Fri, 06 Mar 2020 17:55:56 GMT",true,"Fri, 06 Mar 2020 22:21:19 GMT",1470,,,,,,,,,,,,,,,,,,,,,,,,,,,,,,,,,,,,,,,,,,,,,,,,,,,,,,,,,,,,,,,,,,,,,,,,,
5e7954a3f9af8b090600ec64,0039,"Fri, 06 Mar 2020 18:00:16 GMT","Sat, 07 Mar 2020 05:01:41 GMT","Fri, 06 Mar 2020 18:51:00 GMT",1.5821422222222221,2_39_90_26_2020-03-06 18:00:15.548597,0002,CA-316,2-39-90-26,America/Los_Angeles,000000324,444,8.88,20,101,"Fri, 06 Mar 2020 18:00:47 GMT",true,"Fri, 06 Mar 2020 19:41:16 GMT",324,,444,8.88,20,101,"Sat, 07 Mar 2020 05:01:35 GMT",true,"Fri, 06 Mar 2020 19:41:16 GMT",324,,,,,,,,,,,,,,,,,,,,,,,,,,,,,,,,,,,,,,,,,,,,,,,,,,,,,,,,,,,,,,,,
5e7954a3f9af8b090600ec65,0039,"Fri, 06 Mar 2020 18:14:47 GMT","Fri, 06 Mar 2020 22:17:28 GMT","Fri, 06 Mar 2020 19:30:46 GMT",2.444,2_39_95_27_2020-03-06 18:14:46.900800,0002,CA-319,2-39-95-27,America/Los_Angeles,000001082,400,8,20,64,"Fri, 06 Mar 2020 18:16:03 GMT",true,"Fri, 06 Mar 2020 19:18:47 GMT",1082,,,,,,,,,,,,,,,,,,,,,,,,,,,,,,,,,,,,,,,,,,,,,,,,,,,,,,,,,,,,,,,,,,,,,,,,,
5e7954a3f9af8b090600ec66,0039,"Fri, 06 Mar 2020 18:15:32 GMT","Fri, 06 Mar 2020 19:47:48 GMT","Fri, 06 Mar 2020 19:24:14 GMT",5.753,2_39_124_22_2020-03-06 18:15:19.926207,0002,CA-312,2-39-124-22,America/Los_Angeles,000000798,400,16,40,102,"Fri, 06 Mar 2020 18:15:31 GMT",true,"Fri, 06 Mar 2020 19:57:32 GMT",798,,,,,,,,,,,,,,,,,,,,,,,,,,,,,,,,,,,,,,,,,,,,,,,,,,,,,,,,,,,,,,,,,,,,,,,,,
5e7954a3f9af8b090600ec67,0039,"Fri, 06 Mar 2020 18:20:32 GMT","Sat, 07 Mar 2020 02:13:46 GMT","Fri, 06 Mar 2020 20:11:09 GMT",5.518,2_39_88_24_2020-03-06 18:20:31.911549,0002,CA-314,2-39-88-24,America/Los_Angeles,000001366,400,8,20,60,"Fri, 06 Mar 2020 18:21:15 GMT",true,"Fri, 06 Mar 2020 19:20:32 GMT",1366,,,,,,,,,,,,,,,,,,,,,,,,,,,,,,,,,,,,,,,,,,,,,,,,,,,,,,,,,,,,,,,,,,,,,,,,,
5e7954a3f9af8b090600ec68,0039,"Fri, 06 Mar 2020 18:21:03 GMT","Fri, 06 Mar 2020 23:14:49 GMT","Fri, 06 Mar 2020 23:08:54 GMT",13.455773596177268,2_39_78_360_2020-03-06 18:20:58.532817,0002,CA-322,2-39-78-360,America/Los_Angeles,000001095,400,16,40,444,"Fri, 06 Mar 2020 18:21:02 GMT",true,"Sat, 07 Mar 2020 01:45:03 GMT",1095,,400,16,40,382,"Fri, 06 Mar 2020 18:21:08 GMT",true,"Sat, 07 Mar 2020 00:43:03 GMT",1095,,,,,,,,,,,,,,,,,,,,,,,,,,,,,,,,,,,,,,,,,,,,,,,,,,,,,,,,,,,,,,,,
5e7954a3f9af8b090600ec69,0039,"Fri, 06 Mar 2020 18:37:00 GMT","Fri, 06 Mar 2020 20:27:06 GMT","Fri, 06 Mar 2020 20:25:28 GMT",7.618,2_39_123_557_2020-03-06 18:36:59.836528,0002,CA-503,2-39-123-557,America/Los_Angeles,000000668,400,16,40,424,"Fri, 06 Mar 2020 18:37:16 GMT",true,"Sat, 07 Mar 2020 01:41:00 GMT",668,,400,16,40,424,"Fri, 06 Mar 2020 19:51:29 GMT",true,"Sat, 07 Mar 2020 01:41:00 GMT",668,,,,,,,,,,,,,,,,,,,,,,,,,,,,,,,,,,,,,,,,,,,,,,,,,,,,,,,,,,,,,,,,
5e7954a3f9af8b090600ec6a,0039,"Fri, 06 Mar 2020 18:40:27 GMT","Sat, 07 Mar 2020 04:33:03 GMT","Fri, 06 Mar 2020 21:05:24 GMT",13.607,2_39_79_381_2020-03-06 18:40:27.645098,0002,CA-490,2-39-79-381,America/Los_Angeles,000001471,400,16,40,94,"Fri, 06 Mar 2020 18:40:36 GMT",true,"Fri, 06 Mar 2020 20:14:27 GMT",1471,,400,16,40,94,"Sat, 07 Mar 2020 03:40:33 GMT",true,"Fri, 06 Mar 2020 20:14:27 GMT",1471,,,,,,,,,,,,,,,,,,,,,,,,,,,,,,,,,,,,,,,,,,,,,,,,,,,,,,,,,,,,,,,,
5e7954a3f9af8b090600ec6b,0039,"Fri, 06 Mar 2020 19:26:12 GMT","Fri, 06 Mar 2020 23:09:48 GMT","Fri, 06 Mar 2020 23:05:40 GMT",8.473,2_39_78_366_2020-03-06 19:26:11.743706,0002,CA-323,2-39-78-366,America/Los_Angeles,000001953,400,8,20,265,"Fri, 06 Mar 2020 19:28:29 GMT",true,"Fri, 06 Mar 2020 23:51:12 GMT",1953,,,,,,,,,,,,,,,,,,,,,,,,,,,,,,,,,,,,,,,,,,,,,,,,,,,,,,,,,,,,,,,,,,,,,,,,,
5e7954a3f9af8b090600ec6c,0039,"Fri, 06 Mar 2020 20:01:03 GMT","Fri, 06 Mar 2020 22:12:26 GMT","Fri, 06 Mar 2020 21:24:19 GMT",3.841,2_39_91_441_2020-03-06 20:01:02.646107,0002,CA-499,2-39-91-441,America/Los_Angeles,000003389,400,8,20,198,"Fri, 06 Mar 2020 20:01:23 GMT",true,"Fri, 06 Mar 2020 23:19:03 GMT",3389,,,,,,,,,,,,,,,,,,,,,,,,,,,,,,,,,,,,,,,,,,,,,,,,,,,,,,,,,,,,,,,,,,,,,,,,,
5e7954a3f9af8b090600ec6d,0039,"Fri, 06 Mar 2020 20:25:28 GMT","Sat, 07 Mar 2020 00:06:58 GMT","Fri, 06 Mar 2020 20:55:49 GMT",0.791,2_39_91_437_2020-03-06 20:25:28.060696,0002,CA-317,2-39-91-437,America/Los_Angeles,,,,,,,,,,,,,,,,,,,,,,,,,,,,,,,,,,,,,,,,,,,,,,,,,,,,,,,,,,,,,,,,,,,,,,,,,,,,,,,,,,
5e7954a3f9af8b090600ec6e,0039,"Fri, 06 Mar 2020 20:32:35 GMT","Fri, 06 Mar 2020 23:59:52 GMT","Fri, 06 Mar 2020 21:36:47 GMT",1.759,2_39_92_436_2020-03-06 20:32:34.779763,0002,CA-318,2-39-92-436,America/Los_Angeles,000000560,400,12,30,132,"Fri, 06 Mar 2020 20:33:55 GMT",true,"Fri, 06 Mar 2020 22:44:35 GMT",560,,,,,,,,,,,,,,,,,,,,,,,,,,,,,,,,,,,,,,,,,,,,,,,,,,,,,,,,,,,,,,,,,,,,,,,,,
5e7954a3f9af8b090600ec6f,0039,"Fri, 06 Mar 2020 20:50:32 GMT","Sat, 07 Mar 2020 01:07:33 GMT","Sat, 07 Mar 2020 00:37:08 GMT",23.424200555555554,2_39_89_439_2020-03-06 20:50:31.818203,0002,CA-501,2-39-89-439,America/Los_Angeles,000000832,400,28,70,251,"Fri, 06 Mar 2020 20:50:51 GMT",true,"Sat, 07 Mar 2020 01:01:32 GMT",832,,,,,,,,,,,,,,,,,,,,,,,,,,,,,,,,,,,,,,,,,,,,,,,,,,,,,,,,,,,,,,,,,,,,,,,,,
5e7954a3f9af8b090600ec70,0039,"Fri, 06 Mar 2020 20:58:34 GMT","Sat, 07 Mar 2020 01:22:47 GMT","Fri, 06 Mar 2020 22:57:14 GMT",6.349,2_39_88_438_2020-03-06 20:58:34.368356,0002,CA-502,2-39-88-438,America/Los_Angeles,000001124,400,8,20,60,"Fri, 06 Mar 2020 21:00:16 GMT",true,"Fri, 06 Mar 2020 21:58:34 GMT",1124,,,,,,,,,,,,,,,,,,,,,,,,,,,,,,,,,,,,,,,,,,,,,,,,,,,,,,,,,,,,,,,,,,,,,,,,,
5e7954a3f9af8b090600ec71,0039,"Fri, 06 Mar 2020 21:35:18 GMT","Fri, 06 Mar 2020 22:55:13 GMT","Fri, 06 Mar 2020 22:54:53 GMT",4.223,2_39_79_380_2020-03-06 21:35:18.422439,0002,CA-489,2-39-79-380,America/Los_Angeles,000006481,429,8.58,20,234,"Fri, 06 Mar 2020 21:36:53 GMT",true,"Sat, 07 Mar 2020 01:29:18 GMT",6481,,,,,,,,,,,,,,,,,,,,,,,,,,,,,,,,,,,,,,,,,,,,,,,,,,,,,,,,,,,,,,,,,,,,,,,,,
5e7954a3f9af8b090600ec72,0039,"Fri, 06 Mar 2020 23:23:49 GMT","Sat, 07 Mar 2020 00:12:33 GMT","Sat, 07 Mar 2020 00:12:15 GMT",1.06,2_39_78_366_2020-03-06 23:23:49.546338,0002,CA-323,2-39-78-366,America/Los_Angeles,,,,,,,,,,,,,,,,,,,,,,,,,,,,,,,,,,,,,,,,,,,,,,,,,,,,,,,,,,,,,,,,,,,,,,,,,,,,,,,,,,
5e7954a3f9af8b090600ec73,0039,"Sat, 07 Mar 2020 00:12:29 GMT","Sat, 07 Mar 2020 01:17:14 GMT","Sat, 07 Mar 2020 01:10:00 GMT",0.976,2_39_127_19_2020-03-07 00:12:29.418156,0002,CA-309,2-39-127-19,America/Los_Angeles,,,,,,,,,,,,,,,,,,,,,,,,,,,,,,,,,,,,,,,,,,,,,,,,,,,,,,,,,,,,,,,,,,,,,,,,,,,,,,,,,,
5e7954a3f9af8b090600ec74,0039,"Sat, 07 Mar 2020 00:33:20 GMT","Sat, 07 Mar 2020 02:08:00 GMT","Sat, 07 Mar 2020 02:07:52 GMT",9.397,2_39_91_437_2020-03-07 00:33:20.365569,0002,CA-317,2-39-91-437,America/Los_Angeles,000000300,400,8,20,63,"Sat, 07 Mar 2020 00:33:41 GMT",true,"Sat, 07 Mar 2020 01:36:20 GMT",300,,400,32,80,480,"Sat, 07 Mar 2020 00:36:02 GMT",true,"Sat, 07 Mar 2020 08:33:20 GMT",300,,,,,,,,,,,,,,,,,,,,,,,,,,,,,,,,,,,,,,,,,,,,,,,,,,,,,,,,,,,,,,,,
5e7954a3f9af8b090600ec75,0039,"Sat, 07 Mar 2020 00:40:03 GMT","Sat, 07 Mar 2020 01:11:28 GMT","Sat, 07 Mar 2020 01:11:03 GMT",0.875,2_39_79_380_2020-03-07 00:40:03.817654,0002,CA-489,2-39-79-380,America/Los_Angeles,,,,,,,,,,,,,,,,,,,,,,,,,,,,,,,,,,,,,,,,,,,,,,,,,,,,,,,,,,,,,,,,,,,,,,,,,,,,,,,,,,
5e7954a3f9af8b090600ec76,0039,"Sat, 07 Mar 2020 01:45:11 GMT","Sat, 07 Mar 2020 22:10:35 GMT","Sat, 07 Mar 2020 09:47:38 GMT",52.302,2_39_131_30_2020-03-07 01:45:11.184994,0002,CA-305,2-39-131-30,America/Los_Angeles,000000489,446,107.04,240,424,"Sat, 07 Mar 2020 01:45:32 GMT",true,"Sat, 07 Mar 2020 08:49:11 GMT",489,,446,107.04,240,476,"Sat, 07 Mar 2020 01:45:36 GMT",true,"Sat, 07 Mar 2020 09:41:11 GMT",489,446,107.04,240,450,"Sat, 07 Mar 2020 01:45:42 GMT",true,"Sat, 07 Mar 2020 09:15:11 GMT",489,,,,,,,,,,,,,,,,,,,,,,,,,,,,,,,,,,,,,,,,,,,,,,,,,,,,,,,,
5e7954a3f9af8b090600ec77,0039,"Sat, 07 Mar 2020 02:17:29 GMT","Sat, 07 Mar 2020 02:54:22 GMT","Sat, 07 Mar 2020 02:51:20 GMT",0.939,2_39_129_17_2020-03-07 02:17:28.577610,0002,CA-307,2-39-129-17,America/Los_Angeles,,,,,,,,,,,,,,,,,,,,,,,,,,,,,,,,,,,,,,,,,,,,,,,,,,,,,,,,,,,,,,,,,,,,,,,,,,,,,,,,,,
5e7954a3f9af8b090600ec78,0039,"Sat, 07 Mar 2020 02:20:14 GMT","Sat, 07 Mar 2020 03:21:07 GMT","Sat, 07 Mar 2020 03:21:03 GMT",4.606,2_39_139_28_2020-03-07 02:20:13.568329,0002,CA-303,2-39-139-28,America/Los_Angeles,000001564,300,12,40,341,"Sat, 07 Mar 2020 02:20:28 GMT",true,"Sat, 07 Mar 2020 08:01:14 GMT",1564,,,,,,,,,,,,,,,,,,,,,,,,,,,,,,,,,,,,,,,,,,,,,,,,,,,,,,,,,,,,,,,,,,,,,,,,,
5e7954a3f9af8b090600ec79,0039,"Sat, 07 Mar 2020 06:09:08 GMT","Sat, 07 Mar 2020 14:54:04 GMT","Sat, 07 Mar 2020 09:35:26 GMT",23.162,2_39_79_378_2020-03-07 06:09:08.345942,0002,CA-326,2-39-79-378,America/Los_Angeles,000000300,333,29.97,90,454,"Sat, 07 Mar 2020 06:09:41 GMT",true,"Sat, 07 Mar 2020 13:43:08 GMT",300,,,,,,,,,,,,,,,,,,,,,,,,,,,,,,,,,,,,,,,,,,,,,,,,,,,,,,,,,,,,,,,,,,,,,,,,,
5e7954b0f9af8b090600ec7e,0039,"Sat, 07 Mar 2020 15:45:03 GMT","Sat, 07 Mar 2020 16:18:51 GMT","Sat, 07 Mar 2020 16:18:47 GMT",3.662,2_39_78_366_2020-03-07 15:45:02.870788,0002,CA-323,2-39-78-366,America/Los_Angeles,000003853,360,57.6,160,562,"Sat, 07 Mar 2020 15:46:27 GMT",true,"Sun, 08 Mar 2020 01:07:03 GMT",3853,,,,,,,,,,,,,,,,,,,,,,,,,,,,,,,,,,,,,,,,,,,,,,,,,,,,,,,,,,,,,,,,,,,,,,,,,
5e7954b0f9af8b090600ec7f,0039,"Sat, 07 Mar 2020 18:04:06 GMT","Sat, 07 Mar 2020 19:21:24 GMT","Sat, 07 Mar 2020 19:21:19 GMT",4.239,2_39_89_25_2020-03-07 18:04:05.710896,0002,CA-315,2-39-89-25,America/Los_Angeles,000000743,400,8,20,46,"Sat, 07 Mar 2020 18:04:24 GMT",true,"Sat, 07 Mar 2020 18:50:06 GMT",743,,400,8,20,46,"Sat, 07 Mar 2020 18:04:36 GMT",true,"Sat, 07 Mar 2020 18:50:06 GMT",743,,,,,,,,,,,,,,,,,,,,,,,,,,,,,,,,,,,,,,,,,,,,,,,,,,,,,,,,,,,,,,,,
5e7954b0f9af8b090600ec80,0039,"Sat, 07 Mar 2020 18:13:06 GMT","Sat, 07 Mar 2020 19:06:54 GMT","Sat, 07 Mar 2020 19:06:45 GMT",2.854,2_39_139_28_2020-03-07 18:13:05.812655,0002,CA-303,2-39-139-28,America/Los_Angeles,000001236,400,8,20,136,"Sat, 07 Mar 2020 18:15:59 GMT",true,"Sat, 07 Mar 2020 20:29:06 GMT",1236,,,,,,,,,,,,,,,,,,,,,,,,,,,,,,,,,,,,,,,,,,,,,,,,,,,,,,,,,,,,,,,,,,,,,,,,,
5e7954b0f9af8b090600ec81,0039,"Sat, 07 Mar 2020 18:25:45 GMT","Sat, 07 Mar 2020 19:09:10 GMT","Sat, 07 Mar 2020 19:09:01 GMT",4.937,2_39_125_21_2020-03-07 18:25:44.802764,0002,CA-311,2-39-125-21,America/Los_Angeles,000000248,250,10,40,101,"Sat, 07 Mar 2020 18:25:56 GMT",true,"Sat, 07 Mar 2020 20:06:45 GMT",248,,,,,,,,,,,,,,,,,,,,,,,,,,,,,,,,,,,,,,,,,,,,,,,,,,,,,,,,,,,,,,,,,,,,,,,,,
5e7954b0f9af8b090600ec82,0039,"Sat, 07 Mar 2020 22:15:50 GMT","Sun, 08 Mar 2020 00:01:15 GMT","Sat, 07 Mar 2020 22:45:54 GMT",0.822,2_39_79_380_2020-03-07 22:15:49.811975,0002,CA-489,2-39-79-380,America/Los_Angeles,,,,,,,,,,,,,,,,,,,,,,,,,,,,,,,,,,,,,,,,,,,,,,,,,,,,,,,,,,,,,,,,,,,,,,,,,,,,,,,,,,
5e7954b0f9af8b090600ec83,0039,"Sat, 07 Mar 2020 23:18:50 GMT","Sun, 08 Mar 2020 00:32:19 GMT","Sun, 08 Mar 2020 00:32:15 GMT",6.249,2_39_139_28_2020-03-07 23:18:49.614945,0002,CA-303,2-39-139-28,America/Los_Angeles,000001564,300,12,40,341,"Sat, 07 Mar 2020 23:18:57 GMT",true,"Sun, 08 Mar 2020 04:59:50 GMT",1564,,,,,,,,,,,,,,,,,,,,,,,,,,,,,,,,,,,,,,,,,,,,,,,,,,,,,,,,,,,,,,,,,,,,,,,,,
5e7954b0f9af8b090600ec84,0039,"Sun, 08 Mar 2020 01:19:33 GMT","Sun, 08 Mar 2020 02:56:21 GMT","Sun, 08 Mar 2020 03:56:13 GMT",5.428,2_39_139_28_2020-03-08 01:19:32.578632,0002,CA-303,2-39-139-28,America/Los_Angeles,000000365,333,9.99,30,104,"Sun, 08 Mar 2020 01:19:51 GMT",true,"Sun, 08 Mar 2020 03:03:33 GMT",365,,,,,,,,,,,,,,,,,,,,,,,,,,,,,,,,,,,,,,,,,,,,,,,,,,,,,,,,,,,,,,,,,,,,,,,,,
5e7aa60df9af8b0e99a953e6,0039,"Sun, 08 Mar 2020 16:04:09 GMT","Sun, 08 Mar 2020 17:41:06 GMT","Sun, 08 Mar 2020 17:31:22 GMT",4.31,2_39_89_25_2020-03-08 16:04:09.383163,0002,CA-315,2-39-89-25,America/Los_Angeles,000000743,400,8,20,46,"Sun, 08 Mar 2020 16:04:29 GMT",true,"Sun, 08 Mar 2020 16:50:09 GMT",743,,400,8,20,64,"Sun, 08 Mar 2020 16:04:40 GMT",true,"Sun, 08 Mar 2020 17:08:09 GMT",743,,,,,,,,,,,,,,,,,,,,,,,,,,,,,,,,,,,,,,,,,,,,,,,,,,,,,,,,,,,,,,,,
5e7aa60df9af8b0e99a953e7,0039,"Sun, 08 Mar 2020 18:28:12 GMT","Sun, 08 Mar 2020 19:40:31 GMT","Sun, 08 Mar 2020 19:25:20 GMT",4.959,2_39_126_20_2020-03-08 18:28:12.287448,0002,CA-310,2-39-126-20,America/Los_Angeles,000000798,400,16,40,79,"Sun, 08 Mar 2020 18:28:53 GMT",true,"Sun, 08 Mar 2020 19:47:12 GMT",798,,,,,,,,,,,,,,,,,,,,,,,,,,,,,,,,,,,,,,,,,,,,,,,,,,,,,,,,,,,,,,,,,,,,,,,,,
5e7aa60df9af8b0e99a953e8,0039,"Sun, 08 Mar 2020 18:29:46 GMT","Mon, 09 Mar 2020 00:33:57 GMT","Sun, 08 Mar 2020 20:31:47 GMT",6.161,2_39_131_30_2020-03-08 18:29:29.186995,0002,CA-305,2-39-131-30,America/Los_Angeles,000005594,360,7.2,20,244,"Sun, 08 Mar 2020 18:29:46 GMT",true,"Sun, 08 Mar 2020 22:33:46 GMT",5594,,,,,,,,,,,,,,,,,,,,,,,,,,,,,,,,,,,,,,,,,,,,,,,,,,,,,,,,,,,,,,,,,,,,,,,,,
5e7aa60df9af8b0e99a953e9,0039,"Sun, 08 Mar 2020 18:39:29 GMT","Sun, 08 Mar 2020 19:49:10 GMT","Sun, 08 Mar 2020 19:49:06 GMT",3.786,2_39_139_28_2020-03-08 18:39:29.220241,0002,CA-303,2-39-139-28,America/Los_Angeles,000001564,300,12,40,341,"Sun, 08 Mar 2020 18:39:52 GMT",true,"Mon, 09 Mar 2020 00:20:29 GMT",1564,,,,,,,,,,,,,,,,,,,,,,,,,,,,,,,,,,,,,,,,,,,,,,,,,,,,,,,,,,,,,,,,,,,,,,,,,
5e7aa60df9af8b0e99a953ea,0039,"Sun, 08 Mar 2020 18:58:53 GMT","Mon, 09 Mar 2020 04:03:02 GMT","Mon, 09 Mar 2020 01:21:27 GMT",41.348,2_39_90_440_2020-03-08 18:58:53.314916,0002,CA-500,2-39-90-440,America/Los_Angeles,000000292,200,48,240,685,"Sun, 08 Mar 2020 18:59:16 GMT",true,"Mon, 09 Mar 2020 06:23:53 GMT",292,,,,,,,,,,,,,,,,,,,,,,,,,,,,,,,,,,,,,,,,,,,,,,,,,,,,,,,,,,,,,,,,,,,,,,,,,
5e7aa60df9af8b0e99a953eb,0039,"Sun, 08 Mar 2020 20:16:38 GMT","Mon, 09 Mar 2020 00:39:16 GMT","Sun, 08 Mar 2020 22:34:01 GMT",0.901,2_39_139_28_2020-03-08 20:16:37.580762,0002,CA-303,2-39-139-28,America/Los_Angeles,,,,,,,,,,,,,,,,,,,,,,,,,,,,,,,,,,,,,,,,,,,,,,,,,,,,,,,,,,,,,,,,,,,,,,,,,,,,,,,,,,
5e7aa60df9af8b0e99a953ec,0039,"Sun, 08 Mar 2020 21:20:23 GMT","Sun, 08 Mar 2020 23:12:46 GMT","Sun, 08 Mar 2020 23:12:41 GMT",5.708,2_39_129_17_2020-03-08 21:20:23.053404,0002,CA-307,2-39-129-17,America/Los_Angeles,000004622,300,6,20,61,"Sun, 08 Mar 2020 21:20:39 GMT",true,"Sun, 08 Mar 2020 22:21:23 GMT",4622,,,,,,,,,,,,,,,,,,,,,,,,,,,,,,,,,,,,,,,,,,,,,,,,,,,,,,,,,,,,,,,,,,,,,,,,,
5e7aa60df9af8b0e99a953ed,0039,"Mon, 09 Mar 2020 00:10:49 GMT","Mon, 09 Mar 2020 02:59:13 GMT","Mon, 09 Mar 2020 02:59:28 GMT",0.795,2_39_123_23_2020-03-09 00:10:49.282379,0002,CA-313,2-39-123-23,America/Los_Angeles,,,,,,,,,,,,,,,,,,,,,,,,,,,,,,,,,,,,,,,,,,,,,,,,,,,,,,,,,,,,,,,,,,,,,,,,,,,,,,,,,,
5e7aa60df9af8b0e99a953ee,0039,"Mon, 09 Mar 2020 04:29:21 GMT","Mon, 09 Mar 2020 06:37:33 GMT","Mon, 09 Mar 2020 06:37:28 GMT",7.353,2_39_139_28_2020-03-09 04:29:20.504010,0002,CA-303,2-39-139-28,America/Los_Angeles,000000781,400,16,40,211,"Mon, 09 Mar 2020 04:29:46 GMT",true,"Mon, 09 Mar 2020 08:00:21 GMT",781,,,,,,,,,,,,,,,,,,,,,,,,,,,,,,,,,,,,,,,,,,,,,,,,,,,,,,,,,,,,,,,,,,,,,,,,,
5e7bf7a1f9af8b13e5be0c92,0039,"Mon, 09 Mar 2020 13:53:04 GMT","Tue, 10 Mar 2020 19:58:57 GMT","Mon, 09 Mar 2020 18:17:29 GMT",14.034,2_39_79_383_2020-03-09 13:53:04.436432,0002,CA-492,2-39-79-383,America/Los_Angeles,000004913,400,20,50,634,"Mon, 09 Mar 2020 13:53:32 GMT",true,"Tue, 10 Mar 2020 00:27:04 GMT",4913,,,,,,,,,,,,,,,,,,,,,,,,,,,,,,,,,,,,,,,,,,,,,,,,,,,,,,,,,,,,,,,,,,,,,,,,,
5e7bf7a1f9af8b13e5be0c93,0039,"Mon, 09 Mar 2020 14:33:27 GMT","Mon, 09 Mar 2020 20:26:01 GMT","Mon, 09 Mar 2020 15:20:12 GMT",3.904,2_39_91_437_2020-03-09 14:33:27.128461,0002,CA-317,2-39-91-437,America/Los_Angeles,000000431,300,21,70,270,"Mon, 09 Mar 2020 14:33:46 GMT",true,"Mon, 09 Mar 2020 19:03:27 GMT",431,,,,,,,,,,,,,,,,,,,,,,,,,,,,,,,,,,,,,,,,,,,,,,,,,,,,,,,,,,,,,,,,,,,,,,,,,
5e7bf7a1f9af8b13e5be0c94,0039,"Mon, 09 Mar 2020 14:51:59 GMT","Mon, 09 Mar 2020 23:36:13 GMT","Mon, 09 Mar 2020 16:13:17 GMT",2.657,2_39_79_382_2020-03-09 14:51:58.665657,0002,CA-491,2-39-79-382,America/Los_Angeles,000004701,300,9,30,480,"Mon, 09 Mar 2020 14:52:01 GMT",true,"Mon, 09 Mar 2020 22:51:59 GMT",4701,,,,,,,,,,,,,,,,,,,,,,,,,,,,,,,,,,,,,,,,,,,,,,,,,,,,,,,,,,,,,,,,,,,,,,,,,
5e7bf7a1f9af8b13e5be0c95,0039,"Mon, 09 Mar 2020 15:09:22 GMT","Mon, 09 Mar 2020 15:30:58 GMT","Mon, 09 Mar 2020 15:30:53 GMT",0.572,2_39_79_380_2020-03-09 15:09:21.542105,0002,CA-489,2-39-79-380,America/Los_Angeles,,,,,,,,,,,,,,,,,,,,,,,,,,,,,,,,,,,,,,,,,,,,,,,,,,,,,,,,,,,,,,,,,,,,,,,,,,,,,,,,,,
5e7bf7a1f9af8b13e5be0c96,0039,"Mon, 09 Mar 2020 15:09:22 GMT","Tue, 10 Mar 2020 00:28:38 GMT","Mon, 09 Mar 2020 23:53:10 GMT",0.849,2_39_78_366_2020-03-09 15:09:22.014418,0002,CA-323,2-39-78-366,America/Los_Angeles,,,,,,,,,,,,,,,,,,,,,,,,,,,,,,,,,,,,,,,,,,,,,,,,,,,,,,,,,,,,,,,,,,,,,,,,,,,,,,,,,,
5e7bf7a1f9af8b13e5be0c97,0039,"Mon, 09 Mar 2020 15:31:25 GMT","Mon, 09 Mar 2020 21:20:38 GMT","Mon, 09 Mar 2020 19:01:43 GMT",5.754,2_39_130_31_2020-03-09 15:31:25.447885,0002,CA-306,2-39-130-31,America/Los_Angeles,000000376,400,8,20,351,"Mon, 09 Mar 2020 15:31:44 GMT",true,"Mon, 09 Mar 2020 21:22:25 GMT",376,,,,,,,,,,,,,,,,,,,,,,,,,,,,,,,,,,,,,,,,,,,,,,,,,,,,,,,,,,,,,,,,,,,,,,,,,
5e7bf7a1f9af8b13e5be0c98,0039,"Mon, 09 Mar 2020 15:33:07 GMT","Mon, 09 Mar 2020 22:29:11 GMT","Mon, 09 Mar 2020 16:40:21 GMT",4.092,2_39_79_379_2020-03-09 15:33:06.884187,0002,CA-327,2-39-79-379,America/Los_Angeles,000000751,400,28,70,720,"Mon, 09 Mar 2020 15:33:49 GMT",true,"Tue, 10 Mar 2020 03:33:07 GMT",751,,,,,,,,,,,,,,,,,,,,,,,,,,,,,,,,,,,,,,,,,,,,,,,,,,,,,,,,,,,,,,,,,,,,,,,,,
5e7bf7a1f9af8b13e5be0c99,0039,"Mon, 09 Mar 2020 15:36:34 GMT","Mon, 09 Mar 2020 22:42:53 GMT","Mon, 09 Mar 2020 20:03:30 GMT",27.412,2_39_78_364_2020-03-09 15:36:33.772986,0002,CA-495,2-39-78-364,America/Los_Angeles,000001470,292,29.2,100,393,"Mon, 09 Mar 2020 15:37:44 GMT",true,"Mon, 09 Mar 2020 22:09:34 GMT",1470,,,,,,,,,,,,,,,,,,,,,,,,,,,,,,,,,,,,,,,,,,,,,,,,,,,,,,,,,,,,,,,,,,,,,,,,,
5e7bf7a1f9af8b13e5be0c9a,0039,"Mon, 09 Mar 2020 15:37:18 GMT","Tue, 10 Mar 2020 01:18:06 GMT","Mon, 09 Mar 2020 17:15:13 GMT",5.218,2_39_131_30_2020-03-09 15:37:17.829685,0002,CA-305,2-39-131-30,America/Los_Angeles,000000562,325,6.5,20,196,"Mon, 09 Mar 2020 15:37:36 GMT",true,"Mon, 09 Mar 2020 18:53:18 GMT",562,,,,,,,,,,,,,,,,,,,,,,,,,,,,,,,,,,,,,,,,,,,,,,,,,,,,,,,,,,,,,,,,,,,,,,,,,
5e7bf7a1f9af8b13e5be0c9b,0039,"Mon, 09 Mar 2020 15:39:17 GMT","Mon, 09 Mar 2020 15:56:50 GMT","Mon, 09 Mar 2020 15:56:45 GMT",0.67,2_39_128_18_2020-03-09 15:39:17.303807,0002,CA-308,2-39-128-18,America/Los_Angeles,000001366,400,8,20,60,"Mon, 09 Mar 2020 15:40:01 GMT",true,"Mon, 09 Mar 2020 16:39:17 GMT",1366,,,,,,,,,,,,,,,,,,,,,,,,,,,,,,,,,,,,,,,,,,,,,,,,,,,,,,,,,,,,,,,,,,,,,,,,,
5e7bf7a1f9af8b13e5be0c9c,0039,"Mon, 09 Mar 2020 15:41:05 GMT","Tue, 10 Mar 2020 01:21:44 GMT","Mon, 09 Mar 2020 17:41:39 GMT",11.633,2_39_79_380_2020-03-09 15:41:04.871328,0002,CA-489,2-39-79-380,America/Los_Angeles,000000069,400,40,100,363,"Mon, 09 Mar 2020 15:41:55 GMT",true,"Mon, 09 Mar 2020 21:44:05 GMT",69,,,,,,,,,,,,,,,,,,,,,,,,,,,,,,,,,,,,,,,,,,,,,,,,,,,,,,,,,,,,,,,,,,,,,,,,,
5e7bf7a1f9af8b13e5be0c9d,0039,"Mon, 09 Mar 2020 15:47:54 GMT","Mon, 09 Mar 2020 23:42:49 GMT","Mon, 09 Mar 2020 17:16:21 GMT",4.241,2_39_95_444_2020-03-09 15:47:53.648976,0002,CA-497,2-39-95-444,America/Los_Angeles,000000686,400,8,20,95,"Mon, 09 Mar 2020 15:48:16 GMT",true,"Mon, 09 Mar 2020 17:22:54 GMT",686,,,,,,,,,,,,,,,,,,,,,,,,,,,,,,,,,,,,,,,,,,,,,,,,,,,,,,,,,,,,,,,,,,,,,,,,,
5e7bf7a1f9af8b13e5be0c9e,0039,"Mon, 09 Mar 2020 15:55:13 GMT","Tue, 10 Mar 2020 00:35:07 GMT","Mon, 09 Mar 2020 18:05:07 GMT",12.925,2_39_89_25_2020-03-09 15:55:01.584618,0002,CA-315,2-39-89-25,America/Los_Angeles,000001153,600,24,40,434,"Mon, 09 Mar 2020 15:55:12 GMT",true,"Mon, 09 Mar 2020 23:09:13 GMT",1153,,,,,,,,,,,,,,,,,,,,,,,,,,,,,,,,,,,,,,,,,,,,,,,,,,,,,,,,,,,,,,,,,,,,,,,,,
5e7bf7a1f9af8b13e5be0c9f,0039,"Mon, 09 Mar 2020 16:09:20 GMT","Tue, 10 Mar 2020 02:19:53 GMT","Mon, 09 Mar 2020 17:36:21 GMT",4.624,2_39_125_21_2020-03-09 16:09:20.032173,0002,CA-311,2-39-125-21,America/Los_Angeles,000000567,400,8,20,418,"Mon, 09 Mar 2020 16:09:25 GMT",true,"Mon, 09 Mar 2020 23:07:20 GMT",567,,400,8,20,418,"Mon, 09 Mar 2020 16:09:33 GMT",true,"Mon, 09 Mar 2020 23:07:20 GMT",567,,,,,,,,,,,,,,,,,,,,,,,,,,,,,,,,,,,,,,,,,,,,,,,,,,,,,,,,,,,,,,,,
5e7bf7a1f9af8b13e5be0ca0,0039,"Mon, 09 Mar 2020 16:32:32 GMT","Tue, 10 Mar 2020 01:01:41 GMT","Mon, 09 Mar 2020 18:03:18 GMT",3.857,2_39_88_438_2020-03-09 16:32:32.410050,0002,CA-502,2-39-88-438,America/Los_Angeles,000001534,250,7.5,30,404,"Mon, 09 Mar 2020 16:35:12 GMT",true,"Mon, 09 Mar 2020 23:16:32 GMT",1534,,,,,,,,,,,,,,,,,,,,,,,,,,,,,,,,,,,,,,,,,,,,,,,,,,,,,,,,,,,,,,,,,,,,,,,,,
5e7bf7a1f9af8b13e5be0ca1,0039,"Mon, 09 Mar 2020 16:38:17 GMT","Mon, 09 Mar 2020 20:08:43 GMT","Mon, 09 Mar 2020 19:24:08 GMT",12.679,2_39_88_24_2020-03-09 16:38:16.588726,0002,CA-314,2-39-88-24,America/Los_Angeles,000006606,400,16,40,336,"Mon, 09 Mar 2020 16:40:21 GMT",true,"Mon, 09 Mar 2020 22:14:17 GMT",6606,,400,16,40,164,"Mon, 09 Mar 2020 18:37:54 GMT",true,"Mon, 09 Mar 2020 19:22:17 GMT",6606,,,,,,,,,,,,,,,,,,,,,,,,,,,,,,,,,,,,,,,,,,,,,,,,,,,,,,,,,,,,,,,,
5e7bf7a1f9af8b13e5be0ca2,0039,"Mon, 09 Mar 2020 16:51:29 GMT","Tue, 10 Mar 2020 01:16:22 GMT","Mon, 09 Mar 2020 18:30:38 GMT",11.007,2_39_78_360_2020-03-09 16:51:28.835296,0002,CA-322,2-39-78-360,America/Los_Angeles,000000714,400,32,80,440,"Mon, 09 Mar 2020 16:51:40 GMT",true,"Tue, 10 Mar 2020 00:11:29 GMT",714,,,,,,,,,,,,,,,,,,,,,,,,,,,,,,,,,,,,,,,,,,,,,,,,,,,,,,,,,,,,,,,,,,,,,,,,,
5e7bf7a1f9af8b13e5be0ca3,0039,"Mon, 09 Mar 2020 16:56:28 GMT","Tue, 10 Mar 2020 02:14:36 GMT","Mon, 09 Mar 2020 19:45:11 GMT",17.001,2_39_92_436_2020-03-09 16:56:27.941262,0002,CA-318,2-39-92-436,America/Los_Angeles,000000558,400,36,90,60,"Mon, 09 Mar 2020 16:56:30 GMT",true,"Mon, 09 Mar 2020 17:56:28 GMT",558,,,,,,,,,,,,,,,,,,,,,,,,,,,,,,,,,,,,,,,,,,,,,,,,,,,,,,,,,,,,,,,,,,,,,,,,,
5e7bf7a1f9af8b13e5be0ca4,0039,"Mon, 09 Mar 2020 17:00:21 GMT","Mon, 09 Mar 2020 22:08:59 GMT","Mon, 09 Mar 2020 19:25:18 GMT",13.217,2_39_126_20_2020-03-09 17:00:20.832772,0002,CA-310,2-39-126-20,America/Los_Angeles,000006049,267,13.35,50,270,"Mon, 09 Mar 2020 17:01:47 GMT",true,"Mon, 09 Mar 2020 21:30:21 GMT",6049,,,,,,,,,,,,,,,,,,,,,,,,,,,,,,,,,,,,,,,,,,,,,,,,,,,,,,,,,,,,,,,,,,,,,,,,,
5e7bf7a1f9af8b13e5be0ca5,0039,"Mon, 09 Mar 2020 17:02:58 GMT","Mon, 09 Mar 2020 22:42:16 GMT","Mon, 09 Mar 2020 18:40:14 GMT",4.466,2_39_90_440_2020-03-09 17:02:58.172757,0002,CA-500,2-39-90-440,America/Los_Angeles,000000743,400,8,20,64,"Mon, 09 Mar 2020 17:03:11 GMT",true,"Mon, 09 Mar 2020 18:06:58 GMT",743,,400,8,20,338,"Mon, 09 Mar 2020 17:03:19 GMT",true,"Mon, 09 Mar 2020 22:40:58 GMT",743,,,,,,,,,,,,,,,,,,,,,,,,,,,,,,,,,,,,,,,,,,,,,,,,,,,,,,,,,,,,,,,,
5e7bf7a1f9af8b13e5be0ca6,0039,"Mon, 09 Mar 2020 17:06:37 GMT","Tue, 10 Mar 2020 01:27:56 GMT","Mon, 09 Mar 2020 19:04:10 GMT",6.103,2_39_79_378_2020-03-09 17:06:36.905234,0002,CA-326,2-39-79-378,America/Los_Angeles,000005368,400,8,20,73,"Mon, 09 Mar 2020 17:10:40 GMT",true,"Mon, 09 Mar 2020 18:19:37 GMT",5368,,,,,,,,,,,,,,,,,,,,,,,,,,,,,,,,,,,,,,,,,,,,,,,,,,,,,,,,,,,,,,,,,,,,,,,,,
5e7bf7a1f9af8b13e5be0ca7,0039,"Mon, 09 Mar 2020 17:20:31 GMT","Tue, 10 Mar 2020 01:19:14 GMT","Mon, 09 Mar 2020 19:40:01 GMT",10.932,2_39_78_365_2020-03-09 17:20:30.790656,0002,CA-321,2-39-78-365,America/Los_Angeles,000001095,400,16,40,447,"Mon, 09 Mar 2020 17:20:40 GMT",true,"Tue, 10 Mar 2020 00:47:31 GMT",1095,,,,,,,,,,,,,,,,,,,,,,,,,,,,,,,,,,,,,,,,,,,,,,,,,,,,,,,,,,,,,,,,,,,,,,,,,
5e7bf7a1f9af8b13e5be0ca8,0039,"Mon, 09 Mar 2020 17:39:21 GMT","Mon, 09 Mar 2020 20:48:18 GMT","Mon, 09 Mar 2020 19:36:07 GMT",8.577,2_39_79_381_2020-03-09 17:39:21.300829,0002,CA-490,2-39-79-381,America/Los_Angeles,000000832,400,12,30,366,"Mon, 09 Mar 2020 17:40:33 GMT",true,"Mon, 09 Mar 2020 23:45:21 GMT",832,,400,12,30,366,"Mon, 09 Mar 2020 20:48:06 GMT",true,"Mon, 09 Mar 2020 23:45:21 GMT",832,,,,,,,,,,,,,,,,,,,,,,,,,,,,,,,,,,,,,,,,,,,,,,,,,,,,,,,,,,,,,,,,
5e7bf7a1f9af8b13e5be0ca9,0039,"Mon, 09 Mar 2020 17:44:50 GMT","Mon, 09 Mar 2020 18:22:36 GMT","Mon, 09 Mar 2020 18:22:32 GMT",4.196,2_39_95_27_2020-03-09 17:44:50.298199,0002,CA-319,2-39-95-27,America/Los_Angeles,000000668,600,12,20,424,"Mon, 09 Mar 2020 17:45:05 GMT",true,"Tue, 10 Mar 2020 00:48:50 GMT",668,,,,,,,,,,,,,,,,,,,,,,,,,,,,,,,,,,,,,,,,,,,,,,,,,,,,,,,,,,,,,,,,,,,,,,,,,
5e7bf7a1f9af8b13e5be0caa,0039,"Mon, 09 Mar 2020 17:56:46 GMT","Mon, 09 Mar 2020 23:36:27 GMT","Mon, 09 Mar 2020 20:31:06 GMT",4.681,2_39_79_377_2020-03-09 17:56:46.117245,0002,CA-325,2-39-79-377,America/Los_Angeles,000003389,400,8,20,198,"Mon, 09 Mar 2020 17:57:07 GMT",true,"Mon, 09 Mar 2020 21:14:46 GMT",3389,,,,,,,,,,,,,,,,,,,,,,,,,,,,,,,,,,,,,,,,,,,,,,,,,,,,,,,,,,,,,,,,,,,,,,,,,
5e7bf7a1f9af8b13e5be0cab,0039,"Mon, 09 Mar 2020 18:30:54 GMT","Tue, 10 Mar 2020 01:48:55 GMT","Mon, 09 Mar 2020 20:24:11 GMT",5.773,2_39_89_439_2020-03-09 18:30:54.021409,0002,CA-501,2-39-89-439,America/Los_Angeles,000001222,400,8,20,72,"Mon, 09 Mar 2020 18:31:14 GMT",true,"Mon, 09 Mar 2020 19:42:54 GMT",1222,,,,,,,,,,,,,,,,,,,,,,,,,,,,,,,,,,,,,,,,,,,,,,,,,,,,,,,,,,,,,,,,,,,,,,,,,
5e7bf7a1f9af8b13e5be0cac,0039,"Mon, 09 Mar 2020 18:49:40 GMT","Mon, 09 Mar 2020 20:12:09 GMT","Mon, 09 Mar 2020 20:12:05 GMT",9.237,2_39_95_27_2020-03-09 18:49:23.667281,0002,CA-319,2-39-95-27,America/Los_Angeles,000002461,400,20,50,273,"Mon, 09 Mar 2020 18:49:39 GMT",true,"Mon, 09 Mar 2020 23:22:40 GMT",2461,,,,,,,,,,,,,,,,,,,,,,,,,,,,,,,,,,,,,,,,,,,,,,,,,,,,,,,,,,,,,,,,,,,,,,,,,
5e7bf7a1f9af8b13e5be0cad,0039,"Mon, 09 Mar 2020 20:00:50 GMT","Mon, 09 Mar 2020 23:44:00 GMT","Mon, 09 Mar 2020 21:02:14 GMT",2.847,2_39_124_22_2020-03-09 20:00:49.776033,0002,CA-312,2-39-124-22,America/Los_Angeles,000000891,400,8,20,216,"Mon, 09 Mar 2020 20:01:05 GMT",true,"Mon, 09 Mar 2020 23:36:50 GMT",891,,,,,,,,,,,,,,,,,,,,,,,,,,,,,,,,,,,,,,,,,,,,,,,,,,,,,,,,,,,,,,,,,,,,,,,,,
5e7bf7a1f9af8b13e5be0cae,0039,"Mon, 09 Mar 2020 20:34:30 GMT","Mon, 09 Mar 2020 23:53:06 GMT","Mon, 09 Mar 2020 22:37:02 GMT",13.155,2_39_91_441_2020-03-09 20:34:29.662995,0002,CA-499,2-39-91-441,America/Los_Angeles,000000668,600,12,20,94,"Mon, 09 Mar 2020 20:35:06 GMT",true,"Mon, 09 Mar 2020 22:08:30 GMT",668,,600,24,40,114,"Mon, 09 Mar 2020 21:59:56 GMT",true,"Mon, 09 Mar 2020 22:28:30 GMT",668,,,,,,,,,,,,,,,,,,,,,,,,,,,,,,,,,,,,,,,,,,,,,,,,,,,,,,,,,,,,,,,,
5e7bf7a1f9af8b13e5be0caf,0039,"Mon, 09 Mar 2020 20:36:55 GMT","Tue, 10 Mar 2020 02:45:22 GMT","Mon, 09 Mar 2020 21:46:28 GMT",2.246,2_39_91_437_2020-03-09 20:36:54.957109,0002,CA-317,2-39-91-437,America/Los_Angeles,000001082,400,8,20,64,"Mon, 09 Mar 2020 20:38:41 GMT",true,"Mon, 09 Mar 2020 21:40:55 GMT",1082,,,,,,,,,,,,,,,,,,,,,,,,,,,,,,,,,,,,,,,,,,,,,,,,,,,,,,,,,,,,,,,,,,,,,,,,,
5e7bf7a1f9af8b13e5be0cb0,0039,"Mon, 09 Mar 2020 20:39:44 GMT","Mon, 09 Mar 2020 23:40:06 GMT","Mon, 09 Mar 2020 22:50:34 GMT",6.553,2_39_95_27_2020-03-09 20:39:44.491383,0002,CA-319,2-39-95-27,America/Los_Angeles,000001124,400,8,20,60,"Mon, 09 Mar 2020 20:40:20 GMT",true,"Mon, 09 Mar 2020 21:39:44 GMT",1124,,,,,,,,,,,,,,,,,,,,,,,,,,,,,,,,,,,,,,,,,,,,,,,,,,,,,,,,,,,,,,,,,,,,,,,,,
5e7bf7a1f9af8b13e5be0cb1,0039,"Mon, 09 Mar 2020 21:26:45 GMT","Tue, 10 Mar 2020 00:10:38 GMT","Mon, 09 Mar 2020 23:34:49 GMT",7.03,2_39_123_23_2020-03-09 21:26:32.294892,0002,CA-313,2-39-123-23,America/Los_Angeles,000006481,429,8.58,20,234,"Mon, 09 Mar 2020 21:26:45 GMT",true,"Tue, 10 Mar 2020 01:20:45 GMT",6481,,,,,,,,,,,,,,,,,,,,,,,,,,,,,,,,,,,,,,,,,,,,,,,,,,,,,,,,,,,,,,,,,,,,,,,,,
5e7bf7a1f9af8b13e5be0cb2,0039,"Tue, 10 Mar 2020 00:50:33 GMT","Tue, 10 Mar 2020 07:31:16 GMT","Tue, 10 Mar 2020 07:28:44 GMT",43.811,2_39_139_28_2020-03-10 00:50:33.412166,0002,CA-303,2-39-139-28,America/Los_Angeles,000000067,250,50,200,472,"Tue, 10 Mar 2020 00:50:54 GMT",true,"Tue, 10 Mar 2020 08:42:33 GMT",67,,,,,,,,,,,,,,,,,,,,,,,,,,,,,,,,,,,,,,,,,,,,,,,,,,,,,,,,,,,,,,,,,,,,,,,,,
5e7bf7a1f9af8b13e5be0cb3,0039,"Tue, 10 Mar 2020 01:04:06 GMT","Tue, 10 Mar 2020 04:42:50 GMT","Tue, 10 Mar 2020 02:43:33 GMT",8.866,2_39_78_367_2020-03-10 01:04:06.486825,0002,CA-494,2-39-78-367,America/Los_Angeles,000004701,300,9,30,480,"Tue, 10 Mar 2020 01:05:53 GMT",true,"Tue, 10 Mar 2020 09:04:06 GMT",4701,,,,,,,,,,,,,,,,,,,,,,,,,,,,,,,,,,,,,,,,,,,,,,,,,,,,,,,,,,,,,,,,,,,,,,,,,
5e7bf7a1f9af8b13e5be0cb4,0039,"Tue, 10 Mar 2020 01:29:05 GMT","Tue, 10 Mar 2020 03:48:35 GMT","Tue, 10 Mar 2020 02:30:57 GMT",2.804,2_39_88_24_2020-03-10 01:28:49.126740,0002,CA-314,2-39-88-24,America/Los_Angeles,000005594,360,7.2,20,244,"Tue, 10 Mar 2020 01:29:05 GMT",true,"Tue, 10 Mar 2020 05:33:05 GMT",5594,,360,7.2,20,383,"Tue, 10 Mar 2020 03:47:56 GMT",true,"Tue, 10 Mar 2020 07:52:05 GMT",5594,,,,,,,,,,,,,,,,,,,,,,,,,,,,,,,,,,,,,,,,,,,,,,,,,,,,,,,,,,,,,,,,
5e7bf7a1f9af8b13e5be0cb5,0039,"Tue, 10 Mar 2020 03:44:09 GMT","Tue, 10 Mar 2020 04:56:55 GMT","Tue, 10 Mar 2020 04:56:51 GMT",4.06,2_39_125_21_2020-03-10 03:44:08.797997,0002,CA-311,2-39-125-21,America/Los_Angeles,000004622,300,6,20,61,"Tue, 10 Mar 2020 03:44:20 GMT",true,"Tue, 10 Mar 2020 04:45:09 GMT",4622,,,,,,,,,,,,,,,,,,,,,,,,,,,,,,,,,,,,,,,,,,,,,,,,,,,,,,,,,,,,,,,,,,,,,,,,,
5e7bf7a1f9af8b13e5be0cb6,0039,"Tue, 10 Mar 2020 04:08:58 GMT","Tue, 10 Mar 2020 10:53:33 GMT","Tue, 10 Mar 2020 04:50:04 GMT",1.765,2_39_130_31_2020-03-10 04:08:57.873996,0002,CA-306,2-39-130-31,America/Los_Angeles,000001366,400,8,20,60,"Tue, 10 Mar 2020 04:09:10 GMT",true,"Tue, 10 Mar 2020 05:08:58 GMT",1366,,,,,,,,,,,,,,,,,,,,,,,,,,,,,,,,,,,,,,,,,,,,,,,,,,,,,,,,,,,,,,,,,,,,,,,,,
5e7d4915f9af8b180cda61ac,0039,"Tue, 10 Mar 2020 12:54:59 GMT","Tue, 10 Mar 2020 20:53:09 GMT",,5.061,2_39_131_30_2020-03-10 12:54:59.181618,0002,CA-305,2-39-131-30,America/Los_Angeles,000000620,400,12,30,672,"Tue, 10 Mar 2020 12:55:23 GMT",true,"Wed, 11 Mar 2020 00:06:59 GMT",620,,,,,,,,,,,,,,,,,,,,,,,,,,,,,,,,,,,,,,,,,,,,,,,,,,,,,,,,,,,,,,,,,,,,,,,,,
5e7d4915f9af8b180cda61ad,0039,"Tue, 10 Mar 2020 14:27:54 GMT","Tue, 10 Mar 2020 15:20:20 GMT",,2.833,2_39_127_19_2020-03-10 14:27:54.122422,0002,CA-309,2-39-127-19,America/Los_Angeles,000004622,300,6,20,61,"Tue, 10 Mar 2020 14:28:53 GMT",true,"Tue, 10 Mar 2020 15:28:54 GMT",4622,,300,6,20,61,"Tue, 10 Mar 2020 14:29:15 GMT",true,"Tue, 10 Mar 2020 15:28:54 GMT",4622,300,6,20,61,"Tue, 10 Mar 2020 14:30:20 GMT",true,"Tue, 10 Mar 2020 15:28:54 GMT",4622,,,,,,,,,,,,,,,,,,,,,,,,,,,,,,,,,,,,,,,,,,,,,,,,,,,,,,,,
5e7d4915f9af8b180cda61ae,0039,"Tue, 10 Mar 2020 14:50:16 GMT","Wed, 11 Mar 2020 00:44:00 GMT",,3.263,2_39_79_382_2020-03-10 14:50:16.497330,0002,CA-491,2-39-79-382,America/Los_Angeles,000004701,300,9,30,480,"Tue, 10 Mar 2020 14:50:21 GMT",true,"Tue, 10 Mar 2020 22:50:16 GMT",4701,,,,,,,,,,,,,,,,,,,,,,,,,,,,,,,,,,,,,,,,,,,,,,,,,,,,,,,,,,,,,,,,,,,,,,,,,
5e7d4915f9af8b180cda61af,0039,"Tue, 10 Mar 2020 15:01:53 GMT","Tue, 10 Mar 2020 23:10:12 GMT",,4.386,2_39_139_28_2020-03-10 15:01:52.561290,0002,CA-303,2-39-139-28,America/Los_Angeles,000001564,300,12,40,341,"Tue, 10 Mar 2020 15:02:08 GMT",true,"Tue, 10 Mar 2020 20:42:53 GMT",1564,,,,,,,,,,,,,,,,,,,,,,,,,,,,,,,,,,,,,,,,,,,,,,,,,,,,,,,,,,,,,,,,,,,,,,,,,
5e7d4915f9af8b180cda61b0,0039,"Tue, 10 Mar 2020 15:06:04 GMT","Tue, 10 Mar 2020 18:56:05 GMT",,1.103,2_39_79_380_2020-03-10 15:06:03.924135,0002,CA-489,2-39-79-380,America/Los_Angeles,,,,,,,,,,,,,,,,,,,,,,,,,,,,,,,,,,,,,,,,,,,,,,,,,,,,,,,,,,,,,,,,,,,,,,,,,,,,,,,,,,
5e7d4915f9af8b180cda61b1,0039,"Tue, 10 Mar 2020 15:23:22 GMT","Wed, 11 Mar 2020 00:56:41 GMT","Wed, 11 Mar 2020 00:49:01 GMT",1.103,2_39_79_379_2020-03-10 15:23:22.415260,0002,CA-327,2-39-79-379,America/Los_Angeles,,,,,,,,,,,,,,,,,,,,,,,,,,,,,,,,,,,,,,,,,,,,,,,,,,,,,,,,,,,,,,,,,,,,,,,,,,,,,,,,,,
5e7d4915f9af8b180cda61b2,0039,"Tue, 10 Mar 2020 15:27:20 GMT","Wed, 11 Mar 2020 03:03:38 GMT","Wed, 11 Mar 2020 00:49:01 GMT",11.455,2_39_79_377_2020-03-10 15:27:03.529111,0002,CA-325,2-39-79-377,America/Los_Angeles,000003556,500,40,80,229,"Tue, 10 Mar 2020 15:27:20 GMT",true,"Tue, 10 Mar 2020 19:16:20 GMT",3556,,500,40,80,230,"Tue, 10 Mar 2020 19:27:17 GMT",true,"Tue, 10 Mar 2020 19:17:20 GMT",3556,,,,,,,,,,,,,,,,,,,,,,,,,,,,,,,,,,,,,,,,,,,,,,,,,,,,,,,,,,,,,,,,
5e7d4915f9af8b180cda61b3,0039,"Tue, 10 Mar 2020 15:30:14 GMT","Tue, 10 Mar 2020 23:22:47 GMT",,5.002,2_39_124_558_2020-03-10 15:30:13.641133,0002,CA-504,2-39-124-558,America/Los_Angeles,000001534,250,7.5,30,404,"Tue, 10 Mar 2020 15:30:59 GMT",true,"Tue, 10 Mar 2020 22:14:14 GMT",1534,,,,,,,,,,,,,,,,,,,,,,,,,,,,,,,,,,,,,,,,,,,,,,,,,,,,,,,,,,,,,,,,,,,,,,,,,
5e7d4915f9af8b180cda61b4,0039,"Tue, 10 Mar 2020 15:31:26 GMT","Wed, 11 Mar 2020 00:02:15 GMT",,12.276,2_39_78_366_2020-03-10 15:31:26.393479,0002,CA-323,2-39-78-366,America/Los_Angeles,000003853,360,32.4,90,460,"Tue, 10 Mar 2020 15:31:55 GMT",true,"Tue, 10 Mar 2020 23:11:26 GMT",3853,,360,32.4,90,460,"Tue, 10 Mar 2020 15:32:19 GMT",true,"Tue, 10 Mar 2020 23:11:26 GMT",3853,,,,,,,,,,,,,,,,,,,,,,,,,,,,,,,,,,,,,,,,,,,,,,,,,,,,,,,,,,,,,,,,
5e7d4915f9af8b180cda61b5,0039,"Tue, 10 Mar 2020 15:45:21 GMT","Tue, 10 Mar 2020 20:55:49 GMT",,5.758,2_39_129_17_2020-03-10 15:45:21.332710,0002,CA-307,2-39-129-17,America/Los_Angeles,000000376,400,8,20,336,"Tue, 10 Mar 2020 15:46:17 GMT",true,"Tue, 10 Mar 2020 21:21:21 GMT",376,,,,,,,,,,,,,,,,,,,,,,,,,,,,,,,,,,,,,,,,,,,,,,,,,,,,,,,,,,,,,,,,,,,,,,,,,
5e7d4915f9af8b180cda61b6,0039,"Tue, 10 Mar 2020 15:56:09 GMT","Wed, 11 Mar 2020 00:07:05 GMT",,0.601,2_39_89_25_2020-03-10 15:56:09.066487,0002,CA-315,2-39-89-25,America/Los_Angeles,000001153,600,24,40,434,"Tue, 10 Mar 2020 15:56:25 GMT",true,"Tue, 10 Mar 2020 23:10:09 GMT",1153,,,,,,,,,,,,,,,,,,,,,,,,,,,,,,,,,,,,,,,,,,,,,,,,,,,,,,,,,,,,,,,,,,,,,,,,,
5e7d4915f9af8b180cda61b7,0039,"Tue, 10 Mar 2020 15:56:18 GMT","Wed, 11 Mar 2020 01:19:45 GMT","Wed, 11 Mar 2020 00:49:01 GMT",11.408,2_39_90_440_2020-03-10 15:56:18.414194,0002,CA-500,2-39-90-440,America/Los_Angeles,000000069,400,40,100,363,"Tue, 10 Mar 2020 15:56:31 GMT",true,"Tue, 10 Mar 2020 21:59:18 GMT",69,,,,,,,,,,,,,,,,,,,,,,,,,,,,,,,,,,,,,,,,,,,,,,,,,,,,,,,,,,,,,,,,,,,,,,,,,
5e7d4915f9af8b180cda61b8,0039,"Tue, 10 Mar 2020 16:16:01 GMT","Wed, 11 Mar 2020 02:15:11 GMT","Wed, 11 Mar 2020 00:49:01 GMT",6.409,2_39_127_19_2020-03-10 16:16:01.001034,0002,CA-309,2-39-127-19,America/Los_Angeles,000000567,400,8,20,459,"Tue, 10 Mar 2020 16:16:07 GMT",true,"Tue, 10 Mar 2020 23:55:01 GMT",567,,400,8,20,459,"Tue, 10 Mar 2020 16:16:13 GMT",true,"Tue, 10 Mar 2020 23:55:01 GMT",567,400,8,20,459,"Wed, 11 Mar 2020 01:00:55 GMT",true,"Tue, 10 Mar 2020 23:55:01 GMT",567,,,,,,,,,,,,,,,,,,,,,,,,,,,,,,,,,,,,,,,,,,,,,,,,,,,,,,,,
5e7d4915f9af8b180cda61b9,0039,"Tue, 10 Mar 2020 16:25:15 GMT","Wed, 11 Mar 2020 00:31:25 GMT",,14.516,2_39_79_376_2020-03-10 16:25:15.278378,0002,CA-324,2-39-79-376,America/Los_Angeles,000001137,400,36,90,401,"Tue, 10 Mar 2020 16:25:40 GMT",true,"Tue, 10 Mar 2020 23:06:15 GMT",1137,,,,,,,,,,,,,,,,,,,,,,,,,,,,,,,,,,,,,,,,,,,,,,,,,,,,,,,,,,,,,,,,,,,,,,,,,
5e7d4915f9af8b180cda61ba,0039,"Tue, 10 Mar 2020 16:42:55 GMT","Wed, 11 Mar 2020 00:57:57 GMT","Wed, 11 Mar 2020 00:57:52 GMT",7.893,2_39_78_365_2020-03-10 16:42:55.496658,0002,CA-321,2-39-78-365,America/Los_Angeles,000000714,400,32,80,440,"Tue, 10 Mar 2020 16:45:25 GMT",true,"Wed, 11 Mar 2020 00:02:55 GMT",714,,400,32,80,420,"Tue, 10 Mar 2020 16:45:56 GMT",true,"Tue, 10 Mar 2020 23:42:55 GMT",714,,,,,,,,,,,,,,,,,,,,,,,,,,,,,,,,,,,,,,,,,,,,,,,,,,,,,,,,,,,,,,,,
5e7d4915f9af8b180cda61bb,0039,"Tue, 10 Mar 2020 16:49:20 GMT","Wed, 11 Mar 2020 03:06:24 GMT","Wed, 11 Mar 2020 00:49:01 GMT",1.375,2_39_91_437_2020-03-10 16:49:20.237805,0002,CA-317,2-39-91-437,America/Los_Angeles,000000324,444,8.88,20,101,"Tue, 10 Mar 2020 16:50:27 GMT",true,"Tue, 10 Mar 2020 18:30:20 GMT",324,,,,,,,,,,,,,,,,,,,,,,,,,,,,,,,,,,,,,,,,,,,,,,,,,,,,,,,,,,,,,,,,,,,,,,,,,
5e7d4915f9af8b180cda61bc,0039,"Tue, 10 Mar 2020 17:05:45 GMT","Tue, 10 Mar 2020 19:53:30 GMT",,11.945,2_39_78_360_2020-03-10 17:05:44.570542,0002,CA-322,2-39-78-360,America/Los_Angeles,000000558,400,28,70,60,"Tue, 10 Mar 2020 17:05:44 GMT",true,"Tue, 10 Mar 2020 18:05:45 GMT",558,,,,,,,,,,,,,,,,,,,,,,,,,,,,,,,,,,,,,,,,,,,,,,,,,,,,,,,,,,,,,,,,,,,,,,,,,
5e7d4915f9af8b180cda61bd,0039,"Tue, 10 Mar 2020 17:14:15 GMT","Wed, 11 Mar 2020 01:09:20 GMT","Wed, 11 Mar 2020 00:49:01 GMT",10.78,2_39_95_444_2020-03-10 17:14:15.471226,0002,CA-497,2-39-95-444,America/Los_Angeles,000001095,400,16,40,447,"Tue, 10 Mar 2020 17:15:53 GMT",true,"Wed, 11 Mar 2020 00:41:15 GMT",1095,,,,,,,,,,,,,,,,,,,,,,,,,,,,,,,,,,,,,,,,,,,,,,,,,,,,,,,,,,,,,,,,,,,,,,,,,
5e7d4915f9af8b180cda61be,0039,"Tue, 10 Mar 2020 17:15:23 GMT","Tue, 10 Mar 2020 23:16:17 GMT",,2.368,2_39_78_364_2020-03-10 17:15:22.955215,0002,CA-495,2-39-78-364,America/Los_Angeles,,,,,,,,,,,,,,,,,,,,,,,,,,,,,,,,,,,,,,,,,,,,,,,,,,,,,,,,,,,,,,,,,,,,,,,,,,,,,,,,,,
5e7d4915f9af8b180cda61bf,0039,"Tue, 10 Mar 2020 17:42:53 GMT","Tue, 10 Mar 2020 21:46:25 GMT",,4.41,2_39_92_442_2020-03-10 17:42:53.260397,0002,CA-498,2-39-92-442,America/Los_Angeles,000003447,375,15,40,420,"Tue, 10 Mar 2020 17:43:23 GMT",true,"Wed, 11 Mar 2020 00:42:53 GMT",3447,,,,,,,,,,,,,,,,,,,,,,,,,,,,,,,,,,,,,,,,,,,,,,,,,,,,,,,,,,,,,,,,,,,,,,,,,
5e7d4915f9af8b180cda61c0,0039,"Tue, 10 Mar 2020 18:14:43 GMT","Wed, 11 Mar 2020 00:14:40 GMT",,2.235,2_39_125_21_2020-03-10 18:14:43.075359,0002,CA-311,2-39-125-21,America/Los_Angeles,000000891,400,8,20,216,"Tue, 10 Mar 2020 18:15:30 GMT",true,"Tue, 10 Mar 2020 21:50:43 GMT",891,,,,,,,,,,,,,,,,,,,,,,,,,,,,,,,,,,,,,,,,,,,,,,,,,,,,,,,,,,,,,,,,,,,,,,,,,
5e7d4915f9af8b180cda61c1,0039,"Tue, 10 Mar 2020 18:21:35 GMT","Wed, 11 Mar 2020 00:11:13 GMT",,10.601,2_39_124_22_2020-03-10 18:21:35.374304,0002,CA-312,2-39-124-22,America/Los_Angeles,000000668,600,12,20,114,"Tue, 10 Mar 2020 18:22:06 GMT",true,"Tue, 10 Mar 2020 20:15:35 GMT",668,,600,18,30,86,"Tue, 10 Mar 2020 18:49:09 GMT",true,"Tue, 10 Mar 2020 19:47:35 GMT",668,600,18,30,87,"Tue, 10 Mar 2020 20:21:17 GMT",true,"Tue, 10 Mar 2020 19:48:35 GMT",668,,,,,,,,,,,,,,,,,,,,,,,,,,,,,,,,,,,,,,,,,,,,,,,,,,,,,,,,
5e7d4915f9af8b180cda61c2,0039,"Tue, 10 Mar 2020 20:17:13 GMT","Tue, 10 Mar 2020 21:02:54 GMT",,0.955,2_39_126_20_2020-03-10 20:16:56.284313,0002,CA-310,2-39-126-20,America/Los_Angeles,000001093,333,9.99,30,438,"Tue, 10 Mar 2020 20:17:13 GMT",true,"Wed, 11 Mar 2020 03:35:13 GMT",1093,,333,9.99,30,438,"Tue, 10 Mar 2020 20:19:13 GMT",true,"Wed, 11 Mar 2020 03:35:13 GMT",1093,,,,,,,,,,,,,,,,,,,,,,,,,,,,,,,,,,,,,,,,,,,,,,,,,,,,,,,,,,,,,,,,
5e7d4915f9af8b180cda61c3,0039,"Tue, 10 Mar 2020 20:50:11 GMT","Tue, 10 Mar 2020 23:42:51 GMT",,1.076,2_39_79_381_2020-03-10 20:50:10.803035,0002,CA-490,2-39-79-381,America/Los_Angeles,,,,,,,,,,,,,,,,,,,,,,,,,,,,,,,,,,,,,,,,,,,,,,,,,,,,,,,,,,,,,,,,,,,,,,,,,,,,,,,,,,
5e7d4915f9af8b180cda61c4,0039,"Tue, 10 Mar 2020 21:18:39 GMT","Wed, 11 Mar 2020 01:23:33 GMT","Wed, 11 Mar 2020 00:49:01 GMT",4.918,2_39_88_438_2020-03-10 21:18:39.239130,0002,CA-502,2-39-88-438,America/Los_Angeles,000000515,400,12,30,250,"Tue, 10 Mar 2020 21:20:28 GMT",true,"Wed, 11 Mar 2020 01:28:39 GMT",515,,400,12,30,250,"Tue, 10 Mar 2020 21:20:41 GMT",true,"Wed, 11 Mar 2020 01:28:39 GMT",515,400,12,30,250,"Tue, 10 Mar 2020 21:20:54 GMT",true,"Wed, 11 Mar 2020 01:28:39 GMT",515,400,12,30,250,"Tue, 10 Mar 2020 21:21:13 GMT",true,"Wed, 11 Mar 2020 01:28:39 GMT",515,400,12,30,90,"Tue, 10 Mar 2020 21:50:42 GMT",true,"Tue, 10 Mar 2020 22:48:39 GMT",515,,,,,,,,,,,,,,,,,,,,,,,,,,,,,,,,,,,,,,,,
5e7d4915f9af8b180cda61c5,0039,"Wed, 11 Mar 2020 00:17:51 GMT","Wed, 11 Mar 2020 01:40:17 GMT","Wed, 11 Mar 2020 01:40:14 GMT",4.54,2_39_130_31_2020-03-11 00:17:51.003635,0002,CA-306,2-39-130-31,America/Los_Angeles,000000365,333,9.99,30,104,"Wed, 11 Mar 2020 00:18:55 GMT",true,"Wed, 11 Mar 2020 02:01:51 GMT",365,,,,,,,,,,,,,,,,,,,,,,,,,,,,,,,,,,,,,,,,,,,,,,,,,,,,,,,,,,,,,,,,,,,,,,,,,
5e7d4915f9af8b180cda61c6,0039,"Wed, 11 Mar 2020 03:23:11 GMT","Wed, 11 Mar 2020 04:45:12 GMT","Wed, 11 Mar 2020 04:45:00 GMT",4.487,2_39_139_28_2020-03-11 03:23:11.033605,0002,CA-303,2-39-139-28,America/Los_Angeles,000001263,400,8,20,115,"Wed, 11 Mar 2020 03:24:11 GMT",true,"Wed, 11 Mar 2020 05:18:11 GMT",1263,,,,,,,,,,,,,,,,,,,,,,,,,,,,,,,,,,,,,,,,,,,,,,,,,,,,,,,,,,,,,,,,,,,,,,,,,
5e7e9a9bf9af8b1be143ed70,0039,"Wed, 11 Mar 2020 14:53:58 GMT","Wed, 11 Mar 2020 23:05:59 GMT","Wed, 11 Mar 2020 16:24:53 GMT",3.953,2_39_79_382_2020-03-11 14:53:57.898101,0002,CA-491,2-39-79-382,America/Los_Angeles,000004701,300,9,30,480,"Wed, 11 Mar 2020 14:54:35 GMT",true,"Wed, 11 Mar 2020 22:53:58 GMT",4701,,,,,,,,,,,,,,,,,,,,,,,,,,,,,,,,,,,,,,,,,,,,,,,,,,,,,,,,,,,,,,,,,,,,,,,,,
5e7e9a9bf9af8b1be143ed71,0039,"Wed, 11 Mar 2020 15:04:17 GMT","Wed, 11 Mar 2020 15:12:57 GMT","Wed, 11 Mar 2020 15:12:54 GMT",0.777,2_39_78_366_2020-03-11 15:04:17.021151,0002,CA-323,2-39-78-366,America/Los_Angeles,000003853,360,39.6,110,460,"Wed, 11 Mar 2020 15:05:21 GMT",true,"Wed, 11 Mar 2020 22:44:17 GMT",3853,,,,,,,,,,,,,,,,,,,,,,,,,,,,,,,,,,,,,,,,,,,,,,,,,,,,,,,,,,,,,,,,,,,,,,,,,
5e7e9a9bf9af8b1be143ed72,0039,"Wed, 11 Mar 2020 15:29:19 GMT","Thu, 12 Mar 2020 01:37:18 GMT","Wed, 11 Mar 2020 17:29:13 GMT",5.745480277777777,2_39_130_31_2020-03-11 15:29:18.995862,0002,CA-306,2-39-130-31,America/Los_Angeles,000001366,400,8,20,60,"Wed, 11 Mar 2020 15:30:21 GMT",true,"Wed, 11 Mar 2020 16:29:19 GMT",1366,,,,,,,,,,,,,,,,,,,,,,,,,,,,,,,,,,,,,,,,,,,,,,,,,,,,,,,,,,,,,,,,,,,,,,,,,
5e7e9a9bf9af8b1be143ed73,0039,"Wed, 11 Mar 2020 15:30:21 GMT","Wed, 11 Mar 2020 16:10:25 GMT","Wed, 11 Mar 2020 16:09:05 GMT",0.9649417562722109,2_39_78_366_2020-03-11 15:30:21.437009,0002,CA-323,2-39-78-366,America/Los_Angeles,,,,,,,,,,,,,,,,,,,,,,,,,,,,,,,,,,,,,,,,,,,,,,,,,,,,,,,,,,,,,,,,,,,,,,,,,,,,,,,,,,
5e7e9a9bf9af8b1be143ed74,0039,"Wed, 11 Mar 2020 15:40:15 GMT","Thu, 12 Mar 2020 00:56:06 GMT","Thu, 12 Mar 2020 00:54:52 GMT",4.041,2_39_126_560_2020-03-11 15:40:14.729663,0002,CA-506,2-39-126-560,America/Los_Angeles,000001534,250,7.5,30,404,"Wed, 11 Mar 2020 15:40:15 GMT",true,"Wed, 11 Mar 2020 22:24:15 GMT",1534,,,,,,,,,,,,,,,,,,,,,,,,,,,,,,,,,,,,,,,,,,,,,,,,,,,,,,,,,,,,,,,,,,,,,,,,,
5e7e9a9bf9af8b1be143ed75,0039,"Wed, 11 Mar 2020 15:45:17 GMT","Thu, 12 Mar 2020 03:23:01 GMT","Wed, 11 Mar 2020 17:32:46 GMT",4.56,2_39_129_17_2020-03-11 15:45:16.937391,0002,CA-307,2-39-129-17,America/Los_Angeles,000000712,400,12,30,343,"Wed, 11 Mar 2020 16:21:11 GMT",true,"Wed, 11 Mar 2020 21:28:17 GMT",712,,,,,,,,,,,,,,,,,,,,,,,,,,,,,,,,,,,,,,,,,,,,,,,,,,,,,,,,,,,,,,,,,,,,,,,,,
5e7e9a9bf9af8b1be143ed76,0039,"Wed, 11 Mar 2020 15:46:57 GMT","Thu, 12 Mar 2020 00:25:24 GMT","Thu, 12 Mar 2020 00:25:13 GMT",8.185,2_39_78_365_2020-03-11 15:46:57.108818,0002,CA-321,2-39-78-365,America/Los_Angeles,000006623,400,8,20,451,"Wed, 11 Mar 2020 15:47:49 GMT",true,"Wed, 11 Mar 2020 23:17:57 GMT",6623,,,,,,,,,,,,,,,,,,,,,,,,,,,,,,,,,,,,,,,,,,,,,,,,,,,,,,,,,,,,,,,,,,,,,,,,,
5e7e9a9bf9af8b1be143ed77,0039,"Wed, 11 Mar 2020 15:50:12 GMT","Wed, 11 Mar 2020 18:50:25 GMT","Wed, 11 Mar 2020 18:40:33 GMT",1.041,2_39_79_380_2020-03-11 15:50:12.083509,0002,CA-489,2-39-79-380,America/Los_Angeles,,,,,,,,,,,,,,,,,,,,,,,,,,,,,,,,,,,,,,,,,,,,,,,,,,,,,,,,,,,,,,,,,,,,,,,,,,,,,,,,,,
5e7e9a9bf9af8b1be143ed78,0039,"Wed, 11 Mar 2020 15:50:39 GMT","Thu, 12 Mar 2020 02:20:31 GMT","Wed, 11 Mar 2020 17:38:31 GMT",4.752,2_39_126_20_2020-03-11 15:50:18.586922,0002,CA-310,2-39-126-20,America/Los_Angeles,000005594,360,7.2,20,383,"Wed, 11 Mar 2020 15:50:38 GMT",true,"Wed, 11 Mar 2020 22:13:39 GMT",5594,,360,7.2,20,411,"Wed, 11 Mar 2020 22:11:49 GMT",true,"Wed, 11 Mar 2020 22:41:39 GMT",5594,,,,,,,,,,,,,,,,,,,,,,,,,,,,,,,,,,,,,,,,,,,,,,,,,,,,,,,,,,,,,,,,
5e7e9a9bf9af8b1be143ed79,0039,"Wed, 11 Mar 2020 16:02:53 GMT","Thu, 12 Mar 2020 02:45:21 GMT","Wed, 11 Mar 2020 19:38:19 GMT",11.562,2_39_78_361_2020-03-11 16:02:53.457899,0002,CA-493,2-39-78-361,America/Los_Angeles,000000069,400,40,100,363,"Wed, 11 Mar 2020 16:05:39 GMT",true,"Wed, 11 Mar 2020 22:05:53 GMT",69,,,,,,,,,,,,,,,,,,,,,,,,,,,,,,,,,,,,,,,,,,,,,,,,,,,,,,,,,,,,,,,,,,,,,,,,,
5e7e9a9bf9af8b1be143ed7a,0039,"Wed, 11 Mar 2020 16:06:39 GMT","Thu, 12 Mar 2020 01:11:04 GMT","Wed, 11 Mar 2020 18:53:01 GMT",16.475,2_39_95_27_2020-03-11 16:06:39.404436,0002,CA-319,2-39-95-27,America/Los_Angeles,000000714,400,32,80,447,"Wed, 11 Mar 2020 16:07:14 GMT",true,"Wed, 11 Mar 2020 23:33:39 GMT",714,,,,,,,,,,,,,,,,,,,,,,,,,,,,,,,,,,,,,,,,,,,,,,,,,,,,,,,,,,,,,,,,,,,,,,,,,
5e7e9a9bf9af8b1be143ed7b,0039,"Wed, 11 Mar 2020 16:07:05 GMT","Wed, 11 Mar 2020 23:32:52 GMT","Wed, 11 Mar 2020 17:39:38 GMT",8.25,2_39_91_437_2020-03-11 16:07:05.132494,0002,CA-317,2-39-91-437,America/Los_Angeles,000001095,400,12,30,447,"Wed, 11 Mar 2020 16:08:51 GMT",true,"Wed, 11 Mar 2020 23:34:05 GMT",1095,,,,,,,,,,,,,,,,,,,,,,,,,,,,,,,,,,,,,,,,,,,,,,,,,,,,,,,,,,,,,,,,,,,,,,,,,
5e7e9a9bf9af8b1be143ed7c,0039,"Wed, 11 Mar 2020 16:08:16 GMT","Wed, 11 Mar 2020 23:31:02 GMT","Wed, 11 Mar 2020 22:49:39 GMT",1.134,2_39_125_21_2020-03-11 16:08:16.079121,0002,CA-311,2-39-125-21,America/Los_Angeles,,,,,,,,,,,,,,,,,,,,,,,,,,,,,,,,,,,,,,,,,,,,,,,,,,,,,,,,,,,,,,,,,,,,,,,,,,,,,,,,,,
5e7e9a9bf9af8b1be143ed7d,0039,"Wed, 11 Mar 2020 16:26:49 GMT","Thu, 12 Mar 2020 04:29:08 GMT","Wed, 11 Mar 2020 17:37:36 GMT",2.111,2_39_92_436_2020-03-11 16:26:48.989511,0002,CA-318,2-39-92-436,America/Los_Angeles,000000324,444,8.88,20,101,"Wed, 11 Mar 2020 16:27:16 GMT",true,"Wed, 11 Mar 2020 18:07:49 GMT",324,,,,,,,,,,,,,,,,,,,,,,,,,,,,,,,,,,,,,,,,,,,,,,,,,,,,,,,,,,,,,,,,,,,,,,,,,
5e7e9a9bf9af8b1be143ed7e,0039,"Wed, 11 Mar 2020 16:26:50 GMT","Wed, 11 Mar 2020 21:01:48 GMT","Wed, 11 Mar 2020 20:40:31 GMT",1.009,2_39_78_366_2020-03-11 16:26:50.482843,0002,CA-323,2-39-78-366,America/Los_Angeles,,,,,,,,,,,,,,,,,,,,,,,,,,,,,,,,,,,,,,,,,,,,,,,,,,,,,,,,,,,,,,,,,,,,,,,,,,,,,,,,,,
5e7e9a9bf9af8b1be143ed7f,0039,"Wed, 11 Mar 2020 16:30:13 GMT","Thu, 12 Mar 2020 00:09:14 GMT","Wed, 11 Mar 2020 22:45:36 GMT",8.153,2_39_89_25_2020-03-11 16:30:13.447363,0002,CA-315,2-39-89-25,America/Los_Angeles,000001364,400,28,70,182,"Wed, 11 Mar 2020 19:57:42 GMT",true,"Wed, 11 Mar 2020 19:32:13 GMT",1364,,400,28,70,182,"Wed, 11 Mar 2020 19:58:56 GMT",true,"Wed, 11 Mar 2020 19:32:13 GMT",1364,,,,,,,,,,,,,,,,,,,,,,,,,,,,,,,,,,,,,,,,,,,,,,,,,,,,,,,,,,,,,,,,
5e7e9a9bf9af8b1be143ed80,0039,"Wed, 11 Mar 2020 17:11:30 GMT","Thu, 12 Mar 2020 02:15:33 GMT","Wed, 11 Mar 2020 21:19:28 GMT",11.821,2_39_78_363_2020-03-11 17:11:29.989512,0002,CA-320,2-39-78-363,America/Los_Angeles,000000558,400,28,70,60,"Wed, 11 Mar 2020 17:11:33 GMT",true,"Wed, 11 Mar 2020 18:11:30 GMT",558,,,,,,,,,,,,,,,,,,,,,,,,,,,,,,,,,,,,,,,,,,,,,,,,,,,,,,,,,,,,,,,,,,,,,,,,,
5e7e9a9bf9af8b1be143ed81,0039,"Wed, 11 Mar 2020 17:25:50 GMT","Thu, 12 Mar 2020 02:07:43 GMT","Thu, 12 Mar 2020 02:08:39 GMT",43.915,2_39_78_362_2020-03-11 17:25:41.469074,0002,CA-496,2-39-78-362,America/Los_Angeles,000002743,240,60,250,652,"Wed, 11 Mar 2020 17:25:50 GMT",true,"Thu, 12 Mar 2020 04:17:50 GMT",2743,,,,,,,,,,,,,,,,,,,,,,,,,,,,,,,,,,,,,,,,,,,,,,,,,,,,,,,,,,,,,,,,,,,,,,,,,
5e7e9a9bf9af8b1be143ed82,0039,"Wed, 11 Mar 2020 18:31:12 GMT","Thu, 12 Mar 2020 01:10:09 GMT","Wed, 11 Mar 2020 19:31:13 GMT",2.592,2_39_127_19_2020-03-11 18:31:16.333147,0002,CA-309,2-39-127-19,America/Los_Angeles,000001864,400,12,30,391,"Wed, 11 Mar 2020 18:31:33 GMT",true,"Thu, 12 Mar 2020 01:02:12 GMT",1864,,,,,,,,,,,,,,,,,,,,,,,,,,,,,,,,,,,,,,,,,,,,,,,,,,,,,,,,,,,,,,,,,,,,,,,,,
5e7e9a9bf9af8b1be143ed83,0039,"Wed, 11 Mar 2020 18:31:44 GMT","Thu, 12 Mar 2020 00:15:26 GMT","Wed, 11 Mar 2020 19:21:18 GMT",2.039,2_39_123_23_2020-03-11 18:31:43.888626,0002,CA-313,2-39-123-23,America/Los_Angeles,000000891,400,8,20,216,"Wed, 11 Mar 2020 18:32:02 GMT",true,"Wed, 11 Mar 2020 22:07:44 GMT",891,,,,,,,,,,,,,,,,,,,,,,,,,,,,,,,,,,,,,,,,,,,,,,,,,,,,,,,,,,,,,,,,,,,,,,,,,
5e7e9a9bf9af8b1be143ed84,0039,"Wed, 11 Mar 2020 20:10:13 GMT","Thu, 12 Mar 2020 02:17:04 GMT","Wed, 11 Mar 2020 22:12:51 GMT",6.531,2_39_90_26_2020-03-11 20:10:12.680511,0002,CA-316,2-39-90-26,America/Los_Angeles,000001124,400,8,20,60,"Wed, 11 Mar 2020 20:10:39 GMT",true,"Wed, 11 Mar 2020 21:10:13 GMT",1124,,,,,,,,,,,,,,,,,,,,,,,,,,,,,,,,,,,,,,,,,,,,,,,,,,,,,,,,,,,,,,,,,,,,,,,,,
5e7e9a9bf9af8b1be143ed85,0039,"Wed, 11 Mar 2020 20:25:17 GMT","Thu, 12 Mar 2020 04:11:21 GMT","Wed, 11 Mar 2020 22:44:53 GMT",9.021,2_39_79_383_2020-03-11 20:25:17.302310,0002,CA-492,2-39-79-383,America/Los_Angeles,000001137,400,32,80,336,"Wed, 11 Mar 2020 20:25:31 GMT",true,"Thu, 12 Mar 2020 02:01:17 GMT",1137,,,,,,,,,,,,,,,,,,,,,,,,,,,,,,,,,,,,,,,,,,,,,,,,,,,,,,,,,,,,,,,,,,,,,,,,,
5e7e9a9bf9af8b1be143ed86,0039,"Wed, 11 Mar 2020 20:27:09 GMT","Wed, 11 Mar 2020 23:28:09 GMT","Wed, 11 Mar 2020 23:24:30 GMT",0.986,2_39_79_380_2020-03-11 20:27:09.357144,0002,CA-489,2-39-79-380,America/Los_Angeles,,,,,,,,,,,,,,,,,,,,,,,,,,,,,,,,,,,,,,,,,,,,,,,,,,,,,,,,,,,,,,,,,,,,,,,,,,,,,,,,,,
5e7e9a9bf9af8b1be143ed87,0039,"Wed, 11 Mar 2020 20:35:46 GMT","Wed, 11 Mar 2020 23:53:54 GMT","Wed, 11 Mar 2020 23:39:55 GMT",1.063,2_39_83_387_2020-03-11 20:35:46.025135,0002,CA-149,2-39-83-387,America/Los_Angeles,,,,,,,,,,,,,,,,,,,,,,,,,,,,,,,,,,,,,,,,,,,,,,,,,,,,,,,,,,,,,,,,,,,,,,,,,,,,,,,,,,
5e7e9a9bf9af8b1be143ed88,0039,"Wed, 11 Mar 2020 22:26:48 GMT","Thu, 12 Mar 2020 02:27:34 GMT","Thu, 12 Mar 2020 00:39:37 GMT",6.374,2_39_78_360_2020-03-11 22:26:48.481777,0002,CA-322,2-39-78-360,America/Los_Angeles,000003577,419,8.38,20,184,"Wed, 11 Mar 2020 22:29:05 GMT",true,"Thu, 12 Mar 2020 01:30:48 GMT",3577,,,,,,,,,,,,,,,,,,,,,,,,,,,,,,,,,,,,,,,,,,,,,,,,,,,,,,,,,,,,,,,,,,,,,,,,,
5e7e9a9bf9af8b1be143ed89,0039,"Thu, 12 Mar 2020 00:33:33 GMT","Thu, 12 Mar 2020 01:31:24 GMT","Thu, 12 Mar 2020 01:31:19 GMT",5.99,2_39_79_382_2020-03-12 00:33:32.609501,0002,CA-491,2-39-79-382,America/Los_Angeles,000004701,300,6,20,82,"Thu, 12 Mar 2020 00:33:46 GMT",true,"Thu, 12 Mar 2020 01:55:33 GMT",4701,,,,,,,,,,,,,,,,,,,,,,,,,,,,,,,,,,,,,,,,,,,,,,,,,,,,,,,,,,,,,,,,,,,,,,,,,
5e7e9a9bf9af8b1be143ed8a,0039,"Thu, 12 Mar 2020 03:30:09 GMT","Thu, 12 Mar 2020 04:03:47 GMT","Thu, 12 Mar 2020 04:03:43 GMT",1.153,2_39_139_28_2020-03-12 03:30:08.549107,0002,CA-303,2-39-139-28,America/Los_Angeles,000006638,264,5.28,20,128,"Thu, 12 Mar 2020 03:57:45 GMT",true,"Thu, 12 Mar 2020 05:38:09 GMT",6638,,,,,,,,,,,,,,,,,,,,,,,,,,,,,,,,,,,,,,,,,,,,,,,,,,,,,,,,,,,,,,,,,,,,,,,,,
5e7fec1af9af8b1fc4c8d3ca,0039,"Thu, 12 Mar 2020 14:27:29 GMT","Fri, 13 Mar 2020 00:41:11 GMT","Thu, 12 Mar 2020 20:35:25 GMT",32.711,2_39_78_365_2020-03-12 14:27:29.395243,0002,CA-321,2-39-78-365,America/Los_Angeles,000003853,360,50.4,140,505,"Thu, 12 Mar 2020 14:27:39 GMT",true,"Thu, 12 Mar 2020 22:52:29 GMT",3853,,,,,,,,,,,,,,,,,,,,,,,,,,,,,,,,,,,,,,,,,,,,,,,,,,,,,,,,,,,,,,,,,,,,,,,,,
5e7fec1af9af8b1fc4c8d3cb,0039,"Thu, 12 Mar 2020 14:42:58 GMT","Fri, 13 Mar 2020 00:29:19 GMT","Thu, 12 Mar 2020 16:03:38 GMT",2.941,2_39_79_382_2020-03-12 14:42:57.549555,0002,CA-491,2-39-79-382,America/Los_Angeles,000004701,300,9,30,425,"Thu, 12 Mar 2020 14:43:05 GMT",true,"Thu, 12 Mar 2020 21:47:58 GMT",4701,,,,,,,,,,,,,,,,,,,,,,,,,,,,,,,,,,,,,,,,,,,,,,,,,,,,,,,,,,,,,,,,,,,,,,,,,
5e7fec1af9af8b1fc4c8d3cc,0039,"Thu, 12 Mar 2020 14:53:20 GMT","Fri, 13 Mar 2020 00:24:10 GMT","Thu, 12 Mar 2020 16:10:30 GMT",4.104,2_39_92_442_2020-03-12 14:53:19.573922,0002,CA-498,2-39-92-442,America/Los_Angeles,000001524,400,8,20,129,"Thu, 12 Mar 2020 15:00:48 GMT",true,"Thu, 12 Mar 2020 17:02:20 GMT",1524,,,,,,,,,,,,,,,,,,,,,,,,,,,,,,,,,,,,,,,,,,,,,,,,,,,,,,,,,,,,,,,,,,,,,,,,,
5e7fec1af9af8b1fc4c8d3cd,0039,"Thu, 12 Mar 2020 15:30:38 GMT","Fri, 13 Mar 2020 02:07:55 GMT","Thu, 12 Mar 2020 17:25:34 GMT",7.453294504180076,2_39_78_363_2020-03-12 15:30:37.856093,0002,CA-320,2-39-78-363,America/Los_Angeles,000002244,400,8,20,60,"Thu, 12 Mar 2020 15:31:08 GMT",true,"Thu, 12 Mar 2020 16:30:38 GMT",2244,,,,,,,,,,,,,,,,,,,,,,,,,,,,,,,,,,,,,,,,,,,,,,,,,,,,,,,,,,,,,,,,,,,,,,,,,
5e7fec1af9af8b1fc4c8d3ce,0039,"Thu, 12 Mar 2020 15:35:12 GMT","Fri, 13 Mar 2020 00:04:14 GMT","Thu, 12 Mar 2020 23:59:59 GMT",1.141,2_39_79_379_2020-03-12 15:35:11.534196,0002,CA-327,2-39-79-379,America/Los_Angeles,,,,,,,,,,,,,,,,,,,,,,,,,,,,,,,,,,,,,,,,,,,,,,,,,,,,,,,,,,,,,,,,,,,,,,,,,,,,,,,,,,
5e7fec1af9af8b1fc4c8d3cf,0039,"Thu, 12 Mar 2020 15:40:13 GMT","Fri, 13 Mar 2020 00:13:03 GMT","Thu, 12 Mar 2020 16:47:31 GMT",6.097,2_39_89_25_2020-03-12 15:40:12.696183,0002,CA-315,2-39-89-25,America/Los_Angeles,000000431,300,21,70,270,"Thu, 12 Mar 2020 15:40:19 GMT",true,"Thu, 12 Mar 2020 20:10:13 GMT",431,,,,,,,,,,,,,,,,,,,,,,,,,,,,,,,,,,,,,,,,,,,,,,,,,,,,,,,,,,,,,,,,,,,,,,,,,
5e7fec1af9af8b1fc4c8d3d0,0039,"Thu, 12 Mar 2020 15:40:40 GMT","Thu, 12 Mar 2020 20:16:47 GMT","Thu, 12 Mar 2020 17:24:26 GMT",5.242,2_39_139_28_2020-03-12 15:40:40.125156,0002,CA-303,2-39-139-28,America/Los_Angeles,000000562,325,6.5,20,196,"Thu, 12 Mar 2020 15:42:32 GMT",true,"Thu, 12 Mar 2020 18:56:40 GMT",562,,,,,,,,,,,,,,,,,,,,,,,,,,,,,,,,,,,,,,,,,,,,,,,,,,,,,,,,,,,,,,,,,,,,,,,,,
5e7fec1af9af8b1fc4c8d3d1,0039,"Thu, 12 Mar 2020 15:41:33 GMT","Thu, 12 Mar 2020 23:18:35 GMT","Thu, 12 Mar 2020 17:53:46 GMT",1.136,2_39_78_364_2020-03-12 15:41:32.620928,0002,CA-495,2-39-78-364,America/Los_Angeles,,,,,,,,,,,,,,,,,,,,,,,,,,,,,,,,,,,,,,,,,,,,,,,,,,,,,,,,,,,,,,,,,,,,,,,,,,,,,,,,,,
5e7fec1af9af8b1fc4c8d3d2,0039,"Thu, 12 Mar 2020 15:45:13 GMT","Thu, 12 Mar 2020 19:38:49 GMT","Thu, 12 Mar 2020 19:17:08 GMT",7.916,2_39_79_381_2020-03-12 15:45:12.617250,0002,CA-490,2-39-79-381,America/Los_Angeles,000000671,267,26.7,100,247,"Thu, 12 Mar 2020 15:45:33 GMT",true,"Thu, 12 Mar 2020 19:52:13 GMT",671,,,,,,,,,,,,,,,,,,,,,,,,,,,,,,,,,,,,,,,,,,,,,,,,,,,,,,,,,,,,,,,,,,,,,,,,,
5e7fec1af9af8b1fc4c8d3d3,0039,"Thu, 12 Mar 2020 16:11:08 GMT","Fri, 13 Mar 2020 02:45:27 GMT","Thu, 12 Mar 2020 17:20:06 GMT",2.253,2_39_95_27_2020-03-12 16:11:07.767308,0002,CA-319,2-39-95-27,America/Los_Angeles,000001082,400,8,20,64,"Thu, 12 Mar 2020 16:12:56 GMT",true,"Thu, 12 Mar 2020 17:15:08 GMT",1082,,,,,,,,,,,,,,,,,,,,,,,,,,,,,,,,,,,,,,,,,,,,,,,,,,,,,,,,,,,,,,,,,,,,,,,,,
5e7fec1af9af8b1fc4c8d3d4,0039,"Thu, 12 Mar 2020 16:40:34 GMT","Fri, 13 Mar 2020 00:01:00 GMT","Thu, 12 Mar 2020 18:55:18 GMT",10.312,2_39_79_377_2020-03-12 16:40:34.203491,0002,CA-325,2-39-79-377,America/Los_Angeles,000000714,400,32,80,447,"Thu, 12 Mar 2020 16:41:39 GMT",true,"Fri, 13 Mar 2020 00:07:34 GMT",714,,,,,,,,,,,,,,,,,,,,,,,,,,,,,,,,,,,,,,,,,,,,,,,,,,,,,,,,,,,,,,,,,,,,,,,,,
5e7fec1af9af8b1fc4c8d3d5,0039,"Thu, 12 Mar 2020 16:48:56 GMT","Fri, 13 Mar 2020 01:13:35 GMT","Fri, 13 Mar 2020 00:54:52 GMT",3.627,2_39_123_23_2020-03-12 16:48:56.132744,0002,CA-313,2-39-123-23,America/Los_Angeles,000002170,400,28,70,417,"Thu, 12 Mar 2020 16:49:18 GMT",true,"Thu, 12 Mar 2020 23:45:56 GMT",2170,,,,,,,,,,,,,,,,,,,,,,,,,,,,,,,,,,,,,,,,,,,,,,,,,,,,,,,,,,,,,,,,,,,,,,,,,
5e7fec1af9af8b1fc4c8d3d6,0039,"Thu, 12 Mar 2020 16:50:19 GMT","Fri, 13 Mar 2020 00:45:12 GMT","Thu, 12 Mar 2020 18:59:54 GMT",5.997,2_39_79_383_2020-03-12 16:50:18.744404,0002,CA-492,2-39-79-383,America/Los_Angeles,000001222,400,8,20,72,"Thu, 12 Mar 2020 16:50:20 GMT",true,"Thu, 12 Mar 2020 18:02:19 GMT",1222,,,,,,,,,,,,,,,,,,,,,,,,,,,,,,,,,,,,,,,,,,,,,,,,,,,,,,,,,,,,,,,,,,,,,,,,,
5e7fec1af9af8b1fc4c8d3d7,0039,"Thu, 12 Mar 2020 17:15:33 GMT","Fri, 13 Mar 2020 00:48:13 GMT","Thu, 12 Mar 2020 19:37:54 GMT",9.759132777777777,2_39_79_376_2020-03-12 17:15:33.189234,0002,CA-324,2-39-79-376,America/Los_Angeles,000001137,400,32,80,431,"Thu, 12 Mar 2020 17:16:33 GMT",true,"Fri, 13 Mar 2020 00:26:33 GMT",1137,,,,,,,,,,,,,,,,,,,,,,,,,,,,,,,,,,,,,,,,,,,,,,,,,,,,,,,,,,,,,,,,,,,,,,,,,
5e7fec1af9af8b1fc4c8d3d8,0039,"Thu, 12 Mar 2020 17:19:04 GMT","Fri, 13 Mar 2020 01:11:40 GMT","Fri, 13 Mar 2020 00:15:19 GMT",1.134,2_39_127_19_2020-03-12 17:19:04.132167,0002,CA-309,2-39-127-19,America/Los_Angeles,,,,,,,,,,,,,,,,,,,,,,,,,,,,,,,,,,,,,,,,,,,,,,,,,,,,,,,,,,,,,,,,,,,,,,,,,,,,,,,,,,
5e7fec1af9af8b1fc4c8d3d9,0039,"Thu, 12 Mar 2020 17:42:53 GMT","Thu, 12 Mar 2020 18:37:57 GMT","Thu, 12 Mar 2020 18:33:50 GMT",1.130628733571921,2_39_78_366_2020-03-12 17:42:53.075069,0002,CA-323,2-39-78-366,America/Los_Angeles,,,,,,,,,,,,,,,,,,,,,,,,,,,,,,,,,,,,,,,,,,,,,,,,,,,,,,,,,,,,,,,,,,,,,,,,,,,,,,,,,,
5e7fec1af9af8b1fc4c8d3da,0039,"Thu, 12 Mar 2020 17:47:25 GMT","Thu, 12 Mar 2020 20:17:37 GMT","Thu, 12 Mar 2020 20:14:12 GMT",0.92,2_39_79_380_2020-03-12 17:47:25.065352,0002,CA-489,2-39-79-380,America/Los_Angeles,,,,,,,,,,,,,,,,,,,,,,,,,,,,,,,,,,,,,,,,,,,,,,,,,,,,,,,,,,,,,,,,,,,,,,,,,,,,,,,,,,
5e7fec1af9af8b1fc4c8d3db,0039,"Thu, 12 Mar 2020 18:05:15 GMT","Thu, 12 Mar 2020 22:55:26 GMT","Thu, 12 Mar 2020 22:54:55 GMT",12.443,2_39_91_437_2020-03-12 18:05:14.606067,0002,CA-317,2-39-91-437,America/Los_Angeles,000000668,600,12,20,87,"Thu, 12 Mar 2020 18:05:21 GMT",true,"Thu, 12 Mar 2020 19:32:15 GMT",668,,,,,,,,,,,,,,,,,,,,,,,,,,,,,,,,,,,,,,,,,,,,,,,,,,,,,,,,,,,,,,,,,,,,,,,,,
5e7fec1af9af8b1fc4c8d3dc,0039,"Thu, 12 Mar 2020 18:06:52 GMT","Thu, 12 Mar 2020 20:52:19 GMT","Thu, 12 Mar 2020 20:05:09 GMT",11.596,2_39_91_441_2020-03-12 18:06:52.313654,0002,CA-499,2-39-91-441,America/Los_Angeles,000000069,400,40,100,363,"Thu, 12 Mar 2020 18:07:05 GMT",true,"Fri, 13 Mar 2020 00:09:52 GMT",69,,,,,,,,,,,,,,,,,,,,,,,,,,,,,,,,,,,,,,,,,,,,,,,,,,,,,,,,,,,,,,,,,,,,,,,,,
5e7fec1af9af8b1fc4c8d3dd,0039,"Thu, 12 Mar 2020 18:51:19 GMT","Thu, 12 Mar 2020 20:10:45 GMT","Thu, 12 Mar 2020 19:20:39 GMT",0.608,2_39_78_366_2020-03-12 18:51:19.117548,0002,CA-323,2-39-78-366,America/Los_Angeles,,,,,,,,,,,,,,,,,,,,,,,,,,,,,,,,,,,,,,,,,,,,,,,,,,,,,,,,,,,,,,,,,,,,,,,,,,,,,,,,,,
5e7fec1af9af8b1fc4c8d3de,0039,"Thu, 12 Mar 2020 19:50:18 GMT","Fri, 13 Mar 2020 01:21:18 GMT","Thu, 12 Mar 2020 21:01:04 GMT",3.855,2_39_125_21_2020-03-12 19:49:46.261295,0002,CA-311,2-39-125-21,America/Los_Angeles,000000567,400,8,20,459,"Thu, 12 Mar 2020 19:50:17 GMT",true,"Fri, 13 Mar 2020 03:29:18 GMT",567,,,,,,,,,,,,,,,,,,,,,,,,,,,,,,,,,,,,,,,,,,,,,,,,,,,,,,,,,,,,,,,,,,,,,,,,,
5e7fec1af9af8b1fc4c8d3df,0039,"Thu, 12 Mar 2020 20:18:47 GMT","Fri, 13 Mar 2020 00:48:07 GMT","Thu, 12 Mar 2020 22:31:10 GMT",6.491,2_39_78_360_2020-03-12 20:18:58.928494,0002,CA-322,2-39-78-360,America/Los_Angeles,000001124,400,8,20,60,"Thu, 12 Mar 2020 20:19:14 GMT",true,"Thu, 12 Mar 2020 21:18:47 GMT",1124,,,,,,,,,,,,,,,,,,,,,,,,,,,,,,,,,,,,,,,,,,,,,,,,,,,,,,,,,,,,,,,,,,,,,,,,,
5e7fec1af9af8b1fc4c8d3e0,0039,"Thu, 12 Mar 2020 20:20:15 GMT","Fri, 13 Mar 2020 00:22:12 GMT","Thu, 12 Mar 2020 20:20:06 GMT",0.773461768219581,2_39_78_366_2020-03-12 20:20:14.592808,0002,CA-323,2-39-78-366,America/Los_Angeles,000000560,400,32,80,132,"Thu, 12 Mar 2020 20:20:23 GMT",true,"Thu, 12 Mar 2020 22:32:15 GMT",560,,400,32,80,298,"Fri, 13 Mar 2020 00:18:54 GMT",true,"Fri, 13 Mar 2020 01:18:15 GMT",560,,,,,,,,,,,,,,,,,,,,,,,,,,,,,,,,,,,,,,,,,,,,,,,,,,,,,,,,,,,,,,,,
5e7fec1af9af8b1fc4c8d3e1,0039,"Thu, 12 Mar 2020 23:50:29 GMT","Fri, 13 Mar 2020 02:14:09 GMT","Fri, 13 Mar 2020 01:45:17 GMT",4.212,2_39_138_29_2020-03-12 23:50:19.842441,0002,CA-304,2-39-138-29,America/Los_Angeles,000003123,400,4,10,161,"Thu, 12 Mar 2020 23:50:29 GMT",true,"Fri, 13 Mar 2020 02:31:29 GMT",3123,,,,,,,,,,,,,,,,,,,,,,,,,,,,,,,,,,,,,,,,,,,,,,,,,,,,,,,,,,,,,,,,,,,,,,,,,
5e7fec1af9af8b1fc4c8d3e2,0039,"Fri, 13 Mar 2020 03:15:28 GMT","Fri, 13 Mar 2020 05:38:27 GMT","Fri, 13 Mar 2020 05:38:24 GMT",13.896,2_39_130_31_2020-03-13 03:15:27.913856,0002,CA-306,2-39-130-31,America/Los_Angeles,000001099,400,32,80,129,"Fri, 13 Mar 2020 03:16:17 GMT",true,"Fri, 13 Mar 2020 05:24:28 GMT",1099,,,,,,,,,,,,,,,,,,,,,,,,,,,,,,,,,,,,,,,,,,,,,,,,,,,,,,,,,,,,,,,,,,,,,,,,,
5e7fec1af9af8b1fc4c8d3e3,0039,"Fri, 13 Mar 2020 03:22:42 GMT","Fri, 13 Mar 2020 04:47:18 GMT","Fri, 13 Mar 2020 04:47:13 GMT",4.649,2_39_139_28_2020-03-13 03:22:42.261524,0002,CA-303,2-39-139-28,America/Los_Angeles,000001263,400,8,20,115,"Fri, 13 Mar 2020 03:23:21 GMT",true,"Fri, 13 Mar 2020 05:17:42 GMT",1263,,,,,,,,,,,,,,,,,,,,,,,,,,,,,,,,,,,,,,,,,,,,,,,,,,,,,,,,,,,,,,,,,,,,,,,,,
5e813d8ff9af8b23a8a39cf4,0039,"Fri, 13 Mar 2020 15:34:24 GMT","Sat, 14 Mar 2020 01:17:31 GMT","Fri, 13 Mar 2020 15:58:59 GMT",1.473,2_39_79_379_2020-03-13 15:34:24.183289,0002,CA-327,2-39-79-379,America/Los_Angeles,000000751,400,28,70,720,"Fri, 13 Mar 2020 15:35:41 GMT",true,"Sat, 14 Mar 2020 03:34:24 GMT",751,,,,,,,,,,,,,,,,,,,,,,,,,,,,,,,,,,,,,,,,,,,,,,,,,,,,,,,,,,,,,,,,,,,,,,,,,
5e813d8ff9af8b23a8a39cf5,0039,"Fri, 13 Mar 2020 16:39:54 GMT","Sat, 14 Mar 2020 01:19:56 GMT","Fri, 13 Mar 2020 18:18:32 GMT",9.844,2_39_79_381_2020-03-13 16:39:53.605370,0002,CA-490,2-39-79-381,America/Los_Angeles,000001095,400,16,40,447,"Fri, 13 Mar 2020 16:40:03 GMT",true,"Sat, 14 Mar 2020 00:06:54 GMT",1095,,,,,,,,,,,,,,,,,,,,,,,,,,,,,,,,,,,,,,,,,,,,,,,,,,,,,,,,,,,,,,,,,,,,,,,,,
5e813d8ff9af8b23a8a39cf6,0039,"Fri, 13 Mar 2020 17:06:46 GMT","Fri, 13 Mar 2020 21:22:43 GMT","Fri, 13 Mar 2020 19:03:36 GMT",5.95,2_39_138_29_2020-03-13 17:06:45.690006,0002,CA-304,2-39-138-29,America/Los_Angeles,000001366,400,8,20,60,"Fri, 13 Mar 2020 17:07:01 GMT",true,"Fri, 13 Mar 2020 18:06:46 GMT",1366,,,,,,,,,,,,,,,,,,,,,,,,,,,,,,,,,,,,,,,,,,,,,,,,,,,,,,,,,,,,,,,,,,,,,,,,,
5e813d8ff9af8b23a8a39cf7,0039,"Fri, 13 Mar 2020 17:10:51 GMT","Sat, 14 Mar 2020 00:32:46 GMT","Fri, 13 Mar 2020 18:49:31 GMT",10.699,2_39_91_437_2020-03-13 17:10:50.573361,0002,CA-317,2-39-91-437,America/Los_Angeles,000006049,267,10.68,40,353,"Fri, 13 Mar 2020 17:11:38 GMT",true,"Fri, 13 Mar 2020 23:03:51 GMT",6049,,,,,,,,,,,,,,,,,,,,,,,,,,,,,,,,,,,,,,,,,,,,,,,,,,,,,,,,,,,,,,,,,,,,,,,,,
5e813d8ff9af8b23a8a39cf8,0039,"Fri, 13 Mar 2020 17:41:53 GMT","Fri, 13 Mar 2020 19:50:42 GMT","Fri, 13 Mar 2020 18:12:29 GMT",0.718,2_39_78_366_2020-03-13 17:41:52.824287,0002,CA-323,2-39-78-366,America/Los_Angeles,,,,,,,,,,,,,,,,,,,,,,,,,,,,,,,,,,,,,,,,,,,,,,,,,,,,,,,,,,,,,,,,,,,,,,,,,,,,,,,,,,
5e813d8ff9af8b23a8a39cf9,0039,"Fri, 13 Mar 2020 18:08:54 GMT","Fri, 13 Mar 2020 22:37:39 GMT","Fri, 13 Mar 2020 20:00:11 GMT",11.79,2_39_78_363_2020-03-13 18:08:54.034304,0002,CA-320,2-39-78-363,America/Los_Angeles,000000668,600,18,30,87,"Fri, 13 Mar 2020 18:09:06 GMT",true,"Fri, 13 Mar 2020 19:35:54 GMT",668,,,,,,,,,,,,,,,,,,,,,,,,,,,,,,,,,,,,,,,,,,,,,,,,,,,,,,,,,,,,,,,,,,,,,,,,,
5e813d8ff9af8b23a8a39cfa,0039,"Fri, 13 Mar 2020 21:52:23 GMT","Sat, 14 Mar 2020 01:34:35 GMT","Fri, 13 Mar 2020 23:57:06 GMT",6.371,2_39_123_23_2020-03-13 21:52:13.668237,0002,CA-313,2-39-123-23,America/Los_Angeles,000005594,360,7.2,20,411,"Fri, 13 Mar 2020 21:52:22 GMT",true,"Sat, 14 Mar 2020 04:43:23 GMT",5594,,360,7.2,20,411,"Fri, 13 Mar 2020 21:52:58 GMT",true,"Sat, 14 Mar 2020 04:43:23 GMT",5594,,,,,,,,,,,,,,,,,,,,,,,,,,,,,,,,,,,,,,,,,,,,,,,,,,,,,,,,,,,,,,,,
5e813d8ff9af8b23a8a39cfb,0039,"Fri, 13 Mar 2020 22:23:00 GMT","Fri, 13 Mar 2020 23:15:57 GMT","Fri, 13 Mar 2020 23:04:22 GMT",1.746,2_39_138_29_2020-03-13 22:23:00.230187,0002,CA-304,2-39-138-29,America/Los_Angeles,000001366,400,8,20,60,"Fri, 13 Mar 2020 22:23:20 GMT",true,"Fri, 13 Mar 2020 23:23:00 GMT",1366,,,,,,,,,,,,,,,,,,,,,,,,,,,,,,,,,,,,,,,,,,,,,,,,,,,,,,,,,,,,,,,,,,,,,,,,,
5e813d8ff9af8b23a8a39cfc,0039,"Sat, 14 Mar 2020 00:35:56 GMT","Sat, 14 Mar 2020 01:36:33 GMT","Sat, 14 Mar 2020 01:36:25 GMT",3.277,2_39_139_28_2020-03-14 00:35:56.114144,0002,CA-303,2-39-139-28,America/Los_Angeles,000000365,333,9.99,30,104,"Sat, 14 Mar 2020 00:36:12 GMT",true,"Sat, 14 Mar 2020 02:19:56 GMT",365,,,,,,,,,,,,,,,,,,,,,,,,,,,,,,,,,,,,,,,,,,,,,,,,,,,,,,,,,,,,,,,,,,,,,,,,,
5e813d8ff9af8b23a8a39cfd,0039,"Sat, 14 Mar 2020 02:59:38 GMT","Sat, 14 Mar 2020 05:28:12 GMT","Sat, 14 Mar 2020 05:05:55 GMT",14.172,2_39_139_28_2020-03-14 02:59:38.237351,0002,CA-303,2-39-139-28,America/Los_Angeles,000001085,236,14.16,60,142,"Sat, 14 Mar 2020 03:00:19 GMT",true,"Sat, 14 Mar 2020 05:21:38 GMT",1085,,236,14.16,60,253,"Sat, 14 Mar 2020 05:02:45 GMT",true,"Sat, 14 Mar 2020 07:12:38 GMT",1085,,,,,,,,,,,,,,,,,,,,,,,,,,,,,,,,,,,,,,,,,,,,,,,,,,,,,,,,,,,,,,,,
5e813d8ff9af8b23a8a39cfe,0039,"Sat, 14 Mar 2020 03:29:15 GMT","Sat, 14 Mar 2020 04:30:16 GMT","Sat, 14 Mar 2020 04:30:11 GMT",3.493,2_39_125_21_2020-03-14 03:29:14.820199,0002,CA-311,2-39-125-21,America/Los_Angeles,000004622,300,6,20,61,"Sat, 14 Mar 2020 03:29:42 GMT",true,"Sat, 14 Mar 2020 04:30:15 GMT",4622,,,,,,,,,,,,,,,,,,,,,,,,,,,,,,,,,,,,,,,,,,,,,,,,,,,,,,,,,,,,,,,,,,,,,,,,,
5e828f0cf9af8b279cf8cf1e,0039,"Sat, 14 Mar 2020 22:10:09 GMT","Sun, 15 Mar 2020 00:03:22 GMT","Sat, 14 Mar 2020 23:39:47 GMT",4.421,2_39_127_19_2020-03-14 22:10:08.782212,0002,CA-309,2-39-127-19,America/Los_Angeles,000004622,300,6,20,61,"Sat, 14 Mar 2020 22:10:13 GMT",true,"Sat, 14 Mar 2020 23:11:09 GMT",4622,,,,,,,,,,,,,,,,,,,,,,,,,,,,,,,,,,,,,,,,,,,,,,,,,,,,,,,,,,,,,,,,,,,,,,,,,
5e828f0cf9af8b279cf8cf1f,0039,"Sat, 14 Mar 2020 23:26:22 GMT","Sun, 15 Mar 2020 01:01:09 GMT","Sat, 14 Mar 2020 23:56:38 GMT",0.83,2_39_131_30_2020-03-14 23:26:22.302223,0002,CA-305,2-39-131-30,America/Los_Angeles,,,,,,,,,,,,,,,,,,,,,,,,,,,,,,,,,,,,,,,,,,,,,,,,,,,,,,,,,,,,,,,,,,,,,,,,,,,,,,,,,,
5e828f0cf9af8b279cf8cf20,0039,"Sun, 15 Mar 2020 00:57:31 GMT","Sun, 15 Mar 2020 02:04:23 GMT","Sun, 15 Mar 2020 02:04:18 GMT",3.868,2_39_129_17_2020-03-15 00:57:31.406861,0002,CA-307,2-39-129-17,America/Los_Angeles,000000365,333,9.99,30,104,"Sun, 15 Mar 2020 00:57:51 GMT",true,"Sun, 15 Mar 2020 02:41:31 GMT",365,,,,,,,,,,,,,,,,,,,,,,,,,,,,,,,,,,,,,,,,,,,,,,,,,,,,,,,,,,,,,,,,,,,,,,,,,
5e828f0cf9af8b279cf8cf21,0039,"Sun, 15 Mar 2020 05:58:50 GMT","Sun, 15 Mar 2020 18:17:49 GMT","Sun, 15 Mar 2020 10:24:58 GMT",29.647,2_39_90_440_2020-03-15 05:58:50.402351,0002,CA-500,2-39-90-440,America/Los_Angeles,000000292,200,48,240,685,"Sun, 15 Mar 2020 05:59:10 GMT",true,"Sun, 15 Mar 2020 17:23:50 GMT",292,,,,,,,,,,,,,,,,,,,,,,,,,,,,,,,,,,,,,,,,,,,,,,,,,,,,,,,,,,,,,,,,,,,,,,,,,
5e83e091f9af8b2b6eaaeae8,0039,"Sun, 15 Mar 2020 17:34:43 GMT","Sun, 15 Mar 2020 20:17:40 GMT","Sun, 15 Mar 2020 20:17:31 GMT",18.497,2_39_139_28_2020-03-15 17:34:43.180074,0002,CA-303,2-39-139-28,America/Los_Angeles,000001085,236,28.32,120,253,"Sun, 15 Mar 2020 17:35:52 GMT",true,"Sun, 15 Mar 2020 21:47:43 GMT",1085,,,,,,,,,,,,,,,,,,,,,,,,,,,,,,,,,,,,,,,,,,,,,,,,,,,,,,,,,,,,,,,,,,,,,,,,,
5e83e091f9af8b2b6eaaeae9,0039,"Sun, 15 Mar 2020 18:02:46 GMT","Mon, 16 Mar 2020 00:47:00 GMT","Sun, 15 Mar 2020 19:53:29 GMT",4.667025,2_39_79_382_2020-03-15 18:02:46.014296,0002,CA-491,2-39-79-382,America/Los_Angeles,000004701,300,9,30,306,"Sun, 15 Mar 2020 18:02:51 GMT",true,"Sun, 15 Mar 2020 23:08:46 GMT",4701,,,,,,,,,,,,,,,,,,,,,,,,,,,,,,,,,,,,,,,,,,,,,,,,,,,,,,,,,,,,,,,,,,,,,,,,,
5e83e091f9af8b2b6eaaeaea,0039,"Sun, 15 Mar 2020 18:12:11 GMT","Tue, 17 Mar 2020 02:29:29 GMT","Mon, 16 Mar 2020 02:01:58 GMT",51.337,2_39_131_30_2020-03-15 18:12:10.513452,0002,CA-305,2-39-131-30,America/Los_Angeles,000000489,446,107.04,240,450,"Sun, 15 Mar 2020 18:12:30 GMT",true,"Mon, 16 Mar 2020 01:42:11 GMT",489,,446,107.04,240,471,"Sun, 15 Mar 2020 18:12:36 GMT",true,"Mon, 16 Mar 2020 02:03:11 GMT",489,446,107.04,240,475,"Sun, 15 Mar 2020 18:17:30 GMT",true,"Mon, 16 Mar 2020 02:07:11 GMT",489,,,,,,,,,,,,,,,,,,,,,,,,,,,,,,,,,,,,,,,,,,,,,,,,,,,,,,,,
5e83e091f9af8b2b6eaaeaeb,0039,"Sun, 15 Mar 2020 19:18:58 GMT","Mon, 16 Mar 2020 18:35:51 GMT","Sun, 15 Mar 2020 23:01:58 GMT",13.097,2_39_79_383_2020-03-15 19:18:57.606977,0002,CA-492,2-39-79-383,America/Los_Angeles,000004913,400,20,50,529,"Sun, 15 Mar 2020 19:20:16 GMT",true,"Mon, 16 Mar 2020 04:07:58 GMT",4913,,,,,,,,,,,,,,,,,,,,,,,,,,,,,,,,,,,,,,,,,,,,,,,,,,,,,,,,,,,,,,,,,,,,,,,,,
5e83e091f9af8b2b6eaaeaec,0039,"Sun, 15 Mar 2020 19:36:14 GMT","Sun, 15 Mar 2020 21:35:46 GMT","Sun, 15 Mar 2020 21:35:41 GMT",9.595,2_39_129_17_2020-03-15 19:36:14.399346,0002,CA-307,2-39-129-17,America/Los_Angeles,000002290,425,29.75,70,446,"Sun, 15 Mar 2020 19:38:34 GMT",true,"Mon, 16 Mar 2020 03:02:14 GMT",2290,,,,,,,,,,,,,,,,,,,,,,,,,,,,,,,,,,,,,,,,,,,,,,,,,,,,,,,,,,,,,,,,,,,,,,,,,
5e83e091f9af8b2b6eaaeaed,0039,"Sun, 15 Mar 2020 20:16:55 GMT","Sun, 15 Mar 2020 22:16:43 GMT","Sun, 15 Mar 2020 22:16:38 GMT",6.368,2_39_138_29_2020-03-15 20:16:54.513638,0002,CA-304,2-39-138-29,America/Los_Angeles,000001395,400,8,20,390,"Sun, 15 Mar 2020 20:17:30 GMT",true,"Mon, 16 Mar 2020 02:46:55 GMT",1395,,,,,,,,,,,,,,,,,,,,,,,,,,,,,,,,,,,,,,,,,,,,,,,,,,,,,,,,,,,,,,,,,,,,,,,,,
5e83e091f9af8b2b6eaaeaee,0039,"Sun, 15 Mar 2020 22:16:29 GMT","Mon, 16 Mar 2020 06:02:08 GMT","Mon, 16 Mar 2020 03:50:07 GMT",35.177,2_39_139_28_2020-03-15 22:16:28.974490,0002,CA-303,2-39-139-28,America/Los_Angeles,000001085,236,42.48,180,389,"Sun, 15 Mar 2020 22:17:30 GMT",true,"Mon, 16 Mar 2020 04:45:29 GMT",1085,,236,42.48,180,410,"Mon, 16 Mar 2020 04:39:04 GMT",true,"Mon, 16 Mar 2020 05:06:29 GMT",1085,236,42.48,180,410,"Mon, 16 Mar 2020 06:02:00 GMT",true,"Mon, 16 Mar 2020 05:06:29 GMT",1085,,,,,,,,,,,,,,,,,,,,,,,,,,,,,,,,,,,,,,,,,,,,,,,,,,,,,,,,
5e83e091f9af8b2b6eaaeaef,0039,"Sun, 15 Mar 2020 22:38:49 GMT","Mon, 16 Mar 2020 00:35:44 GMT","Sun, 15 Mar 2020 23:23:32 GMT",1.736,2_39_125_21_2020-03-15 22:38:25.990052,0002,CA-311,2-39-125-21,America/Los_Angeles,000004622,300,6,20,61,"Sun, 15 Mar 2020 22:38:48 GMT",true,"Sun, 15 Mar 2020 23:39:49 GMT",4622,,,,,,,,,,,,,,,,,,,,,,,,,,,,,,,,,,,,,,,,,,,,,,,,,,,,,,,,,,,,,,,,,,,,,,,,,
5e83e091f9af8b2b6eaaeaf0,0039,"Mon, 16 Mar 2020 00:33:03 GMT","Mon, 16 Mar 2020 01:12:27 GMT","Mon, 16 Mar 2020 01:12:22 GMT",2.073,2_39_129_17_2020-03-16 00:33:03.447051,0002,CA-307,2-39-129-17,America/Los_Angeles,000000365,333,9.99,30,104,"Mon, 16 Mar 2020 00:33:08 GMT",true,"Mon, 16 Mar 2020 02:17:03 GMT",365,,,,,,,,,,,,,,,,,,,,,,,,,,,,,,,,,,,,,,,,,,,,,,,,,,,,,,,,,,,,,,,,,,,,,,,,,
5e853211f9af8b2fb505679a,0039,"Mon, 16 Mar 2020 07:51:17 GMT","Mon, 16 Mar 2020 22:12:39 GMT","Mon, 16 Mar 2020 15:31:06 GMT",51.237,2_39_139_28_2020-03-16 07:51:17.415039,0002,CA-303,2-39-139-28,America/Los_Angeles,000000067,250,50,200,472,"Mon, 16 Mar 2020 07:51:39 GMT",true,"Mon, 16 Mar 2020 15:43:17 GMT",67,,250,50,200,900,"Mon, 16 Mar 2020 14:23:13 GMT",true,"Mon, 16 Mar 2020 22:51:17 GMT",67,250,50,200,882,"Mon, 16 Mar 2020 14:23:47 GMT",true,"Mon, 16 Mar 2020 22:33:17 GMT",67,250,55,220,1155,"Mon, 16 Mar 2020 16:34:50 GMT",true,"Tue, 17 Mar 2020 03:06:17 GMT",67,,,,,,,,,,,,,,,,,,,,,,,,,,,,,,,,,,,,,,,,,,,,,,,,
5e853211f9af8b2fb505679b,0039,"Mon, 16 Mar 2020 14:16:18 GMT","Mon, 16 Mar 2020 16:48:13 GMT","Mon, 16 Mar 2020 16:48:09 GMT",16.202,2_39_91_437_2020-03-16 14:16:18.448509,0002,CA-317,2-39-91-437,America/Los_Angeles,000000431,300,21,70,189,"Mon, 16 Mar 2020 14:16:39 GMT",true,"Mon, 16 Mar 2020 17:25:18 GMT",431,,,,,,,,,,,,,,,,,,,,,,,,,,,,,,,,,,,,,,,,,,,,,,,,,,,,,,,,,,,,,,,,,,,,,,,,,
5e853211f9af8b2fb505679c,0039,"Mon, 16 Mar 2020 14:36:39 GMT","Mon, 16 Mar 2020 23:20:14 GMT","Mon, 16 Mar 2020 15:55:32 GMT",2.534,2_39_79_382_2020-03-16 14:36:39.302719,0002,CA-491,2-39-79-382,America/Los_Angeles,000004701,300,9,30,414,"Mon, 16 Mar 2020 14:37:13 GMT",true,"Mon, 16 Mar 2020 21:30:39 GMT",4701,,,,,,,,,,,,,,,,,,,,,,,,,,,,,,,,,,,,,,,,,,,,,,,,,,,,,,,,,,,,,,,,,,,,,,,,,
5e853211f9af8b2fb505679d,0039,"Mon, 16 Mar 2020 15:38:51 GMT","Tue, 17 Mar 2020 02:23:45 GMT","Mon, 16 Mar 2020 17:27:05 GMT",5.773,2_39_127_19_2020-03-16 15:38:51.074496,0002,CA-309,2-39-127-19,America/Los_Angeles,000000562,325,6.5,20,196,"Mon, 16 Mar 2020 15:39:42 GMT",true,"Mon, 16 Mar 2020 18:54:51 GMT",562,,,,,,,,,,,,,,,,,,,,,,,,,,,,,,,,,,,,,,,,,,,,,,,,,,,,,,,,,,,,,,,,,,,,,,,,,
5e853211f9af8b2fb505679e,0039,"Mon, 16 Mar 2020 16:57:07 GMT","Mon, 16 Mar 2020 17:38:53 GMT","Mon, 16 Mar 2020 17:38:49 GMT",4.375,2_39_138_29_2020-03-16 16:57:07.150208,0002,CA-304,2-39-138-29,America/Los_Angeles,000000798,400,16,40,102,"Mon, 16 Mar 2020 16:58:25 GMT",true,"Mon, 16 Mar 2020 18:39:07 GMT",798,,,,,,,,,,,,,,,,,,,,,,,,,,,,,,,,,,,,,,,,,,,,,,,,,,,,,,,,,,,,,,,,,,,,,,,,,
5e853211f9af8b2fb505679f,0039,"Mon, 16 Mar 2020 18:34:40 GMT","Tue, 17 Mar 2020 02:48:22 GMT","Mon, 16 Mar 2020 20:33:12 GMT",6.356,2_39_79_379_2020-03-16 18:34:40.156290,0002,CA-327,2-39-79-379,America/Los_Angeles,000001111,400,12,30,99,"Mon, 16 Mar 2020 18:35:04 GMT",true,"Mon, 16 Mar 2020 20:13:40 GMT",1111,,,,,,,,,,,,,,,,,,,,,,,,,,,,,,,,,,,,,,,,,,,,,,,,,,,,,,,,,,,,,,,,,,,,,,,,,
5e853211f9af8b2fb50567a0,0039,"Mon, 16 Mar 2020 20:39:59 GMT","Mon, 16 Mar 2020 23:43:18 GMT","Mon, 16 Mar 2020 22:10:17 GMT",4.575,2_39_90_440_2020-03-16 20:39:59.137292,0002,CA-500,2-39-90-440,America/Los_Angeles,000003447,375,15,40,420,"Mon, 16 Mar 2020 20:40:10 GMT",true,"Tue, 17 Mar 2020 03:39:59 GMT",3447,,,,,,,,,,,,,,,,,,,,,,,,,,,,,,,,,,,,,,,,,,,,,,,,,,,,,,,,,,,,,,,,,,,,,,,,,
5e853211f9af8b2fb50567a1,0039,"Mon, 16 Mar 2020 21:00:09 GMT","Tue, 17 Mar 2020 22:12:20 GMT","Mon, 16 Mar 2020 22:24:59 GMT",2.741,2_39_130_31_2020-03-16 20:59:58.196898,0002,CA-306,2-39-130-31,America/Los_Angeles,000000924,400,8,20,60,"Mon, 16 Mar 2020 21:00:08 GMT",true,"Mon, 16 Mar 2020 22:00:09 GMT",924,,,,,,,,,,,,,,,,,,,,,,,,,,,,,,,,,,,,,,,,,,,,,,,,,,,,,,,,,,,,,,,,,,,,,,,,,
5e86838df9af8b33946c3b8e,0039,"Tue, 17 Mar 2020 14:26:24 GMT","Tue, 17 Mar 2020 22:51:55 GMT","Tue, 17 Mar 2020 17:07:34 GMT",7.929,2_39_79_382_2020-03-17 14:26:23.895078,0002,CA-491,2-39-79-382,America/Los_Angeles,000004701,300,9,30,554,"Tue, 17 Mar 2020 14:26:35 GMT",true,"Tue, 17 Mar 2020 23:40:24 GMT",4701,,,,,,,,,,,,,,,,,,,,,,,,,,,,,,,,,,,,,,,,,,,,,,,,,,,,,,,,,,,,,,,,,,,,,,,,,
5e86838df9af8b33946c3b8f,0039,"Tue, 17 Mar 2020 17:49:54 GMT","Wed, 18 Mar 2020 02:05:43 GMT","Tue, 17 Mar 2020 19:42:16 GMT",5.742,2_39_88_24_2020-03-17 17:49:53.953275,0002,CA-314,2-39-88-24,America/Los_Angeles,000005594,360,7.2,20,411,"Tue, 17 Mar 2020 17:51:15 GMT",true,"Wed, 18 Mar 2020 00:40:54 GMT",5594,,,,,,,,,,,,,,,,,,,,,,,,,,,,,,,,,,,,,,,,,,,,,,,,,,,,,,,,,,,,,,,,,,,,,,,,,
5e86838df9af8b33946c3b90,0039,"Tue, 17 Mar 2020 19:19:23 GMT","Wed, 18 Mar 2020 01:13:03 GMT","Tue, 17 Mar 2020 21:17:55 GMT",13.311,2_39_79_377_2020-03-17 19:19:22.745427,0002,CA-325,2-39-79-377,America/Los_Angeles,000000714,400,32,80,305,"Tue, 17 Mar 2020 19:19:50 GMT",true,"Wed, 18 Mar 2020 00:24:23 GMT",714,,,,,,,,,,,,,,,,,,,,,,,,,,,,,,,,,,,,,,,,,,,,,,,,,,,,,,,,,,,,,,,,,,,,,,,,,
5e86838df9af8b33946c3b91,0039,"Wed, 18 Mar 2020 01:34:38 GMT","Wed, 18 Mar 2020 03:06:51 GMT","Wed, 18 Mar 2020 03:06:47 GMT",9.841,2_39_128_18_2020-03-18 01:34:37.811281,0002,CA-308,2-39-128-18,America/Los_Angeles,000001099,400,32,80,129,"Wed, 18 Mar 2020 01:35:29 GMT",true,"Wed, 18 Mar 2020 03:43:38 GMT",1099,,,,,,,,,,,,,,,,,,,,,,,,,,,,,,,,,,,,,,,,,,,,,,,,,,,,,,,,,,,,,,,,,,,,,,,,,
5e87d50bf9af8b397e1b8565,0039,"Wed, 18 Mar 2020 16:32:33 GMT","Wed, 18 Mar 2020 18:29:55 GMT","Wed, 18 Mar 2020 17:04:27 GMT",0.886,2_39_79_379_2020-03-18 16:32:32.806216,0002,CA-327,2-39-79-379,America/Los_Angeles,,,,,,,,,,,,,,,,,,,,,,,,,,,,,,,,,,,,,,,,,,,,,,,,,,,,,,,,,,,,,,,,,,,,,,,,,,,,,,,,,,
5e87d50bf9af8b397e1b8566,0039,"Wed, 18 Mar 2020 20:34:07 GMT","Wed, 18 Mar 2020 22:30:10 GMT","Wed, 18 Mar 2020 22:12:57 GMT",9.891,2_39_139_28_2020-03-18 20:34:06.874585,0002,CA-303,2-39-139-28,America/Los_Angeles,000002290,425,29.75,70,446,"Wed, 18 Mar 2020 20:35:33 GMT",true,"Thu, 19 Mar 2020 04:00:07 GMT",2290,,,,,,,,,,,,,,,,,,,,,,,,,,,,,,,,,,,,,,,,,,,,,,,,,,,,,,,,,,,,,,,,,,,,,,,,,
5e87d50bf9af8b397e1b8567,0039,"Wed, 18 Mar 2020 20:57:56 GMT","Wed, 18 Mar 2020 22:03:06 GMT","Wed, 18 Mar 2020 22:03:01 GMT",7.043,2_39_131_30_2020-03-18 20:57:56.235520,0002,CA-305,2-39-131-30,America/Los_Angeles,000000710,400,28,70,496,"Wed, 18 Mar 2020 20:59:29 GMT",true,"Thu, 19 Mar 2020 05:13:56 GMT",710,,,,,,,,,,,,,,,,,,,,,,,,,,,,,,,,,,,,,,,,,,,,,,,,,,,,,,,,,,,,,,,,,,,,,,,,,
5e87d50bf9af8b397e1b8568,0039,"Thu, 19 Mar 2020 02:15:46 GMT","Thu, 19 Mar 2020 04:15:22 GMT","Thu, 19 Mar 2020 04:15:17 GMT",9.133,2_39_126_20_2020-03-19 02:15:45.743569,0002,CA-310,2-39-126-20,America/Los_Angeles,000001099,400,32,80,129,"Thu, 19 Mar 2020 02:17:27 GMT",true,"Thu, 19 Mar 2020 04:24:46 GMT",1099,,,,,,,,,,,,,,,,,,,,,,,,,,,,,,,,,,,,,,,,,,,,,,,,,,,,,,,,,,,,,,,,,,,,,,,,,
5e89268cf9af8b3d8b09a7fe,0039,"Thu, 19 Mar 2020 13:35:59 GMT","Thu, 19 Mar 2020 17:03:19 GMT","Thu, 19 Mar 2020 17:03:15 GMT",23.089,2_39_92_436_2020-03-19 13:35:59.192163,0002,CA-318,2-39-92-436,America/Los_Angeles,000000300,400,32,80,586,"Thu, 19 Mar 2020 13:37:16 GMT",true,"Thu, 19 Mar 2020 23:21:59 GMT",300,,,,,,,,,,,,,,,,,,,,,,,,,,,,,,,,,,,,,,,,,,,,,,,,,,,,,,,,,,,,,,,,,,,,,,,,,
5e89268cf9af8b3d8b09a7ff,0039,"Thu, 19 Mar 2020 18:27:27 GMT","Fri, 20 Mar 2020 02:34:32 GMT","Thu, 19 Mar 2020 20:07:36 GMT",4.944,2_39_128_18_2020-03-19 18:27:10.661130,0002,CA-308,2-39-128-18,America/Los_Angeles,000005594,360,7.2,20,411,"Thu, 19 Mar 2020 18:27:27 GMT",true,"Fri, 20 Mar 2020 01:18:27 GMT",5594,,360,7.2,20,411,"Thu, 19 Mar 2020 18:27:49 GMT",true,"Fri, 20 Mar 2020 01:18:27 GMT",5594,360,7.2,20,507,"Thu, 19 Mar 2020 20:04:02 GMT",true,"Fri, 20 Mar 2020 02:54:27 GMT",5594,360,7.2,20,514,"Fri, 20 Mar 2020 02:32:13 GMT",true,"Fri, 20 Mar 2020 03:01:27 GMT",5594,,,,,,,,,,,,,,,,,,,,,,,,,,,,,,,,,,,,,,,,,,,,,,,,
5e89268cf9af8b3d8b09a800,0039,"Thu, 19 Mar 2020 19:38:14 GMT","Thu, 19 Mar 2020 20:05:37 GMT","Thu, 19 Mar 2020 20:05:32 GMT",1.521,2_39_89_25_2020-03-19 19:38:13.711821,0002,CA-315,2-39-89-25,America/Los_Angeles,000000743,400,8,20,91,"Thu, 19 Mar 2020 19:38:30 GMT",true,"Thu, 19 Mar 2020 21:09:14 GMT",743,,,,,,,,,,,,,,,,,,,,,,,,,,,,,,,,,,,,,,,,,,,,,,,,,,,,,,,,,,,,,,,,,,,,,,,,,
5e8d1b0df9af8b492a000e2e,0039,"Sun, 22 Mar 2020 13:31:16 GMT","Sun, 22 Mar 2020 19:44:31 GMT","Sun, 22 Mar 2020 17:05:06 GMT",23.796,2_39_79_376_2020-03-22 13:31:15.554413,0002,CA-324,2-39-79-376,America/Los_Angeles,000000300,400,32,80,586,"Sun, 22 Mar 2020 13:31:24 GMT",true,"Sun, 22 Mar 2020 23:17:16 GMT",300,,400,32,80,586,"Sun, 22 Mar 2020 13:32:17 GMT",true,"Sun, 22 Mar 2020 23:17:16 GMT",300,400,32,80,586,"Sun, 22 Mar 2020 13:32:40 GMT",true,"Sun, 22 Mar 2020 23:17:16 GMT",300,400,32,80,268,"Sun, 22 Mar 2020 17:00:18 GMT",true,"Sun, 22 Mar 2020 17:59:16 GMT",300,,,,,,,,,,,,,,,,,,,,,,,,,,,,,,,,,,,,,,,,,,,,,,,,
5e8d1b0df9af8b492a000e2f,0039,"Sun, 22 Mar 2020 19:02:13 GMT","Sun, 22 Mar 2020 20:15:07 GMT","Sun, 22 Mar 2020 20:15:01 GMT",7.799,2_39_91_437_2020-03-22 18:47:54.657049,0002,CA-317,2-39-91-437,America/Los_Angeles,000000431,300,18,60,189,"Sun, 22 Mar 2020 19:02:12 GMT",true,"Sun, 22 Mar 2020 22:11:13 GMT",431,,,,,,,,,,,,,,,,,,,,,,,,,,,,,,,,,,,,,,,,,,,,,,,,,,,,,,,,,,,,,,,,,,,,,,,,,
5e8d1b0df9af8b492a000e30,0039,"Sun, 22 Mar 2020 21:38:59 GMT","Mon, 23 Mar 2020 01:21:50 GMT","Sun, 22 Mar 2020 23:33:51 GMT",5.82,2_39_79_383_2020-03-22 21:38:59.221748,0002,CA-492,2-39-79-383,America/Los_Angeles,000001222,400,8,20,72,"Sun, 22 Mar 2020 21:39:18 GMT",true,"Sun, 22 Mar 2020 22:50:59 GMT",1222,,,,,,,,,,,,,,,,,,,,,,,,,,,,,,,,,,,,,,,,,,,,,,,,,,,,,,,,,,,,,,,,,,,,,,,,,
5e8e6c8bf9af8b6fa5793a87,0039,"Tue, 24 Mar 2020 03:39:53 GMT","Tue, 24 Mar 2020 05:22:21 GMT","Tue, 24 Mar 2020 05:22:16 GMT",10.221,2_39_131_30_2020-03-24 03:39:52.539395,0002,CA-305,2-39-131-30,America/Los_Angeles,000001099,400,36,90,129,"Tue, 24 Mar 2020 03:41:34 GMT",true,"Tue, 24 Mar 2020 05:48:53 GMT",1099,,,,,,,,,,,,,,,,,,,,,,,,,,,,,,,,,,,,,,,,,,,,,,,,,,,,,,,,,,,,,,,,,,,,,,,,,
5e8fbe0bf9af8b73fe59d676,0039,"Tue, 24 Mar 2020 17:16:12 GMT","Tue, 24 Mar 2020 17:47:48 GMT","Tue, 24 Mar 2020 17:48:46 GMT",0.813,2_39_127_19_2020-03-24 17:16:12.124584,0002,CA-309,2-39-127-19,America/Los_Angeles,,,,,,,,,,,,,,,,,,,,,,,,,,,,,,,,,,,,,,,,,,,,,,,,,,,,,,,,,,,,,,,,,,,,,,,,,,,,,,,,,,
5e8fbe0bf9af8b73fe59d677,0039,"Tue, 24 Mar 2020 17:47:55 GMT","Wed, 25 Mar 2020 00:49:15 GMT","Wed, 25 Mar 2020 00:48:51 GMT",0.838,2_39_127_19_2020-03-24 17:47:55.473889,0002,CA-309,2-39-127-19,America/Los_Angeles,,,,,,,,,,,,,,,,,,,,,,,,,,,,,,,,,,,,,,,,,,,,,,,,,,,,,,,,,,,,,,,,,,,,,,,,,,,,,,,,,,
5e910f8af9af8b77ccc1e624,0039,"Wed, 25 Mar 2020 23:08:34 GMT","Wed, 25 Mar 2020 23:38:07 GMT","Wed, 25 Mar 2020 23:37:58 GMT",0.798,2_39_125_21_2020-03-25 23:08:33.642916,0002,CA-311,2-39-125-21,America/Los_Angeles,,,,,,,,,,,,,,,,,,,,,,,,,,,,,,,,,,,,,,,,,,,,,,,,,,,,,,,,,,,,,,,,,,,,,,,,,,,,,,,,,,
5e93b28cf9af8b7f6b152033,0039,"Fri, 27 Mar 2020 15:34:13 GMT","Sat, 28 Mar 2020 01:41:56 GMT","Fri, 27 Mar 2020 17:37:17 GMT",6.47,2_39_123_23_2020-03-27 15:33:58.449870,0002,CA-313,2-39-123-23,America/Los_Angeles,000005594,360,7.2,20,514,"Fri, 27 Mar 2020 15:34:13 GMT",true,"Sat, 28 Mar 2020 00:08:13 GMT",5594,,360,7.2,20,514,"Fri, 27 Mar 2020 15:34:34 GMT",true,"Sat, 28 Mar 2020 00:08:13 GMT",5594,,,,,,,,,,,,,,,,,,,,,,,,,,,,,,,,,,,,,,,,,,,,,,,,,,,,,,,,,,,,,,,,
5e95040af9af8b04aa96eadb,0039,"Sun, 29 Mar 2020 00:40:26 GMT","Sun, 29 Mar 2020 14:43:45 GMT","Sun, 29 Mar 2020 01:29:57 GMT",33.191,2_39_79_376_2020-03-29 00:40:26.203243,0002,CA-324,2-39-79-376,America/Los_Angeles,000000300,400,32,80,606,"Sun, 29 Mar 2020 00:41:02 GMT",true,"Sun, 29 Mar 2020 10:46:26 GMT",300,,,,,,,,,,,,,,,,,,,,,,,,,,,,,,,,,,,,,,,,,,,,,,,,,,,,,,,,,,,,,,,,,,,,,,,,,
5e95040af9af8b04aa96eadc,0039,"Sun, 29 Mar 2020 01:49:12 GMT","Mon, 30 Mar 2020 02:59:37 GMT",,32.873,2_39_129_17_2020-03-29 01:49:12.401152,0002,CA-307,2-39-129-17,America/Los_Angeles,000000489,446,107.04,240,629,"Sun, 29 Mar 2020 01:49:54 GMT",true,"Sun, 29 Mar 2020 12:18:12 GMT",489,,446,107.04,240,596,"Sun, 29 Mar 2020 01:50:12 GMT",true,"Sun, 29 Mar 2020 11:45:12 GMT",489,446,107.04,240,600,"Sun, 29 Mar 2020 01:53:30 GMT",true,"Sun, 29 Mar 2020 11:49:12 GMT",489,446,107.04,240,600,"Sun, 29 Mar 2020 02:44:11 GMT",true,"Sun, 29 Mar 2020 11:49:12 GMT",489,,,,,,,,,,,,,,,,,,,,,,,,,,,,,,,,,,,,,,,,,,,,,,,,
5e96558bf9af8b0880ef25c6,0039,"Sun, 29 Mar 2020 23:38:42 GMT","Mon, 30 Mar 2020 04:46:44 GMT",,34.148,2_39_138_29_2020-03-29 23:38:41.993510,0002,CA-304,2-39-138-29,America/Los_Angeles,000001085,236,42.48,180,410,"Sun, 29 Mar 2020 23:38:51 GMT",true,"Mon, 30 Mar 2020 06:28:42 GMT",1085,,236,42.48,180,204,"Mon, 30 Mar 2020 02:03:24 GMT",true,"Mon, 30 Mar 2020 03:02:42 GMT",1085,236,42.48,180,317,"Mon, 30 Mar 2020 02:04:00 GMT",true,"Mon, 30 Mar 2020 04:55:42 GMT",1085,,,,,,,,,,,,,,,,,,,,,,,,,,,,,,,,,,,,,,,,,,,,,,,,,,,,,,,,
5e98f88bf9af8b19f30edbd2,0039,"Tue, 31 Mar 2020 17:17:09 GMT","Wed, 01 Apr 2020 01:21:04 GMT","Tue, 31 Mar 2020 18:30:59 GMT",3.52,2_39_129_17_2020-03-31 17:16:52.272815,0002,CA-307,2-39-129-17,America/Los_Angeles,000005594,360,7.2,20,514,"Tue, 31 Mar 2020 17:17:08 GMT",true,"Wed, 01 Apr 2020 01:51:09 GMT",5594,,360,7.2,20,514,"Tue, 31 Mar 2020 17:17:19 GMT",true,"Wed, 01 Apr 2020 01:51:09 GMT",5594,,,,,,,,,,,,,,,,,,,,,,,,,,,,,,,,,,,,,,,,,,,,,,,,,,,,,,,,,,,,,,,,
5e9b9b8bf9af8b2186e8632f,0039,"Thu, 02 Apr 2020 16:30:43 GMT","Thu, 02 Apr 2020 19:15:04 GMT",,0.87,2_39_82_384_2020-04-02 16:30:42.723728,0002,CA-213,2-39-82-384,America/Los_Angeles,,,,,,,,,,,,,,,,,,,,,,,,,,,,,,,,,,,,,,,,,,,,,,,,,,,,,,,,,,,,,,,,,,,,,,,,,,,,,,,,,,
5e9ced0af9af8b2592ab10c1,0039,"Fri, 03 Apr 2020 23:50:52 GMT","Sat, 04 Apr 2020 08:25:27 GMT",,46.465,2_39_139_28_2020-04-03 23:50:52.158887,0002,CA-303,2-39-139-28,America/Los_Angeles,000000067,250,55,220,720,"Fri, 03 Apr 2020 23:52:10 GMT",true,"Sat, 04 Apr 2020 11:50:52 GMT",67,,250,55,220,720,"Fri, 03 Apr 2020 23:53:13 GMT",true,"Sat, 04 Apr 2020 11:50:52 GMT",67,250,55,220,722,"Fri, 03 Apr 2020 23:54:55 GMT",true,"Sat, 04 Apr 2020 11:52:52 GMT",67,250,55,220,134,"Sat, 04 Apr 2020 01:06:40 GMT",true,"Sat, 04 Apr 2020 02:04:52 GMT",67,250,55,220,606,"Sat, 04 Apr 2020 01:06:50 GMT",true,"Sat, 04 Apr 2020 09:56:52 GMT",67,250,55,220,1012,"Sat, 04 Apr 2020 07:22:58 GMT",true,"Sat, 04 Apr 2020 16:42:52 GMT",67,250,55,220,572,"Sat, 04 Apr 2020 08:24:35 GMT",true,"Sat, 04 Apr 2020 09:22:52 GMT",67,250,55,220,572,"Sat, 04 Apr 2020 08:24:50 GMT",true,"Sat, 04 Apr 2020 09:22:52 GMT",67,,,,,,,,,,,,,,,,
5e9e3e8cf9af8b295a29c1ef,0039,"Sun, 05 Apr 2020 03:21:59 GMT","Sun, 05 Apr 2020 23:35:38 GMT","Sun, 05 Apr 2020 08:05:57 GMT",31.316,2_39_79_377_2020-04-05 03:21:58.639876,0002,CA-325,2-39-79-377,America/Los_Angeles,000000292,200,40,200,605,"Sun, 05 Apr 2020 03:24:11 GMT",true,"Sun, 05 Apr 2020 13:26:59 GMT",292,,200,40,200,557,"Sun, 05 Apr 2020 03:26:09 GMT",true,"Sun, 05 Apr 2020 12:38:59 GMT",292,,,,,,,,,,,,,,,,,,,,,,,,,,,,,,,,,,,,,,,,,,,,,,,,,,,,,,,,,,,,,,,,
5e9f900cf9af8b2d328530d1,0039,"Sun, 05 Apr 2020 18:29:34 GMT","Mon, 06 Apr 2020 02:56:24 GMT","Sun, 05 Apr 2020 20:18:46 GMT",5.583,2_39_129_17_2020-04-05 18:29:33.554565,0002,CA-307,2-39-129-17,America/Los_Angeles,000005594,360,7.2,20,514,"Sun, 05 Apr 2020 18:29:47 GMT",true,"Mon, 06 Apr 2020 03:03:34 GMT",5594,,360,7.2,20,732,"Sun, 05 Apr 2020 22:08:53 GMT",true,"Mon, 06 Apr 2020 06:41:34 GMT",5594,,,,,,,,,,,,,,,,,,,,,,,,,,,,,,,,,,,,,,,,,,,,,,,,,,,,,,,,,,,,,,,,
5ea2330bf9af8b3ed07789bb,0039,"Tue, 07 Apr 2020 15:24:38 GMT","Tue, 07 Apr 2020 19:48:12 GMT","Tue, 07 Apr 2020 19:48:43 GMT",0.851,2_39_83_386_2020-04-07 15:24:37.666422,0002,CA-212,2-39-83-386,America/Los_Angeles,,,,,,,,,,,,,,,,,,,,,,,,,,,,,,,,,,,,,,,,,,,,,,,,,,,,,,,,,,,,,,,,,,,,,,,,,,,,,,,,,,
5ea6278cf9af8b4a2e7bd228,0039,"Fri, 10 Apr 2020 16:55:50 GMT","Fri, 10 Apr 2020 22:07:47 GMT","Fri, 10 Apr 2020 17:35:40 GMT",1.661,2_39_89_25_2020-04-10 16:55:49.617955,0002,CA-315,2-39-89-25,America/Los_Angeles,000000743,400,8,20,91,"Fri, 10 Apr 2020 16:56:32 GMT",true,"Fri, 10 Apr 2020 18:26:50 GMT",743,,400,8,20,213,"Fri, 10 Apr 2020 18:58:56 GMT",true,"Fri, 10 Apr 2020 20:28:50 GMT",743,400,8,20,187,"Fri, 10 Apr 2020 18:59:16 GMT",true,"Fri, 10 Apr 2020 20:02:50 GMT",743,,,,,,,,,,,,,,,,,,,,,,,,,,,,,,,,,,,,,,,,,,,,,,,,,,,,,,,,
5ea6278cf9af8b4a2e7bd229,0039,"Fri, 10 Apr 2020 17:48:54 GMT","Sat, 11 Apr 2020 01:17:13 GMT","Fri, 10 Apr 2020 19:21:02 GMT",4.591,2_39_130_31_2020-04-10 17:48:09.817964,0002,CA-306,2-39-130-31,America/Los_Angeles,000005594,360,7.2,20,432,"Fri, 10 Apr 2020 17:48:53 GMT",true,"Sat, 11 Apr 2020 01:00:54 GMT",5594,,360,7.2,20,61,"Fri, 10 Apr 2020 17:49:44 GMT",true,"Fri, 10 Apr 2020 18:49:54 GMT",5594,360,7.2,20,61,"Fri, 10 Apr 2020 22:18:54 GMT",true,"Fri, 10 Apr 2020 18:49:54 GMT",5594,,,,,,,,,,,,,,,,,,,,,,,,,,,,,,,,,,,,,,,,,,,,,,,,,,,,,,,,
5ea7790af9af8b4e1ade47c2,0039,"Sat, 11 Apr 2020 14:00:46 GMT","Sat, 11 Apr 2020 18:46:00 GMT","Sat, 11 Apr 2020 18:45:55 GMT",32.568,2_39_79_378_2020-04-11 14:00:46.298459,0002,CA-326,2-39-79-378,America/Los_Angeles,000003424,295,41.3,140,363,"Sat, 11 Apr 2020 14:01:31 GMT",true,"Sat, 11 Apr 2020 20:03:46 GMT",3424,,,,,,,,,,,,,,,,,,,,,,,,,,,,,,,,,,,,,,,,,,,,,,,,,,,,,,,,,,,,,,,,,,,,,,,,,
5ea8ca8cf9af8b506330f528,0039,"Sun, 12 Apr 2020 17:03:14 GMT","Mon, 13 Apr 2020 00:22:01 GMT","Sun, 12 Apr 2020 22:04:17 GMT",33.358,2_39_139_28_2020-04-12 17:03:14.295012,0002,CA-303,2-39-139-28,America/Los_Angeles,000001085,236,37.76,160,367,"Sun, 12 Apr 2020 17:03:28 GMT",true,"Sun, 12 Apr 2020 23:10:14 GMT",1085,,,,,,,,,,,,,,,,,,,,,,,,,,,,,,,,,,,,,,,,,,,,,,,,,,,,,,,,,,,,,,,,,,,,,,,,,
5eaa1c0bf9af8b55cb21b43c,0039,"Mon, 13 Apr 2020 23:16:56 GMT","Tue, 14 Apr 2020 02:52:49 GMT","Tue, 14 Apr 2020 01:47:17 GMT",15.558,2_39_131_30_2020-04-13 23:16:56.451356,0002,CA-305,2-39-131-30,America/Los_Angeles,000000067,250,55,220,572,"Mon, 13 Apr 2020 23:17:15 GMT",true,"Tue, 14 Apr 2020 08:48:56 GMT",67,,,,,,,,,,,,,,,,,,,,,,,,,,,,,,,,,,,,,,,,,,,,,,,,,,,,,,,,,,,,,,,,,,,,,,,,,
5eab6d8af9af8b7d922b3a19,0039,"Tue, 14 Apr 2020 16:06:35 GMT","Tue, 14 Apr 2020 19:23:49 GMT","Tue, 14 Apr 2020 17:32:29 GMT",4.33,2_39_89_25_2020-04-14 16:06:34.728568,0002,CA-315,2-39-89-25,America/Los_Angeles,000000743,400,8,20,187,"Tue, 14 Apr 2020 16:07:07 GMT",true,"Tue, 14 Apr 2020 19:13:35 GMT",743,,,,,,,,,,,,,,,,,,,,,,,,,,,,,,,,,,,,,,,,,,,,,,,,,,,,,,,,,,,,,,,,,,,,,,,,,
5eb0b38bf9af8b0ef6b6971c,0039,"Sat, 18 Apr 2020 22:09:13 GMT","Sun, 19 Apr 2020 04:13:16 GMT","Sun, 19 Apr 2020 02:39:33 GMT",30.699,2_39_139_28_2020-04-18 22:09:12.813602,0002,CA-303,2-39-139-28,America/Los_Angeles,000001085,236,30.68,130,291,"Sat, 18 Apr 2020 22:09:31 GMT",true,"Sun, 19 Apr 2020 03:00:13 GMT",1085,,236,7.08,30,389,"Sun, 19 Apr 2020 02:54:10 GMT",true,"Sun, 19 Apr 2020 04:38:13 GMT",1085,,,,,,,,,,,,,,,,,,,,,,,,,,,,,,,,,,,,,,,,,,,,,,,,,,,,,,,,,,,,,,,,
5eb0b38bf9af8b0ef6b6971d,0039,"Sun, 19 Apr 2020 02:38:22 GMT","Sun, 19 Apr 2020 03:14:22 GMT","Sun, 19 Apr 2020 03:08:54 GMT",0.879,2_39_126_20_2020-04-19 02:38:22.498018,0002,CA-310,2-39-126-20,America/Los_Angeles,,,,,,,,,,,,,,,,,,,,,,,,,,,,,,,,,,,,,,,,,,,,,,,,,,,,,,,,,,,,,,,,,,,,,,,,,,,,,,,,,,
5eb4a80cf9af8b35a74d0a6d,0039,"Tue, 21 Apr 2020 18:21:54 GMT","Wed, 22 Apr 2020 01:28:43 GMT","Tue, 21 Apr 2020 20:25:17 GMT",6.395,2_39_129_17_2020-04-21 18:21:37.335284,0002,CA-307,2-39-129-17,America/Los_Angeles,000005594,360,7.2,20,61,"Tue, 21 Apr 2020 18:21:54 GMT",true,"Tue, 21 Apr 2020 19:22:54 GMT",5594,,,,,,,,,,,,,,,,,,,,,,,,,,,,,,,,,,,,,,,,,,,,,,,,,,,,,,,,,,,,,,,,,,,,,,,,,
5eb74b0bf9af8b3dfb27c4b3,0039,"Thu, 23 Apr 2020 16:42:17 GMT","Thu, 23 Apr 2020 19:13:32 GMT","Thu, 23 Apr 2020 18:01:34 GMT",3.916,2_39_89_25_2020-04-23 16:42:16.899095,0002,CA-315,2-39-89-25,America/Los_Angeles,000000743,400,8,20,187,"Thu, 23 Apr 2020 16:42:36 GMT",true,"Thu, 23 Apr 2020 19:49:17 GMT",743,,,,,,,,,,,,,,,,,,,,,,,,,,,,,,,,,,,,,,,,,,,,,,,,,,,,,,,,,,,,,,,,,,,,,,,,,
5eb74b0bf9af8b3dfb27c4b4,0039,"Fri, 24 Apr 2020 04:07:49 GMT","Fri, 24 Apr 2020 04:39:05 GMT","Fri, 24 Apr 2020 04:38:13 GMT",0.858,2_39_126_560_2020-04-24 04:07:49.343785,0002,CA-506,2-39-126-560,America/Los_Angeles,,,,,,,,,,,,,,,,,,,,,,,,,,,,,,,,,,,,,,,,,,,,,,,,,,,,,,,,,,,,,,,,,,,,,,,,,,,,,,,,,,
5eb74b0bf9af8b3dfb27c4b5,0039,"Fri, 24 Apr 2020 04:41:06 GMT","Fri, 24 Apr 2020 05:13:37 GMT","Fri, 24 Apr 2020 05:11:31 GMT",0.867,2_39_78_366_2020-04-24 04:41:06.408706,0002,CA-323,2-39-78-366,America/Los_Angeles,,,,,,,,,,,,,,,,,,,,,,,,,,,,,,,,,,,,,,,,,,,,,,,,,,,,,,,,,,,,,,,,,,,,,,,,,,,,,,,,,,
5eb9ee0af9af8b45badac6c5,0039,"Sat, 25 Apr 2020 17:58:35 GMT","Sat, 25 Apr 2020 20:59:32 GMT","Sat, 25 Apr 2020 19:53:31 GMT",5.875,2_39_95_27_2020-04-25 17:58:35.199368,0002,CA-319,2-39-95-27,America/Los_Angeles,000001222,400,8,20,72,"Sat, 25 Apr 2020 17:59:03 GMT",true,"Sat, 25 Apr 2020 19:10:35 GMT",1222,,,,,,,,,,,,,,,,,,,,,,,,,,,,,,,,,,,,,,,,,,,,,,,,,,,,,,,,,,,,,,,,,,,,,,,,,
5ebb3f8cf9af8b4994d94d2b,0039,"Sun, 26 Apr 2020 19:23:06 GMT","Mon, 27 Apr 2020 02:21:59 GMT","Sun, 26 Apr 2020 23:44:45 GMT",28.203,2_39_139_28_2020-04-26 19:23:05.658322,0002,CA-303,2-39-139-28,America/Los_Angeles,000001085,236,35.4,150,389,"Sun, 26 Apr 2020 19:23:11 GMT",true,"Mon, 27 Apr 2020 01:52:06 GMT",1085,,,,,,,,,,,,,,,,,,,,,,,,,,,,,,,,,,,,,,,,,,,,,,,,,,,,,,,,,,,,,,,,,,,,,,,,,
5ebb3f8cf9af8b4994d94d2c,0039,"Sun, 26 Apr 2020 19:24:35 GMT","Sun, 26 Apr 2020 20:06:21 GMT","Sun, 26 Apr 2020 19:55:10 GMT",0.6269816666666667,2_39_123_23_2020-04-26 19:24:35.179924,0002,CA-313,2-39-123-23,America/Los_Angeles,,,,,,,,,,,,,,,,,,,,,,,,,,,,,,,,,,,,,,,,,,,,,,,,,,,,,,,,,,,,,,,,,,,,,,,,,,,,,,,,,,
5ebb3f8cf9af8b4994d94d2d,0039,"Sun, 26 Apr 2020 20:58:39 GMT","Sun, 26 Apr 2020 22:12:10 GMT","Sun, 26 Apr 2020 22:04:59 GMT",0.84,2_39_138_566_2020-04-26 20:58:39.413424,0002,CA-512,2-39-138-566,America/Los_Angeles,,,,,,,,,,,,,,,,,,,,,,,,,,,,,,,,,,,,,,,,,,,,,,,,,,,,,,,,,,,,,,,,,,,,,,,,,,,,,,,,,,
5ebb3f8cf9af8b4994d94d2e,0039,"Mon, 27 Apr 2020 00:11:23 GMT","Mon, 27 Apr 2020 00:33:43 GMT","Mon, 27 Apr 2020 00:33:34 GMT",0.633,2_39_95_27_2020-04-27 00:11:22.776889,0002,CA-319,2-39-95-27,America/Los_Angeles,,,,,,,,,,,,,,,,,,,,,,,,,,,,,,,,,,,,,,,,,,,,,,,,,,,,,,,,,,,,,,,,,,,,,,,,,,,,,,,,,,
5ebb3f8cf9af8b4994d94d2f,0039,"Mon, 27 Apr 2020 04:29:38 GMT","Mon, 27 Apr 2020 19:55:35 GMT","Mon, 27 Apr 2020 08:39:08 GMT",25.152,2_39_131_30_2020-04-27 04:29:38.295181,0002,CA-305,2-39-131-30,America/Los_Angeles,000000067,250,55,220,572,"Mon, 27 Apr 2020 04:30:41 GMT",true,"Mon, 27 Apr 2020 14:01:38 GMT",67,,,,,,,,,,,,,,,,,,,,,,,,,,,,,,,,,,,,,,,,,,,,,,,,,,,,,,,,,,,,,,,,,,,,,,,,,
5ebf340bf9af8b7492d19d51,0039,"Wed, 29 Apr 2020 12:09:09 GMT","Wed, 29 Apr 2020 12:45:20 GMT","Wed, 29 Apr 2020 12:39:36 GMT",0.853,2_39_79_379_2020-04-29 12:09:08.522836,0002,CA-327,2-39-79-379,America/Los_Angeles,,,,,,,,,,,,,,,,,,,,,,,,,,,,,,,,,,,,,,,,,,,,,,,,,,,,,,,,,,,,,,,,,,,,,,,,,,,,,,,,,,
5ec5cb8bf9af8b596b5eb7bf,0039,"Tue, 05 May 2020 02:08:13 GMT","Tue, 05 May 2020 02:20:02 GMT","Tue, 05 May 2020 02:19:54 GMT",1.285,2_39_130_31_2020-05-05 02:08:13.056892,0002,CA-306,2-39-130-31,America/Los_Angeles,000001085,236,11.8,50,112,"Tue, 05 May 2020 02:08:27 GMT",true,"Tue, 05 May 2020 04:00:13 GMT",1085,,,,,,,,,,,,,,,,,,,,,,,,,,,,,,,,,,,,,,,,,,,,,,,,,,,,,,,,,,,,,,,,,,,,,,,,,
5ecc630bf9af8b22f6e6854c,0039,"Sat, 09 May 2020 18:13:02 GMT","Sat, 09 May 2020 18:51:31 GMT","Sat, 09 May 2020 18:43:14 GMT",0.86,2_39_95_27_2020-05-09 18:13:01.694696,0002,CA-319,2-39-95-27,America/Los_Angeles,,,,,,,,,,,,,,,,,,,,,,,,,,,,,,,,,,,,,,,,,,,,,,,,,,,,,,,,,,,,,,,,,,,,,,,,,,,,,,,,,,
5ecdb48cf9af8b26c1273094,0039,"Sun, 10 May 2020 20:02:35 GMT","Mon, 11 May 2020 02:26:44 GMT","Mon, 11 May 2020 01:57:55 GMT",38.275,2_39_139_28_2020-05-10 20:02:34.627558,0002,CA-303,2-39-139-28,America/Los_Angeles,000001085,236,40.12,170,329,"Sun, 10 May 2020 20:02:57 GMT",true,"Mon, 11 May 2020 01:31:35 GMT",1085,,,,,,,,,,,,,,,,,,,,,,,,,,,,,,,,,,,,,,,,,,,,,,,,,,,,,,,,,,,,,,,,,,,,,,,,,
5ecdb48cf9af8b26c1273095,0039,"Mon, 11 May 2020 01:36:21 GMT","Mon, 11 May 2020 17:34:09 GMT","Mon, 11 May 2020 07:06:47 GMT",35.197,2_39_131_30_2020-05-11 01:36:18.763379,0002,CA-305,2-39-131-30,America/Los_Angeles,000000067,250,55,220,572,"Mon, 11 May 2020 01:36:21 GMT",true,"Mon, 11 May 2020 11:08:21 GMT",67,,,,,,,,,,,,,,,,,,,,,,,,,,,,,,,,,,,,,,,,,,,,,,,,,,,,,,,,,,,,,,,,,,,,,,,,,
5ecf060af9af8b2a83001995,0039,"Mon, 11 May 2020 20:58:06 GMT","Mon, 11 May 2020 23:06:14 GMT","Mon, 11 May 2020 21:28:18 GMT",0.825,2_39_89_25_2020-05-11 20:58:05.848503,0002,CA-315,2-39-89-25,America/Los_Angeles,,,,,,,,,,,,,,,,,,,,,,,,,,,,,,,,,,,,,,,,,,,,,,,,,,,,,,,,,,,,,,,,,,,,,,,,,,,,,,,,,,
5ed1a90bf9af8b32e9f098e3,0039,"Wed, 13 May 2020 17:10:08 GMT","Wed, 13 May 2020 19:21:33 GMT","Wed, 13 May 2020 19:21:25 GMT",14.939,2_39_127_19_2020-05-13 17:10:07.807386,0002,CA-309,2-39-127-19,America/Los_Angeles,000001316,400,44,110,129,"Wed, 13 May 2020 17:10:25 GMT",true,"Wed, 13 May 2020 19:19:08 GMT",1316,,,,,,,,,,,,,,,,,,,,,,,,,,,,,,,,,,,,,,,,,,,,,,,,,,,,,,,,,,,,,,,,,,,,,,,,,
5ed59d8bf9af8b757dd700ba,0039,"Sat, 16 May 2020 17:11:23 GMT","Sun, 17 May 2020 03:11:09 GMT","Sun, 17 May 2020 00:49:05 GMT",48.878,2_39_131_30_2020-05-16 17:11:22.543804,0002,CA-305,2-39-131-30,America/Los_Angeles,000000489,446,98.12,220,600,"Sat, 16 May 2020 17:12:18 GMT",true,"Sun, 17 May 2020 03:11:23 GMT",489,,446,98.12,220,500,"Sat, 16 May 2020 17:12:37 GMT",true,"Sun, 17 May 2020 01:31:23 GMT",489,,,,,,,,,,,,,,,,,,,,,,,,,,,,,,,,,,,,,,,,,,,,,,,,,,,,,,,,,,,,,,,,
5ed59d8bf9af8b757dd700bb,0039,"Sun, 17 May 2020 04:03:59 GMT","Sun, 17 May 2020 06:00:57 GMT",,5.864,2_39_79_383_2020-05-17 04:03:58.575434,0002,CA-492,2-39-79-383,America/Los_Angeles,000001222,400,8,20,72,"Sun, 17 May 2020 04:04:19 GMT",true,"Sun, 17 May 2020 05:15:59 GMT",1222,,,,,,,,,,,,,,,,,,,,,,,,,,,,,,,,,,,,,,,,,,,,,,,,,,,,,,,,,,,,,,,,,,,,,,,,,
5ed6ef0bf9af8b45cdf57ba6,0039,"Sun, 17 May 2020 13:19:27 GMT","Sun, 17 May 2020 16:14:53 GMT",,19.69,2_39_138_29_2020-05-17 13:19:26.959103,0002,CA-304,2-39-138-29,America/Los_Angeles,000000300,400,32,80,606,"Sun, 17 May 2020 13:20:30 GMT",true,"Sun, 17 May 2020 23:25:27 GMT",300,,400,32,80,606,"Sun, 17 May 2020 13:20:49 GMT",true,"Sun, 17 May 2020 23:25:27 GMT",300,400,36,90,716,"Sun, 17 May 2020 13:23:01 GMT",true,"Mon, 18 May 2020 01:15:27 GMT",300,400,36,90,231,"Sun, 17 May 2020 16:12:09 GMT",true,"Sun, 17 May 2020 17:10:27 GMT",300,400,40,100,768,"Sun, 17 May 2020 16:13:58 GMT",true,"Mon, 18 May 2020 02:07:27 GMT",300,,,,,,,,,,,,,,,,,,,,,,,,,,,,,,,,,,,,,,,,
5ed8408bf9af8b497367de1d,0039,"Mon, 18 May 2020 21:52:34 GMT","Mon, 18 May 2020 22:52:16 GMT",,0.901,2_39_83_386_2020-05-18 21:52:34.010715,0002,CA-212,2-39-83-386,America/Los_Angeles,,,,,,,,,,,,,,,,,,,,,,,,,,,,,,,,,,,,,,,,,,,,,,,,,,,,,,,,,,,,,,,,,,,,,,,,,,,,,,,,,,
5ed9920bf9af8b4d6ab7445e,0039,"Tue, 19 May 2020 20:06:37 GMT","Tue, 19 May 2020 23:40:55 GMT",,1.101,2_39_89_25_2020-05-19 20:06:36.742562,0002,CA-315,2-39-89-25,America/Los_Angeles,000000743,400,8,20,187,"Tue, 19 May 2020 20:06:51 GMT",true,"Tue, 19 May 2020 23:13:37 GMT",743,,,,,,,,,,,,,,,,,,,,,,,,,,,,,,,,,,,,,,,,,,,,,,,,,,,,,,,,,,,,,,,,,,,,,,,,,
5ed9920bf9af8b4d6ab7445f,0039,"Tue, 19 May 2020 21:29:28 GMT","Tue, 19 May 2020 22:24:06 GMT",,0.901,2_39_139_28_2020-05-19 21:29:27.522554,0002,CA-303,2-39-139-28,America/Los_Angeles,,,,,,,,,,,,,,,,,,,,,,,,,,,,,,,,,,,,,,,,,,,,,,,,,,,,,,,,,,,,,,,,,,,,,,,,,,,,,,,,,,
5edae38af9af8b516897ae3c,0039,"Wed, 20 May 2020 19:08:53 GMT","Thu, 21 May 2020 04:12:54 GMT",,6.254,2_39_131_30_2020-05-20 19:08:37.787386,0002,CA-305,2-39-131-30,America/Los_Angeles,000005594,400,8,20,60,"Wed, 20 May 2020 19:08:53 GMT",true,"Wed, 20 May 2020 20:08:53 GMT",5594,,400,8,20,60,"Wed, 20 May 2020 19:09:01 GMT",true,"Wed, 20 May 2020 20:08:53 GMT",5594,400,8,20,60,"Wed, 20 May 2020 19:09:30 GMT",true,"Wed, 20 May 2020 20:08:53 GMT",5594,400,8,20,60,"Wed, 20 May 2020 19:09:53 GMT",true,"Wed, 20 May 2020 20:08:53 GMT",5594,400,8,20,63,"Wed, 20 May 2020 19:12:14 GMT",true,"Wed, 20 May 2020 20:11:53 GMT",5594,400,8,20,63,"Wed, 20 May 2020 19:12:44 GMT",true,"Wed, 20 May 2020 20:11:53 GMT",5594,400,8,20,81,"Wed, 20 May 2020 20:00:20 GMT",true,"Wed, 20 May 2020 20:29:53 GMT",5594,400,8,20,327,"Wed, 20 May 2020 23:36:18 GMT",true,"Thu, 21 May 2020 00:35:53 GMT",5594,,,,,,,,,,,,,,,,
5ee2cc8df9af8b67c338cd47,0039,"Tue, 26 May 2020 20:06:06 GMT","Tue, 26 May 2020 22:37:10 GMT","Tue, 26 May 2020 22:38:08 GMT",0.82,2_39_139_28_2020-05-26 20:06:06.399729,0002,CA-303,2-39-139-28,America/Los_Angeles,,,,,,,,,,,,,,,,,,,,,,,,,,,,,,,,,,,,,,,,,,,,,,,,,,,,,,,,,,,,,,,,,,,,,,,,,,,,,,,,,,
5ee2cc8df9af8b67c338cd48,0039,"Tue, 26 May 2020 22:37:30 GMT","Tue, 26 May 2020 22:47:29 GMT","Tue, 26 May 2020 22:47:20 GMT",0.544,2_39_139_28_2020-05-26 22:37:29.854698,0002,CA-303,2-39-139-28,America/Los_Angeles,000000743,400,8,20,187,"Tue, 26 May 2020 22:37:36 GMT",true,"Wed, 27 May 2020 01:44:30 GMT",743,,,,,,,,,,,,,,,,,,,,,,,,,,,,,,,,,,,,,,,,,,,,,,,,,,,,,,,,,,,,,,,,,,,,,,,,,
5ee41e0af9af8b69c1dccda5,0039,"Wed, 27 May 2020 16:22:32 GMT","Wed, 27 May 2020 19:13:38 GMT","Wed, 27 May 2020 19:13:33 GMT",19.086,2_39_139_28_2020-05-27 16:22:31.700830,0002,CA-303,2-39-139-28,America/Los_Angeles,000001316,400,52,130,172,"Wed, 27 May 2020 16:23:00 GMT",true,"Wed, 27 May 2020 19:14:32 GMT",1316,,,,,,,,,,,,,,,,,,,,,,,,,,,,,,,,,,,,,,,,,,,,,,,,,,,,,,,,,,,,,,,,,,,,,,,,,
5ee6c10bf9af8b6de7a2469a,0039,"Fri, 29 May 2020 16:50:03 GMT","Fri, 29 May 2020 17:01:40 GMT",,0.591,2_39_123_23_2020-05-29 16:50:03.428272,0002,CA-313,2-39-123-23,America/Los_Angeles,000001920,600,12,20,109,"Fri, 29 May 2020 16:51:16 GMT",true,"Fri, 29 May 2020 18:39:03 GMT",1920,,,,,,,,,,,,,,,,,,,,,,,,,,,,,,,,,,,,,,,,,,,,,,,,,,,,,,,,,,,,,,,,,,,,,,,,,
5eeab592f9af8b7423abd4c3,0039,"Mon, 01 Jun 2020 19:52:47 GMT","Mon, 01 Jun 2020 22:59:39 GMT",,6.202,2_39_131_30_2020-06-01 19:52:31.469281,0002,CA-305,2-39-131-30,America/Los_Angeles,000005594,400,8,20,327,"Mon, 01 Jun 2020 19:52:47 GMT",true,"Tue, 02 Jun 2020 01:19:47 GMT",5594,,400,8,20,327,"Mon, 01 Jun 2020 19:52:52 GMT",true,"Tue, 02 Jun 2020 01:19:47 GMT",5594,400,8,20,327,"Mon, 01 Jun 2020 19:53:41 GMT",true,"Tue, 02 Jun 2020 01:19:47 GMT",5594,,,,,,,,,,,,,,,,,,,,,,,,,,,,,,,,,,,,,,,,,,,,,,,,,,,,,,,,
5eed588bf9af8b78100a5775,0039,"Wed, 03 Jun 2020 19:31:58 GMT","Thu, 04 Jun 2020 01:05:37 GMT",,36.333,2_39_79_378_2020-06-03 19:31:58.335579,0002,CA-326,2-39-79-378,America/Los_Angeles,000003424,295,41.3,140,269,"Wed, 03 Jun 2020 19:32:16 GMT",true,"Thu, 04 Jun 2020 00:00:58 GMT",3424,,295,41.3,140,350,"Wed, 03 Jun 2020 23:19:01 GMT",true,"Thu, 04 Jun 2020 01:21:58 GMT",3424,,,,,,,,,,,,,,,,,,,,,,,,,,,,,,,,,,,,,,,,,,,,,,,,,,,,,,,,,,,,,,,,
5eed588bf9af8b78100a5776,0039,"Thu, 04 Jun 2020 03:10:04 GMT","Thu, 04 Jun 2020 23:17:27 GMT",,36.584,2_39_138_29_2020-06-04 03:10:04.130797,0002,CA-304,2-39-138-29,America/Los_Angeles,000000067,250,55,220,553,"Thu, 04 Jun 2020 03:10:24 GMT",true,"Thu, 04 Jun 2020 12:23:04 GMT",67,,250,55,220,554,"Thu, 04 Jun 2020 03:12:27 GMT",true,"Thu, 04 Jun 2020 12:24:04 GMT",67,250,55,220,559,"Thu, 04 Jun 2020 03:17:36 GMT",true,"Thu, 04 Jun 2020 12:29:04 GMT",67,,,,,,,,,,,,,,,,,,,,,,,,,,,,,,,,,,,,,,,,,,,,,,,,,,,,,,,,
5eeeaa0df9af8b7a130be5bf,0039,"Thu, 04 Jun 2020 15:35:19 GMT","Thu, 04 Jun 2020 19:11:48 GMT",,19.641,2_39_129_17_2020-06-04 15:35:19.416716,0002,CA-307,2-39-129-17,America/Los_Angeles,000001316,400,52,130,228,"Thu, 04 Jun 2020 15:35:35 GMT",true,"Thu, 04 Jun 2020 19:23:19 GMT",1316,,,,,,,,,,,,,,,,,,,,,,,,,,,,,,,,,,,,,,,,,,,,,,,,,,,,,,,,,,,,,,,,,,,,,,,,,
5eeeaa0df9af8b7a130be5c0,0039,"Fri, 05 Jun 2020 00:59:56 GMT","Fri, 05 Jun 2020 01:23:47 GMT",,1.247,2_39_125_21_2020-06-05 00:59:56.183545,0002,CA-311,2-39-125-21,America/Los_Angeles,000001395,400,16,40,390,"Fri, 05 Jun 2020 01:00:35 GMT",true,"Fri, 05 Jun 2020 07:29:56 GMT",1395,,,,,,,,,,,,,,,,,,,,,,,,,,,,,,,,,,,,,,,,,,,,,,,,,,,,,,,,,,,,,,,,,,,,,,,,,
5ef14d0bf9af8b7e468ea69f,0039,"Sun, 07 Jun 2020 03:57:58 GMT","Sun, 07 Jun 2020 15:07:10 GMT","Sun, 07 Jun 2020 08:36:49 GMT",30.234,2_39_138_29_2020-06-07 03:57:57.631474,0002,CA-304,2-39-138-29,America/Los_Angeles,000000300,400,40,100,687,"Sun, 07 Jun 2020 03:58:13 GMT",true,"Sun, 07 Jun 2020 15:24:58 GMT",300,,,,,,,,,,,,,,,,,,,,,,,,,,,,,,,,,,,,,,,,,,,,,,,,,,,,,,,,,,,,,,,,,,,,,,,,,
5ef29e8af9af8b017cc3760f,0039,"Mon, 08 Jun 2020 01:03:24 GMT","Mon, 08 Jun 2020 01:42:44 GMT","Mon, 08 Jun 2020 01:33:31 GMT",0.814,2_39_139_28_2020-06-08 01:03:23.719066,0002,CA-303,2-39-139-28,America/Los_Angeles,,,,,,,,,,,,,,,,,,,,,,,,,,,,,,,,,,,,,,,,,,,,,,,,,,,,,,,,,,,,,,,,,,,,,,,,,,,,,,,,,,
5ef3f00bf9af8b039ea8261a,0039,"Mon, 08 Jun 2020 16:11:08 GMT","Mon, 08 Jun 2020 21:58:57 GMT","Mon, 08 Jun 2020 21:42:17 GMT",37.505,2_39_79_377_2020-06-08 16:11:08.435856,0002,CA-325,2-39-79-377,America/Los_Angeles,000000248,250,37.5,150,911,"Mon, 08 Jun 2020 16:11:27 GMT",true,"Tue, 09 Jun 2020 07:22:08 GMT",248,,,,,,,,,,,,,,,,,,,,,,,,,,,,,,,,,,,,,,,,,,,,,,,,,,,,,,,,,,,,,,,,,,,,,,,,,
5ef3f00bf9af8b039ea8261b,0039,"Mon, 08 Jun 2020 16:47:29 GMT","Tue, 09 Jun 2020 01:53:08 GMT","Mon, 08 Jun 2020 20:20:47 GMT",12.146,2_39_79_382_2020-06-08 16:47:28.606245,0002,CA-491,2-39-79-382,America/Los_Angeles,000001526,333,16.65,50,625,"Mon, 08 Jun 2020 16:47:55 GMT",true,"Tue, 09 Jun 2020 03:12:29 GMT",1526,,,,,,,,,,,,,,,,,,,,,,,,,,,,,,,,,,,,,,,,,,,,,,,,,,,,,,,,,,,,,,,,,,,,,,,,,
5ef5418af9af8b05b7146679,0039,"Tue, 09 Jun 2020 16:24:21 GMT","Tue, 09 Jun 2020 20:28:01 GMT","Tue, 09 Jun 2020 20:27:56 GMT",14.06,2_39_79_382_2020-06-09 16:24:21.244900,0002,CA-491,2-39-79-382,America/Los_Angeles,000001526,300,15,50,625,"Tue, 09 Jun 2020 16:28:32 GMT",true,"Wed, 10 Jun 2020 02:49:21 GMT",1526,,,,,,,,,,,,,,,,,,,,,,,,,,,,,,,,,,,,,,,,,,,,,,,,,,,,,,,,,,,,,,,,,,,,,,,,,
5ef7e48ef9af8b09cdaec736,0039,"Thu, 11 Jun 2020 20:17:59 GMT","Fri, 12 Jun 2020 03:42:51 GMT","Fri, 12 Jun 2020 03:39:02 GMT",2.494,2_39_78_365_2020-06-11 20:17:59.169246,0002,CA-321,2-39-78-365,America/Los_Angeles,000006952,320,24,75,274,"Thu, 11 Jun 2020 20:18:00 GMT",true,"Fri, 12 Jun 2020 00:51:59 GMT",6952,,,,,,,,,,,,,,,,,,,,,,,,,,,,,,,,,,,,,,,,,,,,,,,,,,,,,,,,,,,,,,,,,,,,,,,,,
5ef9360af9af8b0c125996e9,0039,"Fri, 12 Jun 2020 14:50:17 GMT","Fri, 12 Jun 2020 15:00:16 GMT","Fri, 12 Jun 2020 15:00:11 GMT",0.51,2_39_125_21_2020-06-12 14:50:16.823511,0002,CA-311,2-39-125-21,America/Los_Angeles,000001920,600,12,20,109,"Fri, 12 Jun 2020 14:51:46 GMT",true,"Fri, 12 Jun 2020 16:39:17 GMT",1920,,,,,,,,,,,,,,,,,,,,,,,,,,,,,,,,,,,,,,,,,,,,,,,,,,,,,,,,,,,,,,,,,,,,,,,,,
5ef9360af9af8b0c125996ea,0039,"Fri, 12 Jun 2020 21:13:33 GMT","Fri, 12 Jun 2020 21:57:14 GMT","Fri, 12 Jun 2020 21:56:22 GMT",2.32,2_39_131_30_2020-06-12 21:13:14.362038,0002,CA-305,2-39-131-30,America/Los_Angeles,000005594,400,8,20,327,"Fri, 12 Jun 2020 21:13:33 GMT",true,"Sat, 13 Jun 2020 02:40:33 GMT",5594,,400,8,20,328,"Fri, 12 Jun 2020 21:56:02 GMT",true,"Sat, 13 Jun 2020 02:41:33 GMT",5594,400,8,20,328,"Fri, 12 Jun 2020 21:56:18 GMT",true,"Sat, 13 Jun 2020 02:41:33 GMT",5594,,,,,,,,,,,,,,,,,,,,,,,,,,,,,,,,,,,,,,,,,,,,,,,,,,,,,,,,
5efa878cf9af8b0e10f832e1,0039,"Sat, 13 Jun 2020 19:17:35 GMT","Sun, 14 Jun 2020 01:38:20 GMT","Sun, 14 Jun 2020 00:41:10 GMT",35.548,2_39_130_31_2020-06-13 19:17:35.488303,0002,CA-306,2-39-130-31,America/Los_Angeles,000001085,283,33.96,120,432,"Sat, 13 Jun 2020 19:17:41 GMT",true,"Sun, 14 Jun 2020 02:29:35 GMT",1085,,283,39.62,140,432,"Sat, 13 Jun 2020 19:17:58 GMT",true,"Sun, 14 Jun 2020 02:29:35 GMT",1085,,,,,,,,,,,,,,,,,,,,,,,,,,,,,,,,,,,,,,,,,,,,,,,,,,,,,,,,,,,,,,,,
5efa878cf9af8b0e10f832e2,0039,"Sun, 14 Jun 2020 03:14:07 GMT","Sun, 14 Jun 2020 13:35:33 GMT","Sun, 14 Jun 2020 05:55:32 GMT",17.283,2_39_139_28_2020-06-14 03:14:06.864489,0002,CA-303,2-39-139-28,America/Los_Angeles,000000300,400,40,100,687,"Sun, 14 Jun 2020 03:14:52 GMT",true,"Sun, 14 Jun 2020 14:41:07 GMT",300,,,,,,,,,,,,,,,,,,,,,,,,,,,,,,,,,,,,,,,,,,,,,,,,,,,,,,,,,,,,,,,,,,,,,,,,,
5effcd8ef9af8b168b96e403,0039,"Wed, 17 Jun 2020 19:42:04 GMT","Thu, 18 Jun 2020 04:19:33 GMT","Wed, 17 Jun 2020 21:31:44 GMT",6.35,2_39_89_439_2020-06-17 19:42:03.834998,0002,CA-501,2-39-89-439,America/Los_Angeles,000006952,240,18,75,309,"Wed, 17 Jun 2020 19:42:06 GMT",true,"Thu, 18 Jun 2020 00:51:04 GMT",6952,,,,,,,,,,,,,,,,,,,,,,,,,,,,,,,,,,,,,,,,,,,,,,,,,,,,,,,,,,,,,,,,,,,,,,,,,
5effcd8ef9af8b168b96e404,0039,"Thu, 18 Jun 2020 01:38:18 GMT","Thu, 18 Jun 2020 18:50:15 GMT","Thu, 18 Jun 2020 09:40:15 GMT",52.368,2_39_129_17_2020-06-18 01:38:18.424678,0002,CA-307,2-39-129-17,America/Los_Angeles,000000489,446,102.58,230,720,"Thu, 18 Jun 2020 01:38:54 GMT",true,"Thu, 18 Jun 2020 13:38:18 GMT",489,,446,102.58,230,694,"Thu, 18 Jun 2020 01:39:02 GMT",true,"Thu, 18 Jun 2020 13:12:18 GMT",489,446,102.58,230,720,"Thu, 18 Jun 2020 01:39:07 GMT",true,"Thu, 18 Jun 2020 13:38:18 GMT",489,446,102.58,230,720,"Thu, 18 Jun 2020 01:39:24 GMT",true,"Thu, 18 Jun 2020 13:38:18 GMT",489,,,,,,,,,,,,,,,,,,,,,,,,,,,,,,,,,,,,,,,,,,,,,,,,
5f011f0cf9af8b1885758ea4,0039,"Thu, 18 Jun 2020 16:27:09 GMT","Thu, 18 Jun 2020 22:05:36 GMT","Thu, 18 Jun 2020 18:07:50 GMT",5.94,2_39_91_441_2020-06-18 16:27:09.395597,0002,CA-499,2-39-91-441,America/Los_Angeles,000006952,240,18,75,309,"Thu, 18 Jun 2020 16:27:12 GMT",true,"Thu, 18 Jun 2020 21:36:09 GMT",6952,,,,,,,,,,,,,,,,,,,,,,,,,,,,,,,,,,,,,,,,,,,,,,,,,,,,,,,,,,,,,,,,,,,,,,,,,
5f011f0cf9af8b1885758ea5,0039,"Thu, 18 Jun 2020 16:29:44 GMT","Thu, 18 Jun 2020 18:54:42 GMT","Thu, 18 Jun 2020 18:54:37 GMT",13.974,2_39_138_29_2020-06-18 16:29:44.146455,0002,CA-304,2-39-138-29,America/Los_Angeles,000000559,400,8,20,60,"Thu, 18 Jun 2020 16:33:26 GMT",true,"Thu, 18 Jun 2020 17:29:44 GMT",559,,400,16,40,118,"Thu, 18 Jun 2020 16:57:05 GMT",true,"Thu, 18 Jun 2020 18:27:44 GMT",559,,,,,,,,,,,,,,,,,,,,,,,,,,,,,,,,,,,,,,,,,,,,,,,,,,,,,,,,,,,,,,,,
5f011f0cf9af8b1885758ea6,0039,"Thu, 18 Jun 2020 23:21:36 GMT","Fri, 19 Jun 2020 00:32:59 GMT","Thu, 18 Jun 2020 23:50:29 GMT",1.112,2_39_89_25_2020-06-18 23:21:35.692705,0002,CA-315,2-39-89-25,America/Los_Angeles,000000743,400,8,20,187,"Thu, 18 Jun 2020 23:21:58 GMT",true,"Fri, 19 Jun 2020 02:28:36 GMT",743,,,,,,,,,,,,,,,,,,,,,,,,,,,,,,,,,,,,,,,,,,,,,,,,,,,,,,,,,,,,,,,,,,,,,,,,,
5f02708bf9af8b1a991c4f63,0039,"Fri, 19 Jun 2020 14:46:23 GMT","Fri, 19 Jun 2020 15:45:57 GMT","Fri, 19 Jun 2020 15:45:52 GMT",3.308,2_39_127_19_2020-06-19 14:46:22.542546,0002,CA-309,2-39-127-19,America/Los_Angeles,000001920,600,12,20,109,"Fri, 19 Jun 2020 14:46:38 GMT",true,"Fri, 19 Jun 2020 16:35:23 GMT",1920,,,,,,,,,,,,,,,,,,,,,,,,,,,,,,,,,,,,,,,,,,,,,,,,,,,,,,,,,,,,,,,,,,,,,,,,,
5f02708bf9af8b1a991c4f64,0039,"Fri, 19 Jun 2020 20:52:06 GMT","Fri, 19 Jun 2020 21:34:36 GMT","Fri, 19 Jun 2020 21:35:03 GMT",0.5779583333333334,2_39_130_31_2020-06-19 20:52:06.215477,0002,CA-306,2-39-130-31,America/Los_Angeles,,,,,,,,,,,,,,,,,,,,,,,,,,,,,,,,,,,,,,,,,,,,,,,,,,,,,,,,,,,,,,,,,,,,,,,,,,,,,,,,,,
5f02708bf9af8b1a991c4f65,0039,"Sat, 20 Jun 2020 03:10:51 GMT","Sat, 20 Jun 2020 06:12:22 GMT","Sat, 20 Jun 2020 05:13:28 GMT",6.353,2_39_129_17_2020-06-20 03:10:34.013502,0002,CA-307,2-39-129-17,America/Los_Angeles,000005594,400,8,20,328,"Sat, 20 Jun 2020 03:10:51 GMT",true,"Sat, 20 Jun 2020 08:38:51 GMT",5594,,400,8,20,328,"Sat, 20 Jun 2020 03:11:29 GMT",true,"Sat, 20 Jun 2020 08:38:51 GMT",5594,400,8,20,328,"Sat, 20 Jun 2020 06:11:56 GMT",true,"Sat, 20 Jun 2020 08:38:51 GMT",5594,400,8,20,328,"Sat, 20 Jun 2020 06:12:14 GMT",true,"Sat, 20 Jun 2020 08:38:51 GMT",5594,,,,,,,,,,,,,,,,,,,,,,,,,,,,,,,,,,,,,,,,,,,,,,,,
5f03c20bf9af8b1ca56e2637,0039,"Sat, 20 Jun 2020 21:54:22 GMT","Sat, 20 Jun 2020 23:30:51 GMT","Sat, 20 Jun 2020 23:30:46 GMT",10.62,2_39_131_30_2020-06-20 21:54:21.994356,0002,CA-305,2-39-131-30,America/Los_Angeles,000000358,400,24,60,281,"Sat, 20 Jun 2020 21:54:55 GMT",true,"Sun, 21 Jun 2020 02:35:22 GMT",358,,400,24,60,281,"Sat, 20 Jun 2020 21:55:18 GMT",true,"Sun, 21 Jun 2020 02:35:22 GMT",358,400,24,60,294,"Sat, 20 Jun 2020 22:10:04 GMT",true,"Sun, 21 Jun 2020 02:48:22 GMT",358,400,24,60,296,"Sat, 20 Jun 2020 22:21:34 GMT",true,"Sun, 21 Jun 2020 02:50:22 GMT",358,400,24,60,308,"Sat, 20 Jun 2020 22:31:14 GMT",true,"Sun, 21 Jun 2020 03:02:22 GMT",358,400,24,60,326,"Sat, 20 Jun 2020 22:40:20 GMT",true,"Sun, 21 Jun 2020 03:20:22 GMT",358,400,24,60,336,"Sat, 20 Jun 2020 22:50:03 GMT",true,"Sun, 21 Jun 2020 03:30:22 GMT",358,400,24,60,339,"Sat, 20 Jun 2020 22:53:13 GMT",true,"Sun, 21 Jun 2020 03:33:22 GMT",358,400,24,60,339,"Sat, 20 Jun 2020 22:53:30 GMT",true,"Sun, 21 Jun 2020 03:33:22 GMT",358,,,,,,,,
5f03c20bf9af8b1ca56e2638,0039,"Sun, 21 Jun 2020 00:48:58 GMT","Sun, 21 Jun 2020 04:47:51 GMT","Sun, 21 Jun 2020 04:47:44 GMT",26.947,2_39_138_29_2020-06-21 00:48:58.290178,0002,CA-304,2-39-138-29,America/Los_Angeles,000001085,283,33.96,120,432,"Sun, 21 Jun 2020 00:49:12 GMT",true,"Sun, 21 Jun 2020 08:00:58 GMT",1085,,283,33.96,120,432,"Sun, 21 Jun 2020 00:50:15 GMT",true,"Sun, 21 Jun 2020 08:00:58 GMT",1085,,,,,,,,,,,,,,,,,,,,,,,,,,,,,,,,,,,,,,,,,,,,,,,,,,,,,,,,,,,,,,,,
5f05138af9af8b1ea28d9ffc,0039,"Sun, 21 Jun 2020 23:31:43 GMT","Mon, 22 Jun 2020 00:09:02 GMT","Mon, 22 Jun 2020 00:08:57 GMT",1.335,2_39_139_28_2020-06-21 23:31:43.411738,0002,CA-303,2-39-139-28,America/Los_Angeles,000001539,290,5.8,20,120,"Sun, 21 Jun 2020 23:33:26 GMT",true,"Mon, 22 Jun 2020 01:31:43 GMT",1539,,,,,,,,,,,,,,,,,,,,,,,,,,,,,,,,,,,,,,,,,,,,,,,,,,,,,,,,,,,,,,,,,,,,,,,,,
5f06650cf9af8b2095888d4a,0039,"Mon, 22 Jun 2020 14:13:19 GMT","Mon, 22 Jun 2020 14:47:28 GMT","Mon, 22 Jun 2020 14:47:23 GMT",3.72,2_39_131_30_2020-06-22 14:13:18.549771,0002,CA-305,2-39-131-30,America/Los_Angeles,000000710,400,28,70,496,"Mon, 22 Jun 2020 14:13:32 GMT",true,"Mon, 22 Jun 2020 22:29:19 GMT",710,,,,,,,,,,,,,,,,,,,,,,,,,,,,,,,,,,,,,,,,,,,,,,,,,,,,,,,,,,,,,,,,,,,,,,,,,
5f06650cf9af8b2095888d4b,0039,"Mon, 22 Jun 2020 15:35:35 GMT","Mon, 22 Jun 2020 16:35:41 GMT","Mon, 22 Jun 2020 16:31:51 GMT",2.807,2_39_125_21_2020-06-22 15:35:34.946766,0002,CA-311,2-39-125-21,America/Los_Angeles,000001920,600,12,20,109,"Mon, 22 Jun 2020 15:35:45 GMT",true,"Mon, 22 Jun 2020 17:24:35 GMT",1920,,,,,,,,,,,,,,,,,,,,,,,,,,,,,,,,,,,,,,,,,,,,,,,,,,,,,,,,,,,,,,,,,,,,,,,,,
5f0a598cf9af8b269d62d268,0039,"Thu, 25 Jun 2020 18:13:31 GMT","Thu, 25 Jun 2020 21:12:57 GMT","Thu, 25 Jun 2020 20:01:09 GMT",6.369,2_39_92_436_2020-06-25 18:13:15.910609,0002,CA-318,2-39-92-436,America/Los_Angeles,000006952,340,34,100,480,"Thu, 25 Jun 2020 18:13:31 GMT",true,"Fri, 26 Jun 2020 02:13:31 GMT",6952,,,,,,,,,,,,,,,,,,,,,,,,,,,,,,,,,,,,,,,,,,,,,,,,,,,,,,,,,,,,,,,,,,,,,,,,,
5f0a598cf9af8b269d62d269,0039,"Thu, 25 Jun 2020 21:08:24 GMT","Thu, 25 Jun 2020 22:00:45 GMT","Thu, 25 Jun 2020 22:00:40 GMT",2.911,2_39_126_20_2020-06-25 21:08:24.102234,0002,CA-310,2-39-126-20,America/Los_Angeles,000001920,600,12,20,109,"Thu, 25 Jun 2020 21:09:11 GMT",true,"Thu, 25 Jun 2020 22:57:24 GMT",1920,,,,,,,,,,,,,,,,,,,,,,,,,,,,,,,,,,,,,,,,,,,,,,,,,,,,,,,,,,,,,,,,,,,,,,,,,
5f0bab0bf9af8b28db17a305,0039,"Fri, 26 Jun 2020 15:42:23 GMT","Fri, 26 Jun 2020 16:26:06 GMT","Fri, 26 Jun 2020 16:26:01 GMT",2.404,2_39_125_21_2020-06-26 15:42:23.230807,0002,CA-311,2-39-125-21,America/Los_Angeles,000001920,600,12,20,109,"Fri, 26 Jun 2020 15:42:37 GMT",true,"Fri, 26 Jun 2020 17:31:23 GMT",1920,,,,,,,,,,,,,,,,,,,,,,,,,,,,,,,,,,,,,,,,,,,,,,,,,,,,,,,,,,,,,,,,,,,,,,,,,
5f0bab0bf9af8b28db17a306,0039,"Fri, 26 Jun 2020 16:18:15 GMT","Fri, 26 Jun 2020 16:44:11 GMT","Fri, 26 Jun 2020 16:44:07 GMT",1.182,2_39_89_25_2020-06-26 16:18:14.739879,0002,CA-315,2-39-89-25,America/Los_Angeles,000000743,250,25,100,480,"Fri, 26 Jun 2020 16:20:23 GMT",true,"Sat, 27 Jun 2020 00:18:15 GMT",743,,,,,,,,,,,,,,,,,,,,,,,,,,,,,,,,,,,,,,,,,,,,,,,,,,,,,,,,,,,,,,,,,,,,,,,,,
5f0bab0bf9af8b28db17a307,0039,"Fri, 26 Jun 2020 17:29:38 GMT","Sat, 27 Jun 2020 04:09:19 GMT","Sat, 27 Jun 2020 04:09:12 GMT",13.31,2_39_89_25_2020-06-26 17:29:38.394628,0002,CA-315,2-39-89-25,America/Los_Angeles,000000431,286,28.6,100,480,"Fri, 26 Jun 2020 17:32:25 GMT",true,"Sat, 27 Jun 2020 01:29:38 GMT",431,,,,,,,,,,,,,,,,,,,,,,,,,,,,,,,,,,,,,,,,,,,,,,,,,,,,,,,,,,,,,,,,,,,,,,,,,
5f0e4e0af9af8b2cf1b36e65,0039,"Sat, 27 Jun 2020 23:52:13 GMT","Sun, 28 Jun 2020 00:16:19 GMT","Sun, 28 Jun 2020 00:16:14 GMT",1.39,2_39_129_17_2020-06-27 23:51:55.389105,0002,CA-307,2-39-129-17,America/Los_Angeles,000001297,310,31,100,480,"Sat, 27 Jun 2020 23:52:12 GMT",true,"Sun, 28 Jun 2020 07:52:13 GMT",1297,,,,,,,,,,,,,,,,,,,,,,,,,,,,,,,,,,,,,,,,,,,,,,,,,,,,,,,,,,,,,,,,,,,,,,,,,
5f0e4e0cf9af8b2cf1b36e66,0039,"Sun, 28 Jun 2020 21:18:05 GMT","Mon, 29 Jun 2020 05:08:16 GMT","Mon, 29 Jun 2020 04:35:13 GMT",47.437,2_39_139_28_2020-06-28 21:18:04.772110,0002,CA-303,2-39-139-28,America/Los_Angeles,000001085,283,28.3,100,480,"Sun, 28 Jun 2020 21:18:14 GMT",true,"Mon, 29 Jun 2020 05:18:05 GMT",1085,,283,56.6,200,480,"Sun, 28 Jun 2020 21:37:04 GMT",true,"Mon, 29 Jun 2020 05:18:05 GMT",1085,,,,,,,,,,,,,,,,,,,,,,,,,,,,,,,,,,,,,,,,,,,,,,,,,,,,,,,,,,,,,,,,
5f0f9f8bf9af8b2f1292e0c8,0039,"Mon, 29 Jun 2020 23:09:54 GMT","Tue, 30 Jun 2020 00:07:06 GMT","Tue, 30 Jun 2020 00:06:58 GMT",3.153,2_39_124_22_2020-06-29 23:09:54.204699,0002,CA-312,2-39-124-22,America/Los_Angeles,000001746,350,35,100,534,"Mon, 29 Jun 2020 23:11:53 GMT",true,"Tue, 30 Jun 2020 08:03:54 GMT",1746,,,,,,,,,,,,,,,,,,,,,,,,,,,,,,,,,,,,,,,,,,,,,,,,,,,,,,,,,,,,,,,,,,,,,,,,,
5f10f10cf9af8b31234b5ed4,0039,"Tue, 30 Jun 2020 13:40:25 GMT","Tue, 30 Jun 2020 20:44:26 GMT","Tue, 30 Jun 2020 15:19:19 GMT",5.861,2_39_91_437_2020-06-30 13:40:17.475404,0002,CA-317,2-39-91-437,America/Los_Angeles,000006952,340,34,100,480,"Tue, 30 Jun 2020 13:40:24 GMT",true,"Tue, 30 Jun 2020 21:40:25 GMT",6952,,,,,,,,,,,,,,,,,,,,,,,,,,,,,,,,,,,,,,,,,,,,,,,,,,,,,,,,,,,,,,,,,,,,,,,,,
5f10f10cf9af8b31234b5ed5,0039,"Tue, 30 Jun 2020 19:54:22 GMT","Tue, 30 Jun 2020 22:43:29 GMT","Tue, 30 Jun 2020 21:05:49 GMT",3.521,2_39_89_25_2020-06-30 19:54:21.714241,0002,CA-315,2-39-89-25,America/Los_Angeles,000000743,250,25,100,480,"Tue, 30 Jun 2020 19:54:54 GMT",true,"Wed, 01 Jul 2020 03:54:22 GMT",743,,,,,,,,,,,,,,,,,,,,,,,,,,,,,,,,,,,,,,,,,,,,,,,,,,,,,,,,,,,,,,,,,,,,,,,,,
5f10f10cf9af8b31234b5ed6,0039,"Tue, 30 Jun 2020 20:21:14 GMT","Tue, 30 Jun 2020 23:36:17 GMT","Tue, 30 Jun 2020 21:05:21 GMT",2.729,2_39_79_380_2020-06-30 20:21:13.995218,0002,CA-489,2-39-79-380,America/Los_Angeles,000000751,340,34,100,480,"Tue, 30 Jun 2020 20:21:53 GMT",true,"Wed, 01 Jul 2020 04:21:14 GMT",751,,,,,,,,,,,,,,,,,,,,,,,,,,,,,,,,,,,,,,,,,,,,,,,,,,,,,,,,,,,,,,,,,,,,,,,,,
5f10f10cf9af8b31234b5ed7,0039,"Tue, 30 Jun 2020 21:08:39 GMT","Tue, 30 Jun 2020 22:05:28 GMT","Tue, 30 Jun 2020 22:05:23 GMT",3.118,2_39_127_19_2020-06-30 21:08:39.125889,0002,CA-309,2-39-127-19,America/Los_Angeles,000001746,350,35,100,534,"Tue, 30 Jun 2020 21:08:45 GMT",true,"Wed, 01 Jul 2020 06:02:39 GMT",1746,,350,38.5,110,534,"Tue, 30 Jun 2020 21:09:31 GMT",true,"Wed, 01 Jul 2020 06:02:39 GMT",1746,350,21,60,218,"Tue, 30 Jun 2020 21:10:40 GMT",true,"Wed, 01 Jul 2020 00:46:39 GMT",1746,,,,,,,,,,,,,,,,,,,,,,,,,,,,,,,,,,,,,,,,,,,,,,,,,,,,,,,,
5f12428ef9af8b334b1b64ec,0039,"Wed, 01 Jul 2020 16:20:25 GMT","Wed, 01 Jul 2020 23:25:57 GMT","Wed, 01 Jul 2020 18:10:09 GMT",6.141,2_39_91_437_2020-07-01 16:20:18.201841,0002,CA-317,2-39-91-437,America/Los_Angeles,000006952,340,34,100,480,"Wed, 01 Jul 2020 16:20:24 GMT",true,"Thu, 02 Jul 2020 00:20:25 GMT",6952,,,,,,,,,,,,,,,,,,,,,,,,,,,,,,,,,,,,,,,,,,,,,,,,,,,,,,,,,,,,,,,,,,,,,,,,,
5f12428ef9af8b334b1b64ed,0039,"Wed, 01 Jul 2020 20:27:27 GMT","Wed, 01 Jul 2020 21:56:19 GMT","Wed, 01 Jul 2020 21:18:20 GMT",3.152,2_39_79_380_2020-07-01 20:27:27.396061,0002,CA-489,2-39-79-380,America/Los_Angeles,000000751,340,34,100,480,"Wed, 01 Jul 2020 20:27:44 GMT",true,"Thu, 02 Jul 2020 04:27:27 GMT",751,,,,,,,,,,,,,,,,,,,,,,,,,,,,,,,,,,,,,,,,,,,,,,,,,,,,,,,,,,,,,,,,,,,,,,,,,
5f13940cf9af8b354425516c,0039,"Thu, 02 Jul 2020 09:20:29 GMT","Thu, 02 Jul 2020 22:24:37 GMT","Thu, 02 Jul 2020 16:40:23 GMT",48.577,2_39_131_30_2020-07-02 09:20:28.845315,0002,CA-305,2-39-131-30,America/Los_Angeles,000000067,283,67.92,240,720,"Thu, 02 Jul 2020 09:20:30 GMT",true,"Thu, 02 Jul 2020 21:20:29 GMT",67,,283,67.92,240,720,"Thu, 02 Jul 2020 22:22:12 GMT",true,"Thu, 02 Jul 2020 21:20:29 GMT",67,,,,,,,,,,,,,,,,,,,,,,,,,,,,,,,,,,,,,,,,,,,,,,,,,,,,,,,,,,,,,,,,
5f13940cf9af8b354425516d,0039,"Thu, 02 Jul 2020 14:59:06 GMT","Thu, 02 Jul 2020 21:13:24 GMT","Thu, 02 Jul 2020 16:44:07 GMT",6.129,2_39_91_437_2020-07-02 14:59:00.044151,0002,CA-317,2-39-91-437,America/Los_Angeles,000006952,340,34,100,480,"Thu, 02 Jul 2020 14:59:06 GMT",true,"Thu, 02 Jul 2020 22:59:06 GMT",6952,,,,,,,,,,,,,,,,,,,,,,,,,,,,,,,,,,,,,,,,,,,,,,,,,,,,,,,,,,,,,,,,,,,,,,,,,
5f13940cf9af8b354425516e,0039,"Thu, 02 Jul 2020 17:24:19 GMT","Thu, 02 Jul 2020 18:42:05 GMT","Thu, 02 Jul 2020 18:42:00 GMT",4.299,2_39_125_21_2020-07-02 17:24:06.584575,0002,CA-311,2-39-125-21,America/Los_Angeles,000001746,350,35,100,534,"Thu, 02 Jul 2020 17:24:19 GMT",true,"Fri, 03 Jul 2020 02:18:19 GMT",1746,,,,,,,,,,,,,,,,,,,,,,,,,,,,,,,,,,,,,,,,,,,,,,,,,,,,,,,,,,,,,,,,,,,,,,,,,
5f13940cf9af8b354425516f,0039,"Thu, 02 Jul 2020 18:51:38 GMT","Thu, 02 Jul 2020 19:47:29 GMT","Thu, 02 Jul 2020 19:22:12 GMT",0.869,2_39_78_361_2020-07-02 18:51:38.069997,0002,CA-493,2-39-78-361,America/Los_Angeles,,,,,,,,,,,,,,,,,,,,,,,,,,,,,,,,,,,,,,,,,,,,,,,,,,,,,,,,,,,,,,,,,,,,,,,,,,,,,,,,,,
5f14e58bf9af8b37796edc8f,0039,"Fri, 03 Jul 2020 15:36:52 GMT","Fri, 03 Jul 2020 16:33:22 GMT","Fri, 03 Jul 2020 16:33:17 GMT",2.888,2_39_125_21_2020-07-03 15:36:52.370048,0002,CA-311,2-39-125-21,America/Los_Angeles,000001746,350,35,100,534,"Fri, 03 Jul 2020 15:37:22 GMT",true,"Sat, 04 Jul 2020 00:30:52 GMT",1746,,,,,,,,,,,,,,,,,,,,,,,,,,,,,,,,,,,,,,,,,,,,,,,,,,,,,,,,,,,,,,,,,,,,,,,,,
5f16370bf9af8b39a6773efa,0039,"Sun, 05 Jul 2020 03:45:55 GMT","Sun, 05 Jul 2020 04:12:51 GMT","Sun, 05 Jul 2020 04:12:46 GMT",0.751,2_39_139_28_2020-07-05 03:45:55.363632,0002,CA-303,2-39-139-28,America/Los_Angeles,,,,,,,,,,,,,,,,,,,,,,,,,,,,,,,,,,,,,,,,,,,,,,,,,,,,,,,,,,,,,,,,,,,,,,,,,,,,,,,,,,
5f17888df9af8b3bb9e3eb22,0039,"Sun, 05 Jul 2020 20:01:09 GMT","Sun, 05 Jul 2020 21:57:16 GMT","Sun, 05 Jul 2020 21:51:09 GMT",12.013,2_39_79_380_2020-07-05 20:01:08.855899,0002,CA-489,2-39-79-380,America/Los_Angeles,000001142,400,12,30,160,"Sun, 05 Jul 2020 20:02:45 GMT",true,"Sun, 05 Jul 2020 22:41:09 GMT",1142,,400,12,30,124,"Sun, 05 Jul 2020 20:02:55 GMT",true,"Sun, 05 Jul 2020 22:05:09 GMT",1142,,,,,,,,,,,,,,,,,,,,,,,,,,,,,,,,,,,,,,,,,,,,,,,,,,,,,,,,,,,,,,,,
5f17888df9af8b3bb9e3eb23,0039,"Mon, 06 Jul 2020 02:27:47 GMT","Tue, 07 Jul 2020 00:07:19 GMT","Mon, 06 Jul 2020 10:49:05 GMT",52.55333111111111,2_39_131_30_2020-07-06 02:27:46.774546,0002,CA-305,2-39-131-30,America/Los_Angeles,000000489,283,59.43,210,605,"Mon, 06 Jul 2020 02:28:46 GMT",true,"Mon, 06 Jul 2020 12:32:47 GMT",489,,283,59.43,210,605,"Tue, 07 Jul 2020 00:02:09 GMT",true,"Mon, 06 Jul 2020 12:32:47 GMT",489,,,,,,,,,,,,,,,,,,,,,,,,,,,,,,,,,,,,,,,,,,,,,,,,,,,,,,,,,,,,,,,,
5f18da0bf9af8b3dd24eabb8,0039,"Mon, 06 Jul 2020 15:48:12 GMT","Tue, 07 Jul 2020 00:07:19 GMT","Mon, 06 Jul 2020 16:07:45 GMT",0.9198261111111111,2_39_125_21_2020-07-06 15:48:11.137006,0002,CA-311,2-39-125-21,America/Los_Angeles,000001746,350,35,100,534,"Mon, 06 Jul 2020 15:48:11 GMT",true,"Tue, 07 Jul 2020 00:42:12 GMT",1746,,,,,,,,,,,,,,,,,,,,,,,,,,,,,,,,,,,,,,,,,,,,,,,,,,,,,,,,,,,,,,,,,,,,,,,,,
5f18da0bf9af8b3dd24eabb9,0039,"Tue, 07 Jul 2020 00:07:09 GMT","Tue, 07 Jul 2020 00:24:26 GMT","Tue, 07 Jul 2020 00:20:05 GMT",2.052,2_39_79_382_2020-07-06 21:43:40.828102,0002,CA-491,2-39-79-382,America/Los_Angeles,000001082,400,8,20,64,"Tue, 07 Jul 2020 00:07:09 GMT",true,"Tue, 07 Jul 2020 01:11:09 GMT",1082,,,,,,,,,,,,,,,,,,,,,,,,,,,,,,,,,,,,,,,,,,,,,,,,,,,,,,,,,,,,,,,,,,,,,,,,,
5f18da0bf9af8b3dd24eabba,0039,"Tue, 07 Jul 2020 00:07:20 GMT","Tue, 07 Jul 2020 05:38:50 GMT","Tue, 07 Jul 2020 00:38:02 GMT",0.5275447222222222,2_39_138_29_2020-07-07 00:07:19.519772,0002,CA-304,2-39-138-29,America/Los_Angeles,,,,,,,,,,,,,,,,,,,,,,,,,,,,,,,,,,,,,,,,,,,,,,,,,,,,,,,,,,,,,,,,,,,,,,,,,,,,,,,,,,
5f1a2b8bf9af8b3fee6daaaa,0039,"Tue, 07 Jul 2020 17:00:14 GMT","Tue, 07 Jul 2020 21:41:44 GMT","Tue, 07 Jul 2020 18:39:51 GMT",5.842,2_39_91_441_2020-07-07 17:00:03.965778,0002,CA-499,2-39-91-441,America/Los_Angeles,000006952,340,34,100,480,"Tue, 07 Jul 2020 17:00:13 GMT",true,"Wed, 08 Jul 2020 01:00:14 GMT",6952,,,,,,,,,,,,,,,,,,,,,,,,,,,,,,,,,,,,,,,,,,,,,,,,,,,,,,,,,,,,,,,,,,,,,,,,,
5f1a2b8bf9af8b3fee6daaab,0039,"Tue, 07 Jul 2020 20:51:42 GMT","Tue, 07 Jul 2020 22:07:49 GMT","Tue, 07 Jul 2020 21:36:17 GMT",2.175,2_39_125_21_2020-07-07 20:51:41.504102,0002,CA-311,2-39-125-21,America/Los_Angeles,000001746,350,35,100,534,"Tue, 07 Jul 2020 20:52:46 GMT",true,"Wed, 08 Jul 2020 05:45:42 GMT",1746,,350,35,100,798,"Tue, 07 Jul 2020 21:01:00 GMT",true,"Wed, 08 Jul 2020 10:09:42 GMT",1746,350,7,20,63,"Tue, 07 Jul 2020 21:05:31 GMT",true,"Tue, 07 Jul 2020 21:54:42 GMT",1746,,,,,,,,,,,,,,,,,,,,,,,,,,,,,,,,,,,,,,,,,,,,,,,,,,,,,,,,
5f1a2b8bf9af8b3fee6daaac,0039,"Wed, 08 Jul 2020 00:49:13 GMT","Wed, 08 Jul 2020 01:12:44 GMT","Wed, 08 Jul 2020 01:12:35 GMT",0.658,2_39_130_31_2020-07-08 00:49:13.138087,0002,CA-306,2-39-130-31,America/Los_Angeles,,,,,,,,,,,,,,,,,,,,,,,,,,,,,,,,,,,,,,,,,,,,,,,,,,,,,,,,,,,,,,,,,,,,,,,,,,,,,,,,,,
5f1b7d0bf9af8b42093cf616,0039,"Wed, 08 Jul 2020 15:44:47 GMT","Wed, 08 Jul 2020 21:07:13 GMT","Wed, 08 Jul 2020 17:27:21 GMT",6.582,2_39_91_441_2020-07-08 15:44:40.009133,0002,CA-499,2-39-91-441,America/Los_Angeles,000006952,340,13.6,40,329,"Wed, 08 Jul 2020 15:44:46 GMT",true,"Wed, 08 Jul 2020 21:13:47 GMT",6952,,,,,,,,,,,,,,,,,,,,,,,,,,,,,,,,,,,,,,,,,,,,,,,,,,,,,,,,,,,,,,,,,,,,,,,,,
5f1cce8cf9af8b43ff3ad65b,0039,"Thu, 09 Jul 2020 15:46:14 GMT","Thu, 09 Jul 2020 21:23:48 GMT",,6.543,2_39_91_437_2020-07-09 15:46:06.653396,0002,CA-317,2-39-91-437,America/Los_Angeles,000006952,340,13.6,40,329,"Thu, 09 Jul 2020 15:46:14 GMT",true,"Thu, 09 Jul 2020 21:15:14 GMT",6952,,,,,,,,,,,,,,,,,,,,,,,,,,,,,,,,,,,,,,,,,,,,,,,,,,,,,,,,,,,,,,,,,,,,,,,,,
5f1cce8cf9af8b43ff3ad65c,0039,"Thu, 09 Jul 2020 20:08:23 GMT","Fri, 10 Jul 2020 00:34:18 GMT",,24.205,2_39_79_377_2020-07-09 20:08:23.012389,0002,CA-325,2-39-79-377,America/Los_Angeles,000003424,280,42,150,480,"Thu, 09 Jul 2020 20:08:41 GMT",true,"Fri, 10 Jul 2020 04:08:23 GMT",3424,,,,,,,,,,,,,,,,,,,,,,,,,,,,,,,,,,,,,,,,,,,,,,,,,,,,,,,,,,,,,,,,,,,,,,,,,
5f1cce8cf9af8b43ff3ad65d,0039,"Fri, 10 Jul 2020 01:59:26 GMT","Fri, 10 Jul 2020 15:31:35 GMT",,19.303,2_39_79_377_2020-07-10 01:59:26.063720,0002,CA-325,2-39-79-377,America/Los_Angeles,000003267,310,34.1,110,660,"Fri, 10 Jul 2020 02:03:51 GMT",true,"Fri, 10 Jul 2020 12:59:26 GMT",3267,,310,34.1,110,660,"Fri, 10 Jul 2020 15:31:06 GMT",true,"Fri, 10 Jul 2020 12:59:26 GMT",3267,,,,,,,,,,,,,,,,,,,,,,,,,,,,,,,,,,,,,,,,,,,,,,,,,,,,,,,,,,,,,,,,
5f1e200af9af8b4657722fd8,0039,"Fri, 10 Jul 2020 15:36:27 GMT","Fri, 10 Jul 2020 16:24:08 GMT",,1.535,2_39_125_21_2020-07-10 15:36:27.320102,0002,CA-311,2-39-125-21,America/Los_Angeles,000001746,350,35,100,534,"Fri, 10 Jul 2020 15:36:34 GMT",true,"Sat, 11 Jul 2020 00:30:27 GMT",1746,,,,,,,,,,,,,,,,,,,,,,,,,,,,,,,,,,,,,,,,,,,,,,,,,,,,,,,,,,,,,,,,,,,,,,,,,
5f1f718bf9af8b4886ae9ca0,0039,"Sat, 11 Jul 2020 18:49:19 GMT","Mon, 13 Jul 2020 03:58:50 GMT",,14.886,2_39_79_378_2020-07-11 18:49:18.748420,0002,CA-326,2-39-79-378,America/Los_Angeles,000003267,310,34.1,110,660,"Sat, 11 Jul 2020 18:50:26 GMT",true,"Sun, 12 Jul 2020 05:49:19 GMT",3267,,310,34.1,110,660,"Mon, 13 Jul 2020 03:58:42 GMT",true,"Sun, 12 Jul 2020 05:49:19 GMT",3267,,,,,,,,,,,,,,,,,,,,,,,,,,,,,,,,,,,,,,,,,,,,,,,,,,,,,,,,,,,,,,,,
5f20c30af9af8b4b01797e8d,0039,"Sun, 12 Jul 2020 23:38:35 GMT","Mon, 13 Jul 2020 00:59:30 GMT",,8.711,2_39_127_19_2020-07-12 23:38:26.638723,0002,CA-309,2-39-127-19,America/Los_Angeles,000007339,310,21.7,70,201,"Sun, 12 Jul 2020 23:38:35 GMT",true,"Mon, 13 Jul 2020 02:59:35 GMT",7339,,,,,,,,,,,,,,,,,,,,,,,,,,,,,,,,,,,,,,,,,,,,,,,,,,,,,,,,,,,,,,,,,,,,,,,,,
5f22148cf9af8b4d7198d2dc,0039,"Mon, 13 Jul 2020 15:25:08 GMT","Mon, 13 Jul 2020 15:34:23 GMT",,0.632,2_39_131_30_2020-07-13 15:25:07.741343,0002,CA-305,2-39-131-30,America/Los_Angeles,000001316,283,28.3,100,480,"Mon, 13 Jul 2020 15:27:45 GMT",true,"Mon, 13 Jul 2020 23:25:08 GMT",1316,,,,,,,,,,,,,,,,,,,,,,,,,,,,,,,,,,,,,,,,,,,,,,,,,,,,,,,,,,,,,,,,,,,,,,,,,
5f22148cf9af8b4d7198d2dd,0039,"Mon, 13 Jul 2020 15:25:08 GMT","Mon, 13 Jul 2020 19:16:37 GMT","Mon, 13 Jul 2020 19:13:35 GMT",11.116954444444444,2_39_79_380_2020-07-13 15:25:08.131933,0002,CA-489,2-39-79-380,America/Los_Angeles,000003853,310,62,200,605,"Mon, 13 Jul 2020 15:26:35 GMT",true,"Tue, 14 Jul 2020 01:30:08 GMT",3853,,,,,,,,,,,,,,,,,,,,,,,,,,,,,,,,,,,,,,,,,,,,,,,,,,,,,,,,,,,,,,,,,,,,,,,,,
5f22148cf9af8b4d7198d2de,0039,"Mon, 13 Jul 2020 17:31:23 GMT","Mon, 13 Jul 2020 21:13:34 GMT","Mon, 13 Jul 2020 19:05:44 GMT",7.229,2_39_91_441_2020-07-13 16:38:34.243130,0002,CA-499,2-39-91-441,America/Los_Angeles,000006952,340,13.6,40,329,"Mon, 13 Jul 2020 17:31:23 GMT",true,"Mon, 13 Jul 2020 23:00:23 GMT",6952,,,,,,,,,,,,,,,,,,,,,,,,,,,,,,,,,,,,,,,,,,,,,,,,,,,,,,,,,,,,,,,,,,,,,,,,,
5f22148cf9af8b4d7198d2df,0039,"Mon, 13 Jul 2020 19:53:23 GMT","Tue, 14 Jul 2020 02:26:24 GMT","Tue, 14 Jul 2020 02:26:19 GMT",21.307,2_39_79_381_2020-07-13 19:53:11.632128,0002,CA-490,2-39-79-381,America/Los_Angeles,000002743,283,70.75,250,750,"Mon, 13 Jul 2020 19:53:23 GMT",true,"Tue, 14 Jul 2020 08:23:23 GMT",2743,,,,,,,,,,,,,,,,,,,,,,,,,,,,,,,,,,,,,,,,,,,,,,,,,,,,,,,,,,,,,,,,,,,,,,,,,
5f23660af9af8b4f7cbb422c,0039,"Tue, 14 Jul 2020 20:40:43 GMT","Tue, 14 Jul 2020 23:41:36 GMT","Tue, 14 Jul 2020 22:10:25 GMT",4.49,2_39_89_25_2020-07-14 20:40:43.369565,0002,CA-315,2-39-89-25,America/Los_Angeles,000000743,250,25,100,480,"Tue, 14 Jul 2020 20:41:06 GMT",true,"Wed, 15 Jul 2020 04:40:43 GMT",743,,,,,,,,,,,,,,,,,,,,,,,,,,,,,,,,,,,,,,,,,,,,,,,,,,,,,,,,,,,,,,,,,,,,,,,,,
5f24b78bf9af8b51841f0929,0039,"Wed, 15 Jul 2020 15:35:16 GMT","Wed, 15 Jul 2020 21:36:25 GMT","Wed, 15 Jul 2020 17:23:13 GMT",6.216,2_39_91_437_2020-07-15 15:35:10.209484,0002,CA-317,2-39-91-437,America/Los_Angeles,000006952,340,13.6,40,329,"Wed, 15 Jul 2020 15:35:15 GMT",true,"Wed, 15 Jul 2020 21:04:16 GMT",6952,,,,,,,,,,,,,,,,,,,,,,,,,,,,,,,,,,,,,,,,,,,,,,,,,,,,,,,,,,,,,,,,,,,,,,,,,
5f24b78bf9af8b51841f092a,0039,"Wed, 15 Jul 2020 20:37:19 GMT","Wed, 15 Jul 2020 21:31:37 GMT","Wed, 15 Jul 2020 21:31:32 GMT",2.746,2_39_125_21_2020-07-15 20:37:19.125791,0002,CA-311,2-39-125-21,America/Los_Angeles,000001746,350,35,100,534,"Wed, 15 Jul 2020 20:37:41 GMT",true,"Thu, 16 Jul 2020 05:31:19 GMT",1746,,,,,,,,,,,,,,,,,,,,,,,,,,,,,,,,,,,,,,,,,,,,,,,,,,,,,,,,,,,,,,,,,,,,,,,,,
5f24b78bf9af8b51841f092b,0039,"Wed, 15 Jul 2020 20:53:05 GMT","Wed, 15 Jul 2020 21:33:21 GMT","Wed, 15 Jul 2020 21:33:16 GMT",2.163,2_39_79_380_2020-07-15 20:53:05.499813,0002,CA-489,2-39-79-380,America/Los_Angeles,000003389,250,10,40,120,"Wed, 15 Jul 2020 20:54:39 GMT",true,"Wed, 15 Jul 2020 22:53:05 GMT",3389,,,,,,,,,,,,,,,,,,,,,,,,,,,,,,,,,,,,,,,,,,,,,,,,,,,,,,,,,,,,,,,,,,,,,,,,,
5f26090bf9af8b5396fb3022,0039,"Thu, 16 Jul 2020 15:25:34 GMT","Thu, 16 Jul 2020 19:01:31 GMT","Thu, 16 Jul 2020 19:01:26 GMT",23.703,2_39_79_379_2020-07-16 15:25:34.233090,0002,CA-327,2-39-79-379,America/Los_Angeles,000003853,310,62,200,605,"Thu, 16 Jul 2020 15:25:51 GMT",true,"Fri, 17 Jul 2020 01:30:34 GMT",3853,,310,40.3,130,291,"Thu, 16 Jul 2020 15:26:41 GMT",true,"Thu, 16 Jul 2020 20:16:34 GMT",3853,310,40.3,130,291,"Thu, 16 Jul 2020 15:26:43 GMT",true,"Thu, 16 Jul 2020 20:16:34 GMT",3853,310,40.3,130,291,"Thu, 16 Jul 2020 15:26:44 GMT",true,"Thu, 16 Jul 2020 20:16:34 GMT",3853,310,40.3,130,291,"Thu, 16 Jul 2020 15:26:44 GMT",true,"Thu, 16 Jul 2020 20:16:34 GMT",3853,,,,,,,,,,,,,,,,,,,,,,,,,,,,,,,,,,,,,,,,
5f26090bf9af8b5396fb3023,0039,"Thu, 16 Jul 2020 15:30:52 GMT","Thu, 16 Jul 2020 20:52:14 GMT","Thu, 16 Jul 2020 17:14:18 GMT",6.026,2_39_91_437_2020-07-16 15:30:42.711686,0002,CA-317,2-39-91-437,America/Los_Angeles,000006952,340,13.6,40,329,"Thu, 16 Jul 2020 15:30:51 GMT",true,"Thu, 16 Jul 2020 20:59:52 GMT",6952,,,,,,,,,,,,,,,,,,,,,,,,,,,,,,,,,,,,,,,,,,,,,,,,,,,,,,,,,,,,,,,,,,,,,,,,,
5f275a8bf9af8b55be3ef21c,0039,"Fri, 17 Jul 2020 15:07:41 GMT","Fri, 17 Jul 2020 18:46:57 GMT","Fri, 17 Jul 2020 15:38:09 GMT",0.85,2_39_79_379_2020-07-17 15:07:41.257623,0002,CA-327,2-39-79-379,America/Los_Angeles,,,,,,,,,,,,,,,,,,,,,,,,,,,,,,,,,,,,,,,,,,,,,,,,,,,,,,,,,,,,,,,,,,,,,,,,,,,,,,,,,,
5f275a8bf9af8b55be3ef21d,0039,"Fri, 17 Jul 2020 15:45:10 GMT","Fri, 17 Jul 2020 16:39:57 GMT","Fri, 17 Jul 2020 16:23:15 GMT",1.788,2_39_125_21_2020-07-17 15:45:10.051935,0002,CA-311,2-39-125-21,America/Los_Angeles,000001746,350,35,100,534,"Fri, 17 Jul 2020 15:45:14 GMT",true,"Sat, 18 Jul 2020 00:39:10 GMT",1746,,,,,,,,,,,,,,,,,,,,,,,,,,,,,,,,,,,,,,,,,,,,,,,,,,,,,,,,,,,,,,,,,,,,,,,,,
5f275a8bf9af8b55be3ef21e,0039,"Fri, 17 Jul 2020 22:46:01 GMT","Sat, 18 Jul 2020 03:53:27 GMT","Sat, 18 Jul 2020 00:49:12 GMT",6.298,2_39_130_31_2020-07-17 22:45:34.418611,0002,CA-306,2-39-130-31,America/Los_Angeles,000005594,250,25,100,480,"Fri, 17 Jul 2020 22:46:00 GMT",true,"Sat, 18 Jul 2020 06:46:01 GMT",5594,,,,,,,,,,,,,,,,,,,,,,,,,,,,,,,,,,,,,,,,,,,,,,,,,,,,,,,,,,,,,,,,,,,,,,,,,
5f275a8bf9af8b55be3ef21f,0039,"Fri, 17 Jul 2020 22:50:41 GMT","Sat, 18 Jul 2020 00:02:52 GMT","Sat, 18 Jul 2020 00:02:47 GMT",4.034,2_39_95_27_2020-07-17 22:50:41.327222,0002,CA-319,2-39-95-27,America/Los_Angeles,000001222,250,5,20,85,"Fri, 17 Jul 2020 22:52:32 GMT",true,"Sat, 18 Jul 2020 00:15:41 GMT",1222,,,,,,,,,,,,,,,,,,,,,,,,,,,,,,,,,,,,,,,,,,,,,,,,,,,,,,,,,,,,,,,,,,,,,,,,,
5f275a8bf9af8b55be3ef220,0039,"Fri, 17 Jul 2020 23:41:10 GMT","Fri, 17 Jul 2020 23:55:01 GMT","Fri, 17 Jul 2020 23:54:56 GMT",0.812,2_39_79_379_2020-07-17 23:40:53.036065,0002,CA-327,2-39-79-379,America/Los_Angeles,000005368,470,9.4,20,60,"Fri, 17 Jul 2020 23:41:09 GMT",true,"Sat, 18 Jul 2020 00:41:10 GMT",5368,,,,,,,,,,,,,,,,,,,,,,,,,,,,,,,,,,,,,,,,,,,,,,,,,,,,,,,,,,,,,,,,,,,,,,,,,
5f28ac0bf9af8b58442d0370,0039,"Sun, 19 Jul 2020 06:16:27 GMT","Sun, 19 Jul 2020 16:34:41 GMT","Sun, 19 Jul 2020 08:13:01 GMT",11.516,2_39_79_377_2020-07-19 06:16:27.331010,0002,CA-325,2-39-79-377,America/Los_Angeles,000003267,310,34.1,110,660,"Sun, 19 Jul 2020 06:16:58 GMT",true,"Sun, 19 Jul 2020 17:16:27 GMT",3267,,310,34.1,110,660,"Sun, 19 Jul 2020 16:34:14 GMT",true,"Sun, 19 Jul 2020 17:16:27 GMT",3267,,,,,,,,,,,,,,,,,,,,,,,,,,,,,,,,,,,,,,,,,,,,,,,,,,,,,,,,,,,,,,,,
5f29fd8cf9af8b5a3f4e6473,0039,"Sun, 19 Jul 2020 17:08:24 GMT","Mon, 20 Jul 2020 02:22:48 GMT","Mon, 20 Jul 2020 00:17:48 GMT",45.839,2_39_131_30_2020-07-19 17:08:24.220946,0002,CA-305,2-39-131-30,America/Los_Angeles,000001085,283,33.96,120,432,"Sun, 19 Jul 2020 17:08:28 GMT",true,"Mon, 20 Jul 2020 00:20:24 GMT",1085,,283,56.6,200,432,"Sun, 19 Jul 2020 17:08:39 GMT",true,"Mon, 20 Jul 2020 00:20:24 GMT",1085,,,,,,,,,,,,,,,,,,,,,,,,,,,,,,,,,,,,,,,,,,,,,,,,,,,,,,,,,,,,,,,,
5f29fd8cf9af8b5a3f4e6474,0039,"Sun, 19 Jul 2020 17:10:06 GMT","Mon, 20 Jul 2020 02:22:35 GMT","Sun, 19 Jul 2020 19:17:22 GMT",6.485,2_39_138_29_2020-07-19 17:09:48.236780,0002,CA-304,2-39-138-29,America/Los_Angeles,000001395,250,7.5,30,488,"Sun, 19 Jul 2020 17:10:06 GMT",true,"Mon, 20 Jul 2020 01:18:06 GMT",1395,,,,,,,,,,,,,,,,,,,,,,,,,,,,,,,,,,,,,,,,,,,,,,,,,,,,,,,,,,,,,,,,,,,,,,,,,
5f29fd8cf9af8b5a3f4e6475,0039,"Mon, 20 Jul 2020 05:57:38 GMT","Mon, 20 Jul 2020 06:22:40 GMT",,0.728,2_39_139_28_2020-07-20 05:57:38.044808,0002,CA-303,2-39-139-28,America/Los_Angeles,,,,,,,,,,,,,,,,,,,,,,,,,,,,,,,,,,,,,,,,,,,,,,,,,,,,,,,,,,,,,,,,,,,,,,,,,,,,,,,,,,
5f2b4f0bf9af8b5c40a948af,0039,"Mon, 20 Jul 2020 15:50:50 GMT","Mon, 20 Jul 2020 16:37:24 GMT",,2.538,2_39_125_21_2020-07-20 15:50:50.289203,0002,CA-311,2-39-125-21,America/Los_Angeles,000001746,350,35,100,534,"Mon, 20 Jul 2020 15:50:58 GMT",true,"Tue, 21 Jul 2020 00:44:50 GMT",1746,,,,,,,,,,,,,,,,,,,,,,,,,,,,,,,,,,,,,,,,,,,,,,,,,,,,,,,,,,,,,,,,,,,,,,,,,
5f2b4f0bf9af8b5c40a948b0,0039,"Mon, 20 Jul 2020 17:11:10 GMT","Tue, 21 Jul 2020 00:22:27 GMT",,7.807,2_39_79_382_2020-07-20 17:10:50.329180,0002,CA-491,2-39-79-382,America/Los_Angeles,000002149,253,25.3,100,480,"Mon, 20 Jul 2020 17:11:10 GMT",true,"Tue, 21 Jul 2020 01:11:10 GMT",2149,,253,30.36,120,360,"Mon, 20 Jul 2020 17:11:13 GMT",true,"Mon, 20 Jul 2020 23:11:10 GMT",2149,,,,,,,,,,,,,,,,,,,,,,,,,,,,,,,,,,,,,,,,,,,,,,,,,,,,,,,,,,,,,,,,
5f2b4f0bf9af8b5c40a948b1,0039,"Mon, 20 Jul 2020 18:48:23 GMT","Tue, 21 Jul 2020 03:21:35 GMT",,48.455,2_39_131_30_2020-07-20 18:48:22.741081,0002,CA-305,2-39-131-30,America/Los_Angeles,000000489,283,62.26,220,634,"Mon, 20 Jul 2020 18:49:08 GMT",true,"Tue, 21 Jul 2020 05:22:23 GMT",489,,,,,,,,,,,,,,,,,,,,,,,,,,,,,,,,,,,,,,,,,,,,,,,,,,,,,,,,,,,,,,,,,,,,,,,,,
5f2ca08bf9af8b5e61be2676,0039,"Tue, 21 Jul 2020 14:42:32 GMT","Tue, 21 Jul 2020 21:01:30 GMT",,5.945,2_39_91_437_2020-07-21 14:42:24.800221,0002,CA-317,2-39-91-437,America/Los_Angeles,000006952,340,13.6,40,329,"Tue, 21 Jul 2020 14:42:32 GMT",true,"Tue, 21 Jul 2020 20:11:32 GMT",6952,,,,,,,,,,,,,,,,,,,,,,,,,,,,,,,,,,,,,,,,,,,,,,,,,,,,,,,,,,,,,,,,,,,,,,,,,
5f2df20bf9af8b604c17dbf7,0039,"Wed, 22 Jul 2020 21:49:31 GMT","Wed, 22 Jul 2020 22:44:06 GMT",,2.973,2_39_125_21_2020-07-22 21:49:31.167667,0002,CA-311,2-39-125-21,America/Los_Angeles,000001746,350,35,100,534,"Wed, 22 Jul 2020 21:49:41 GMT",true,"Thu, 23 Jul 2020 06:43:31 GMT",1746,,,,,,,,,,,,,,,,,,,,,,,,,,,,,,,,,,,,,,,,,,,,,,,,,,,,,,,,,,,,,,,,,,,,,,,,,
5f30950bf9af8b64b9e72c96,0039,"Fri, 24 Jul 2020 15:34:06 GMT","Fri, 24 Jul 2020 21:05:42 GMT",,5.964,2_39_91_437_2020-07-24 15:34:00.177372,0002,CA-317,2-39-91-437,America/Los_Angeles,000006952,340,13.6,40,329,"Fri, 24 Jul 2020 15:34:06 GMT",true,"Fri, 24 Jul 2020 21:03:06 GMT",6952,,,,,,,,,,,,,,,,,,,,,,,,,,,,,,,,,,,,,,,,,,,,,,,,,,,,,,,,,,,,,,,,,,,,,,,,,
5f30950bf9af8b64b9e72c97,0039,"Fri, 24 Jul 2020 15:51:08 GMT","Fri, 24 Jul 2020 16:47:24 GMT",,3.075,2_39_125_21_2020-07-24 15:51:07.505585,0002,CA-311,2-39-125-21,America/Los_Angeles,000001746,350,35,100,534,"Fri, 24 Jul 2020 15:51:18 GMT",true,"Sat, 25 Jul 2020 00:45:08 GMT",1746,,,,,,,,,,,,,,,,,,,,,,,,,,,,,,,,,,,,,,,,,,,,,,,,,,,,,,,,,,,,,,,,,,,,,,,,,
5f30950bf9af8b64b9e72c98,0039,"Fri, 24 Jul 2020 16:39:55 GMT","Fri, 24 Jul 2020 17:37:55 GMT",,6.115,2_39_131_30_2020-07-24 16:39:55.378050,0002,CA-305,2-39-131-30,America/Los_Angeles,000007339,310,21.7,70,201,"Fri, 24 Jul 2020 16:40:12 GMT",true,"Fri, 24 Jul 2020 20:00:55 GMT",7339,,,,,,,,,,,,,,,,,,,,,,,,,,,,,,,,,,,,,,,,,,,,,,,,,,,,,,,,,,,,,,,,,,,,,,,,,
5f30950bf9af8b64b9e72c99,0039,"Sat, 25 Jul 2020 00:06:27 GMT","Sat, 25 Jul 2020 00:18:32 GMT",,1.09,2_39_129_17_2020-07-25 00:06:26.929323,0002,CA-307,2-39-129-17,America/Los_Angeles,000002213,290,29,100,288,"Sat, 25 Jul 2020 00:06:36 GMT",true,"Sat, 25 Jul 2020 04:54:27 GMT",2213,,290,5.8,20,46,"Sat, 25 Jul 2020 00:11:50 GMT",true,"Sat, 25 Jul 2020 00:52:27 GMT",2213,290,5.8,20,47,"Sat, 25 Jul 2020 00:13:13 GMT",true,"Sat, 25 Jul 2020 00:53:27 GMT",2213,,,,,,,,,,,,,,,,,,,,,,,,,,,,,,,,,,,,,,,,,,,,,,,,,,,,,,,,
5f31e68af9af8b66b9a795b9,0039,"Sat, 25 Jul 2020 15:48:57 GMT","Sat, 25 Jul 2020 22:33:31 GMT",,6.453,2_39_129_17_2020-07-25 15:48:56.704465,0002,CA-307,2-39-129-17,America/Los_Angeles,000001395,250,7.5,30,488,"Sat, 25 Jul 2020 15:49:44 GMT",true,"Sat, 25 Jul 2020 23:56:57 GMT",1395,,250,7.5,30,432,"Sat, 25 Jul 2020 15:50:59 GMT",true,"Sat, 25 Jul 2020 23:00:57 GMT",1395,250,7.5,30,312,"Sat, 25 Jul 2020 19:35:17 GMT",true,"Sat, 25 Jul 2020 21:00:57 GMT",1395,,,,,,,,,,,,,,,,,,,,,,,,,,,,,,,,,,,,,,,,,,,,,,,,,,,,,,,,
5f31e68af9af8b66b9a795ba,0039,"Sat, 25 Jul 2020 15:49:07 GMT","Sun, 26 Jul 2020 03:24:14 GMT",,42.49,2_39_128_18_2020-07-25 15:49:06.775371,0002,CA-308,2-39-128-18,America/Los_Angeles,000001085,283,33.96,120,432,"Sat, 25 Jul 2020 15:50:14 GMT",true,"Sat, 25 Jul 2020 23:01:07 GMT",1085,,283,42.45,150,432,"Sat, 25 Jul 2020 15:50:28 GMT",true,"Sat, 25 Jul 2020 23:01:07 GMT",1085,,,,,,,,,,,,,,,,,,,,,,,,,,,,,,,,,,,,,,,,,,,,,,,,,,,,,,,,,,,,,,,,
5f31e68af9af8b66b9a795bb,0039,"Sat, 25 Jul 2020 23:16:31 GMT","Sat, 25 Jul 2020 23:37:03 GMT",,0.509,2_39_131_30_2020-07-25 23:16:30.553618,0002,CA-305,2-39-131-30,America/Los_Angeles,,,,,,,,,,,,,,,,,,,,,,,,,,,,,,,,,,,,,,,,,,,,,,,,,,,,,,,,,,,,,,,,,,,,,,,,,,,,,,,,,,
5f33380df9af8b68a98afd29,0039,"Sun, 26 Jul 2020 18:19:46 GMT","Sun, 26 Jul 2020 19:05:04 GMT",,2.454,2_39_125_21_2020-07-26 18:19:45.779187,0002,CA-311,2-39-125-21,America/Los_Angeles,000001746,350,35,100,534,"Sun, 26 Jul 2020 18:19:49 GMT",true,"Mon, 27 Jul 2020 03:13:46 GMT",1746,,,,,,,,,,,,,,,,,,,,,,,,,,,,,,,,,,,,,,,,,,,,,,,,,,,,,,,,,,,,,,,,,,,,,,,,,
5f33380df9af8b68a98afd2a,0039,"Mon, 27 Jul 2020 01:41:46 GMT","Mon, 27 Jul 2020 02:19:36 GMT",,1.353,2_39_139_28_2020-07-27 01:41:45.990486,0002,CA-303,2-39-139-28,America/Los_Angeles,000001539,290,5.8,20,120,"Mon, 27 Jul 2020 01:43:30 GMT",true,"Mon, 27 Jul 2020 03:41:46 GMT",1539,,,,,,,,,,,,,,,,,,,,,,,,,,,,,,,,,,,,,,,,,,,,,,,,,,,,,,,,,,,,,,,,,,,,,,,,,
5f34898cf9af8b7e41ed99c9,0039,"Mon, 27 Jul 2020 16:57:17 GMT","Mon, 27 Jul 2020 18:16:03 GMT",,8.554,2_39_79_378_2020-07-27 16:57:17.208406,0002,CA-326,2-39-79-378,America/Los_Angeles,000003424,280,42,150,480,"Mon, 27 Jul 2020 16:57:38 GMT",true,"Tue, 28 Jul 2020 00:57:17 GMT",3424,,280,14,50,302,"Mon, 27 Jul 2020 16:58:07 GMT",true,"Mon, 27 Jul 2020 21:59:17 GMT",3424,,,,,,,,,,,,,,,,,,,,,,,,,,,,,,,,,,,,,,,,,,,,,,,,,,,,,,,,,,,,,,,,
5f35db0bf9af8b01a79a82be,0039,"Tue, 28 Jul 2020 13:21:47 GMT","Tue, 28 Jul 2020 13:59:48 GMT",,2.28,2_39_91_437_2020-07-28 13:21:47.214626,0002,CA-317,2-39-91-437,America/Los_Angeles,000007675,297,29.7,100,288,"Tue, 28 Jul 2020 13:42:09 GMT",true,"Tue, 28 Jul 2020 18:09:47 GMT",7675,,,,,,,,,,,,,,,,,,,,,,,,,,,,,,,,,,,,,,,,,,,,,,,,,,,,,,,,,,,,,,,,,,,,,,,,,
5f35db0bf9af8b01a79a82bf,0039,"Tue, 28 Jul 2020 21:40:29 GMT","Wed, 29 Jul 2020 00:12:47 GMT",,4.984,2_39_89_25_2020-07-28 21:40:28.550046,0002,CA-315,2-39-89-25,America/Los_Angeles,000000743,250,25,100,480,"Tue, 28 Jul 2020 21:40:54 GMT",true,"Wed, 29 Jul 2020 05:40:29 GMT",743,,,,,,,,,,,,,,,,,,,,,,,,,,,,,,,,,,,,,,,,,,,,,,,,,,,,,,,,,,,,,,,,,,,,,,,,,
5f372c8bf9af8b03ab457d04,0039,"Wed, 29 Jul 2020 16:12:20 GMT","Wed, 29 Jul 2020 21:14:24 GMT",,6,2_39_91_437_2020-07-29 16:12:11.695692,0002,CA-317,2-39-91-437,America/Los_Angeles,000006952,340,13.6,40,329,"Wed, 29 Jul 2020 16:12:20 GMT",true,"Wed, 29 Jul 2020 21:41:20 GMT",6952,,,,,,,,,,,,,,,,,,,,,,,,,,,,,,,,,,,,,,,,,,,,,,,,,,,,,,,,,,,,,,,,,,,,,,,,,
5f372c8bf9af8b03ab457d05,0039,"Wed, 29 Jul 2020 23:05:54 GMT","Wed, 29 Jul 2020 23:27:17 GMT",,0.591,2_39_127_19_2020-07-29 23:05:53.646092,0002,CA-309,2-39-127-19,America/Los_Angeles,,,,,,,,,,,,,,,,,,,,,,,,,,,,,,,,,,,,,,,,,,,,,,,,,,,,,,,,,,,,,,,,,,,,,,,,,,,,,,,,,,
5f387e0af9af8b05ad94ad9b,0039,"Thu, 30 Jul 2020 20:38:07 GMT","Fri, 31 Jul 2020 00:22:23 GMT",,4.657,2_39_79_380_2020-07-30 20:38:07.486241,0002,CA-489,2-39-79-380,America/Los_Angeles,000000751,340,34,100,480,"Thu, 30 Jul 2020 20:38:14 GMT",true,"Fri, 31 Jul 2020 04:38:07 GMT",751,,,,,,,,,,,,,,,,,,,,,,,,,,,,,,,,,,,,,,,,,,,,,,,,,,,,,,,,,,,,,,,,,,,,,,,,,
5f39cf8bf9af8b07c39cfd0f,0039,"Fri, 31 Jul 2020 18:01:37 GMT","Sat, 01 Aug 2020 03:27:17 GMT","Sat, 01 Aug 2020 00:41:22 GMT",6.423,2_39_131_30_2020-07-31 17:57:59.470037,0002,CA-305,2-39-131-30,America/Los_Angeles,000005594,250,25,100,480,"Fri, 31 Jul 2020 18:01:37 GMT",true,"Sat, 01 Aug 2020 02:01:37 GMT",5594,,,,,,,,,,,,,,,,,,,,,,,,,,,,,,,,,,,,,,,,,,,,,,,,,,,,,,,,,,,,,,,,,,,,,,,,,
5f39cf8bf9af8b07c39cfd10,0039,"Fri, 31 Jul 2020 20:15:59 GMT","Fri, 31 Jul 2020 22:53:09 GMT",,4.087,2_39_79_380_2020-07-31 20:15:59.042505,0002,CA-489,2-39-79-380,America/Los_Angeles,000000751,340,34,100,480,"Fri, 31 Jul 2020 20:16:23 GMT",true,"Sat, 01 Aug 2020 04:15:59 GMT",751,,,,,,,,,,,,,,,,,,,,,,,,,,,,,,,,,,,,,,,,,,,,,,,,,,,,,,,,,,,,,,,,,,,,,,,,,
5f39cf8bf9af8b07c39cfd11,0039,"Sat, 01 Aug 2020 00:26:43 GMT","Sat, 01 Aug 2020 01:50:39 GMT","Sat, 01 Aug 2020 01:50:07 GMT",7.933,2_39_139_28_2020-08-01 00:26:43.140330,0002,CA-303,2-39-139-28,America/Los_Angeles,000000358,310,31,100,480,"Sat, 01 Aug 2020 00:28:09 GMT",true,"Sat, 01 Aug 2020 08:26:43 GMT",358,,,,,,,,,,,,,,,,,,,,,,,,,,,,,,,,,,,,,,,,,,,,,,,,,,,,,,,,,,,,,,,,,,,,,,,,,
5f39cf8bf9af8b07c39cfd12,0039,"Sat, 01 Aug 2020 02:16:32 GMT","Sat, 01 Aug 2020 03:04:21 GMT","Sat, 01 Aug 2020 03:04:16 GMT",1.729,2_39_139_28_2020-08-01 02:16:32.021183,0002,CA-303,2-39-139-28,America/Los_Angeles,000001539,290,5.8,20,120,"Sat, 01 Aug 2020 02:17:55 GMT",true,"Sat, 01 Aug 2020 04:16:32 GMT",1539,,,,,,,,,,,,,,,,,,,,,,,,,,,,,,,,,,,,,,,,,,,,,,,,,,,,,,,,,,,,,,,,,,,,,,,,,
5f3c728cf9af8b0c7b9c8a89,0039,"Sun, 02 Aug 2020 12:30:47 GMT","Sun, 02 Aug 2020 18:11:36 GMT","Sun, 02 Aug 2020 16:48:42 GMT",28.87,2_39_130_31_2020-08-02 12:30:47.006756,0002,CA-306,2-39-130-31,America/Los_Angeles,000000300,440,44,100,470,"Sun, 02 Aug 2020 12:30:52 GMT",true,"Sun, 02 Aug 2020 20:20:47 GMT",300,,,,,,,,,,,,,,,,,,,,,,,,,,,,,,,,,,,,,,,,,,,,,,,,,,,,,,,,,,,,,,,,,,,,,,,,,
5f3dc40cf9af8b0e903d431b,0039,"Mon, 03 Aug 2020 15:47:14 GMT","Mon, 03 Aug 2020 16:45:14 GMT","Mon, 03 Aug 2020 16:45:05 GMT",3.144,2_39_125_21_2020-08-03 15:47:14.458999,0002,CA-311,2-39-125-21,America/Los_Angeles,000001746,350,35,100,534,"Mon, 03 Aug 2020 15:49:08 GMT",true,"Tue, 04 Aug 2020 00:41:14 GMT",1746,,,,,,,,,,,,,,,,,,,,,,,,,,,,,,,,,,,,,,,,,,,,,,,,,,,,,,,,,,,,,,,,,,,,,,,,,
5f3dc40cf9af8b0e903d431c,0039,"Mon, 03 Aug 2020 18:59:36 GMT","Tue, 04 Aug 2020 04:55:35 GMT","Tue, 04 Aug 2020 03:38:55 GMT",53.068,2_39_131_30_2020-08-03 18:59:36.286040,0002,CA-305,2-39-131-30,America/Los_Angeles,000000489,283,62.26,220,634,"Mon, 03 Aug 2020 19:00:05 GMT",true,"Tue, 04 Aug 2020 05:33:36 GMT",489,,,,,,,,,,,,,,,,,,,,,,,,,,,,,,,,,,,,,,,,,,,,,,,,,,,,,,,,,,,,,,,,,,,,,,,,,
5f3dc40cf9af8b0e903d431d,0039,"Mon, 03 Aug 2020 19:12:11 GMT","Mon, 03 Aug 2020 22:23:45 GMT","Mon, 03 Aug 2020 19:40:36 GMT",1.32,2_39_91_437_2020-08-03 19:12:05.738685,0002,CA-317,2-39-91-437,America/Los_Angeles,000006952,340,13.6,40,329,"Mon, 03 Aug 2020 19:12:10 GMT",true,"Tue, 04 Aug 2020 00:41:11 GMT",6952,,,,,,,,,,,,,,,,,,,,,,,,,,,,,,,,,,,,,,,,,,,,,,,,,,,,,,,,,,,,,,,,,,,,,,,,,
5f3dc40cf9af8b0e903d431e,0039,"Mon, 03 Aug 2020 22:02:13 GMT","Mon, 03 Aug 2020 22:29:53 GMT","Mon, 03 Aug 2020 22:29:48 GMT",1.724,2_39_79_380_2020-08-03 22:02:01.464006,0002,CA-489,2-39-79-380,America/Los_Angeles,000000751,340,34,100,480,"Mon, 03 Aug 2020 22:02:13 GMT",true,"Tue, 04 Aug 2020 06:02:13 GMT",751,,,,,,,,,,,,,,,,,,,,,,,,,,,,,,,,,,,,,,,,,,,,,,,,,,,,,,,,,,,,,,,,,,,,,,,,,
5fdd57b1f9af8b16e6675dc6,0039,"Wed, 18 Nov 2020 21:37:02 GMT","Thu, 19 Nov 2020 02:29:15 GMT","Wed, 18 Nov 2020 22:45:41 GMT",2.237,2_39_78_365_2020-11-18 21:37:01.529096,0002,CA-321,2-39-78-365,America/Los_Angeles,000001082,290,5.8,20,120,"Wed, 18 Nov 2020 21:37:37 GMT",true,"Wed, 18 Nov 2020 23:37:02 GMT",1082,,,,,,,,,,,,,,,,,,,,,,,,,,,,,,,,,,,,,,,,,,,,,,,,,,,,,,,,,,,,,,,,,,,,,,,,,
5fdd57b1f9af8b16e6675dc7,0039,"Wed, 18 Nov 2020 23:36:26 GMT","Thu, 19 Nov 2020 00:02:37 GMT",,4.816,2_39_81_4550_2020-11-18 23:36:26.012461,0002,11900388,2-39-81-4550,America/Los_Angeles,000007132,274,8.22,30,480,"Wed, 18 Nov 2020 23:36:42 GMT",true,"Thu, 19 Nov 2020 07:36:26 GMT",7132,,,,,,,,,,,,,,,,,,,,,,,,,,,,,,,,,,,,,,,,,,,,,,,,,,,,,,,,,,,,,,,,,,,,,,,,,
5fdd57b1f9af8b16e6675dc8,0039,"Thu, 19 Nov 2020 00:35:54 GMT","Thu, 19 Nov 2020 01:31:08 GMT",,10.027,2_39_81_4550_2020-11-19 00:35:53.924922,0002,11900388,2-39-81-4550,America/Los_Angeles,000004903,258,51.6,200,576,"Thu, 19 Nov 2020 00:36:25 GMT",true,"Thu, 19 Nov 2020 10:11:54 GMT",4903,,,,,,,,,,,,,,,,,,,,,,,,,,,,,,,,,,,,,,,,,,,,,,,,,,,,,,,,,,,,,,,,,,,,,,,,,
5fdd57b1f9af8b16e6675dc9,0039,"Thu, 19 Nov 2020 01:34:02 GMT","Thu, 19 Nov 2020 02:45:14 GMT",,24.486,2_39_81_4550_2020-11-19 01:33:46.845927,0002,11900388,2-39-81-4550,America/Los_Angeles,000004903,258,51.6,200,576,"Thu, 19 Nov 2020 01:34:02 GMT",true,"Thu, 19 Nov 2020 11:10:02 GMT",4903,,,,,,,,,,,,,,,,,,,,,,,,,,,,,,,,,,,,,,,,,,,,,,,,,,,,,,,,,,,,,,,,,,,,,,,,,
5fdd57b1f9af8b16e6675dca,0039,"Thu, 19 Nov 2020 02:07:56 GMT","Thu, 19 Nov 2020 03:51:11 GMT","Thu, 19 Nov 2020 03:51:02 GMT",11.507,2_39_128_18_2020-11-19 02:07:56.420183,0002,CA-308,2-39-128-18,America/Los_Angeles,000001085,283,56.6,200,589,"Thu, 19 Nov 2020 02:08:02 GMT",true,"Thu, 19 Nov 2020 11:56:56 GMT",1085,,,,,,,,,,,,,,,,,,,,,,,,,,,,,,,,,,,,,,,,,,,,,,,,,,,,,,,,,,,,,,,,,,,,,,,,,
5fdd57b1f9af8b16e6675dcb,0039,"Thu, 19 Nov 2020 02:09:24 GMT","Thu, 19 Nov 2020 04:01:31 GMT","Thu, 19 Nov 2020 04:01:23 GMT",6.334,2_39_130_31_2020-11-19 02:09:24.413029,0002,CA-306,2-39-130-31,America/Los_Angeles,000001395,250,7.5,30,488,"Thu, 19 Nov 2020 02:10:42 GMT",true,"Thu, 19 Nov 2020 10:17:24 GMT",1395,,,,,,,,,,,,,,,,,,,,,,,,,,,,,,,,,,,,,,,,,,,,,,,,,,,,,,,,,,,,,,,,,,,,,,,,,
5fdd57b1f9af8b16e6675dcc,0039,"Thu, 19 Nov 2020 03:52:00 GMT","Thu, 19 Nov 2020 04:00:50 GMT",,4.788,2_39_81_4550_2020-11-19 03:51:59.755295,0002,11900388,2-39-81-4550,America/Los_Angeles,000001085,283,56.6,200,589,"Thu, 19 Nov 2020 03:52:50 GMT",true,"Thu, 19 Nov 2020 13:41:00 GMT",1085,,,,,,,,,,,,,,,,,,,,,,,,,,,,,,,,,,,,,,,,,,,,,,,,,,,,,,,,,,,,,,,,,,,,,,,,,
5fdd57b1f9af8b16e6675dcd,0039,"Thu, 19 Nov 2020 04:24:11 GMT","Thu, 19 Nov 2020 05:07:15 GMT",,30.849,2_39_81_4550_2020-11-19 04:24:10.706432,0002,11900388,2-39-81-4550,America/Los_Angeles,000009284,400,40,100,30,"Thu, 19 Nov 2020 04:24:50 GMT",true,"Thu, 19 Nov 2020 04:54:11 GMT",9284,,,,,,,,,,,,,,,,,,,,,,,,,,,,,,,,,,,,,,,,,,,,,,,,,,,,,,,,,,,,,,,,,,,,,,,,,
5fdd57b3f9af8b16e6675dce,0039,"Thu, 19 Nov 2020 21:33:17 GMT","Fri, 20 Nov 2020 02:47:16 GMT","Thu, 19 Nov 2020 22:40:02 GMT",2.245,2_39_78_365_2020-11-19 21:33:17.369860,0002,CA-321,2-39-78-365,America/Los_Angeles,000001082,290,5.8,20,120,"Thu, 19 Nov 2020 21:33:54 GMT",true,"Thu, 19 Nov 2020 23:33:17 GMT",1082,,,,,,,,,,,,,,,,,,,,,,,,,,,,,,,,,,,,,,,,,,,,,,,,,,,,,,,,,,,,,,,,,,,,,,,,,
5fdd57b3f9af8b16e6675dcf,0039,"Thu, 19 Nov 2020 23:28:16 GMT","Fri, 20 Nov 2020 01:47:22 GMT","Fri, 20 Nov 2020 01:47:18 GMT",7.738,2_39_91_437_2020-11-19 23:28:16.238693,0002,CA-317,2-39-91-437,America/Los_Angeles,000002170,310,12.4,40,120,"Thu, 19 Nov 2020 23:28:30 GMT",true,"Fri, 20 Nov 2020 01:28:16 GMT",2170,,,,,,,,,,,,,,,,,,,,,,,,,,,,,,,,,,,,,,,,,,,,,,,,,,,,,,,,,,,,,,,,,,,,,,,,,
5fdd57b7f9af8b16e6675dd0,0039,"Fri, 20 Nov 2020 13:56:11 GMT","Fri, 20 Nov 2020 19:31:52 GMT","Fri, 20 Nov 2020 15:29:18 GMT",9.683,2_39_131_30_2020-11-20 13:56:03.696292,0002,CA-305,2-39-131-30,America/Los_Angeles,000008677,310,15.5,50,240,"Fri, 20 Nov 2020 13:56:11 GMT",true,"Fri, 20 Nov 2020 17:56:11 GMT",8677,,,,,,,,,,,,,,,,,,,,,,,,,,,,,,,,,,,,,,,,,,,,,,,,,,,,,,,,,,,,,,,,,,,,,,,,,
5fdd57b7f9af8b16e6675dd1,0039,"Fri, 20 Nov 2020 15:17:56 GMT","Fri, 20 Nov 2020 15:46:33 GMT",,11.106,2_39_81_4550_2020-11-20 15:17:56.195814,0002,11900388,2-39-81-4550,America/Los_Angeles,000009266,300,48,160,461,"Fri, 20 Nov 2020 15:18:27 GMT",true,"Fri, 20 Nov 2020 22:58:56 GMT",9266,,,,,,,,,,,,,,,,,,,,,,,,,,,,,,,,,,,,,,,,,,,,,,,,,,,,,,,,,,,,,,,,,,,,,,,,,
5fdd57b7f9af8b16e6675dd2,0039,"Fri, 20 Nov 2020 16:20:35 GMT","Fri, 20 Nov 2020 19:06:06 GMT","Fri, 20 Nov 2020 17:18:30 GMT",3.608,2_39_79_380_2020-11-20 16:20:34.999856,0002,CA-489,2-39-79-380,America/Los_Angeles,000000751,340,20.4,60,360,"Fri, 20 Nov 2020 16:20:35 GMT",true,"Fri, 20 Nov 2020 22:20:35 GMT",751,,,,,,,,,,,,,,,,,,,,,,,,,,,,,,,,,,,,,,,,,,,,,,,,,,,,,,,,,,,,,,,,,,,,,,,,,
5fdd57b7f9af8b16e6675dd3,0039,"Fri, 20 Nov 2020 19:02:31 GMT","Fri, 20 Nov 2020 23:17:18 GMT","Fri, 20 Nov 2020 20:07:04 GMT",6.401,2_39_95_27_2020-11-20 19:02:21.892481,0002,CA-319,2-39-95-27,America/Los_Angeles,000002461,2000,200,100,300,"Fri, 20 Nov 2020 19:02:31 GMT",true,"Sat, 21 Nov 2020 00:02:31 GMT",2461,,,,,,,,,,,,,,,,,,,,,,,,,,,,,,,,,,,,,,,,,,,,,,,,,,,,,,,,,,,,,,,,,,,,,,,,,
5fdd57b7f9af8b16e6675dd4,0039,"Fri, 20 Nov 2020 20:00:00 GMT","Sat, 21 Nov 2020 04:12:43 GMT","Fri, 20 Nov 2020 21:55:11 GMT",6.009,2_39_139_28_2020-11-20 19:59:46.036236,0002,CA-303,2-39-139-28,America/Los_Angeles,000005594,250,25,100,480,"Fri, 20 Nov 2020 19:59:59 GMT",true,"Sat, 21 Nov 2020 04:00:00 GMT",5594,,,,,,,,,,,,,,,,,,,,,,,,,,,,,,,,,,,,,,,,,,,,,,,,,,,,,,,,,,,,,,,,,,,,,,,,,
5fdd57b7f9af8b16e6675dd5,0039,"Fri, 20 Nov 2020 22:11:07 GMT","Sat, 21 Nov 2020 03:44:38 GMT","Fri, 20 Nov 2020 23:08:25 GMT",1.916,2_39_78_365_2020-11-20 22:11:06.923773,0002,CA-321,2-39-78-365,America/Los_Angeles,000001082,290,5.8,20,120,"Fri, 20 Nov 2020 22:11:48 GMT",true,"Sat, 21 Nov 2020 00:11:07 GMT",1082,,,,,,,,,,,,,,,,,,,,,,,,,,,,,,,,,,,,,,,,,,,,,,,,,,,,,,,,,,,,,,,,,,,,,,,,,
5fdd57b7f9af8b16e6675dd6,0039,"Fri, 20 Nov 2020 23:55:56 GMT","Sat, 21 Nov 2020 01:00:58 GMT","Sat, 21 Nov 2020 00:59:30 GMT",1.834,2_39_125_21_2020-11-20 23:55:55.850502,0002,CA-311,2-39-125-21,America/Los_Angeles,000001746,350,35,100,534,"Fri, 20 Nov 2020 23:56:12 GMT",true,"Sat, 21 Nov 2020 08:49:56 GMT",1746,,,,,,,,,,,,,,,,,,,,,,,,,,,,,,,,,,,,,,,,,,,,,,,,,,,,,,,,,,,,,,,,,,,,,,,,,
5fdd57b7f9af8b16e6675dd7,0039,"Sat, 21 Nov 2020 00:50:33 GMT","Sat, 21 Nov 2020 01:18:59 GMT",,15.416,2_39_81_4550_2020-11-21 00:50:30.786067,0002,11900388,2-39-81-4550,America/Los_Angeles,000009283,319,28.71,90,270,"Sat, 21 Nov 2020 00:50:33 GMT",true,"Sat, 21 Nov 2020 05:20:33 GMT",9283,,,,,,,,,,,,,,,,,,,,,,,,,,,,,,,,,,,,,,,,,,,,,,,,,,,,,,,,,,,,,,,,,,,,,,,,,
5fdd57b9f9af8b16e6675dd8,0039,"Sat, 21 Nov 2020 17:28:00 GMT","Sat, 21 Nov 2020 17:51:19 GMT","Sat, 21 Nov 2020 17:51:14 GMT",0.849,2_39_139_28_2020-11-21 17:28:00.146378,0002,CA-303,2-39-139-28,America/Los_Angeles,000001539,290,5.8,20,120,"Sat, 21 Nov 2020 17:29:53 GMT",true,"Sat, 21 Nov 2020 19:28:00 GMT",1539,,,,,,,,,,,,,,,,,,,,,,,,,,,,,,,,,,,,,,,,,,,,,,,,,,,,,,,,,,,,,,,,,,,,,,,,,
5fdd57b9f9af8b16e6675dd9,0039,"Sat, 21 Nov 2020 19:14:50 GMT","Sat, 21 Nov 2020 19:27:54 GMT","Sat, 21 Nov 2020 19:27:49 GMT",0.754,2_39_138_29_2020-11-21 19:14:49.916231,0002,CA-304,2-39-138-29,America/Los_Angeles,000009048,450,45,100,480,"Sat, 21 Nov 2020 19:15:22 GMT",true,"Sun, 22 Nov 2020 03:14:50 GMT",9048,,450,13.5,30,160,"Sat, 21 Nov 2020 19:19:29 GMT",true,"Sat, 21 Nov 2020 21:54:50 GMT",9048,,,,,,,,,,,,,,,,,,,,,,,,,,,,,,,,,,,,,,,,,,,,,,,,,,,,,,,,,,,,,,,,
5fdd57b9f9af8b16e6675dda,0039,"Sun, 22 Nov 2020 06:21:53 GMT","Sun, 22 Nov 2020 06:42:34 GMT",,8.451,2_39_81_4550_2020-11-22 06:21:47.433608,0002,11900388,2-39-81-4550,America/Los_Angeles,000009506,300,30,100,480,"Sun, 22 Nov 2020 06:21:53 GMT",true,"Sun, 22 Nov 2020 14:21:53 GMT",9506,,,,,,,,,,,,,,,,,,,,,,,,,,,,,,,,,,,,,,,,,,,,,,,,,,,,,,,,,,,,,,,,,,,,,,,,,
5fdd57bbf9af8b16e6675ddb,0039,"Sun, 22 Nov 2020 15:52:21 GMT","Sun, 22 Nov 2020 16:44:10 GMT","Sun, 22 Nov 2020 16:44:06 GMT",5.898,2_39_129_17_2020-11-22 15:52:21.064812,0002,CA-307,2-39-129-17,America/Los_Angeles,000001039,283,28.3,100,288,"Sun, 22 Nov 2020 15:52:46 GMT",true,"Sun, 22 Nov 2020 20:40:21 GMT",1039,,,,,,,,,,,,,,,,,,,,,,,,,,,,,,,,,,,,,,,,,,,,,,,,,,,,,,,,,,,,,,,,,,,,,,,,,
5fdd57bbf9af8b16e6675ddc,0039,"Sun, 22 Nov 2020 20:48:19 GMT","Mon, 23 Nov 2020 02:57:49 GMT","Sun, 22 Nov 2020 23:45:49 GMT",10.289,2_39_139_28_2020-11-22 20:48:18.515829,0002,CA-303,2-39-139-28,America/Los_Angeles,000009048,450,45,100,480,"Sun, 22 Nov 2020 20:48:42 GMT",true,"Mon, 23 Nov 2020 04:48:19 GMT",9048,,450,13.5,30,144,"Sun, 22 Nov 2020 20:49:39 GMT",true,"Sun, 22 Nov 2020 23:12:19 GMT",9048,450,13.5,30,324,"Sun, 22 Nov 2020 20:50:44 GMT",true,"Mon, 23 Nov 2020 02:12:19 GMT",9048,,,,,,,,,,,,,,,,,,,,,,,,,,,,,,,,,,,,,,,,,,,,,,,,,,,,,,,,
5fdd57bbf9af8b16e6675ddd,0039,"Sun, 22 Nov 2020 23:23:14 GMT","Sun, 22 Nov 2020 23:58:10 GMT","Sun, 22 Nov 2020 23:59:09 GMT",0.892,2_39_79_379_2020-11-22 23:23:14.182081,0002,CA-327,2-39-79-379,America/Los_Angeles,000002291,330,13.2,40,483,"Sun, 22 Nov 2020 23:57:53 GMT",true,"Mon, 23 Nov 2020 07:26:14 GMT",2291,,,,,,,,,,,,,,,,,,,,,,,,,,,,,,,,,,,,,,,,,,,,,,,,,,,,,,,,,,,,,,,,,,,,,,,,,
5fdd57bbf9af8b16e6675dde,0039,"Sun, 22 Nov 2020 23:58:14 GMT","Mon, 23 Nov 2020 00:47:10 GMT","Mon, 23 Nov 2020 00:45:27 GMT",2.208,2_39_79_379_2020-11-22 23:58:14.389989,0002,CA-327,2-39-79-379,America/Los_Angeles,000002291,330,13.2,40,483,"Sun, 22 Nov 2020 23:58:30 GMT",true,"Mon, 23 Nov 2020 08:01:14 GMT",2291,,,,,,,,,,,,,,,,,,,,,,,,,,,,,,,,,,,,,,,,,,,,,,,,,,,,,,,,,,,,,,,,,,,,,,,,,
5fdd57bbf9af8b16e6675ddf,0039,"Mon, 23 Nov 2020 00:14:50 GMT","Mon, 23 Nov 2020 00:52:06 GMT",,27.855,2_39_81_4550_2020-11-23 00:14:23.449939,0002,11900388,2-39-81-4550,America/Los_Angeles,000009513,297,44.55,150,480,"Mon, 23 Nov 2020 00:14:49 GMT",true,"Mon, 23 Nov 2020 08:14:50 GMT",9513,,,,,,,,,,,,,,,,,,,,,,,,,,,,,,,,,,,,,,,,,,,,,,,,,,,,,,,,,,,,,,,,,,,,,,,,,
5fdd57bbf9af8b16e6675de0,0039,"Mon, 23 Nov 2020 05:08:19 GMT","Mon, 23 Nov 2020 19:06:54 GMT",,12.463,2_39_81_4550_2020-11-23 05:07:43.108934,0002,11900388,2-39-81-4550,America/Los_Angeles,000009502,310,15.5,50,180,"Mon, 23 Nov 2020 05:08:18 GMT",true,"Mon, 23 Nov 2020 08:08:19 GMT",9502,,310,15.5,50,180,"Mon, 23 Nov 2020 05:14:32 GMT",true,"Mon, 23 Nov 2020 08:08:19 GMT",9502,,,,,,,,,,,,,,,,,,,,,,,,,,,,,,,,,,,,,,,,,,,,,,,,,,,,,,,,,,,,,,,,
5fdd57bbf9af8b16e6675de1,0039,"Mon, 23 Nov 2020 05:12:11 GMT","Mon, 23 Nov 2020 09:58:56 GMT","Mon, 23 Nov 2020 09:43:57 GMT",16.441,2_39_129_17_2020-11-23 05:11:52.357700,0002,CA-307,2-39-129-17,America/Los_Angeles,000009502,310,15.5,50,180,"Mon, 23 Nov 2020 05:12:11 GMT",true,"Mon, 23 Nov 2020 08:12:11 GMT",9502,,310,15.5,50,171,"Mon, 23 Nov 2020 05:12:29 GMT",true,"Mon, 23 Nov 2020 08:03:11 GMT",9502,310,15.5,50,114,"Mon, 23 Nov 2020 05:18:01 GMT",true,"Mon, 23 Nov 2020 07:06:11 GMT",9502,,,,,,,,,,,,,,,,,,,,,,,,,,,,,,,,,,,,,,,,,,,,,,,,,,,,,,,,
5fdd57bef9af8b16e6675de2,0039,"Mon, 23 Nov 2020 16:00:19 GMT","Mon, 23 Nov 2020 17:03:32 GMT","Mon, 23 Nov 2020 16:20:07 GMT",0.837,2_39_125_21_2020-11-23 16:00:18.949204,0002,CA-311,2-39-125-21,America/Los_Angeles,000001746,350,35,100,534,"Mon, 23 Nov 2020 16:00:33 GMT",true,"Tue, 24 Nov 2020 00:54:19 GMT",1746,,,,,,,,,,,,,,,,,,,,,,,,,,,,,,,,,,,,,,,,,,,,,,,,,,,,,,,,,,,,,,,,,,,,,,,,,
5fdd57bef9af8b16e6675de3,0039,"Mon, 23 Nov 2020 17:18:24 GMT","Mon, 23 Nov 2020 22:40:40 GMT","Mon, 23 Nov 2020 19:20:40 GMT",6.933,2_39_139_28_2020-11-23 17:18:23.545136,0002,CA-303,2-39-139-28,America/Los_Angeles,000009048,450,13.5,30,300,"Mon, 23 Nov 2020 17:18:38 GMT",true,"Mon, 23 Nov 2020 22:18:24 GMT",9048,,450,13.5,30,240,"Mon, 23 Nov 2020 17:19:21 GMT",true,"Mon, 23 Nov 2020 21:18:24 GMT",9048,,,,,,,,,,,,,,,,,,,,,,,,,,,,,,,,,,,,,,,,,,,,,,,,,,,,,,,,,,,,,,,,
5fdd57bef9af8b16e6675de4,0039,"Mon, 23 Nov 2020 21:10:28 GMT","Tue, 24 Nov 2020 00:41:00 GMT","Mon, 23 Nov 2020 22:16:56 GMT",2.248,2_39_78_365_2020-11-23 21:10:28.032817,0002,CA-321,2-39-78-365,America/Los_Angeles,000001082,290,5.8,20,120,"Mon, 23 Nov 2020 21:11:08 GMT",true,"Mon, 23 Nov 2020 23:10:28 GMT",1082,,,,,,,,,,,,,,,,,,,,,,,,,,,,,,,,,,,,,,,,,,,,,,,,,,,,,,,,,,,,,,,,,,,,,,,,,
5fdd57bef9af8b16e6675de5,0039,"Mon, 23 Nov 2020 23:02:45 GMT","Tue, 24 Nov 2020 00:16:07 GMT","Tue, 24 Nov 2020 00:15:58 GMT",4.172,2_39_89_25_2020-11-23 23:02:45.156524,0002,CA-315,2-39-89-25,America/Los_Angeles,000000743,250,7.5,30,180,"Mon, 23 Nov 2020 23:02:55 GMT",true,"Tue, 24 Nov 2020 02:02:45 GMT",743,,,,,,,,,,,,,,,,,,,,,,,,,,,,,,,,,,,,,,,,,,,,,,,,,,,,,,,,,,,,,,,,,,,,,,,,,
5fdd57bef9af8b16e6675de6,0039,"Tue, 24 Nov 2020 00:00:36 GMT","Tue, 24 Nov 2020 03:41:05 GMT","Tue, 24 Nov 2020 01:34:23 GMT",5.339,2_39_139_28_2020-11-24 00:00:36.344838,0002,CA-303,2-39-139-28,America/Los_Angeles,000009048,450,13.5,30,300,"Tue, 24 Nov 2020 00:00:55 GMT",true,"Tue, 24 Nov 2020 05:00:36 GMT",9048,,450,13.5,30,120,"Tue, 24 Nov 2020 00:01:12 GMT",true,"Tue, 24 Nov 2020 02:00:36 GMT",9048,450,13.5,30,157,"Tue, 24 Nov 2020 00:01:24 GMT",true,"Tue, 24 Nov 2020 02:37:36 GMT",9048,,,,,,,,,,,,,,,,,,,,,,,,,,,,,,,,,,,,,,,,,,,,,,,,,,,,,,,,
5fdd57bef9af8b16e6675de7,0039,"Tue, 24 Nov 2020 02:10:58 GMT","Tue, 24 Nov 2020 02:51:55 GMT",,21.768,2_39_81_4550_2020-11-24 02:10:57.682788,0002,11900388,2-39-81-4550,America/Los_Angeles,000009266,300,48,160,461,"Tue, 24 Nov 2020 02:11:15 GMT",true,"Tue, 24 Nov 2020 09:51:58 GMT",9266,,,,,,,,,,,,,,,,,,,,,,,,,,,,,,,,,,,,,,,,,,,,,,,,,,,,,,,,,,,,,,,,,,,,,,,,,
5fdd57c1f9af8b16e6675de8,0039,"Tue, 24 Nov 2020 15:58:06 GMT","Wed, 25 Nov 2020 00:09:18 GMT","Tue, 24 Nov 2020 18:24:25 GMT",9.361,2_39_79_379_2020-11-24 15:58:05.914578,0002,CA-327,2-39-79-379,America/Los_Angeles,000003853,310,62,200,605,"Tue, 24 Nov 2020 15:58:21 GMT",true,"Wed, 25 Nov 2020 02:03:06 GMT",3853,,,,,,,,,,,,,,,,,,,,,,,,,,,,,,,,,,,,,,,,,,,,,,,,,,,,,,,,,,,,,,,,,,,,,,,,,
5fdd57c1f9af8b16e6675de9,0039,"Tue, 24 Nov 2020 17:22:11 GMT","Wed, 25 Nov 2020 02:39:20 GMT","Tue, 24 Nov 2020 19:09:41 GMT",6.076,2_39_139_28_2020-11-24 17:22:11.459586,0002,CA-303,2-39-139-28,America/Los_Angeles,000009048,450,13.5,30,300,"Tue, 24 Nov 2020 17:22:23 GMT",true,"Tue, 24 Nov 2020 22:22:11 GMT",9048,,,,,,,,,,,,,,,,,,,,,,,,,,,,,,,,,,,,,,,,,,,,,,,,,,,,,,,,,,,,,,,,,,,,,,,,,
5fdd57c1f9af8b16e6675dea,0039,"Tue, 24 Nov 2020 21:31:25 GMT","Wed, 25 Nov 2020 02:47:09 GMT","Tue, 24 Nov 2020 22:39:11 GMT",2.305,2_39_78_365_2020-11-24 21:31:24.780131,0002,CA-321,2-39-78-365,America/Los_Angeles,000001082,290,5.8,20,120,"Tue, 24 Nov 2020 21:31:54 GMT",true,"Tue, 24 Nov 2020 23:31:25 GMT",1082,,,,,,,,,,,,,,,,,,,,,,,,,,,,,,,,,,,,,,,,,,,,,,,,,,,,,,,,,,,,,,,,,,,,,,,,,
5fdd57c1f9af8b16e6675deb,0039,"Tue, 24 Nov 2020 22:06:34 GMT","Tue, 24 Nov 2020 22:44:40 GMT","Tue, 24 Nov 2020 22:37:09 GMT",0.898,2_39_83_386_2020-11-24 22:06:33.835532,0002,CA-212,2-39-83-386,America/Los_Angeles,,,,,,,,,,,,,,,,,,,,,,,,,,,,,,,,,,,,,,,,,,,,,,,,,,,,,,,,,,,,,,,,,,,,,,,,,,,,,,,,,,
5fdd57c1f9af8b16e6675dec,0039,"Tue, 24 Nov 2020 22:45:56 GMT","Tue, 24 Nov 2020 23:27:06 GMT",,10.806,2_39_81_4550_2020-11-24 22:45:56.070209,0002,11900388,2-39-81-4550,America/Los_Angeles,000007132,274,8.22,30,480,"Tue, 24 Nov 2020 22:47:03 GMT",true,"Wed, 25 Nov 2020 06:45:56 GMT",7132,,274,16.44,60,480,"Tue, 24 Nov 2020 23:05:23 GMT",true,"Wed, 25 Nov 2020 06:45:56 GMT",7132,,,,,,,,,,,,,,,,,,,,,,,,,,,,,,,,,,,,,,,,,,,,,,,,,,,,,,,,,,,,,,,,
5fdd57c1f9af8b16e6675ded,0039,"Tue, 24 Nov 2020 23:17:52 GMT","Wed, 25 Nov 2020 00:13:22 GMT","Wed, 25 Nov 2020 00:02:27 GMT",4.534,2_39_131_30_2020-11-24 23:17:51.960207,0002,CA-305,2-39-131-30,America/Los_Angeles,000002290,299,29.9,100,300,"Tue, 24 Nov 2020 23:18:24 GMT",true,"Wed, 25 Nov 2020 04:17:52 GMT",2290,,,,,,,,,,,,,,,,,,,,,,,,,,,,,,,,,,,,,,,,,,,,,,,,,,,,,,,,,,,,,,,,,,,,,,,,,
5fdd57c1f9af8b16e6675dee,0039,"Wed, 25 Nov 2020 02:06:32 GMT","Wed, 25 Nov 2020 02:29:04 GMT",,9.09,2_39_81_4550_2020-11-25 02:06:32.326649,0002,11900388,2-39-81-4550,America/Los_Angeles,000009266,300,48,160,461,"Wed, 25 Nov 2020 02:06:56 GMT",true,"Wed, 25 Nov 2020 09:47:32 GMT",9266,,,,,,,,,,,,,,,,,,,,,,,,,,,,,,,,,,,,,,,,,,,,,,,,,,,,,,,,,,,,,,,,,,,,,,,,,
5fdd57c1f9af8b16e6675def,0039,"Wed, 25 Nov 2020 02:29:07 GMT","Wed, 25 Nov 2020 02:40:29 GMT",,2.35,2_39_81_4550_2020-11-25 02:29:07.331920,0002,11900388,2-39-81-4550,America/Los_Angeles,000009266,300,48,160,461,"Wed, 25 Nov 2020 02:29:38 GMT",true,"Wed, 25 Nov 2020 10:10:07 GMT",9266,,,,,,,,,,,,,,,,,,,,,,,,,,,,,,,,,,,,,,,,,,,,,,,,,,,,,,,,,,,,,,,,,,,,,,,,,
5fdd57c1f9af8b16e6675df0,0039,"Wed, 25 Nov 2020 03:17:20 GMT","Wed, 25 Nov 2020 03:55:54 GMT",,11.047,2_39_81_4550_2020-11-25 03:17:19.506673,0002,11900388,2-39-81-4550,America/Los_Angeles,000000316,290,20.3,70,146,"Wed, 25 Nov 2020 03:18:13 GMT",true,"Wed, 25 Nov 2020 05:43:20 GMT",316,,,,,,,,,,,,,,,,,,,,,,,,,,,,,,,,,,,,,,,,,,,,,,,,,,,,,,,,,,,,,,,,,,,,,,,,,
5fdd57c5f9af8b16e6675df1,0039,"Wed, 25 Nov 2020 16:13:44 GMT","Wed, 25 Nov 2020 16:35:41 GMT",,8.728,2_39_81_4550_2020-11-25 16:13:44.115684,0002,11900388,2-39-81-4550,America/Los_Angeles,000001039,283,28.3,100,288,"Wed, 25 Nov 2020 16:14:44 GMT",true,"Wed, 25 Nov 2020 21:01:44 GMT",1039,,,,,,,,,,,,,,,,,,,,,,,,,,,,,,,,,,,,,,,,,,,,,,,,,,,,,,,,,,,,,,,,,,,,,,,,,
5fdd57c5f9af8b16e6675df2,0039,"Wed, 25 Nov 2020 19:37:35 GMT","Thu, 26 Nov 2020 03:38:58 GMT","Wed, 25 Nov 2020 20:42:40 GMT",2.194,2_39_78_365_2020-11-25 19:37:34.510780,0002,CA-321,2-39-78-365,America/Los_Angeles,000001082,290,5.8,20,120,"Wed, 25 Nov 2020 19:38:17 GMT",true,"Wed, 25 Nov 2020 21:37:35 GMT",1082,,,,,,,,,,,,,,,,,,,,,,,,,,,,,,,,,,,,,,,,,,,,,,,,,,,,,,,,,,,,,,,,,,,,,,,,,
5fdd57c5f9af8b16e6675df3,0039,"Wed, 25 Nov 2020 23:00:21 GMT","Wed, 25 Nov 2020 23:37:11 GMT",,11.563,2_39_81_4550_2020-11-25 23:00:20.689697,0002,11900388,2-39-81-4550,America/Los_Angeles,000000316,290,20.3,70,146,"Wed, 25 Nov 2020 23:00:35 GMT",true,"Thu, 26 Nov 2020 01:26:21 GMT",316,,,,,,,,,,,,,,,,,,,,,,,,,,,,,,,,,,,,,,,,,,,,,,,,,,,,,,,,,,,,,,,,,,,,,,,,,
5fdd57c5f9af8b16e6675df4,0039,"Wed, 25 Nov 2020 23:39:34 GMT","Thu, 26 Nov 2020 02:49:50 GMT","Thu, 26 Nov 2020 01:59:38 GMT",7.995,2_39_139_28_2020-11-25 23:39:34.008532,0002,CA-303,2-39-139-28,America/Los_Angeles,000009048,450,13.5,30,300,"Wed, 25 Nov 2020 23:39:48 GMT",true,"Thu, 26 Nov 2020 04:39:34 GMT",9048,,450,9,20,300,"Wed, 25 Nov 2020 23:40:23 GMT",true,"Thu, 26 Nov 2020 04:39:34 GMT",9048,,,,,,,,,,,,,,,,,,,,,,,,,,,,,,,,,,,,,,,,,,,,,,,,,,,,,,,,,,,,,,,,
5fdd57c5f9af8b16e6675df5,0039,"Thu, 26 Nov 2020 00:00:32 GMT","Thu, 26 Nov 2020 00:51:14 GMT","Thu, 26 Nov 2020 00:49:47 GMT",2.314,2_39_125_21_2020-11-26 00:00:32.070811,0002,CA-311,2-39-125-21,America/Los_Angeles,000001746,350,35,100,534,"Thu, 26 Nov 2020 00:00:46 GMT",true,"Thu, 26 Nov 2020 08:54:32 GMT",1746,,,,,,,,,,,,,,,,,,,,,,,,,,,,,,,,,,,,,,,,,,,,,,,,,,,,,,,,,,,,,,,,,,,,,,,,,
5fdd57c8f9af8b16e6675df6,0039,"Thu, 26 Nov 2020 17:29:16 GMT","Thu, 26 Nov 2020 22:47:17 GMT","Thu, 26 Nov 2020 21:58:55 GMT",15.943,2_39_139_28_2020-11-26 17:29:15.581338,0002,CA-303,2-39-139-28,America/Los_Angeles,000009502,310,15.5,50,180,"Thu, 26 Nov 2020 17:31:02 GMT",true,"Thu, 26 Nov 2020 20:29:16 GMT",9502,,310,18.6,60,180,"Thu, 26 Nov 2020 17:31:35 GMT",true,"Thu, 26 Nov 2020 20:29:16 GMT",9502,310,18.6,60,240,"Thu, 26 Nov 2020 17:44:24 GMT",true,"Thu, 26 Nov 2020 21:29:16 GMT",9502,310,15.5,50,240,"Thu, 26 Nov 2020 17:45:00 GMT",true,"Thu, 26 Nov 2020 21:29:16 GMT",9502,,,,,,,,,,,,,,,,,,,,,,,,,,,,,,,,,,,,,,,,,,,,,,,,
5fdd57c8f9af8b16e6675df7,0039,"Fri, 27 Nov 2020 01:08:06 GMT","Fri, 27 Nov 2020 01:53:36 GMT",,29.655,2_39_81_4550_2020-11-27 01:08:00.259609,0002,11900388,2-39-81-4550,America/Los_Angeles,000001895,283,84.9,300,865,"Fri, 27 Nov 2020 01:08:06 GMT",true,"Fri, 27 Nov 2020 15:33:06 GMT",1895,,,,,,,,,,,,,,,,,,,,,,,,,,,,,,,,,,,,,,,,,,,,,,,,,,,,,,,,,,,,,,,,,,,,,,,,,
5fdd57c8f9af8b16e6675df8,0039,"Fri, 27 Nov 2020 05:34:45 GMT","Sat, 28 Nov 2020 01:27:51 GMT","Fri, 27 Nov 2020 09:27:57 GMT",13.841,2_39_139_28_2020-11-27 05:34:44.667246,0002,CA-303,2-39-139-28,America/Los_Angeles,000009502,310,15.5,50,180,"Fri, 27 Nov 2020 05:34:53 GMT",true,"Fri, 27 Nov 2020 08:34:45 GMT",9502,,,,,,,,,,,,,,,,,,,,,,,,,,,,,,,,,,,,,,,,,,,,,,,,,,,,,,,,,,,,,,,,,,,,,,,,,
5fdd57caf9af8b16e6675df9,0039,"Fri, 27 Nov 2020 22:39:07 GMT","Sat, 28 Nov 2020 00:46:48 GMT","Sat, 28 Nov 2020 00:46:43 GMT",7.711,2_39_130_31_2020-11-27 22:39:07.103469,0002,CA-306,2-39-130-31,America/Los_Angeles,000009048,450,13.5,30,300,"Fri, 27 Nov 2020 22:39:48 GMT",true,"Sat, 28 Nov 2020 03:39:07 GMT",9048,,450,13.5,30,120,"Fri, 27 Nov 2020 22:40:02 GMT",true,"Sat, 28 Nov 2020 00:39:07 GMT",9048,,,,,,,,,,,,,,,,,,,,,,,,,,,,,,,,,,,,,,,,,,,,,,,,,,,,,,,,,,,,,,,,
5fdd57caf9af8b16e6675dfa,0039,"Fri, 27 Nov 2020 23:17:54 GMT","Sat, 28 Nov 2020 05:05:24 GMT","Fri, 27 Nov 2020 23:48:25 GMT",0.897,2_39_78_360_2020-11-27 23:17:54.127118,0002,CA-322,2-39-78-360,America/Los_Angeles,,,,,,,,,,,,,,,,,,,,,,,,,,,,,,,,,,,,,,,,,,,,,,,,,,,,,,,,,,,,,,,,,,,,,,,,,,,,,,,,,,
5fdd57caf9af8b16e6675dfb,0039,"Sat, 28 Nov 2020 02:45:44 GMT","Sat, 28 Nov 2020 03:44:51 GMT",,44.286,2_39_81_4550_2020-11-28 02:44:53.746650,0002,11900388,2-39-81-4550,America/Los_Angeles,000009570,258,51.6,200,634,"Sat, 28 Nov 2020 02:45:43 GMT",true,"Sat, 28 Nov 2020 13:19:44 GMT",9570,,,,,,,,,,,,,,,,,,,,,,,,,,,,,,,,,,,,,,,,,,,,,,,,,,,,,,,,,,,,,,,,,,,,,,,,,
5fdd57cdf9af8b16e6675dfc,0039,"Sat, 28 Nov 2020 19:08:45 GMT","Sat, 28 Nov 2020 20:00:07 GMT",,11.944,2_39_81_4550_2020-11-28 19:08:44.929741,0002,11900388,2-39-81-4550,America/Los_Angeles,000000856,400,8,20,60,"Sat, 28 Nov 2020 19:09:07 GMT",true,"Sat, 28 Nov 2020 20:08:45 GMT",856,,,,,,,,,,,,,,,,,,,,,,,,,,,,,,,,,,,,,,,,,,,,,,,,,,,,,,,,,,,,,,,,,,,,,,,,,
5fdd57cdf9af8b16e6675dfd,0039,"Sat, 28 Nov 2020 19:50:39 GMT","Sat, 28 Nov 2020 22:37:16 GMT","Sat, 28 Nov 2020 20:21:02 GMT",0.874,2_39_139_28_2020-11-28 19:50:38.640109,0002,CA-303,2-39-139-28,America/Los_Angeles,,,,,,,,,,,,,,,,,,,,,,,,,,,,,,,,,,,,,,,,,,,,,,,,,,,,,,,,,,,,,,,,,,,,,,,,,,,,,,,,,,
5fdd57cdf9af8b16e6675dfe,0039,"Sat, 28 Nov 2020 21:15:02 GMT","Sat, 28 Nov 2020 21:54:13 GMT",,7.434,2_39_81_4550_2020-11-28 21:14:36.571013,0002,11900388,2-39-81-4550,America/Los_Angeles,000008197,290,29,100,480,"Sat, 28 Nov 2020 21:15:01 GMT",true,"Sun, 29 Nov 2020 05:15:02 GMT",8197,,,,,,,,,,,,,,,,,,,,,,,,,,,,,,,,,,,,,,,,,,,,,,,,,,,,,,,,,,,,,,,,,,,,,,,,,
5fdd57cdf9af8b16e6675dff,0039,"Sat, 28 Nov 2020 22:31:59 GMT","Sun, 29 Nov 2020 04:03:48 GMT","Sat, 28 Nov 2020 23:41:42 GMT",2.276,2_39_78_365_2020-11-28 22:31:58.892403,0002,CA-321,2-39-78-365,America/Los_Angeles,000001082,290,5.8,20,120,"Sat, 28 Nov 2020 22:32:36 GMT",true,"Sun, 29 Nov 2020 00:31:59 GMT",1082,,,,,,,,,,,,,,,,,,,,,,,,,,,,,,,,,,,,,,,,,,,,,,,,,,,,,,,,,,,,,,,,,,,,,,,,,
5fdd57cdf9af8b16e6675e00,0039,"Sat, 28 Nov 2020 23:01:03 GMT","Sun, 29 Nov 2020 02:17:49 GMT","Sun, 29 Nov 2020 01:34:12 GMT",9.993,2_39_128_18_2020-11-28 23:00:47.242609,0002,CA-308,2-39-128-18,America/Los_Angeles,000009587,296,29.6,100,288,"Sat, 28 Nov 2020 23:01:02 GMT",true,"Sun, 29 Nov 2020 03:49:03 GMT",9587,,,,,,,,,,,,,,,,,,,,,,,,,,,,,,,,,,,,,,,,,,,,,,,,,,,,,,,,,,,,,,,,,,,,,,,,,
5fdd57cdf9af8b16e6675e01,0039,"Sun, 29 Nov 2020 00:08:26 GMT","Sun, 29 Nov 2020 01:58:42 GMT","Sun, 29 Nov 2020 01:58:34 GMT",12.724,2_39_131_30_2020-11-29 00:08:25.885773,0002,CA-305,2-39-131-30,America/Los_Angeles,000001085,283,56.6,200,589,"Sun, 29 Nov 2020 00:08:31 GMT",true,"Sun, 29 Nov 2020 09:57:26 GMT",1085,,,,,,,,,,,,,,,,,,,,,,,,,,,,,,,,,,,,,,,,,,,,,,,,,,,,,,,,,,,,,,,,,,,,,,,,,
5fdd57cdf9af8b16e6675e02,0039,"Sun, 29 Nov 2020 00:08:51 GMT","Sun, 29 Nov 2020 01:58:19 GMT","Sun, 29 Nov 2020 01:54:31 GMT",5.275,2_39_138_29_2020-11-29 00:08:50.518664,0002,CA-304,2-39-138-29,America/Los_Angeles,000001395,250,7.5,30,488,"Sun, 29 Nov 2020 00:09:27 GMT",true,"Sun, 29 Nov 2020 08:16:51 GMT",1395,,,,,,,,,,,,,,,,,,,,,,,,,,,,,,,,,,,,,,,,,,,,,,,,,,,,,,,,,,,,,,,,,,,,,,,,,
5fdd57cdf9af8b16e6675e03,0039,"Sun, 29 Nov 2020 01:38:38 GMT","Sun, 29 Nov 2020 02:07:14 GMT",,12.75,2_39_81_4550_2020-11-29 01:38:37.885424,0002,11900388,2-39-81-4550,America/Los_Angeles,000000316,290,20.3,70,146,"Sun, 29 Nov 2020 01:38:54 GMT",true,"Sun, 29 Nov 2020 04:04:38 GMT",316,,,,,,,,,,,,,,,,,,,,,,,,,,,,,,,,,,,,,,,,,,,,,,,,,,,,,,,,,,,,,,,,,,,,,,,,,
5fdd57d0f9af8b16e6675e04,0039,"Sun, 29 Nov 2020 18:41:49 GMT","Sun, 29 Nov 2020 20:13:34 GMT","Sun, 29 Nov 2020 19:49:59 GMT",3.441,2_39_79_379_2020-11-29 18:41:49.184997,0002,CA-327,2-39-79-379,America/Los_Angeles,000002291,330,33,100,480,"Sun, 29 Nov 2020 18:42:38 GMT",true,"Mon, 30 Nov 2020 02:41:49 GMT",2291,,,,,,,,,,,,,,,,,,,,,,,,,,,,,,,,,,,,,,,,,,,,,,,,,,,,,,,,,,,,,,,,,,,,,,,,,
5fdd57d0f9af8b16e6675e05,0039,"Sun, 29 Nov 2020 19:14:58 GMT","Mon, 30 Nov 2020 03:41:28 GMT","Sun, 29 Nov 2020 22:15:22 GMT",10.476,2_39_139_28_2020-11-29 19:14:58.031888,0002,CA-303,2-39-139-28,America/Los_Angeles,000009048,450,13.5,30,300,"Sun, 29 Nov 2020 19:15:51 GMT",true,"Mon, 30 Nov 2020 00:14:58 GMT",9048,,,,,,,,,,,,,,,,,,,,,,,,,,,,,,,,,,,,,,,,,,,,,,,,,,,,,,,,,,,,,,,,,,,,,,,,,
5fdd57d0f9af8b16e6675e06,0039,"Mon, 30 Nov 2020 00:18:58 GMT","Mon, 30 Nov 2020 05:40:03 GMT","Mon, 30 Nov 2020 01:24:55 GMT",2.223,2_39_78_365_2020-11-30 00:18:58.156393,0002,CA-321,2-39-78-365,America/Los_Angeles,000001082,290,5.8,20,120,"Mon, 30 Nov 2020 00:19:41 GMT",true,"Mon, 30 Nov 2020 02:18:58 GMT",1082,,,,,,,,,,,,,,,,,,,,,,,,,,,,,,,,,,,,,,,,,,,,,,,,,,,,,,,,,,,,,,,,,,,,,,,,,
5fdd57d3f9af8b16e6675e07,0039,"Mon, 30 Nov 2020 16:02:59 GMT","Mon, 30 Nov 2020 17:02:22 GMT","Mon, 30 Nov 2020 16:59:59 GMT",2.143,2_39_125_21_2020-11-30 16:02:59.486705,0002,CA-311,2-39-125-21,America/Los_Angeles,000001746,350,35,100,534,"Mon, 30 Nov 2020 16:03:13 GMT",true,"Tue, 01 Dec 2020 00:56:59 GMT",1746,,,,,,,,,,,,,,,,,,,,,,,,,,,,,,,,,,,,,,,,,,,,,,,,,,,,,,,,,,,,,,,,,,,,,,,,,
5fdd57d3f9af8b16e6675e08,0039,"Mon, 30 Nov 2020 17:13:30 GMT","Mon, 30 Nov 2020 22:41:50 GMT","Mon, 30 Nov 2020 22:42:48 GMT",0.894,2_39_83_386_2020-11-30 17:13:29.994089,0002,CA-212,2-39-83-386,America/Los_Angeles,,,,,,,,,,,,,,,,,,,,,,,,,,,,,,,,,,,,,,,,,,,,,,,,,,,,,,,,,,,,,,,,,,,,,,,,,,,,,,,,,,
5fdd57d3f9af8b16e6675e09,0039,"Mon, 30 Nov 2020 18:33:34 GMT","Mon, 30 Nov 2020 19:28:22 GMT",,20.981,2_39_81_4550_2020-11-30 18:33:33.964339,0002,11900388,2-39-81-4550,America/Los_Angeles,000007132,274,8.22,30,480,"Mon, 30 Nov 2020 18:33:51 GMT",true,"Tue, 01 Dec 2020 02:33:34 GMT",7132,,,,,,,,,,,,,,,,,,,,,,,,,,,,,,,,,,,,,,,,,,,,,,,,,,,,,,,,,,,,,,,,,,,,,,,,,
5fdd57d3f9af8b16e6675e0a,0039,"Mon, 30 Nov 2020 22:33:25 GMT","Tue, 01 Dec 2020 03:51:03 GMT","Mon, 30 Nov 2020 23:40:16 GMT",2.239,2_39_78_365_2020-11-30 22:33:25.300548,0002,CA-321,2-39-78-365,America/Los_Angeles,000001082,290,5.8,20,120,"Mon, 30 Nov 2020 22:34:36 GMT",true,"Tue, 01 Dec 2020 00:33:25 GMT",1082,,,,,,,,,,,,,,,,,,,,,,,,,,,,,,,,,,,,,,,,,,,,,,,,,,,,,,,,,,,,,,,,,,,,,,,,,
5fdd57d3f9af8b16e6675e0b,0039,"Tue, 01 Dec 2020 02:10:20 GMT","Tue, 01 Dec 2020 02:49:04 GMT",,21.032,2_39_81_4550_2020-12-01 02:10:19.997513,0002,11900388,2-39-81-4550,America/Los_Angeles,000009266,300,48,160,461,"Tue, 01 Dec 2020 02:10:41 GMT",true,"Tue, 01 Dec 2020 09:51:20 GMT",9266,,,,,,,,,,,,,,,,,,,,,,,,,,,,,,,,,,,,,,,,,,,,,,,,,,,,,,,,,,,,,,,,,,,,,,,,,
5fdd57d3f9af8b16e6675e0c,0039,"Tue, 01 Dec 2020 04:02:32 GMT","Tue, 01 Dec 2020 04:17:36 GMT",,6.367,2_39_81_4550_2020-12-01 04:02:32.406901,0002,11900388,2-39-81-4550,America/Los_Angeles,000009625,319,28.71,90,259,"Tue, 01 Dec 2020 04:03:33 GMT",true,"Tue, 01 Dec 2020 08:21:32 GMT",9625,,,,,,,,,,,,,,,,,,,,,,,,,,,,,,,,,,,,,,,,,,,,,,,,,,,,,,,,,,,,,,,,,,,,,,,,,
5fdd57d3f9af8b16e6675e0d,0039,"Tue, 01 Dec 2020 04:19:01 GMT","Tue, 01 Dec 2020 04:54:25 GMT","Tue, 01 Dec 2020 04:49:38 GMT",0.737,2_39_127_19_2020-12-01 04:19:01.008160,0002,CA-309,2-39-127-19,America/Los_Angeles,,,,,,,,,,,,,,,,,,,,,,,,,,,,,,,,,,,,,,,,,,,,,,,,,,,,,,,,,,,,,,,,,,,,,,,,,,,,,,,,,,